phase,variant,caller,scenario,sort_field,sort_dir,page_offset,run,ms,rows_out,total_count
f1_v0_base,v0,agent,__overhead_wrapper__,-,-,-1,0,0.222,0,0
f1_v0_base,v0,agent,sem_filtro,name,asc,0,1,54.099,50,2886
f1_v0_base,v0,agent,sem_filtro,name,asc,0,2,56.548,50,2886
f1_v0_base,v0,agent,sem_filtro,name,asc,0,3,55.446,50,2886
f1_v0_base,v0,agent,sem_filtro,name,asc,0,4,55.196,50,2886
f1_v0_base,v0,agent,sem_filtro,name,asc,0,5,55.274,50,2886
f1_v0_base,v0,agent,sem_filtro,name,asc,0,6,57.377,50,2886
f1_v0_base,v0,agent,sem_filtro,name,asc,500,1,60.972,50,2886
f1_v0_base,v0,agent,sem_filtro,name,asc,500,2,61.816,50,2886
f1_v0_base,v0,agent,sem_filtro,name,asc,500,3,62.221,50,2886
f1_v0_base,v0,agent,sem_filtro,name,asc,500,4,58.544,50,2886
f1_v0_base,v0,agent,sem_filtro,name,asc,500,5,59.438,50,2886
f1_v0_base,v0,agent,sem_filtro,name,asc,500,6,58.014,50,2886
f1_v0_base,v0,agent,sem_filtro,name,desc,0,1,62.009,50,2886
f1_v0_base,v0,agent,sem_filtro,name,desc,0,2,58.729,50,2886
f1_v0_base,v0,agent,sem_filtro,name,desc,0,3,59.664,50,2886
f1_v0_base,v0,agent,sem_filtro,name,desc,0,4,58.863,50,2886
f1_v0_base,v0,agent,sem_filtro,name,desc,0,5,58.099,50,2886
f1_v0_base,v0,agent,sem_filtro,name,desc,0,6,55.767,50,2886
f1_v0_base,v0,agent,sem_filtro,name,desc,500,1,67.884,50,2886
f1_v0_base,v0,agent,sem_filtro,name,desc,500,2,66.782,50,2886
f1_v0_base,v0,agent,sem_filtro,name,desc,500,3,58.325,50,2886
f1_v0_base,v0,agent,sem_filtro,name,desc,500,4,60.69,50,2886
f1_v0_base,v0,agent,sem_filtro,name,desc,500,5,60.767,50,2886
f1_v0_base,v0,agent,sem_filtro,name,desc,500,6,57.696,50,2886
f1_v0_base,v0,agent,sem_filtro,created_at,asc,0,1,64.404,50,2886
f1_v0_base,v0,agent,sem_filtro,created_at,asc,0,2,67.292,50,2886
f1_v0_base,v0,agent,sem_filtro,created_at,asc,0,3,64.634,50,2886
f1_v0_base,v0,agent,sem_filtro,created_at,asc,0,4,63.156,50,2886
f1_v0_base,v0,agent,sem_filtro,created_at,asc,0,5,59.701,50,2886
f1_v0_base,v0,agent,sem_filtro,created_at,asc,0,6,58.484,50,2886
f1_v0_base,v0,agent,sem_filtro,created_at,asc,500,1,58.207,50,2886
f1_v0_base,v0,agent,sem_filtro,created_at,asc,500,2,56.944,50,2886
f1_v0_base,v0,agent,sem_filtro,created_at,asc,500,3,61.611,50,2886
f1_v0_base,v0,agent,sem_filtro,created_at,asc,500,4,55.876,50,2886
f1_v0_base,v0,agent,sem_filtro,created_at,asc,500,5,56.021,50,2886
f1_v0_base,v0,agent,sem_filtro,created_at,asc,500,6,54.411,50,2886
f2_v0_idx1,v0,agent,__overhead_wrapper__,-,-,-1,0,0.341,0,0
f1_v0_base,v0,agent,sem_filtro,created_at,desc,0,1,56.951,50,2886
f2_v0_idx1,v0,agent,sem_filtro,name,asc,0,1,71.663,50,2886
f2_v0_idx1,v0,agent,sem_filtro,name,asc,0,2,67.739,50,2886
f2_v0_idx1,v0,agent,sem_filtro,name,asc,0,3,62.801,50,2886
f2_v0_idx1,v0,agent,sem_filtro,name,asc,0,4,61.985,50,2886
f2_v0_idx1,v0,agent,sem_filtro,name,asc,0,5,64.466,50,2886
f2_v0_idx1,v0,agent,sem_filtro,name,asc,0,6,64.284,50,2886
f2_v0_idx1,v0,agent,sem_filtro,name,asc,500,1,64.747,50,2886
f2_v0_idx1,v0,agent,sem_filtro,name,asc,500,2,70.122,50,2886
f2_v0_idx1,v0,agent,sem_filtro,name,asc,500,3,80.3,50,2886
f2_v0_idx1,v0,agent,sem_filtro,name,asc,500,4,72.227,50,2886
f2_v0_idx1,v0,agent,sem_filtro,name,asc,500,5,74.96,50,2886
f2_v0_idx1,v0,agent,sem_filtro,name,asc,500,6,63.551,50,2886
f2_v0_idx1,v0,agent,sem_filtro,name,desc,0,1,67.024,50,2886
f2_v0_idx1,v0,agent,sem_filtro,name,desc,0,2,65.998,50,2886
f2_v0_idx1,v0,agent,sem_filtro,name,desc,0,3,62.666,50,2886
f2_v0_idx1,v0,agent,sem_filtro,name,desc,0,4,59.523,50,2886
f2_v0_idx1,v0,agent,sem_filtro,name,desc,0,5,64.433,50,2886
f2_v0_idx1,v0,agent,sem_filtro,name,desc,0,6,59.545,50,2886
f3_v0_idx2,v0,agent,sem_filtro,company,desc,0,3,75.331,50,2886
f3_v0_idx2,v0,agent,sem_filtro,company,desc,0,4,65.714,50,2886
f3_v0_idx2,v0,agent,sem_filtro,company,desc,0,5,72.987,50,2886
f3_v0_idx2,v0,agent,sem_filtro,company,desc,0,6,62.982,50,2886
f3_v0_idx2,v0,agent,sem_filtro,company,desc,500,1,67.651,50,2886
f3_v0_idx2,v0,agent,sem_filtro,company,desc,500,2,69.677,50,2886
f3_v0_idx2,v0,agent,sem_filtro,company,desc,500,3,69.873,50,2886
f3_v0_idx2,v0,agent,sem_filtro,company,desc,500,4,63.415,50,2886
f3_v0_idx2,v0,agent,sem_filtro,company,desc,500,5,59.361,50,2886
f1_v0_base,v0,agent,sem_filtro,created_at,desc,0,2,57.882,50,2886
f1_v0_base,v0,agent,sem_filtro,created_at,desc,0,3,57.318,50,2886
f1_v0_base,v0,agent,sem_filtro,created_at,desc,0,4,54.97,50,2886
f1_v0_base,v0,agent,sem_filtro,created_at,desc,0,5,57.462,50,2886
f1_v0_base,v0,agent,sem_filtro,created_at,desc,0,6,58.57,50,2886
f1_v0_base,v0,agent,sem_filtro,created_at,desc,500,1,56.652,50,2886
f1_v0_base,v0,agent,sem_filtro,created_at,desc,500,2,61.956,50,2886
f1_v0_base,v0,agent,sem_filtro,created_at,desc,500,3,57.218,50,2886
f1_v0_base,v0,agent,sem_filtro,created_at,desc,500,4,57.443,50,2886
f1_v0_base,v0,agent,sem_filtro,created_at,desc,500,5,56.702,50,2886
f1_v0_base,v0,agent,sem_filtro,created_at,desc,500,6,54.98,50,2886
f1_v0_base,v0,agent,sem_filtro,company,asc,0,1,64.083,50,2886
f1_v0_base,v0,agent,sem_filtro,company,asc,0,2,63.711,50,2886
f1_v0_base,v0,agent,sem_filtro,company,asc,0,3,63.563,50,2886
f1_v0_base,v0,agent,sem_filtro,company,asc,0,4,69.72,50,2886
f1_v0_base,v0,agent,sem_filtro,company,asc,0,5,71.058,50,2886
f1_v0_base,v0,agent,sem_filtro,company,asc,0,6,68.38,50,2886
f1_v0_base,v0,agent,sem_filtro,company,asc,500,1,64.689,50,2886
f1_v0_base,v0,agent,sem_filtro,company,asc,500,2,68.229,50,2886
f1_v0_base,v0,agent,sem_filtro,company,asc,500,3,68.125,50,2886
f1_v0_base,v0,agent,sem_filtro,company,asc,500,4,64.703,50,2886
f1_v0_base,v0,agent,sem_filtro,company,asc,500,5,61.559,50,2886
f1_v0_base,v0,agent,sem_filtro,company,asc,500,6,57.908,50,2886
f1_v0_base,v0,agent,sem_filtro,company,desc,0,1,60.02,50,2886
f1_v0_base,v0,agent,sem_filtro,company,desc,0,2,59.453,50,2886
f1_v0_base,v0,agent,sem_filtro,company,desc,0,3,57.687,50,2886
f1_v0_base,v0,agent,sem_filtro,company,desc,0,4,56.834,50,2886
f1_v0_base,v0,agent,sem_filtro,company,desc,0,5,53.631,50,2886
f1_v0_base,v0,agent,sem_filtro,company,desc,0,6,67.253,50,2886
f1_v0_base,v0,agent,sem_filtro,company,desc,500,1,54.239,50,2886
f1_v0_base,v0,agent,sem_filtro,company,desc,500,2,55.244,50,2886
f1_v0_base,v0,agent,sem_filtro,company,desc,500,3,56.425,50,2886
f1_v0_base,v0,agent,sem_filtro,company,desc,500,4,66.174,50,2886
f1_v0_base,v0,agent,sem_filtro,company,desc,500,5,61.357,50,2886
f1_v0_base,v0,agent,sem_filtro,company,desc,500,6,60.146,50,2886
f1_v0_base,v0,agent,termo_nome_5ch,name,asc,0,1,27.725,50,380
f1_v0_base,v0,agent,termo_nome_5ch,name,asc,0,2,30.026,50,380
f1_v0_base,v0,agent,termo_nome_5ch,name,asc,0,3,26.36,50,380
f1_v0_base,v0,agent,termo_nome_5ch,name,asc,0,4,25.789,50,380
f1_v0_base,v0,agent,termo_nome_5ch,name,asc,0,5,26.605,50,380
f1_v0_base,v0,agent,termo_nome_5ch,name,asc,0,6,27.069,50,380
f2_v0_idx1,v0,agent,sem_filtro,name,desc,500,1,72.363,50,2886
f2_v0_idx1,v0,agent,sem_filtro,name,desc,500,2,65.192,50,2886
f2_v0_idx1,v0,agent,sem_filtro,name,desc,500,3,72.456,50,2886
f2_v0_idx1,v0,agent,sem_filtro,name,desc,500,4,78.617,50,2886
f2_v0_idx1,v0,agent,sem_filtro,name,desc,500,5,68.981,50,2886
f2_v0_idx1,v0,agent,sem_filtro,name,desc,500,6,58.52,50,2886
f2_v0_idx1,v0,agent,sem_filtro,created_at,asc,0,1,56.542,50,2886
f2_v0_idx1,v0,agent,sem_filtro,created_at,asc,0,2,61.022,50,2886
f2_v0_idx1,v0,agent,sem_filtro,created_at,asc,0,3,63.267,50,2886
f2_v0_idx1,v0,agent,sem_filtro,created_at,asc,0,4,57.927,50,2886
f2_v0_idx1,v0,agent,sem_filtro,created_at,asc,0,5,57.839,50,2886
f2_v0_idx1,v0,agent,sem_filtro,created_at,asc,0,6,67.441,50,2886
f2_v0_idx1,v0,agent,sem_filtro,created_at,asc,500,1,63.154,50,2886
f2_v0_idx1,v0,agent,sem_filtro,created_at,asc,500,2,70.858,50,2886
f2_v0_idx1,v0,agent,sem_filtro,created_at,asc,500,3,67.773,50,2886
f2_v0_idx1,v0,agent,sem_filtro,created_at,asc,500,4,73.641,50,2886
f2_v0_idx1,v0,agent,sem_filtro,created_at,asc,500,5,68.527,50,2886
f2_v0_idx1,v0,agent,sem_filtro,created_at,asc,500,6,61.137,50,2886
f3_v0_idx2,v0,agent,sem_filtro,company,desc,500,6,64.302,50,2886
f3_v0_idx2,v0,agent,termo_nome_5ch,name,asc,0,1,9.717,50,380
f3_v0_idx2,v0,agent,termo_nome_5ch,name,asc,0,2,9.081,50,380
f3_v0_idx2,v0,agent,termo_nome_5ch,name,asc,0,3,9.476,50,380
f3_v0_idx2,v0,agent,termo_nome_5ch,name,asc,0,4,9.926,50,380
f3_v0_idx2,v0,agent,termo_nome_5ch,name,asc,0,5,8.824,50,380
f3_v0_idx2,v0,agent,termo_nome_5ch,name,asc,0,6,10.562,50,380
f1_v0_base,v0,agent,termo_nome_5ch,name,asc,500,1,26.02,0,
f1_v0_base,v0,agent,termo_nome_5ch,name,asc,500,2,24.248,0,
f1_v0_base,v0,agent,termo_nome_5ch,name,asc,500,3,24.258,0,
f1_v0_base,v0,agent,termo_nome_5ch,name,asc,500,4,23.211,0,
f1_v0_base,v0,agent,termo_nome_5ch,name,asc,500,5,24.436,0,
f1_v0_base,v0,agent,termo_nome_5ch,name,asc,500,6,26.617,0,
f1_v0_base,v0,agent,termo_nome_5ch,name,desc,0,1,21.78,50,380
f1_v0_base,v0,agent,termo_nome_5ch,name,desc,0,2,23.522,50,380
f1_v0_base,v0,agent,termo_nome_5ch,name,desc,0,3,23.234,50,380
f1_v0_base,v0,agent,termo_nome_5ch,name,desc,0,4,22.955,50,380
f1_v0_base,v0,agent,termo_nome_5ch,name,desc,0,5,21.562,50,380
f1_v0_base,v0,agent,termo_nome_5ch,name,desc,0,6,21.938,50,380
f1_v0_base,v0,agent,termo_nome_5ch,name,desc,500,1,21.553,0,
f1_v0_base,v0,agent,termo_nome_5ch,name,desc,500,2,20.99,0,
f1_v0_base,v0,agent,termo_nome_5ch,name,desc,500,3,22.296,0,
f1_v0_base,v0,agent,termo_nome_5ch,name,desc,500,4,22.246,0,
f1_v0_base,v0,agent,termo_nome_5ch,name,desc,500,5,22.115,0,
f1_v0_base,v0,agent,termo_nome_5ch,name,desc,500,6,21.466,0,
f1_v0_base,v0,agent,termo_nome_5ch,created_at,asc,0,1,22.639,50,380
f1_v0_base,v0,agent,termo_nome_5ch,created_at,asc,0,2,24.813,50,380
f1_v0_base,v0,agent,termo_nome_5ch,created_at,asc,0,3,22.702,50,380
f1_v0_base,v0,agent,termo_nome_5ch,created_at,asc,0,4,22.152,50,380
f1_v0_base,v0,agent,termo_nome_5ch,created_at,asc,0,5,23.112,50,380
f1_v0_base,v0,agent,termo_nome_5ch,created_at,asc,0,6,22.087,50,380
f1_v0_base,v0,agent,termo_nome_5ch,created_at,asc,500,1,23.246,0,
f1_v0_base,v0,agent,termo_nome_5ch,created_at,asc,500,2,23.835,0,
f1_v0_base,v0,agent,termo_nome_5ch,created_at,asc,500,3,21.727,0,
f1_v0_base,v0,agent,termo_nome_5ch,created_at,asc,500,4,22.01,0,
f1_v0_base,v0,agent,termo_nome_5ch,created_at,asc,500,5,22.728,0,
f1_v0_base,v0,agent,termo_nome_5ch,created_at,asc,500,6,22.752,0,
f1_v0_base,v0,agent,termo_nome_5ch,created_at,desc,0,1,22.888,50,380
f1_v0_base,v0,agent,termo_nome_5ch,created_at,desc,0,2,25.635,50,380
f1_v0_base,v0,agent,termo_nome_5ch,created_at,desc,0,3,24.976,50,380
f1_v0_base,v0,agent,termo_nome_5ch,created_at,desc,0,4,25.149,50,380
f1_v0_base,v0,agent,termo_nome_5ch,created_at,desc,0,5,24.743,50,380
f1_v0_base,v0,agent,termo_nome_5ch,created_at,desc,0,6,24.366,50,380
f2_v0_idx1,v0,agent,sem_filtro,created_at,desc,0,1,63.9,50,2886
f2_v0_idx1,v0,agent,sem_filtro,created_at,desc,0,2,57.024,50,2886
f2_v0_idx1,v0,agent,sem_filtro,created_at,desc,0,3,65.084,50,2886
f2_v0_idx1,v0,agent,sem_filtro,created_at,desc,0,4,61.231,50,2886
f2_v0_idx1,v0,agent,sem_filtro,created_at,desc,0,5,57.392,50,2886
f2_v0_idx1,v0,agent,sem_filtro,created_at,desc,0,6,61.635,50,2886
f2_v0_idx1,v0,agent,sem_filtro,created_at,desc,500,1,55.867,50,2886
f2_v0_idx1,v0,agent,sem_filtro,created_at,desc,500,2,55.319,50,2886
f2_v0_idx1,v0,agent,sem_filtro,created_at,desc,500,3,57.554,50,2886
f2_v0_idx1,v0,agent,sem_filtro,created_at,desc,500,4,54.521,50,2886
f2_v0_idx1,v0,agent,sem_filtro,created_at,desc,500,5,59.83,50,2886
f2_v0_idx1,v0,agent,sem_filtro,created_at,desc,500,6,56.821,50,2886
f2_v0_idx1,v0,agent,sem_filtro,company,asc,0,1,77.364,50,2886
f2_v0_idx1,v0,agent,sem_filtro,company,asc,0,2,78.64,50,2886
f2_v0_idx1,v0,agent,sem_filtro,company,asc,0,3,79.848,50,2886
f2_v0_idx1,v0,agent,sem_filtro,company,asc,0,4,69.487,50,2886
f2_v0_idx1,v0,agent,sem_filtro,company,asc,0,5,70.485,50,2886
f2_v0_idx1,v0,agent,sem_filtro,company,asc,0,6,67.031,50,2886
f3_v0_idx2,v0,agent,termo_nome_5ch,name,asc,500,1,9.485,0,
f3_v0_idx2,v0,agent,termo_nome_5ch,name,asc,500,2,10.05,0,
f3_v0_idx2,v0,agent,termo_nome_5ch,name,asc,500,3,9.934,0,
f3_v0_idx2,v0,agent,termo_nome_5ch,name,asc,500,4,8.707,0,
f3_v0_idx2,v0,agent,termo_nome_5ch,name,asc,500,5,9.078,0,
f3_v0_idx2,v0,agent,termo_nome_5ch,name,asc,500,6,8.752,0,
f3_v0_idx2,v0,agent,termo_nome_5ch,name,desc,0,1,9.081,50,380
f3_v0_idx2,v0,agent,termo_nome_5ch,name,desc,0,2,8.918,50,380
f3_v0_idx2,v0,agent,termo_nome_5ch,name,desc,0,3,8.991,50,380
f1_v0_base,v0,agent,termo_nome_5ch,created_at,desc,500,1,27.451,0,
f1_v0_base,v0,agent,termo_nome_5ch,created_at,desc,500,2,26.195,0,
f1_v0_base,v0,agent,termo_nome_5ch,created_at,desc,500,3,27.952,0,
f1_v0_base,v0,agent,termo_nome_5ch,created_at,desc,500,4,26.864,0,
f1_v0_base,v0,agent,termo_nome_5ch,created_at,desc,500,5,25.287,0,
f1_v0_base,v0,agent,termo_nome_5ch,created_at,desc,500,6,26.599,0,
f1_v0_base,v0,agent,termo_nome_5ch,company,asc,0,1,23.638,50,380
f1_v0_base,v0,agent,termo_nome_5ch,company,asc,0,2,25.395,50,380
f1_v0_base,v0,agent,termo_nome_5ch,company,asc,0,3,22.166,50,380
f1_v0_base,v0,agent,termo_nome_5ch,company,asc,0,4,21.693,50,380
f1_v0_base,v0,agent,termo_nome_5ch,company,asc,0,5,23.389,50,380
f1_v0_base,v0,agent,termo_nome_5ch,company,asc,0,6,21.154,50,380
f1_v0_base,v0,agent,termo_nome_5ch,company,asc,500,1,20.547,0,
f1_v0_base,v0,agent,termo_nome_5ch,company,asc,500,2,20.313,0,
f1_v0_base,v0,agent,termo_nome_5ch,company,asc,500,3,21.098,0,
f1_v0_base,v0,agent,termo_nome_5ch,company,asc,500,4,22.209,0,
f1_v0_base,v0,agent,termo_nome_5ch,company,asc,500,5,20.777,0,
f1_v0_base,v0,agent,termo_nome_5ch,company,asc,500,6,20.301,0,
f1_v0_base,v0,agent,termo_nome_5ch,company,desc,0,1,23.342,50,380
f1_v0_base,v0,agent,termo_nome_5ch,company,desc,0,2,22.305,50,380
f1_v0_base,v0,agent,termo_nome_5ch,company,desc,0,3,24.303,50,380
f1_v0_base,v0,agent,termo_nome_5ch,company,desc,0,4,23.482,50,380
f1_v0_base,v0,agent,termo_nome_5ch,company,desc,0,5,23.068,50,380
f1_v0_base,v0,agent,termo_nome_5ch,company,desc,0,6,22.753,50,380
f1_v0_base,v0,agent,termo_nome_5ch,company,desc,500,1,21.71,0,
f1_v0_base,v0,agent,termo_nome_5ch,company,desc,500,2,27.158,0,
f1_v0_base,v0,agent,termo_nome_5ch,company,desc,500,3,27.748,0,
f1_v0_base,v0,agent,termo_nome_5ch,company,desc,500,4,27.393,0,
f1_v0_base,v0,agent,termo_nome_5ch,company,desc,500,5,29.739,0,
f1_v0_base,v0,agent,termo_nome_5ch,company,desc,500,6,26.634,0,
f1_v0_base,v0,agent,termo_empresa,name,asc,0,1,24.255,50,290
f1_v0_base,v0,agent,termo_empresa,name,asc,0,2,21.495,50,290
f1_v0_base,v0,agent,termo_empresa,name,asc,0,3,21.082,50,290
f1_v0_base,v0,agent,termo_empresa,name,asc,0,4,19.812,50,290
f1_v0_base,v0,agent,termo_empresa,name,asc,0,5,20.684,50,290
f1_v0_base,v0,agent,termo_empresa,name,asc,0,6,19.886,50,290
f1_v0_base,v0,agent,termo_empresa,name,asc,500,1,20.37,0,
f1_v0_base,v0,agent,termo_empresa,name,asc,500,2,21.864,0,
f1_v0_base,v0,agent,termo_empresa,name,asc,500,3,20.898,0,
f2_v0_idx1,v0,agent,sem_filtro,company,asc,500,1,67.06,50,2886
f2_v0_idx1,v0,agent,sem_filtro,company,asc,500,2,63.181,50,2886
f2_v0_idx1,v0,agent,sem_filtro,company,asc,500,3,60.212,50,2886
f2_v0_idx1,v0,agent,sem_filtro,company,asc,500,4,58.553,50,2886
f2_v0_idx1,v0,agent,sem_filtro,company,asc,500,5,57.641,50,2886
f2_v0_idx1,v0,agent,sem_filtro,company,asc,500,6,55.912,50,2886
f2_v0_idx1,v0,agent,sem_filtro,company,desc,0,1,61.752,50,2886
f2_v0_idx1,v0,agent,sem_filtro,company,desc,0,2,68.579,50,2886
f2_v0_idx1,v0,agent,sem_filtro,company,desc,0,3,62.107,50,2886
f2_v0_idx1,v0,agent,sem_filtro,company,desc,0,4,62.047,50,2886
f2_v0_idx1,v0,agent,sem_filtro,company,desc,0,5,64.727,50,2886
f2_v0_idx1,v0,agent,sem_filtro,company,desc,0,6,64.12,50,2886
f2_v0_idx1,v0,agent,sem_filtro,company,desc,500,1,62.28,50,2886
f2_v0_idx1,v0,agent,sem_filtro,company,desc,500,2,57.947,50,2886
f2_v0_idx1,v0,agent,sem_filtro,company,desc,500,3,59.22,50,2886
f2_v0_idx1,v0,agent,sem_filtro,company,desc,500,4,55.645,50,2886
f2_v0_idx1,v0,agent,sem_filtro,company,desc,500,5,56.62,50,2886
f2_v0_idx1,v0,agent,sem_filtro,company,desc,500,6,54.981,50,2886
f3_v0_idx2,v0,agent,termo_nome_5ch,name,desc,0,4,8.876,50,380
f3_v0_idx2,v0,agent,termo_nome_5ch,name,desc,0,5,10.213,50,380
f3_v0_idx2,v0,agent,termo_nome_5ch,name,desc,0,6,9.349,50,380
f3_v0_idx2,v0,agent,termo_nome_5ch,name,desc,500,1,9.666,0,
f3_v0_idx2,v0,agent,termo_nome_5ch,name,desc,500,2,9.288,0,
f3_v0_idx2,v0,agent,termo_nome_5ch,name,desc,500,3,10.637,0,
f3_v0_idx2,v0,agent,termo_nome_5ch,name,desc,500,4,11.347,0,
f3_v0_idx2,v0,agent,termo_nome_5ch,name,desc,500,5,9.435,0,
f3_v0_idx2,v0,agent,termo_nome_5ch,name,desc,500,6,9.823,0,
f1_v0_base,v0,agent,termo_empresa,name,asc,500,4,21.225,0,
f1_v0_base,v0,agent,termo_empresa,name,asc,500,5,20.999,0,
f1_v0_base,v0,agent,termo_empresa,name,asc,500,6,21.816,0,
f1_v0_base,v0,agent,termo_empresa,name,desc,0,1,20.949,50,290
f1_v0_base,v0,agent,termo_empresa,name,desc,0,2,21.74,50,290
f1_v0_base,v0,agent,termo_empresa,name,desc,0,3,21.762,50,290
f1_v0_base,v0,agent,termo_empresa,name,desc,0,4,22.306,50,290
f1_v0_base,v0,agent,termo_empresa,name,desc,0,5,21.561,50,290
f1_v0_base,v0,agent,termo_empresa,name,desc,0,6,20.497,50,290
f1_v0_base,v0,agent,termo_empresa,name,desc,500,1,21.686,0,
f1_v0_base,v0,agent,termo_empresa,name,desc,500,2,20.341,0,
f1_v0_base,v0,agent,termo_empresa,name,desc,500,3,21.829,0,
f1_v0_base,v0,agent,termo_empresa,name,desc,500,4,20.5,0,
f1_v0_base,v0,agent,termo_empresa,name,desc,500,5,20.755,0,
f1_v0_base,v0,agent,termo_empresa,name,desc,500,6,21.2,0,
f1_v0_base,v0,agent,termo_empresa,created_at,asc,0,1,20.342,50,290
f1_v0_base,v0,agent,termo_empresa,created_at,asc,0,2,20.198,50,290
f1_v0_base,v0,agent,termo_empresa,created_at,asc,0,3,19.304,50,290
f1_v0_base,v0,agent,termo_empresa,created_at,asc,0,4,21.059,50,290
f1_v0_base,v0,agent,termo_empresa,created_at,asc,0,5,19.692,50,290
f1_v0_base,v0,agent,termo_empresa,created_at,asc,0,6,20.37,50,290
f1_v0_base,v0,agent,termo_empresa,created_at,asc,500,1,21.204,0,
f1_v0_base,v0,agent,termo_empresa,created_at,asc,500,2,20.461,0,
f1_v0_base,v0,agent,termo_empresa,created_at,asc,500,3,20.042,0,
f1_v0_base,v0,agent,termo_empresa,created_at,asc,500,4,18.964,0,
f1_v0_base,v0,agent,termo_empresa,created_at,asc,500,5,20.216,0,
f1_v0_base,v0,agent,termo_empresa,created_at,asc,500,6,19.634,0,
f1_v0_base,v0,agent,termo_empresa,created_at,desc,0,1,20.048,50,290
f1_v0_base,v0,agent,termo_empresa,created_at,desc,0,2,19.663,50,290
f1_v0_base,v0,agent,termo_empresa,created_at,desc,0,3,18.938,50,290
f1_v0_base,v0,agent,termo_empresa,created_at,desc,0,4,19.665,50,290
f1_v0_base,v0,agent,termo_empresa,created_at,desc,0,5,19.755,50,290
f1_v0_base,v0,agent,termo_empresa,created_at,desc,0,6,19.385,50,290
f1_v0_base,v0,agent,termo_empresa,created_at,desc,500,1,19.492,0,
f1_v0_base,v0,agent,termo_empresa,created_at,desc,500,2,18.806,0,
f1_v0_base,v0,agent,termo_empresa,created_at,desc,500,3,20.038,0,
f1_v0_base,v0,agent,termo_empresa,created_at,desc,500,4,19.282,0,
f1_v0_base,v0,agent,termo_empresa,created_at,desc,500,5,19.711,0,
f2_v0_idx1,v0,agent,termo_nome_5ch,name,asc,0,1,21.209,50,380
f2_v0_idx1,v0,agent,termo_nome_5ch,name,asc,0,2,19.996,50,380
f2_v0_idx1,v0,agent,termo_nome_5ch,name,asc,0,3,19.532,50,380
f2_v0_idx1,v0,agent,termo_nome_5ch,name,asc,0,4,20.816,50,380
f2_v0_idx1,v0,agent,termo_nome_5ch,name,asc,0,5,19.521,50,380
f2_v0_idx1,v0,agent,termo_nome_5ch,name,asc,0,6,21.123,50,380
f2_v0_idx1,v0,agent,termo_nome_5ch,name,asc,500,1,22.483,0,
f2_v0_idx1,v0,agent,termo_nome_5ch,name,asc,500,2,20.954,0,
f2_v0_idx1,v0,agent,termo_nome_5ch,name,asc,500,3,23.344,0,
f2_v0_idx1,v0,agent,termo_nome_5ch,name,asc,500,4,22.532,0,
f2_v0_idx1,v0,agent,termo_nome_5ch,name,asc,500,5,21.052,0,
f2_v0_idx1,v0,agent,termo_nome_5ch,name,asc,500,6,19.971,0,
f2_v0_idx1,v0,agent,termo_nome_5ch,name,desc,0,1,21.18,50,380
f2_v0_idx1,v0,agent,termo_nome_5ch,name,desc,0,2,20.5,50,380
f2_v0_idx1,v0,agent,termo_nome_5ch,name,desc,0,3,20.627,50,380
f2_v0_idx1,v0,agent,termo_nome_5ch,name,desc,0,4,21.451,50,380
f2_v0_idx1,v0,agent,termo_nome_5ch,name,desc,0,5,19.521,50,380
f2_v0_idx1,v0,agent,termo_nome_5ch,name,desc,0,6,19.589,50,380
f3_v0_idx2,v0,agent,termo_nome_5ch,created_at,asc,0,1,12.331,50,380
f3_v0_idx2,v0,agent,termo_nome_5ch,created_at,asc,0,2,9.628,50,380
f3_v0_idx2,v0,agent,termo_nome_5ch,created_at,asc,0,3,9.828,50,380
f3_v0_idx2,v0,agent,termo_nome_5ch,created_at,asc,0,4,11.143,50,380
f3_v0_idx2,v0,agent,termo_nome_5ch,created_at,asc,0,5,10.731,50,380
f3_v0_idx2,v0,agent,termo_nome_5ch,created_at,asc,0,6,9.571,50,380
f1_v0_base,v0,agent,termo_empresa,created_at,desc,500,6,20.323,0,
f1_v0_base,v0,agent,termo_empresa,company,asc,0,1,19.687,50,290
f1_v0_base,v0,agent,termo_empresa,company,asc,0,2,21.122,50,290
f1_v0_base,v0,agent,termo_empresa,company,asc,0,3,20.355,50,290
f1_v0_base,v0,agent,termo_empresa,company,asc,0,4,20.274,50,290
f1_v0_base,v0,agent,termo_empresa,company,asc,0,5,19.669,50,290
f1_v0_base,v0,agent,termo_empresa,company,asc,0,6,20.916,50,290
f1_v0_base,v0,agent,termo_empresa,company,asc,500,1,20.912,0,
f1_v0_base,v0,agent,termo_empresa,company,asc,500,2,19.534,0,
f1_v0_base,v0,agent,termo_empresa,company,asc,500,3,19.907,0,
f1_v0_base,v0,agent,termo_empresa,company,asc,500,4,19.981,0,
f1_v0_base,v0,agent,termo_empresa,company,asc,500,5,20.324,0,
f1_v0_base,v0,agent,termo_empresa,company,asc,500,6,19.53,0,
f1_v0_base,v0,agent,termo_empresa,company,desc,0,1,21.146,50,290
f1_v0_base,v0,agent,termo_empresa,company,desc,0,2,19.589,50,290
f1_v0_base,v0,agent,termo_empresa,company,desc,0,3,21.253,50,290
f1_v0_base,v0,agent,termo_empresa,company,desc,0,4,21.573,50,290
f1_v0_base,v0,agent,termo_empresa,company,desc,0,5,20.447,50,290
f1_v0_base,v0,agent,termo_empresa,company,desc,0,6,20.309,50,290
f1_v0_base,v0,agent,termo_empresa,company,desc,500,1,22.272,0,
f1_v0_base,v0,agent,termo_empresa,company,desc,500,2,20.319,0,
f1_v0_base,v0,agent,termo_empresa,company,desc,500,3,28.514,0,
f1_v0_base,v0,agent,termo_empresa,company,desc,500,4,28.256,0,
f1_v0_base,v0,agent,termo_empresa,company,desc,500,5,23.872,0,
f1_v0_base,v0,agent,termo_empresa,company,desc,500,6,24.781,0,
f1_v0_base,v0,agent,filtro_tipo,name,asc,0,1,14.289,50,536
f1_v0_base,v0,agent,filtro_tipo,name,asc,0,2,13.49,50,536
f1_v0_base,v0,agent,filtro_tipo,name,asc,0,3,13.819,50,536
f1_v0_base,v0,agent,filtro_tipo,name,asc,0,4,12.871,50,536
f1_v0_base,v0,agent,filtro_tipo,name,asc,0,5,14.104,50,536
f1_v0_base,v0,agent,filtro_tipo,name,asc,0,6,12.59,50,536
f1_v0_base,v0,agent,filtro_tipo,name,asc,500,1,12.75,36,536
f1_v0_base,v0,agent,filtro_tipo,name,asc,500,2,12.411,36,536
f1_v0_base,v0,agent,filtro_tipo,name,asc,500,3,12.595,36,536
f1_v0_base,v0,agent,filtro_tipo,name,asc,500,4,14.034,36,536
f1_v0_base,v0,agent,filtro_tipo,name,asc,500,5,13.536,36,536
f1_v0_base,v0,agent,filtro_tipo,name,asc,500,6,12.554,36,536
f2_v0_idx1,v0,agent,termo_nome_5ch,name,desc,500,1,20.224,0,
f2_v0_idx1,v0,agent,termo_nome_5ch,name,desc,500,2,21.749,0,
f2_v0_idx1,v0,agent,termo_nome_5ch,name,desc,500,3,22.123,0,
f2_v0_idx1,v0,agent,termo_nome_5ch,name,desc,500,4,23.078,0,
f2_v0_idx1,v0,agent,termo_nome_5ch,name,desc,500,5,21.579,0,
f2_v0_idx1,v0,agent,termo_nome_5ch,name,desc,500,6,21.649,0,
f2_v0_idx1,v0,agent,termo_nome_5ch,created_at,asc,0,1,21.759,50,380
f2_v0_idx1,v0,agent,termo_nome_5ch,created_at,asc,0,2,21.331,50,380
f2_v0_idx1,v0,agent,termo_nome_5ch,created_at,asc,0,3,21.19,50,380
f2_v0_idx1,v0,agent,termo_nome_5ch,created_at,asc,0,4,21.248,50,380
f2_v0_idx1,v0,agent,termo_nome_5ch,created_at,asc,0,5,21.88,50,380
f2_v0_idx1,v0,agent,termo_nome_5ch,created_at,asc,0,6,19.629,50,380
f2_v0_idx1,v0,agent,termo_nome_5ch,created_at,asc,500,1,21.304,0,
f2_v0_idx1,v0,agent,termo_nome_5ch,created_at,asc,500,2,20.973,0,
f2_v0_idx1,v0,agent,termo_nome_5ch,created_at,asc,500,3,21.575,0,
f2_v0_idx1,v0,agent,termo_nome_5ch,created_at,asc,500,4,20.824,0,
f2_v0_idx1,v0,agent,termo_nome_5ch,created_at,asc,500,5,21.096,0,
f2_v0_idx1,v0,agent,termo_nome_5ch,created_at,asc,500,6,20.256,0,
f3_v0_idx2,v0,agent,termo_nome_5ch,created_at,asc,500,1,8.96,0,
f3_v0_idx2,v0,agent,termo_nome_5ch,created_at,asc,500,2,9.366,0,
f3_v0_idx2,v0,agent,termo_nome_5ch,created_at,asc,500,3,9.894,0,
f3_v0_idx2,v0,agent,termo_nome_5ch,created_at,asc,500,4,9.262,0,
f3_v0_idx2,v0,agent,termo_nome_5ch,created_at,asc,500,5,9.996,0,
f3_v0_idx2,v0,agent,termo_nome_5ch,created_at,asc,500,6,9.565,0,
f3_v0_idx2,v0,agent,termo_nome_5ch,created_at,desc,0,1,8.675,50,380
f3_v0_idx2,v0,agent,termo_nome_5ch,created_at,desc,0,2,9.136,50,380
f3_v0_idx2,v0,agent,termo_nome_5ch,created_at,desc,0,3,9.077,50,380
f1_v0_base,v0,agent,filtro_tipo,name,desc,0,1,14.226,50,536
f1_v0_base,v0,agent,filtro_tipo,name,desc,0,2,13.19,50,536
f1_v0_base,v0,agent,filtro_tipo,name,desc,0,3,13.539,50,536
f1_v0_base,v0,agent,filtro_tipo,name,desc,0,4,13.674,50,536
f1_v0_base,v0,agent,filtro_tipo,name,desc,0,5,14.117,50,536
f1_v0_base,v0,agent,filtro_tipo,name,desc,0,6,13.115,50,536
f1_v0_base,v0,agent,filtro_tipo,name,desc,500,1,13.179,36,536
f1_v0_base,v0,agent,filtro_tipo,name,desc,500,2,13.555,36,536
f1_v0_base,v0,agent,filtro_tipo,name,desc,500,3,12.888,36,536
f1_v0_base,v0,agent,filtro_tipo,name,desc,500,4,12.967,36,536
f1_v0_base,v0,agent,filtro_tipo,name,desc,500,5,12.151,36,536
f1_v0_base,v0,agent,filtro_tipo,name,desc,500,6,11.926,36,536
f1_v0_base,v0,agent,filtro_tipo,created_at,asc,0,1,15.263,50,536
f1_v0_base,v0,agent,filtro_tipo,created_at,asc,0,2,13.636,50,536
f1_v0_base,v0,agent,filtro_tipo,created_at,asc,0,3,12.06,50,536
f1_v0_base,v0,agent,filtro_tipo,created_at,asc,0,4,12.377,50,536
f1_v0_base,v0,agent,filtro_tipo,created_at,asc,0,5,12.083,50,536
f1_v0_base,v0,agent,filtro_tipo,created_at,asc,0,6,12.783,50,536
f1_v0_base,v0,agent,filtro_tipo,created_at,asc,500,1,12.393,36,536
f1_v0_base,v0,agent,filtro_tipo,created_at,asc,500,2,13.033,36,536
f1_v0_base,v0,agent,filtro_tipo,created_at,asc,500,3,12.947,36,536
f1_v0_base,v0,agent,filtro_tipo,created_at,asc,500,4,11.977,36,536
f1_v0_base,v0,agent,filtro_tipo,created_at,asc,500,5,12.067,36,536
f1_v0_base,v0,agent,filtro_tipo,created_at,asc,500,6,13.239,36,536
f1_v0_base,v0,agent,filtro_tipo,created_at,desc,0,1,11.941,50,536
f1_v0_base,v0,agent,filtro_tipo,created_at,desc,0,2,11.987,50,536
f1_v0_base,v0,agent,filtro_tipo,created_at,desc,0,3,12.1,50,536
f1_v0_base,v0,agent,filtro_tipo,created_at,desc,0,4,14.711,50,536
f1_v0_base,v0,agent,filtro_tipo,created_at,desc,0,5,12.192,50,536
f1_v0_base,v0,agent,filtro_tipo,created_at,desc,0,6,12.099,50,536
f1_v0_base,v0,agent,filtro_tipo,created_at,desc,500,1,11.655,36,536
f1_v0_base,v0,agent,filtro_tipo,created_at,desc,500,2,13.119,36,536
f1_v0_base,v0,agent,filtro_tipo,created_at,desc,500,3,12.155,36,536
f1_v0_base,v0,agent,filtro_tipo,created_at,desc,500,4,12.342,36,536
f1_v0_base,v0,agent,filtro_tipo,created_at,desc,500,5,12.259,36,536
f1_v0_base,v0,agent,filtro_tipo,created_at,desc,500,6,12.295,36,536
f1_v0_base,v0,agent,filtro_tipo,company,asc,0,1,13.078,50,536
f1_v0_base,v0,agent,filtro_tipo,company,asc,0,2,12.413,50,536
f1_v0_base,v0,agent,filtro_tipo,company,asc,0,3,12.511,50,536
f1_v0_base,v0,agent,filtro_tipo,company,asc,0,4,12,50,536
f1_v0_base,v0,agent,filtro_tipo,company,asc,0,5,11.209,50,536
f2_v0_idx1,v0,agent,termo_nome_5ch,created_at,desc,0,1,19.863,50,380
f2_v0_idx1,v0,agent,termo_nome_5ch,created_at,desc,0,2,19.74,50,380
f2_v0_idx1,v0,agent,termo_nome_5ch,created_at,desc,0,3,20.819,50,380
f2_v0_idx1,v0,agent,termo_nome_5ch,created_at,desc,0,4,20.236,50,380
f2_v0_idx1,v0,agent,termo_nome_5ch,created_at,desc,0,5,19.41,50,380
f2_v0_idx1,v0,agent,termo_nome_5ch,created_at,desc,0,6,19.926,50,380
f2_v0_idx1,v0,agent,termo_nome_5ch,created_at,desc,500,1,19.364,0,
f2_v0_idx1,v0,agent,termo_nome_5ch,created_at,desc,500,2,20.757,0,
f2_v0_idx1,v0,agent,termo_nome_5ch,created_at,desc,500,3,21.292,0,
f2_v0_idx1,v0,agent,termo_nome_5ch,created_at,desc,500,4,19.808,0,
f2_v0_idx1,v0,agent,termo_nome_5ch,created_at,desc,500,5,19.725,0,
f2_v0_idx1,v0,agent,termo_nome_5ch,created_at,desc,500,6,21.606,0,
f3_v0_idx2,v0,agent,termo_nome_5ch,created_at,desc,0,4,9.501,50,380
f3_v0_idx2,v0,agent,termo_nome_5ch,created_at,desc,0,5,9.075,50,380
f2_v0_idx1,v0,agent,termo_nome_5ch,company,asc,0,1,22.025,50,380
f2_v0_idx1,v0,agent,termo_nome_5ch,company,asc,0,2,20.709,50,380
f2_v0_idx1,v0,agent,termo_nome_5ch,company,asc,0,3,23.84,50,380
f2_v0_idx1,v0,agent,termo_nome_5ch,company,asc,0,4,19.397,50,380
f3_v0_idx2,v0,agent,termo_nome_5ch,created_at,desc,0,6,9.373,50,380
f3_v0_idx2,v0,agent,termo_nome_5ch,created_at,desc,500,1,10.528,0,
f3_v0_idx2,v0,agent,termo_nome_5ch,created_at,desc,500,2,13.246,0,
f3_v0_idx2,v0,agent,termo_nome_5ch,created_at,desc,500,3,10.029,0,
f3_v0_idx2,v0,agent,termo_nome_5ch,created_at,desc,500,4,11.424,0,
f3_v0_idx2,v0,agent,termo_nome_5ch,created_at,desc,500,5,10.875,0,
f3_v0_idx2,v0,agent,termo_nome_5ch,created_at,desc,500,6,8.812,0,
f1_v0_base,v0,agent,filtro_tipo,company,asc,0,6,12.326,50,536
f1_v0_base,v0,agent,filtro_tipo,company,asc,500,1,12.666,36,536
f1_v0_base,v0,agent,filtro_tipo,company,asc,500,2,13.091,36,536
f1_v0_base,v0,agent,filtro_tipo,company,asc,500,3,12.526,36,536
f1_v0_base,v0,agent,filtro_tipo,company,asc,500,4,11.372,36,536
f1_v0_base,v0,agent,filtro_tipo,company,asc,500,5,11.659,36,536
f1_v0_base,v0,agent,filtro_tipo,company,asc,500,6,12.871,36,536
f1_v0_base,v0,agent,filtro_tipo,company,desc,0,1,11.545,50,536
f1_v0_base,v0,agent,filtro_tipo,company,desc,0,2,12.585,50,536
f1_v0_base,v0,agent,filtro_tipo,company,desc,0,3,11.934,50,536
f1_v0_base,v0,agent,filtro_tipo,company,desc,0,4,11.457,50,536
f1_v0_base,v0,agent,filtro_tipo,company,desc,0,5,11.566,50,536
f1_v0_base,v0,agent,filtro_tipo,company,desc,0,6,12.26,50,536
f1_v0_base,v0,agent,filtro_tipo,company,desc,500,1,12.389,36,536
f1_v0_base,v0,agent,filtro_tipo,company,desc,500,2,12.245,36,536
f1_v0_base,v0,agent,filtro_tipo,company,desc,500,3,12.293,36,536
f1_v0_base,v0,agent,filtro_tipo,company,desc,500,4,12.359,36,536
f1_v0_base,v0,agent,filtro_tipo,company,desc,500,5,12.689,36,536
f1_v0_base,v0,agent,filtro_tipo,company,desc,500,6,11.887,36,536
f1_v0_base,v0,agent,filtro_tag,name,asc,0,1,7.564,50,241
f1_v0_base,v0,agent,filtro_tag,name,asc,0,2,7.543,50,241
f1_v0_base,v0,agent,filtro_tag,name,asc,0,3,6.98,50,241
f1_v0_base,v0,agent,filtro_tag,name,asc,0,4,7.209,50,241
f1_v0_base,v0,agent,filtro_tag,name,asc,0,5,7.272,50,241
f1_v0_base,v0,agent,filtro_tag,name,asc,0,6,7.934,50,241
f1_v0_base,v0,agent,filtro_tag,name,asc,500,1,7.276,0,
f1_v0_base,v0,agent,filtro_tag,name,asc,500,2,7.376,0,
f1_v0_base,v0,agent,filtro_tag,name,asc,500,3,8.482,0,
f1_v0_base,v0,agent,filtro_tag,name,asc,500,4,7.389,0,
f1_v0_base,v0,agent,filtro_tag,name,asc,500,5,6.81,0,
f1_v0_base,v0,agent,filtro_tag,name,asc,500,6,6.663,0,
f1_v0_base,v0,agent,filtro_tag,name,desc,0,1,7.692,50,241
f1_v0_base,v0,agent,filtro_tag,name,desc,0,2,8.135,50,241
f1_v0_base,v0,agent,filtro_tag,name,desc,0,3,7.296,50,241
f1_v0_base,v0,agent,filtro_tag,name,desc,0,4,7.11,50,241
f1_v0_base,v0,agent,filtro_tag,name,desc,0,5,7.417,50,241
f1_v0_base,v0,agent,filtro_tag,name,desc,0,6,7.3,50,241
f2_v0_idx1,v0,agent,termo_nome_5ch,company,asc,0,5,20.612,50,380
f2_v0_idx1,v0,agent,termo_nome_5ch,company,asc,0,6,20.469,50,380
f1_v0_base,v0,agent,filtro_tag,name,desc,500,1,7.741,0,
f2_v0_idx1,v0,agent,termo_nome_5ch,company,asc,500,1,23.277,0,
f2_v0_idx1,v0,agent,termo_nome_5ch,company,asc,500,2,23.069,0,
f2_v0_idx1,v0,agent,termo_nome_5ch,company,asc,500,3,21.08,0,
f2_v0_idx1,v0,agent,termo_nome_5ch,company,asc,500,4,21.549,0,
f2_v0_idx1,v0,agent,termo_nome_5ch,company,asc,500,5,23.596,0,
f2_v0_idx1,v0,agent,termo_nome_5ch,company,asc,500,6,21.728,0,
f2_v0_idx1,v0,agent,termo_nome_5ch,company,desc,0,1,21.152,50,380
f2_v0_idx1,v0,agent,termo_nome_5ch,company,desc,0,2,21.256,50,380
f2_v0_idx1,v0,agent,termo_nome_5ch,company,desc,0,3,22.255,50,380
f2_v0_idx1,v0,agent,termo_nome_5ch,company,desc,0,4,20.953,50,380
f2_v0_idx1,v0,agent,termo_nome_5ch,company,desc,0,5,22.387,50,380
f2_v0_idx1,v0,agent,termo_nome_5ch,company,desc,0,6,20.736,50,380
f2_v0_idx1,v0,agent,termo_nome_5ch,company,desc,500,1,22.544,0,
f2_v0_idx1,v0,agent,termo_nome_5ch,company,desc,500,2,20.826,0,
f2_v0_idx1,v0,agent,termo_nome_5ch,company,desc,500,3,19.78,0,
f2_v0_idx1,v0,agent,termo_nome_5ch,company,desc,500,4,19.685,0,
f2_v0_idx1,v0,agent,termo_nome_5ch,company,desc,500,5,21.096,0,
f2_v0_idx1,v0,agent,termo_nome_5ch,company,desc,500,6,21.113,0,
f3_v0_idx2,v0,agent,termo_nome_5ch,company,asc,0,1,10.472,50,380
f3_v0_idx2,v0,agent,termo_nome_5ch,company,asc,0,2,9.195,50,380
f3_v0_idx2,v0,agent,termo_nome_5ch,company,asc,0,3,9.399,50,380
f3_v0_idx2,v0,agent,termo_nome_5ch,company,asc,0,4,9.187,50,380
f3_v0_idx2,v0,agent,termo_nome_5ch,company,asc,0,5,9.064,50,380
f3_v0_idx2,v0,agent,termo_nome_5ch,company,asc,0,6,11.314,50,380
f1_v0_base,v0,agent,filtro_tag,name,desc,500,2,6.898,0,
f1_v0_base,v0,agent,filtro_tag,name,desc,500,3,8.366,0,
f1_v0_base,v0,agent,filtro_tag,name,desc,500,4,7.259,0,
f1_v0_base,v0,agent,filtro_tag,name,desc,500,5,7.589,0,
f1_v0_base,v0,agent,filtro_tag,name,desc,500,6,7.536,0,
f1_v0_base,v0,agent,filtro_tag,created_at,asc,0,1,6.729,50,241
f1_v0_base,v0,agent,filtro_tag,created_at,asc,0,2,6.903,50,241
f1_v0_base,v0,agent,filtro_tag,created_at,asc,0,3,7.449,50,241
f1_v0_base,v0,agent,filtro_tag,created_at,asc,0,4,8.445,50,241
f1_v0_base,v0,agent,filtro_tag,created_at,asc,0,5,7.877,50,241
f1_v0_base,v0,agent,filtro_tag,created_at,asc,0,6,8.074,50,241
f1_v0_base,v0,agent,filtro_tag,created_at,asc,500,1,6.837,0,
f1_v0_base,v0,agent,filtro_tag,created_at,asc,500,2,7.254,0,
f1_v0_base,v0,agent,filtro_tag,created_at,asc,500,3,7.1,0,
f1_v0_base,v0,agent,filtro_tag,created_at,asc,500,4,7.722,0,
f1_v0_base,v0,agent,filtro_tag,created_at,asc,500,5,6.922,0,
f1_v0_base,v0,agent,filtro_tag,created_at,asc,500,6,7.182,0,
f1_v0_base,v0,agent,filtro_tag,created_at,desc,0,1,7.62,50,241
f1_v0_base,v0,agent,filtro_tag,created_at,desc,0,2,7.044,50,241
f1_v0_base,v0,agent,filtro_tag,created_at,desc,0,3,8.196,50,241
f1_v0_base,v0,agent,filtro_tag,created_at,desc,0,4,6.662,50,241
f1_v0_base,v0,agent,filtro_tag,created_at,desc,0,5,7.318,50,241
f1_v0_base,v0,agent,filtro_tag,created_at,desc,0,6,7.888,50,241
f1_v0_base,v0,agent,filtro_tag,created_at,desc,500,1,7.451,0,
f1_v0_base,v0,agent,filtro_tag,created_at,desc,500,2,7.057,0,
f1_v0_base,v0,agent,filtro_tag,created_at,desc,500,3,7.62,0,
f1_v0_base,v0,agent,filtro_tag,created_at,desc,500,4,7.166,0,
f1_v0_base,v0,agent,filtro_tag,created_at,desc,500,5,7.458,0,
f1_v0_base,v0,agent,filtro_tag,created_at,desc,500,6,7.386,0,
f1_v0_base,v0,agent,filtro_tag,company,asc,0,1,7.278,50,241
f1_v0_base,v0,agent,filtro_tag,company,asc,0,2,7.709,50,241
f1_v0_base,v0,agent,filtro_tag,company,asc,0,3,7.899,50,241
f1_v0_base,v0,agent,filtro_tag,company,asc,0,4,8.524,50,241
f1_v0_base,v0,agent,filtro_tag,company,asc,0,5,8.09,50,241
f1_v0_base,v0,agent,filtro_tag,company,asc,0,6,7.509,50,241
f1_v0_base,v0,agent,filtro_tag,company,asc,500,1,8.931,0,
f1_v0_base,v0,agent,filtro_tag,company,asc,500,2,7.247,0,
f1_v0_base,v0,agent,filtro_tag,company,asc,500,3,7.793,0,
f1_v0_base,v0,agent,filtro_tag,company,asc,500,4,7.658,0,
f1_v0_base,v0,agent,filtro_tag,company,asc,500,5,8.362,0,
f1_v0_base,v0,agent,filtro_tag,company,asc,500,6,7.734,0,
f2_v0_idx1,v0,agent,combinado,name,asc,0,1,1.03,1,1
f2_v0_idx1,v0,agent,combinado,name,asc,0,2,1.023,1,1
f2_v0_idx1,v0,agent,combinado,name,asc,0,3,1.163,1,1
f2_v0_idx1,v0,agent,combinado,name,asc,0,4,1.231,1,1
f2_v0_idx1,v0,agent,combinado,name,asc,0,5,1.399,1,1
f2_v0_idx1,v0,agent,combinado,name,asc,0,6,2.493,1,1
f2_v0_idx1,v0,agent,combinado,name,asc,500,1,1.268,0,
f2_v0_idx1,v0,agent,combinado,name,asc,500,2,1.117,0,
f2_v0_idx1,v0,agent,combinado,name,asc,500,3,1.133,0,
f2_v0_idx1,v0,agent,combinado,name,asc,500,4,1.059,0,
f2_v0_idx1,v0,agent,combinado,name,asc,500,5,0.969,0,
f2_v0_idx1,v0,agent,combinado,name,asc,500,6,1.208,0,
f2_v0_idx1,v0,agent,combinado,name,desc,0,1,1.979,1,1
f2_v0_idx1,v0,agent,combinado,name,desc,0,2,2.808,1,1
f2_v0_idx1,v0,agent,combinado,name,desc,0,3,1.348,1,1
f2_v0_idx1,v0,agent,combinado,name,desc,0,4,1.183,1,1
f2_v0_idx1,v0,agent,combinado,name,desc,0,5,1.27,1,1
f2_v0_idx1,v0,agent,combinado,name,desc,0,6,1.172,1,1
f3_v0_idx2,v0,agent,termo_nome_5ch,company,asc,500,1,8.691,0,
f3_v0_idx2,v0,agent,termo_nome_5ch,company,asc,500,2,9.336,0,
f3_v0_idx2,v0,agent,termo_nome_5ch,company,asc,500,3,9.125,0,
f3_v0_idx2,v0,agent,termo_nome_5ch,company,asc,500,4,10.947,0,
f3_v0_idx2,v0,agent,termo_nome_5ch,company,asc,500,5,9.135,0,
f3_v0_idx2,v0,agent,termo_nome_5ch,company,asc,500,6,9.01,0,
f3_v0_idx2,v0,agent,termo_nome_5ch,company,desc,0,1,8.812,50,380
f3_v0_idx2,v0,agent,termo_nome_5ch,company,desc,0,2,8.97,50,380
f3_v0_idx2,v0,agent,termo_nome_5ch,company,desc,0,3,9.027,50,380
f1_v0_base,v0,agent,filtro_tag,company,desc,0,1,7.277,50,241
f1_v0_base,v0,agent,filtro_tag,company,desc,0,2,8.226,50,241
f1_v0_base,v0,agent,filtro_tag,company,desc,0,3,8.026,50,241
f1_v0_base,v0,agent,filtro_tag,company,desc,0,4,7.592,50,241
f1_v0_base,v0,agent,filtro_tag,company,desc,0,5,8.066,50,241
f1_v0_base,v0,agent,filtro_tag,company,desc,0,6,7.488,50,241
f1_v0_base,v0,agent,filtro_tag,company,desc,500,1,6.874,0,
f1_v0_base,v0,agent,filtro_tag,company,desc,500,2,7.493,0,
f1_v0_base,v0,agent,filtro_tag,company,desc,500,3,7.341,0,
f1_v0_base,v0,agent,filtro_tag,company,desc,500,4,7.255,0,
f1_v0_base,v0,agent,filtro_tag,company,desc,500,5,7.175,0,
f1_v0_base,v0,agent,filtro_tag,company,desc,500,6,7.074,0,
f1_v0_base,v0,agent,intervalo_data,name,asc,0,1,13.247,50,640
f1_v0_base,v0,agent,intervalo_data,name,asc,0,2,12.97,50,640
f1_v0_base,v0,agent,intervalo_data,name,asc,0,3,14.184,50,640
f1_v0_base,v0,agent,intervalo_data,name,asc,0,4,14.206,50,640
f1_v0_base,v0,agent,intervalo_data,name,asc,0,5,13.701,50,640
f1_v0_base,v0,agent,intervalo_data,name,asc,0,6,13.079,50,640
f1_v0_base,v0,agent,intervalo_data,name,asc,500,1,14.756,50,640
f1_v0_base,v0,agent,intervalo_data,name,asc,500,2,13.89,50,640
f1_v0_base,v0,agent,intervalo_data,name,asc,500,3,14.109,50,640
f1_v0_base,v0,agent,intervalo_data,name,asc,500,4,13.595,50,640
f1_v0_base,v0,agent,intervalo_data,name,asc,500,5,13.058,50,640
f1_v0_base,v0,agent,intervalo_data,name,asc,500,6,13.633,50,640
f1_v0_base,v0,agent,intervalo_data,name,desc,0,1,13.119,50,640
f1_v0_base,v0,agent,intervalo_data,name,desc,0,2,13.889,50,640
f1_v0_base,v0,agent,intervalo_data,name,desc,0,3,12.87,50,640
f1_v0_base,v0,agent,intervalo_data,name,desc,0,4,12.619,50,640
f1_v0_base,v0,agent,intervalo_data,name,desc,0,5,13.432,50,640
f1_v0_base,v0,agent,intervalo_data,name,desc,0,6,13.632,50,640
f1_v0_base,v0,agent,intervalo_data,name,desc,500,1,14.368,50,640
f1_v0_base,v0,agent,intervalo_data,name,desc,500,2,14.931,50,640
f1_v0_base,v0,agent,intervalo_data,name,desc,500,3,13.468,50,640
f1_v0_base,v0,agent,intervalo_data,name,desc,500,4,13.901,50,640
f1_v0_base,v0,agent,intervalo_data,name,desc,500,5,13.675,50,640
f1_v0_base,v0,agent,intervalo_data,name,desc,500,6,13.254,50,640
f1_v0_base,v0,agent,intervalo_data,created_at,asc,0,1,12.091,50,640
f2_v0_idx1,v0,agent,combinado,name,desc,500,1,1.056,0,
f2_v0_idx1,v0,agent,combinado,name,desc,500,2,1.205,0,
f2_v0_idx1,v0,agent,combinado,name,desc,500,3,1.164,0,
f2_v0_idx1,v0,agent,combinado,name,desc,500,4,1.222,0,
f2_v0_idx1,v0,agent,combinado,name,desc,500,5,1.177,0,
f2_v0_idx1,v0,agent,combinado,name,desc,500,6,1.145,0,
f2_v0_idx1,v0,agent,combinado,created_at,asc,0,1,0.926,1,1
f2_v0_idx1,v0,agent,combinado,created_at,asc,0,2,0.873,1,1
f2_v0_idx1,v0,agent,combinado,created_at,asc,0,3,0.789,1,1
f2_v0_idx1,v0,agent,combinado,created_at,asc,0,4,1.043,1,1
f2_v0_idx1,v0,agent,combinado,created_at,asc,0,5,1.051,1,1
f2_v0_idx1,v0,agent,combinado,created_at,asc,0,6,0.832,1,1
f2_v0_idx1,v0,agent,combinado,created_at,asc,500,1,1.02,0,
f2_v0_idx1,v0,agent,combinado,created_at,asc,500,2,1.203,0,
f2_v0_idx1,v0,agent,combinado,created_at,asc,500,3,1.357,0,
f2_v0_idx1,v0,agent,combinado,created_at,asc,500,4,1.162,0,
f2_v0_idx1,v0,agent,combinado,created_at,asc,500,5,1.067,0,
f2_v0_idx1,v0,agent,combinado,created_at,asc,500,6,1.037,0,
f3_v0_idx2,v0,agent,termo_nome_5ch,company,desc,0,4,8.332,50,380
f3_v0_idx2,v0,agent,termo_nome_5ch,company,desc,0,5,7.591,50,380
f3_v0_idx2,v0,agent,termo_nome_5ch,company,desc,0,6,7.911,50,380
f3_v0_idx2,v0,agent,termo_nome_5ch,company,desc,500,1,7.75,0,
f3_v0_idx2,v0,agent,termo_nome_5ch,company,desc,500,2,7.788,0,
f3_v0_idx2,v0,agent,termo_nome_5ch,company,desc,500,3,7.968,0,
f3_v0_idx2,v0,agent,termo_nome_5ch,company,desc,500,4,8.268,0,
f3_v0_idx2,v0,agent,termo_nome_5ch,company,desc,500,5,8.249,0,
f3_v0_idx2,v0,agent,termo_nome_5ch,company,desc,500,6,7.692,0,
f1_v0_base,v0,agent,intervalo_data,created_at,asc,0,2,12.574,50,640
f1_v0_base,v0,agent,intervalo_data,created_at,asc,0,3,13.044,50,640
f1_v0_base,v0,agent,intervalo_data,created_at,asc,0,4,12.873,50,640
f1_v0_base,v0,agent,intervalo_data,created_at,asc,0,5,12.665,50,640
f1_v0_base,v0,agent,intervalo_data,created_at,asc,0,6,13.369,50,640
f1_v0_base,v0,agent,intervalo_data,created_at,asc,500,1,13.326,50,640
f1_v0_base,v0,agent,intervalo_data,created_at,asc,500,2,14.203,50,640
f1_v0_base,v0,agent,intervalo_data,created_at,asc,500,3,14.657,50,640
f1_v0_base,v0,agent,intervalo_data,created_at,asc,500,4,13.294,50,640
f1_v0_base,v0,agent,intervalo_data,created_at,asc,500,5,14.413,50,640
f1_v0_base,v0,agent,intervalo_data,created_at,asc,500,6,13.128,50,640
f1_v0_base,v0,agent,intervalo_data,created_at,desc,0,1,13.52,50,640
f1_v0_base,v0,agent,intervalo_data,created_at,desc,0,2,12.785,50,640
f1_v0_base,v0,agent,intervalo_data,created_at,desc,0,3,12.403,50,640
f1_v0_base,v0,agent,intervalo_data,created_at,desc,0,4,14.299,50,640
f1_v0_base,v0,agent,intervalo_data,created_at,desc,0,5,14.391,50,640
f1_v0_base,v0,agent,intervalo_data,created_at,desc,0,6,12.546,50,640
f1_v0_base,v0,agent,intervalo_data,created_at,desc,500,1,12.467,50,640
f1_v0_base,v0,agent,intervalo_data,created_at,desc,500,2,12.692,50,640
f1_v0_base,v0,agent,intervalo_data,created_at,desc,500,3,12.932,50,640
f1_v0_base,v0,agent,intervalo_data,created_at,desc,500,4,12.624,50,640
f1_v0_base,v0,agent,intervalo_data,created_at,desc,500,5,12.229,50,640
f1_v0_base,v0,agent,intervalo_data,created_at,desc,500,6,14.646,50,640
f1_v0_base,v0,agent,intervalo_data,company,asc,0,1,13.748,50,640
f1_v0_base,v0,agent,intervalo_data,company,asc,0,2,13.394,50,640
f1_v0_base,v0,agent,intervalo_data,company,asc,0,3,14.514,50,640
f1_v0_base,v0,agent,intervalo_data,company,asc,0,4,13.041,50,640
f1_v0_base,v0,agent,intervalo_data,company,asc,0,5,13.166,50,640
f1_v0_base,v0,agent,intervalo_data,company,asc,0,6,14.352,50,640
f1_v0_base,v0,agent,intervalo_data,company,asc,500,1,14.882,50,640
f1_v0_base,v0,agent,intervalo_data,company,asc,500,2,13.891,50,640
f1_v0_base,v0,agent,intervalo_data,company,asc,500,3,13.681,50,640
f1_v0_base,v0,agent,intervalo_data,company,asc,500,4,13.107,50,640
f1_v0_base,v0,agent,intervalo_data,company,asc,500,5,13.459,50,640
f1_v0_base,v0,agent,intervalo_data,company,asc,500,6,14.485,50,640
f1_v0_base,v0,agent,intervalo_data,company,desc,0,1,13.105,50,640
f1_v0_base,v0,agent,intervalo_data,company,desc,0,2,12.986,50,640
f1_v0_base,v0,agent,intervalo_data,company,desc,0,3,13.573,50,640
f1_v0_base,v0,agent,intervalo_data,company,desc,0,4,14.909,50,640
f2_v0_idx1,v0,agent,combinado,created_at,desc,0,1,0.815,1,1
f2_v0_idx1,v0,agent,combinado,created_at,desc,0,2,0.806,1,1
f2_v0_idx1,v0,agent,combinado,created_at,desc,0,3,0.802,1,1
f2_v0_idx1,v0,agent,combinado,created_at,desc,0,4,1.158,1,1
f2_v0_idx1,v0,agent,combinado,created_at,desc,0,5,0.971,1,1
f2_v0_idx1,v0,agent,combinado,created_at,desc,0,6,0.831,1,1
f2_v0_idx1,v0,agent,combinado,created_at,desc,500,1,0.997,0,
f2_v0_idx1,v0,agent,combinado,created_at,desc,500,2,1.019,0,
f2_v0_idx1,v0,agent,combinado,created_at,desc,500,3,1.054,0,
f2_v0_idx1,v0,agent,combinado,created_at,desc,500,4,1.265,0,
f2_v0_idx1,v0,agent,combinado,created_at,desc,500,5,1.358,0,
f2_v0_idx1,v0,agent,combinado,created_at,desc,500,6,0.927,0,
f2_v0_idx1,v0,agent,combinado,company,asc,0,1,0.806,1,1
f2_v0_idx1,v0,agent,combinado,company,asc,0,2,0.934,1,1
f2_v0_idx1,v0,agent,combinado,company,asc,0,3,1.064,1,1
f2_v0_idx1,v0,agent,combinado,company,asc,0,4,0.96,1,1
f2_v0_idx1,v0,agent,combinado,company,asc,0,5,0.806,1,1
f2_v0_idx1,v0,agent,combinado,company,asc,0,6,0.869,1,1
f3_v0_idx2,v0,agent,termo_empresa,name,asc,0,1,8.132,50,290
f3_v0_idx2,v0,agent,termo_empresa,name,asc,0,2,7.404,50,290
f3_v0_idx2,v0,agent,termo_empresa,name,asc,0,3,7.594,50,290
f3_v0_idx2,v0,agent,termo_empresa,name,asc,0,4,7.746,50,290
f3_v0_idx2,v0,agent,termo_empresa,name,asc,0,5,8.318,50,290
f3_v0_idx2,v0,agent,termo_empresa,name,asc,0,6,7.748,50,290
f3_v0_idx2,v0,agent,termo_empresa,name,asc,500,1,7.999,0,
f1_v0_base,v0,agent,intervalo_data,company,desc,0,5,14.763,50,640
f1_v0_base,v0,agent,intervalo_data,company,desc,0,6,13.321,50,640
f1_v0_base,v0,agent,intervalo_data,company,desc,500,1,14.115,50,640
f1_v0_base,v0,agent,intervalo_data,company,desc,500,2,13.43,50,640
f1_v0_base,v0,agent,intervalo_data,company,desc,500,3,14.337,50,640
f1_v0_base,v0,agent,intervalo_data,company,desc,500,4,13.843,50,640
f1_v0_base,v0,agent,intervalo_data,company,desc,500,5,13.501,50,640
f1_v0_base,v0,agent,intervalo_data,company,desc,500,6,14.094,50,640
f1_v0_base,v0,agent,combinado,name,asc,0,1,1.298,1,1
f1_v0_base,v0,agent,combinado,name,asc,0,2,0.967,1,1
f1_v0_base,v0,agent,combinado,name,asc,0,3,0.946,1,1
f1_v0_base,v0,agent,combinado,name,asc,0,4,0.876,1,1
f1_v0_base,v0,agent,combinado,name,asc,0,5,1.121,1,1
f1_v0_base,v0,agent,combinado,name,asc,0,6,0.953,1,1
f1_v0_base,v0,agent,combinado,name,asc,500,1,1.141,0,
f1_v0_base,v0,agent,combinado,name,asc,500,2,0.958,0,
f1_v0_base,v0,agent,combinado,name,asc,500,3,1.014,0,
f1_v0_base,v0,agent,combinado,name,asc,500,4,0.813,0,
f1_v0_base,v0,agent,combinado,name,asc,500,5,0.83,0,
f1_v0_base,v0,agent,combinado,name,asc,500,6,1.085,0,
f1_v0_base,v0,agent,combinado,name,desc,0,1,1.118,1,1
f1_v0_base,v0,agent,combinado,name,desc,0,2,0.948,1,1
f1_v0_base,v0,agent,combinado,name,desc,0,3,0.955,1,1
f1_v0_base,v0,agent,combinado,name,desc,0,4,0.914,1,1
f1_v0_base,v0,agent,combinado,name,desc,0,5,1.398,1,1
f1_v0_base,v0,agent,combinado,name,desc,0,6,1.049,1,1
f1_v0_base,v0,agent,combinado,name,desc,500,1,0.994,0,
f1_v0_base,v0,agent,combinado,name,desc,500,2,0.813,0,
f1_v0_base,v0,agent,combinado,name,desc,500,3,0.754,0,
f1_v0_base,v0,agent,combinado,name,desc,500,4,0.822,0,
f1_v0_base,v0,agent,combinado,name,desc,500,5,0.962,0,
f1_v0_base,v0,agent,combinado,name,desc,500,6,1.093,0,
f1_v0_base,v0,agent,combinado,created_at,asc,0,1,1.047,1,1
f1_v0_base,v0,agent,combinado,created_at,asc,0,2,0.913,1,1
f1_v0_base,v0,agent,combinado,created_at,asc,0,3,1.167,1,1
f1_v0_base,v0,agent,combinado,created_at,asc,0,4,1.154,1,1
f1_v0_base,v0,agent,combinado,created_at,asc,0,5,1.66,1,1
f1_v0_base,v0,agent,combinado,created_at,asc,0,6,1.33,1,1
f1_v0_base,v0,agent,combinado,created_at,asc,500,1,0.859,0,
f1_v0_base,v0,agent,combinado,created_at,asc,500,2,0.858,0,
f2_v0_idx1,v0,agent,combinado,company,asc,500,1,0.796,0,
f2_v0_idx1,v0,agent,combinado,company,asc,500,2,0.87,0,
f2_v0_idx1,v0,agent,combinado,company,asc,500,3,1.024,0,
f2_v0_idx1,v0,agent,combinado,company,asc,500,4,1.513,0,
f2_v0_idx1,v0,agent,combinado,company,asc,500,5,1.284,0,
f2_v0_idx1,v0,agent,combinado,company,asc,500,6,1.149,0,
f2_v0_idx1,v0,agent,combinado,company,desc,0,1,0.889,1,1
f2_v0_idx1,v0,agent,combinado,company,desc,0,2,0.859,1,1
f2_v0_idx1,v0,agent,combinado,company,desc,0,3,0.968,1,1
f2_v0_idx1,v0,agent,combinado,company,desc,0,4,0.805,1,1
f2_v0_idx1,v0,agent,combinado,company,desc,0,5,0.843,1,1
f2_v0_idx1,v0,agent,combinado,company,desc,0,6,0.859,1,1
f2_v0_idx1,v0,agent,combinado,company,desc,500,1,0.806,0,
f2_v0_idx1,v0,agent,combinado,company,desc,500,2,0.922,0,
f2_v0_idx1,v0,agent,combinado,company,desc,500,3,1.244,0,
f2_v0_idx1,v0,agent,combinado,company,desc,500,4,1.253,0,
f2_v0_idx1,v0,agent,combinado,company,desc,500,5,1.291,0,
f2_v0_idx1,v0,agent,combinado,company,desc,500,6,1.147,0,
f2_v0_idx1,v0,agent,empresa_igual,name,desc,500,5,7.098,0,
f2_v0_idx1,v0,agent,empresa_igual,name,desc,500,6,7.029,0,
f2_v0_idx1,v0,agent,empresa_igual,name,desc,500,1,6.673,0,
f2_v0_idx1,v0,agent,empresa_igual,name,desc,500,2,5.99,0,
f2_v0_idx1,v0,agent,empresa_igual,name,desc,500,3,6.57,0,
f2_v0_idx1,v0,agent,empresa_igual,name,desc,500,4,6.787,0,
f3_v0_idx2,v0,agent,termo_empresa,name,asc,500,2,7.805,0,
f3_v0_idx2,v0,agent,termo_empresa,name,asc,500,3,7.703,0,
f3_v0_idx2,v0,agent,termo_empresa,name,asc,500,4,8.201,0,
f2_v0_idx1,v0,agent,empresa_igual,created_at,asc,0,1,6.977,50,290
f2_v0_idx1,v0,agent,empresa_igual,created_at,asc,0,2,8.04,50,290
f2_v0_idx1,v0,agent,empresa_igual,created_at,asc,0,3,8.18,50,290
f3_v0_idx2,v0,agent,termo_empresa,name,asc,500,5,8.194,0,
f3_v0_idx2,v0,agent,termo_empresa,name,asc,500,6,8.292,0,
f1_v0_base,v0,agent,combinado,created_at,asc,500,3,0.984,0,
f1_v0_base,v0,agent,combinado,created_at,asc,500,4,1,0,
f1_v0_base,v0,agent,combinado,created_at,asc,500,5,0.848,0,
f1_v0_base,v0,agent,combinado,created_at,asc,500,6,0.843,0,
f1_v0_base,v0,agent,combinado,created_at,desc,0,1,0.971,1,1
f1_v0_base,v0,agent,combinado,created_at,desc,0,2,0.921,1,1
f1_v0_base,v0,agent,combinado,created_at,desc,0,3,1.222,1,1
f1_v0_base,v0,agent,combinado,created_at,desc,0,4,1.257,1,1
f1_v0_base,v0,agent,combinado,created_at,desc,0,5,1.15,1,1
f1_v0_base,v0,agent,combinado,created_at,desc,0,6,1.057,1,1
f1_v0_base,v0,agent,combinado,created_at,desc,500,1,1.022,0,
f1_v0_base,v0,agent,combinado,created_at,desc,500,2,0.964,0,
f1_v0_base,v0,agent,combinado,created_at,desc,500,3,1.064,0,
f1_v0_base,v0,agent,combinado,created_at,desc,500,4,0.845,0,
f1_v0_base,v0,agent,combinado,created_at,desc,500,5,0.903,0,
f1_v0_base,v0,agent,combinado,created_at,desc,500,6,0.909,0,
f1_v0_base,v0,agent,combinado,company,asc,0,1,0.906,1,1
f1_v0_base,v0,agent,combinado,company,asc,0,2,0.841,1,1
f1_v0_base,v0,agent,combinado,company,asc,0,3,0.961,1,1
f1_v0_base,v0,agent,combinado,company,asc,0,4,1.173,1,1
f1_v0_base,v0,agent,combinado,company,asc,0,5,1.184,1,1
f1_v0_base,v0,agent,combinado,company,asc,0,6,0.919,1,1
f1_v0_base,v0,agent,combinado,company,asc,500,1,1.352,0,
f1_v0_base,v0,agent,combinado,company,asc,500,2,0.939,0,
f1_v0_base,v0,agent,combinado,company,asc,500,3,0.926,0,
f1_v0_base,v0,agent,combinado,company,asc,500,4,0.979,0,
f1_v0_base,v0,agent,combinado,company,asc,500,5,1.215,0,
f1_v0_base,v0,agent,combinado,company,asc,500,6,1.148,0,
f1_v0_base,v0,agent,combinado,company,desc,0,1,1.031,1,1
f1_v0_base,v0,agent,combinado,company,desc,0,2,1.026,1,1
f1_v0_base,v0,agent,combinado,company,desc,0,3,1.089,1,1
f1_v0_base,v0,agent,combinado,company,desc,0,4,1.22,1,1
f1_v0_base,v0,agent,combinado,company,desc,0,5,0.862,1,1
f1_v0_base,v0,agent,combinado,company,desc,0,6,0.87,1,1
f1_v0_base,v0,agent,combinado,company,desc,500,1,0.911,0,
f1_v0_base,v0,agent,combinado,company,desc,500,2,0.83,0,
f1_v0_base,v0,agent,combinado,company,desc,500,3,0.866,0,
f1_v0_base,v0,agent,combinado,company,desc,500,4,0.898,0,
f1_v0_base,v0,agent,combinado,company,desc,500,5,1.17,0,
f1_v0_base,v0,agent,combinado,company,desc,500,6,1.206,0,
f2_v0_idx1,v0,agent,__overhead_wrapper__,-,-,-1,0,0.247,0,0
f2_v0_idx1,v0,agent,sem_filtro,name,asc,0,1,65.246,50,2886
f2_v0_idx1,v0,agent,sem_filtro,name,asc,0,2,58.769,50,2886
f2_v0_idx1,v0,agent,sem_filtro,name,asc,0,3,56.62,50,2886
f2_v0_idx1,v0,agent,sem_filtro,name,asc,0,4,57.76,50,2886
f2_v0_idx1,v0,agent,sem_filtro,name,asc,0,5,58.51,50,2886
f2_v0_idx1,v0,agent,sem_filtro,name,asc,0,6,59.619,50,2886
f2_v0_idx1,v0,agent,sem_filtro,name,asc,500,1,56.108,50,2886
f2_v0_idx1,v0,agent,sem_filtro,name,asc,500,2,56.478,50,2886
f2_v0_idx1,v0,agent,sem_filtro,name,asc,500,3,57.894,50,2886
f2_v0_idx1,v0,agent,sem_filtro,name,asc,500,4,58.879,50,2886
f2_v0_idx1,v0,agent,sem_filtro,name,asc,500,5,61.262,50,2886
f2_v0_idx1,v0,agent,sem_filtro,name,asc,500,6,56.989,50,2886
f2_v0_idx1,v0,agent,sem_filtro,name,desc,0,1,54.794,50,2886
f2_v0_idx1,v0,agent,sem_filtro,name,desc,0,2,55.152,50,2886
f2_v0_idx1,v0,agent,sem_filtro,name,desc,0,3,53.711,50,2886
f2_v0_idx1,v0,agent,sem_filtro,name,desc,0,4,54.984,50,2886
f2_v0_idx1,v0,agent,sem_filtro,name,desc,0,5,57.774,50,2886
f2_v0_idx1,v0,agent,sem_filtro,name,desc,0,6,59.201,50,2886
f3_v0_idx2,v0,agent,termo_empresa,name,desc,0,1,8.461,50,290
f3_v0_idx2,v0,agent,termo_empresa,name,desc,0,2,9.981,50,290
f3_v0_idx2,v0,agent,termo_empresa,name,desc,0,3,8.702,50,290
f3_v0_idx2,v0,agent,termo_empresa,name,desc,0,4,8.743,50,290
f3_v0_idx2,v0,agent,termo_empresa,name,desc,0,5,8.938,50,290
f3_v0_idx2,v0,agent,termo_empresa,name,desc,0,6,8.103,50,290
f3_v0_idx2,v0,agent,termo_empresa,name,desc,500,1,7.945,0,
f1_v0_base,v0,agent,termo_nome_2ch,name,asc,0,1,24.945,50,587
f1_v0_base,v0,agent,termo_nome_2ch,name,asc,0,2,25.836,50,587
f1_v0_base,v0,agent,termo_nome_2ch,name,asc,0,3,24.156,50,587
f1_v0_base,v0,agent,termo_nome_2ch,name,asc,0,4,26.354,50,587
f1_v0_base,v0,agent,termo_nome_2ch,name,asc,0,5,26.278,50,587
f1_v0_base,v0,agent,termo_nome_2ch,name,asc,0,6,25.144,50,587
f1_v0_base,v0,agent,termo_nome_2ch,name,asc,500,1,27.969,50,587
f1_v0_base,v0,agent,termo_nome_2ch,name,asc,500,2,27.406,50,587
f1_v0_base,v0,agent,termo_nome_2ch,name,asc,500,3,27.094,50,587
f1_v0_base,v0,agent,termo_nome_2ch,name,asc,500,4,25.687,50,587
f1_v0_base,v0,agent,termo_nome_2ch,name,asc,500,5,26.574,50,587
f1_v0_base,v0,agent,termo_nome_2ch,name,asc,500,6,24.44,50,587
f1_v0_base,v0,agent,termo_nome_2ch,name,desc,0,1,26.543,50,587
f1_v0_base,v0,agent,termo_nome_2ch,name,desc,0,2,24.912,50,587
f1_v0_base,v0,agent,termo_nome_2ch,name,desc,0,3,23.769,50,587
f1_v0_base,v0,agent,termo_nome_2ch,name,desc,0,4,24.063,50,587
f1_v0_base,v0,agent,termo_nome_2ch,name,desc,0,5,23.452,50,587
f1_v0_base,v0,agent,termo_nome_2ch,name,desc,0,6,24.472,50,587
f1_v0_base,v0,agent,termo_nome_2ch,name,desc,500,1,23.982,50,587
f1_v0_base,v0,agent,termo_nome_2ch,name,desc,500,2,24.495,50,587
f1_v0_base,v0,agent,termo_nome_2ch,name,desc,500,3,25.474,50,587
f1_v0_base,v0,agent,termo_nome_2ch,name,desc,500,4,24.939,50,587
f1_v0_base,v0,agent,termo_nome_2ch,name,desc,500,5,25.952,50,587
f1_v0_base,v0,agent,termo_nome_2ch,name,desc,500,6,25.019,50,587
f1_v0_base,v0,agent,termo_nome_2ch,created_at,asc,0,1,26.43,50,587
f1_v0_base,v0,agent,termo_nome_2ch,created_at,asc,0,2,28.828,50,587
f1_v0_base,v0,agent,termo_nome_2ch,created_at,asc,0,3,24.443,50,587
f1_v0_base,v0,agent,termo_nome_2ch,created_at,asc,0,4,24.163,50,587
f1_v0_base,v0,agent,termo_nome_2ch,created_at,asc,0,5,27.618,50,587
f1_v0_base,v0,agent,termo_nome_2ch,created_at,asc,0,6,26.117,50,587
f1_v0_base,v0,agent,termo_nome_2ch,created_at,asc,500,1,24.363,50,587
f1_v0_base,v0,agent,termo_nome_2ch,created_at,asc,500,2,24.216,50,587
f1_v0_base,v0,agent,termo_nome_2ch,created_at,asc,500,3,23.437,50,587
f1_v0_base,v0,agent,termo_nome_2ch,created_at,asc,500,4,24.373,50,587
f1_v0_base,v0,agent,termo_nome_2ch,created_at,asc,500,5,27.067,50,587
f1_v0_base,v0,agent,termo_nome_2ch,created_at,asc,500,6,24.748,50,587
f2_v0_idx1,v0,agent,sem_filtro,name,desc,500,1,55.944,50,2886
f2_v0_idx1,v0,agent,sem_filtro,name,desc,500,2,56.253,50,2886
f2_v0_idx1,v0,agent,sem_filtro,name,desc,500,3,58.395,50,2886
f2_v0_idx1,v0,agent,sem_filtro,name,desc,500,4,60.214,50,2886
f2_v0_idx1,v0,agent,sem_filtro,name,desc,500,5,66.901,50,2886
f2_v0_idx1,v0,agent,sem_filtro,name,desc,500,6,68.215,50,2886
f2_v0_idx1,v0,agent,sem_filtro,created_at,asc,0,1,62.149,50,2886
f2_v0_idx1,v0,agent,sem_filtro,created_at,asc,0,2,66.773,50,2886
f2_v0_idx1,v0,agent,sem_filtro,created_at,asc,0,3,57.317,50,2886
f2_v0_idx1,v0,agent,sem_filtro,created_at,asc,0,4,55.378,50,2886
f2_v0_idx1,v0,agent,sem_filtro,created_at,asc,0,5,71.533,50,2886
f2_v0_idx1,v0,agent,sem_filtro,created_at,asc,0,6,59.132,50,2886
f2_v0_idx1,v0,agent,sem_filtro,created_at,asc,500,1,57.063,50,2886
f2_v0_idx1,v0,agent,sem_filtro,created_at,asc,500,2,58.603,50,2886
f2_v0_idx1,v0,agent,sem_filtro,created_at,asc,500,3,66.085,50,2886
f2_v0_idx1,v0,agent,sem_filtro,created_at,asc,500,4,59.466,50,2886
f2_v0_idx1,v0,agent,sem_filtro,created_at,asc,500,5,59.063,50,2886
f2_v0_idx1,v0,agent,sem_filtro,created_at,asc,500,6,57.029,50,2886
f3_v0_idx2,v0,agent,termo_empresa,name,desc,500,2,7.208,0,
f3_v0_idx2,v0,agent,termo_empresa,name,desc,500,3,7.518,0,
f3_v0_idx2,v0,agent,termo_empresa,name,desc,500,4,7.635,0,
f3_v0_idx2,v0,agent,termo_empresa,name,desc,500,5,7.897,0,
f3_v0_idx2,v0,agent,termo_empresa,name,desc,500,6,7.405,0,
f3_v0_idx2,v0,agent,termo_empresa,created_at,asc,0,1,8.238,50,290
f3_v0_idx2,v0,agent,termo_empresa,created_at,asc,0,2,9.137,50,290
f3_v0_idx2,v0,agent,termo_empresa,created_at,asc,0,3,8.339,50,290
f3_v0_idx2,v0,agent,termo_empresa,created_at,asc,0,4,8.244,50,290
f3_v0_idx2,v0,agent,termo_empresa,created_at,asc,0,5,7.461,50,290
f3_v0_idx2,v0,agent,termo_empresa,created_at,asc,0,6,7.943,50,290
f1_v0_base,v0,agent,termo_nome_2ch,created_at,desc,0,1,23.887,50,587
f1_v0_base,v0,agent,termo_nome_2ch,created_at,desc,0,2,23.924,50,587
f1_v0_base,v0,agent,termo_nome_2ch,created_at,desc,0,3,23.797,50,587
f1_v0_base,v0,agent,termo_nome_2ch,created_at,desc,0,4,24.031,50,587
f1_v0_base,v0,agent,termo_nome_2ch,created_at,desc,0,5,24.062,50,587
f1_v0_base,v0,agent,termo_nome_2ch,created_at,desc,0,6,24.493,50,587
f1_v0_base,v0,agent,termo_nome_2ch,created_at,desc,500,1,25.123,50,587
f1_v0_base,v0,agent,termo_nome_2ch,created_at,desc,500,2,26.751,50,587
f1_v0_base,v0,agent,termo_nome_2ch,created_at,desc,500,3,25.963,50,587
f1_v0_base,v0,agent,termo_nome_2ch,created_at,desc,500,4,24.532,50,587
f1_v0_base,v0,agent,termo_nome_2ch,created_at,desc,500,5,23.214,50,587
f1_v0_base,v0,agent,termo_nome_2ch,created_at,desc,500,6,24.084,50,587
f1_v0_base,v0,agent,termo_nome_2ch,company,asc,0,1,24.865,50,587
f1_v0_base,v0,agent,termo_nome_2ch,company,asc,0,2,25.008,50,587
f1_v0_base,v0,agent,termo_nome_2ch,company,asc,0,3,24.165,50,587
f1_v0_base,v0,agent,termo_nome_2ch,company,asc,0,4,23.708,50,587
f1_v0_base,v0,agent,termo_nome_2ch,company,asc,0,5,26.618,50,587
f1_v0_base,v0,agent,termo_nome_2ch,company,asc,0,6,24.719,50,587
f1_v0_base,v0,agent,termo_nome_2ch,company,asc,500,1,25.485,50,587
f1_v0_base,v0,agent,termo_nome_2ch,company,asc,500,2,25.866,50,587
f1_v0_base,v0,agent,termo_nome_2ch,company,asc,500,3,25.769,50,587
f1_v0_base,v0,agent,termo_nome_2ch,company,asc,500,4,25.966,50,587
f1_v0_base,v0,agent,termo_nome_2ch,company,asc,500,5,27.001,50,587
f1_v0_base,v0,agent,termo_nome_2ch,company,asc,500,6,26.954,50,587
f1_v0_base,v0,agent,termo_nome_2ch,company,desc,0,1,24.415,50,587
f1_v0_base,v0,agent,termo_nome_2ch,company,desc,0,2,25.12,50,587
f1_v0_base,v0,agent,termo_nome_2ch,company,desc,0,3,24.917,50,587
f1_v0_base,v0,agent,termo_nome_2ch,company,desc,0,4,26.308,50,587
f1_v0_base,v0,agent,termo_nome_2ch,company,desc,0,5,25.937,50,587
f1_v0_base,v0,agent,termo_nome_2ch,company,desc,0,6,25.135,50,587
f1_v0_base,v0,agent,termo_nome_2ch,company,desc,500,1,32.805,50,587
f1_v0_base,v0,agent,termo_nome_2ch,company,desc,500,2,29.867,50,587
f1_v0_base,v0,agent,termo_nome_2ch,company,desc,500,3,28.496,50,587
f1_v0_base,v0,agent,termo_nome_2ch,company,desc,500,4,26.879,50,587
f1_v0_base,v0,agent,termo_nome_2ch,company,desc,500,5,27.611,50,587
f1_v0_base,v0,agent,termo_nome_2ch,company,desc,500,6,29.316,50,587
f1_v0_base,v0,agent,termo_nome_3ch,name,asc,0,1,27.129,50,428
f1_v0_base,v0,agent,termo_nome_3ch,name,asc,0,2,24.554,50,428
f1_v0_base,v0,agent,termo_nome_3ch,name,asc,0,3,22.28,50,428
f1_v0_base,v0,agent,termo_nome_3ch,name,asc,0,4,23,50,428
f2_v0_idx1,v0,agent,sem_filtro,created_at,desc,0,1,60.224,50,2886
f2_v0_idx1,v0,agent,sem_filtro,created_at,desc,0,2,65.371,50,2886
f2_v0_idx1,v0,agent,sem_filtro,created_at,desc,0,3,61.067,50,2886
f2_v0_idx1,v0,agent,sem_filtro,created_at,desc,0,4,57.012,50,2886
f2_v0_idx1,v0,agent,sem_filtro,created_at,desc,0,5,59.627,50,2886
f2_v0_idx1,v0,agent,sem_filtro,created_at,desc,0,6,57.911,50,2886
f2_v0_idx1,v0,agent,sem_filtro,created_at,desc,500,1,54.625,50,2886
f2_v0_idx1,v0,agent,sem_filtro,created_at,desc,500,2,61.896,50,2886
f2_v0_idx1,v0,agent,sem_filtro,created_at,desc,500,3,56.484,50,2886
f2_v0_idx1,v0,agent,sem_filtro,created_at,desc,500,4,62.14,50,2886
f2_v0_idx1,v0,agent,sem_filtro,created_at,desc,500,5,58.803,50,2886
f2_v0_idx1,v0,agent,sem_filtro,created_at,desc,500,6,60.772,50,2886
f2_v0_idx1,v0,agent,sem_filtro,company,asc,0,1,54.79,50,2886
f2_v0_idx1,v0,agent,sem_filtro,company,asc,0,2,55.27,50,2886
f2_v0_idx1,v0,agent,sem_filtro,company,asc,0,3,55.618,50,2886
f2_v0_idx1,v0,agent,sem_filtro,company,asc,0,4,54.075,50,2886
f2_v0_idx1,v0,agent,sem_filtro,company,asc,0,5,52.749,50,2886
f2_v0_idx1,v0,agent,sem_filtro,company,asc,0,6,55.07,50,2886
f3_v0_idx2,v0,agent,termo_empresa,created_at,asc,500,1,7.776,0,
f3_v0_idx2,v0,agent,termo_empresa,created_at,asc,500,2,8.002,0,
f3_v0_idx2,v0,agent,termo_empresa,created_at,asc,500,3,7.682,0,
f3_v0_idx2,v0,agent,termo_empresa,created_at,asc,500,4,8.901,0,
f3_v0_idx2,v0,agent,termo_empresa,created_at,asc,500,5,9.199,0,
f3_v0_idx2,v0,agent,termo_empresa,created_at,asc,500,6,10.253,0,
f1_v0_base,v0,agent,termo_nome_3ch,name,asc,0,5,22.227,50,428
f1_v0_base,v0,agent,termo_nome_3ch,name,asc,0,6,21.247,50,428
f1_v0_base,v0,agent,termo_nome_3ch,name,asc,500,1,21.707,0,
f1_v0_base,v0,agent,termo_nome_3ch,name,asc,500,2,21.157,0,
f1_v0_base,v0,agent,termo_nome_3ch,name,asc,500,3,23.504,0,
f1_v0_base,v0,agent,termo_nome_3ch,name,asc,500,4,21.671,0,
f1_v0_base,v0,agent,termo_nome_3ch,name,asc,500,5,23.686,0,
f1_v0_base,v0,agent,termo_nome_3ch,name,asc,500,6,21.588,0,
f1_v0_base,v0,agent,termo_nome_3ch,name,desc,0,1,22.844,50,428
f1_v0_base,v0,agent,termo_nome_3ch,name,desc,0,2,21.614,50,428
f1_v0_base,v0,agent,termo_nome_3ch,name,desc,0,3,22.769,50,428
f1_v0_base,v0,agent,termo_nome_3ch,name,desc,0,4,20.461,50,428
f1_v0_base,v0,agent,termo_nome_3ch,name,desc,0,5,21.689,50,428
f1_v0_base,v0,agent,termo_nome_3ch,name,desc,0,6,21.778,50,428
f1_v0_base,v0,agent,termo_nome_3ch,name,desc,500,1,21.843,0,
f1_v0_base,v0,agent,termo_nome_3ch,name,desc,500,2,21.447,0,
f1_v0_base,v0,agent,termo_nome_3ch,name,desc,500,3,21.105,0,
f1_v0_base,v0,agent,termo_nome_3ch,name,desc,500,4,21.125,0,
f1_v0_base,v0,agent,termo_nome_3ch,name,desc,500,5,20.702,0,
f1_v0_base,v0,agent,termo_nome_3ch,name,desc,500,6,21.596,0,
f1_v0_base,v0,agent,termo_nome_3ch,created_at,asc,0,1,21.463,50,428
f1_v0_base,v0,agent,termo_nome_3ch,created_at,asc,0,2,20.626,50,428
f1_v0_base,v0,agent,termo_nome_3ch,created_at,asc,0,3,20.816,50,428
f1_v0_base,v0,agent,termo_nome_3ch,created_at,asc,0,4,21.669,50,428
f1_v0_base,v0,agent,termo_nome_3ch,created_at,asc,0,5,21.182,50,428
f1_v0_base,v0,agent,termo_nome_3ch,created_at,asc,0,6,21.797,50,428
f1_v0_base,v0,agent,termo_nome_3ch,created_at,asc,500,1,20.716,0,
f1_v0_base,v0,agent,termo_nome_3ch,created_at,asc,500,2,20.582,0,
f1_v0_base,v0,agent,termo_nome_3ch,created_at,asc,500,3,19.94,0,
f1_v0_base,v0,agent,termo_nome_3ch,created_at,asc,500,4,19.754,0,
f1_v0_base,v0,agent,termo_nome_3ch,created_at,asc,500,5,20.655,0,
f1_v0_base,v0,agent,termo_nome_3ch,created_at,asc,500,6,20.242,0,
f1_v0_base,v0,agent,termo_nome_3ch,created_at,desc,0,1,22.368,50,428
f1_v0_base,v0,agent,termo_nome_3ch,created_at,desc,0,2,23.366,50,428
f1_v0_base,v0,agent,termo_nome_3ch,created_at,desc,0,3,23.024,50,428
f1_v0_base,v0,agent,termo_nome_3ch,created_at,desc,0,4,22.401,50,428
f1_v0_base,v0,agent,termo_nome_3ch,created_at,desc,0,5,22.821,50,428
f1_v0_base,v0,agent,termo_nome_3ch,created_at,desc,0,6,22.858,50,428
f2_v0_idx1,v0,agent,sem_filtro,company,asc,500,1,60.24,50,2886
f2_v0_idx1,v0,agent,sem_filtro,company,asc,500,2,63.659,50,2886
f2_v0_idx1,v0,agent,sem_filtro,company,asc,500,3,66.097,50,2886
f2_v0_idx1,v0,agent,sem_filtro,company,asc,500,4,67.97,50,2886
f2_v0_idx1,v0,agent,sem_filtro,company,asc,500,5,68.506,50,2886
f2_v0_idx1,v0,agent,sem_filtro,company,asc,500,6,79.243,50,2886
f2_v0_idx1,v0,agent,sem_filtro,company,desc,0,1,57.927,50,2886
f2_v0_idx1,v0,agent,sem_filtro,company,desc,0,2,57.114,50,2886
f2_v0_idx1,v0,agent,sem_filtro,company,desc,0,3,61.392,50,2886
f2_v0_idx1,v0,agent,sem_filtro,company,desc,0,4,59.796,50,2886
f2_v0_idx1,v0,agent,sem_filtro,company,desc,0,5,60.335,50,2886
f2_v0_idx1,v0,agent,sem_filtro,company,desc,0,6,59.773,50,2886
f2_v0_idx1,v0,agent,sem_filtro,company,desc,500,1,54.045,50,2886
f2_v0_idx1,v0,agent,sem_filtro,company,desc,500,2,55.255,50,2886
f2_v0_idx1,v0,agent,sem_filtro,company,desc,500,3,54.394,50,2886
f2_v0_idx1,v0,agent,sem_filtro,company,desc,500,4,58.514,50,2886
f2_v0_idx1,v0,agent,sem_filtro,company,desc,500,5,64.032,50,2886
f2_v0_idx1,v0,agent,sem_filtro,company,desc,500,6,61.104,50,2886
f3_v0_idx2,v0,agent,termo_empresa,created_at,desc,0,1,8.74,50,290
f3_v0_idx2,v0,agent,termo_empresa,created_at,desc,0,2,9.52,50,290
f3_v0_idx2,v0,agent,termo_empresa,created_at,desc,0,3,8.09,50,290
f3_v0_idx2,v0,agent,termo_empresa,created_at,desc,0,4,8.569,50,290
f3_v0_idx2,v0,agent,termo_empresa,created_at,desc,0,5,8.201,50,290
f3_v0_idx2,v0,agent,termo_empresa,created_at,desc,0,6,7.967,50,290
f1_v0_base,v0,agent,termo_nome_3ch,created_at,desc,500,1,24.656,0,
f1_v0_base,v0,agent,termo_nome_3ch,created_at,desc,500,2,21.729,0,
f1_v0_base,v0,agent,termo_nome_3ch,created_at,desc,500,3,22.04,0,
f1_v0_base,v0,agent,termo_nome_3ch,created_at,desc,500,4,23.27,0,
f1_v0_base,v0,agent,termo_nome_3ch,created_at,desc,500,5,21.619,0,
f1_v0_base,v0,agent,termo_nome_3ch,created_at,desc,500,6,22.352,0,
f1_v0_base,v0,agent,termo_nome_3ch,company,asc,0,1,23.329,50,428
f1_v0_base,v0,agent,termo_nome_3ch,company,asc,0,2,22.404,50,428
f1_v0_base,v0,agent,termo_nome_3ch,company,asc,0,3,22.377,50,428
f1_v0_base,v0,agent,termo_nome_3ch,company,asc,0,4,22.295,50,428
f1_v0_base,v0,agent,termo_nome_3ch,company,asc,0,5,21.6,50,428
f1_v0_base,v0,agent,termo_nome_3ch,company,asc,0,6,20.727,50,428
f1_v0_base,v0,agent,termo_nome_3ch,company,asc,500,1,23.978,0,
f1_v0_base,v0,agent,termo_nome_3ch,company,asc,500,2,21.418,0,
f1_v0_base,v0,agent,termo_nome_3ch,company,asc,500,3,21.105,0,
f1_v0_base,v0,agent,termo_nome_3ch,company,asc,500,4,21.473,0,
f1_v0_base,v0,agent,termo_nome_3ch,company,asc,500,5,22.979,0,
f1_v0_base,v0,agent,termo_nome_3ch,company,asc,500,6,21.381,0,
f1_v0_base,v0,agent,termo_nome_3ch,company,desc,0,1,20.951,50,428
f1_v0_base,v0,agent,termo_nome_3ch,company,desc,0,2,20.515,50,428
f1_v0_base,v0,agent,termo_nome_3ch,company,desc,0,3,22.94,50,428
f1_v0_base,v0,agent,termo_nome_3ch,company,desc,0,4,21.572,50,428
f1_v0_base,v0,agent,termo_nome_3ch,company,desc,0,5,20.456,50,428
f1_v0_base,v0,agent,termo_nome_3ch,company,desc,0,6,21.997,50,428
f1_v0_base,v0,agent,termo_nome_3ch,company,desc,500,1,21.477,0,
f1_v0_base,v0,agent,termo_nome_3ch,company,desc,500,2,20.445,0,
f1_v0_base,v0,agent,termo_nome_3ch,company,desc,500,3,21.343,0,
f1_v0_base,v0,agent,termo_nome_3ch,company,desc,500,4,21.544,0,
f1_v0_base,v0,agent,termo_nome_3ch,company,desc,500,5,21.542,0,
f1_v0_base,v0,agent,termo_nome_3ch,company,desc,500,6,22.754,0,
f1_v0_base,v0,agent,termo_telefone,name,asc,0,1,14.732,0,
f1_v0_base,v0,agent,termo_telefone,name,asc,0,2,13.697,0,
f1_v0_base,v0,agent,termo_telefone,name,asc,0,3,13.366,0,
f1_v0_base,v0,agent,termo_telefone,name,asc,0,4,13.917,0,
f1_v0_base,v0,agent,termo_telefone,name,asc,0,5,13.218,0,
f1_v0_base,v0,agent,termo_telefone,name,asc,0,6,13.152,0,
f2_v0_idx1,v0,agent,termo_nome_5ch,name,asc,0,1,26.352,50,380
f2_v0_idx1,v0,agent,termo_nome_5ch,name,asc,0,2,30.647,50,380
f2_v0_idx1,v0,agent,termo_nome_5ch,name,asc,0,3,24.464,50,380
f2_v0_idx1,v0,agent,termo_nome_5ch,name,asc,0,4,21.39,50,380
f2_v0_idx1,v0,agent,termo_nome_5ch,name,asc,0,5,23.533,50,380
f2_v0_idx1,v0,agent,termo_nome_5ch,name,asc,0,6,21.897,50,380
f2_v0_idx1,v0,agent,termo_nome_5ch,name,asc,500,1,25.592,0,
f2_v0_idx1,v0,agent,termo_nome_5ch,name,asc,500,2,22.177,0,
f2_v0_idx1,v0,agent,termo_nome_5ch,name,asc,500,3,23.654,0,
f2_v0_idx1,v0,agent,termo_nome_5ch,name,asc,500,4,22.803,0,
f2_v0_idx1,v0,agent,termo_nome_5ch,name,asc,500,5,23.991,0,
f2_v0_idx1,v0,agent,termo_nome_5ch,name,asc,500,6,22.096,0,
f2_v0_idx1,v0,agent,termo_nome_5ch,name,desc,0,1,20.387,50,380
f2_v0_idx1,v0,agent,termo_nome_5ch,name,desc,0,2,22.255,50,380
f2_v0_idx1,v0,agent,termo_nome_5ch,name,desc,0,3,20.905,50,380
f2_v0_idx1,v0,agent,termo_nome_5ch,name,desc,0,4,22.564,50,380
f2_v0_idx1,v0,agent,termo_nome_5ch,name,desc,0,5,21.381,50,380
f2_v0_idx1,v0,agent,termo_nome_5ch,name,desc,0,6,20.769,50,380
f3_v0_idx2,v0,agent,termo_empresa,created_at,desc,500,1,7.71,0,
f3_v0_idx2,v0,agent,termo_empresa,created_at,desc,500,2,7.608,0,
f3_v0_idx2,v0,agent,termo_empresa,created_at,desc,500,3,8.775,0,
f3_v0_idx2,v0,agent,termo_empresa,created_at,desc,500,4,7.505,0,
f3_v0_idx2,v0,agent,termo_empresa,created_at,desc,500,5,7.653,0,
f3_v0_idx2,v0,agent,termo_empresa,created_at,desc,500,6,7.933,0,
f3_v0_idx2,v0,agent,termo_empresa,company,asc,0,1,7.75,50,290
f3_v0_idx2,v0,agent,termo_empresa,company,asc,0,2,8.087,50,290
f3_v0_idx2,v0,agent,termo_empresa,company,asc,0,3,7.383,50,290
f3_v0_idx2,v0,agent,termo_empresa,company,asc,0,4,8.205,50,290
f3_v0_idx2,v0,agent,termo_empresa,company,asc,0,5,7.684,50,290
f3_v0_idx2,v0,agent,termo_empresa,company,asc,0,6,7.667,50,290
f1_v0_base,v0,agent,termo_telefone,name,asc,500,1,13.829,0,
f1_v0_base,v0,agent,termo_telefone,name,asc,500,2,13.532,0,
f1_v0_base,v0,agent,termo_telefone,name,asc,500,3,13.535,0,
f1_v0_base,v0,agent,termo_telefone,name,asc,500,4,13.361,0,
f1_v0_base,v0,agent,termo_telefone,name,asc,500,5,14.708,0,
f1_v0_base,v0,agent,termo_telefone,name,asc,500,6,14.552,0,
f1_v0_base,v0,agent,termo_telefone,name,desc,0,1,14.195,0,
f1_v0_base,v0,agent,termo_telefone,name,desc,0,2,13.869,0,
f1_v0_base,v0,agent,termo_telefone,name,desc,0,3,14.94,0,
f1_v0_base,v0,agent,termo_telefone,name,desc,0,4,14.764,0,
f1_v0_base,v0,agent,termo_telefone,name,desc,0,5,13.626,0,
f1_v0_base,v0,agent,termo_telefone,name,desc,0,6,14.288,0,
f1_v0_base,v0,agent,termo_telefone,name,desc,500,1,13.835,0,
f1_v0_base,v0,agent,termo_telefone,name,desc,500,2,14.508,0,
f1_v0_base,v0,agent,termo_telefone,name,desc,500,3,15.234,0,
f1_v0_base,v0,agent,termo_telefone,name,desc,500,4,14.609,0,
f1_v0_base,v0,agent,termo_telefone,name,desc,500,5,17.125,0,
f1_v0_base,v0,agent,termo_telefone,name,desc,500,6,17.924,0,
f1_v0_base,v0,agent,termo_telefone,created_at,asc,0,1,15.974,0,
f1_v0_base,v0,agent,termo_telefone,created_at,asc,0,2,16.408,0,
f1_v0_base,v0,agent,termo_telefone,created_at,asc,0,3,17.195,0,
f1_v0_base,v0,agent,termo_telefone,created_at,asc,0,4,16.665,0,
f1_v0_base,v0,agent,termo_telefone,created_at,asc,0,5,16.487,0,
f1_v0_base,v0,agent,termo_telefone,created_at,asc,0,6,16.876,0,
f1_v0_base,v0,agent,termo_telefone,created_at,asc,500,1,15.373,0,
f1_v0_base,v0,agent,termo_telefone,created_at,asc,500,2,14.845,0,
f1_v0_base,v0,agent,termo_telefone,created_at,asc,500,3,17.405,0,
f1_v0_base,v0,agent,termo_telefone,created_at,asc,500,4,17.69,0,
f1_v0_base,v0,agent,termo_telefone,created_at,asc,500,5,14.594,0,
f1_v0_base,v0,agent,termo_telefone,created_at,asc,500,6,15.497,0,
f1_v0_base,v0,agent,termo_telefone,created_at,desc,0,1,15.219,0,
f1_v0_base,v0,agent,termo_telefone,created_at,desc,0,2,14.788,0,
f1_v0_base,v0,agent,termo_telefone,created_at,desc,0,3,14.134,0,
f1_v0_base,v0,agent,termo_telefone,created_at,desc,0,4,14.531,0,
f1_v0_base,v0,agent,termo_telefone,created_at,desc,0,5,13.842,0,
f1_v0_base,v0,agent,termo_telefone,created_at,desc,0,6,14.561,0,
f2_v0_idx1,v0,agent,termo_nome_5ch,name,desc,500,1,19.732,0,
f2_v0_idx1,v0,agent,termo_nome_5ch,name,desc,500,2,18.937,0,
f1_v0_base,v0,agent,termo_telefone,created_at,desc,500,1,13.593,0,
f1_v0_base,v0,agent,termo_telefone,created_at,desc,500,2,14.515,0,
f2_v0_idx1,v0,agent,termo_nome_5ch,name,desc,500,3,19.826,0,
f2_v0_idx1,v0,agent,termo_nome_5ch,name,desc,500,4,18.965,0,
f2_v0_idx1,v0,agent,termo_nome_5ch,name,desc,500,5,20.785,0,
f2_v0_idx1,v0,agent,termo_nome_5ch,name,desc,500,6,20.107,0,
f2_v0_idx1,v0,agent,termo_nome_5ch,created_at,asc,0,1,19.45,50,380
f2_v0_idx1,v0,agent,termo_nome_5ch,created_at,asc,0,2,18.746,50,380
f2_v0_idx1,v0,agent,termo_nome_5ch,created_at,asc,0,3,20.352,50,380
f2_v0_idx1,v0,agent,termo_nome_5ch,created_at,asc,0,4,21.238,50,380
f2_v0_idx1,v0,agent,termo_nome_5ch,created_at,asc,0,5,20.107,50,380
f2_v0_idx1,v0,agent,termo_nome_5ch,created_at,asc,0,6,19.192,50,380
f2_v0_idx1,v0,agent,termo_nome_5ch,created_at,asc,500,1,21.1,0,
f2_v0_idx1,v0,agent,termo_nome_5ch,created_at,asc,500,2,21.72,0,
f2_v0_idx1,v0,agent,termo_nome_5ch,created_at,asc,500,3,19.098,0,
f2_v0_idx1,v0,agent,termo_nome_5ch,created_at,asc,500,4,20.47,0,
f2_v0_idx1,v0,agent,termo_nome_5ch,created_at,asc,500,5,21.216,0,
f2_v0_idx1,v0,agent,termo_nome_5ch,created_at,asc,500,6,19.451,0,
f3_v0_idx2,v0,agent,termo_empresa,company,asc,500,1,8.557,0,
f3_v0_idx2,v0,agent,termo_empresa,company,asc,500,2,7.763,0,
f3_v0_idx2,v0,agent,termo_empresa,company,asc,500,3,7.55,0,
f3_v0_idx2,v0,agent,termo_empresa,company,asc,500,4,7.764,0,
f3_v0_idx2,v0,agent,termo_empresa,company,asc,500,5,7.572,0,
f3_v0_idx2,v0,agent,termo_empresa,company,asc,500,6,8.306,0,
f1_v0_base,v0,agent,termo_telefone,created_at,desc,500,3,14.311,0,
f1_v0_base,v0,agent,termo_telefone,created_at,desc,500,4,15.329,0,
f1_v0_base,v0,agent,termo_telefone,created_at,desc,500,5,16.559,0,
f1_v0_base,v0,agent,termo_telefone,created_at,desc,500,6,16.563,0,
f1_v0_base,v0,agent,termo_telefone,company,asc,0,1,15.455,0,
f1_v0_base,v0,agent,termo_telefone,company,asc,0,2,14.175,0,
f1_v0_base,v0,agent,termo_telefone,company,asc,0,3,15.53,0,
f1_v0_base,v0,agent,termo_telefone,company,asc,0,4,17.805,0,
f1_v0_base,v0,agent,termo_telefone,company,asc,0,5,15.78,0,
f1_v0_base,v0,agent,termo_telefone,company,asc,0,6,18.646,0,
f1_v0_base,v0,agent,termo_telefone,company,asc,500,1,17.288,0,
f1_v0_base,v0,agent,termo_telefone,company,asc,500,2,17.507,0,
f1_v0_base,v0,agent,termo_telefone,company,asc,500,3,18.169,0,
f1_v0_base,v0,agent,termo_telefone,company,asc,500,4,17.289,0,
f1_v0_base,v0,agent,termo_telefone,company,asc,500,5,18.465,0,
f1_v0_base,v0,agent,termo_telefone,company,asc,500,6,18.605,0,
f1_v0_base,v0,agent,termo_telefone,company,desc,0,1,15.215,0,
f1_v0_base,v0,agent,termo_telefone,company,desc,0,2,15.169,0,
f1_v0_base,v0,agent,termo_telefone,company,desc,0,3,15.064,0,
f1_v0_base,v0,agent,termo_telefone,company,desc,0,4,16.438,0,
f1_v0_base,v0,agent,termo_telefone,company,desc,0,5,14.272,0,
f1_v0_base,v0,agent,termo_telefone,company,desc,0,6,13.801,0,
f1_v0_base,v0,agent,termo_telefone,company,desc,500,1,13.631,0,
f1_v0_base,v0,agent,termo_telefone,company,desc,500,2,13.708,0,
f1_v0_base,v0,agent,termo_telefone,company,desc,500,3,14.716,0,
f1_v0_base,v0,agent,termo_telefone,company,desc,500,4,13.4,0,
f1_v0_base,v0,agent,termo_telefone,company,desc,500,5,14.163,0,
f1_v0_base,v0,agent,termo_telefone,company,desc,500,6,14.405,0,
f1_v0_base,v0,agent,empresa_igual,name,asc,0,1,8.464,50,290
f1_v0_base,v0,agent,empresa_igual,name,asc,0,2,7.935,50,290
f1_v0_base,v0,agent,empresa_igual,name,asc,0,3,7.779,50,290
f1_v0_base,v0,agent,empresa_igual,name,asc,0,4,8.111,50,290
f1_v0_base,v0,agent,empresa_igual,name,asc,0,5,7.694,50,290
f1_v0_base,v0,agent,empresa_igual,name,asc,0,6,7.985,50,290
f1_v0_base,v0,agent,empresa_igual,name,asc,500,1,6.983,0,
f1_v0_base,v0,agent,empresa_igual,name,asc,500,2,8.204,0,
f1_v0_base,v0,agent,empresa_igual,name,asc,500,3,7.736,0,
f1_v0_base,v0,agent,empresa_igual,name,asc,500,4,8.447,0,
f1_v0_base,v0,agent,empresa_igual,name,asc,500,5,8.296,0,
f1_v0_base,v0,agent,empresa_igual,name,asc,500,6,8.172,0,
f2_v0_idx1,v0,agent,termo_nome_5ch,created_at,desc,0,1,20.528,50,380
f2_v0_idx1,v0,agent,termo_nome_5ch,created_at,desc,0,2,22.756,50,380
f2_v0_idx1,v0,agent,termo_nome_5ch,created_at,desc,0,3,21.141,50,380
f2_v0_idx1,v0,agent,termo_nome_5ch,created_at,desc,0,4,19.741,50,380
f2_v0_idx1,v0,agent,termo_nome_5ch,created_at,desc,0,5,20.8,50,380
f2_v0_idx1,v0,agent,termo_nome_5ch,created_at,desc,0,6,19.373,50,380
f2_v0_idx1,v0,agent,termo_nome_5ch,created_at,desc,500,1,19.464,0,
f2_v0_idx1,v0,agent,termo_nome_5ch,created_at,desc,500,2,32.95,0,
f2_v0_idx1,v0,agent,termo_nome_5ch,created_at,desc,500,3,25.892,0,
f2_v0_idx1,v0,agent,termo_nome_5ch,created_at,desc,500,4,22.99,0,
f2_v0_idx1,v0,agent,termo_nome_5ch,created_at,desc,500,5,24.269,0,
f2_v0_idx1,v0,agent,termo_nome_5ch,created_at,desc,500,6,23.069,0,
f2_v0_idx1,v0,agent,termo_nome_5ch,company,asc,0,1,23.737,50,380
f2_v0_idx1,v0,agent,termo_nome_5ch,company,asc,0,2,21.855,50,380
f2_v0_idx1,v0,agent,termo_nome_5ch,company,asc,0,3,21.145,50,380
f2_v0_idx1,v0,agent,termo_nome_5ch,company,asc,0,4,22.147,50,380
f2_v0_idx1,v0,agent,termo_nome_5ch,company,asc,0,5,22.522,50,380
f3_v0_idx2,v0,agent,termo_empresa,company,desc,0,1,8.024,50,290
f3_v0_idx2,v0,agent,termo_empresa,company,desc,0,2,7.253,50,290
f3_v0_idx2,v0,agent,termo_empresa,company,desc,0,3,7.835,50,290
f3_v0_idx2,v0,agent,termo_empresa,company,desc,0,4,6.971,50,290
f3_v0_idx2,v0,agent,termo_empresa,company,desc,0,5,7.851,50,290
f3_v0_idx2,v0,agent,termo_empresa,company,desc,0,6,7.629,50,290
f3_v0_idx2,v0,agent,termo_empresa,company,desc,500,1,7.745,0,
f3_v0_idx2,v0,agent,termo_empresa,company,desc,500,2,7.339,0,
f3_v0_idx2,v0,agent,termo_empresa,company,desc,500,3,8.357,0,
f1_v0_base,v0,agent,empresa_igual,name,desc,0,3,8.372,50,290
f1_v0_base,v0,agent,empresa_igual,name,desc,0,4,7.589,50,290
f1_v0_base,v0,agent,empresa_igual,name,desc,0,1,9.187,50,290
f1_v0_base,v0,agent,empresa_igual,name,desc,0,2,9.18,50,290
f1_v0_base,v0,agent,empresa_igual,name,desc,0,5,8.346,50,290
f1_v0_base,v0,agent,empresa_igual,name,desc,0,6,8.153,50,290
f1_v0_base,v0,agent,empresa_igual,name,desc,500,1,7.598,0,
f1_v0_base,v0,agent,empresa_igual,name,desc,500,2,7.809,0,
f1_v0_base,v0,agent,empresa_igual,name,desc,500,3,7.687,0,
f1_v0_base,v0,agent,empresa_igual,name,desc,500,4,8.025,0,
f1_v0_base,v0,agent,empresa_igual,name,desc,500,5,7.95,0,
f1_v0_base,v0,agent,empresa_igual,name,desc,500,6,8.487,0,
f1_v0_base,v0,agent,empresa_igual,created_at,asc,0,1,7.942,50,290
f1_v0_base,v0,agent,empresa_igual,created_at,asc,0,2,8.53,50,290
f1_v0_base,v0,agent,empresa_igual,created_at,asc,0,3,8.265,50,290
f1_v0_base,v0,agent,empresa_igual,created_at,asc,0,4,8.646,50,290
f1_v0_base,v0,agent,empresa_igual,created_at,asc,0,5,8.177,50,290
f1_v0_base,v0,agent,empresa_igual,created_at,asc,0,6,8.529,50,290
f1_v0_base,v0,agent,empresa_igual,created_at,asc,500,1,8.119,0,
f1_v0_base,v0,agent,empresa_igual,created_at,asc,500,2,8.052,0,
f1_v0_base,v0,agent,empresa_igual,created_at,asc,500,3,7.481,0,
f1_v0_base,v0,agent,empresa_igual,created_at,asc,500,4,8.346,0,
f1_v0_base,v0,agent,empresa_igual,created_at,asc,500,5,8.309,0,
f1_v0_base,v0,agent,empresa_igual,created_at,asc,500,6,7.808,0,
f1_v0_base,v0,agent,empresa_igual,created_at,desc,0,1,7.225,50,290
f1_v0_base,v0,agent,empresa_igual,created_at,desc,0,2,7.555,50,290
f1_v0_base,v0,agent,empresa_igual,created_at,desc,0,3,7.759,50,290
f1_v0_base,v0,agent,empresa_igual,created_at,desc,0,4,7.344,50,290
f1_v0_base,v0,agent,empresa_igual,created_at,desc,0,5,7.483,50,290
f1_v0_base,v0,agent,empresa_igual,created_at,desc,0,6,7.481,50,290
f1_v0_base,v0,agent,empresa_igual,created_at,desc,500,1,7.697,0,
f1_v0_base,v0,agent,empresa_igual,created_at,desc,500,2,7.682,0,
f1_v0_base,v0,agent,empresa_igual,created_at,desc,500,3,7.472,0,
f1_v0_base,v0,agent,empresa_igual,created_at,desc,500,4,7.608,0,
f1_v0_base,v0,agent,empresa_igual,created_at,desc,500,5,7.042,0,
f1_v0_base,v0,agent,empresa_igual,created_at,desc,500,6,8.433,0,
f2_v0_idx1,v0,agent,termo_nome_5ch,company,asc,0,6,20.168,50,380
f2_v0_idx1,v0,agent,termo_nome_5ch,company,asc,500,1,21.851,0,
f2_v0_idx1,v0,agent,termo_nome_5ch,company,asc,500,2,22.923,0,
f2_v0_idx1,v0,agent,termo_nome_5ch,company,asc,500,3,20.714,0,
f2_v0_idx1,v0,agent,termo_nome_5ch,company,asc,500,4,21.178,0,
f2_v0_idx1,v0,agent,termo_nome_5ch,company,asc,500,5,19.631,0,
f2_v0_idx1,v0,agent,termo_nome_5ch,company,asc,500,6,20.024,0,
f2_v0_idx1,v0,agent,termo_nome_5ch,company,desc,0,1,18.604,50,380
f2_v0_idx1,v0,agent,termo_nome_5ch,company,desc,0,2,19.717,50,380
f2_v0_idx1,v0,agent,termo_nome_5ch,company,desc,0,3,20.526,50,380
f2_v0_idx1,v0,agent,termo_nome_5ch,company,desc,0,4,21.065,50,380
f2_v0_idx1,v0,agent,termo_nome_5ch,company,desc,0,5,21.2,50,380
f2_v0_idx1,v0,agent,termo_nome_5ch,company,desc,0,6,22.611,50,380
f2_v0_idx1,v0,agent,termo_nome_5ch,company,desc,500,1,23.677,0,
f2_v0_idx1,v0,agent,termo_nome_5ch,company,desc,500,2,21.256,0,
f2_v0_idx1,v0,agent,termo_nome_5ch,company,desc,500,3,20.571,0,
f2_v0_idx1,v0,agent,termo_nome_5ch,company,desc,500,4,21.924,0,
f2_v0_idx1,v0,agent,termo_nome_5ch,company,desc,500,5,21.716,0,
f2_v0_idx1,v0,agent,termo_nome_5ch,company,desc,500,6,21.104,0,
f3_v0_idx2,v0,agent,termo_empresa,company,desc,500,4,7.919,0,
f3_v0_idx2,v0,agent,termo_empresa,company,desc,500,5,8.343,0,
f3_v0_idx2,v0,agent,termo_empresa,company,desc,500,6,7.963,0,
f3_v0_idx2,v0,agent,filtro_tipo,name,asc,0,1,10.839,50,536
f3_v0_idx2,v0,agent,filtro_tipo,name,asc,0,2,10.584,50,536
f3_v0_idx2,v0,agent,filtro_tipo,name,asc,0,3,10.535,50,536
f3_v0_idx2,v0,agent,filtro_tipo,name,asc,0,4,10.662,50,536
f3_v0_idx2,v0,agent,filtro_tipo,name,asc,0,5,9.986,50,536
f3_v0_idx2,v0,agent,filtro_tipo,name,asc,0,6,10.358,50,536
f1_v0_base,v0,agent,empresa_igual,company,asc,0,1,8.34,50,290
f1_v0_base,v0,agent,empresa_igual,company,asc,0,2,7.948,50,290
f1_v0_base,v0,agent,empresa_igual,company,asc,0,3,8.024,50,290
f1_v0_base,v0,agent,empresa_igual,company,asc,0,4,7.774,50,290
f1_v0_base,v0,agent,empresa_igual,company,asc,0,5,7.548,50,290
f1_v0_base,v0,agent,empresa_igual,company,asc,0,6,8.437,50,290
f1_v0_base,v0,agent,empresa_igual,company,asc,500,1,7.986,0,
f1_v0_base,v0,agent,empresa_igual,company,asc,500,2,7.885,0,
f1_v0_base,v0,agent,empresa_igual,company,asc,500,3,8.531,0,
f1_v0_base,v0,agent,empresa_igual,company,asc,500,4,7.556,0,
f1_v0_base,v0,agent,empresa_igual,company,asc,500,5,8.631,0,
f1_v0_base,v0,agent,empresa_igual,company,asc,500,6,8.594,0,
f1_v0_base,v0,agent,empresa_igual,company,desc,0,1,9.177,50,290
f1_v0_base,v0,agent,empresa_igual,company,desc,0,2,7.726,50,290
f1_v0_base,v0,agent,empresa_igual,company,desc,0,3,7.814,50,290
f1_v0_base,v0,agent,empresa_igual,company,desc,0,4,8.032,50,290
f1_v0_base,v0,agent,empresa_igual,company,desc,0,5,7.947,50,290
f1_v0_base,v0,agent,empresa_igual,company,desc,0,6,7.826,50,290
f1_v0_base,v0,agent,empresa_igual,company,desc,500,1,8.29,0,
f1_v0_base,v0,agent,empresa_igual,company,desc,500,2,9.07,0,
f1_v0_base,v0,agent,empresa_igual,company,desc,500,3,8.529,0,
f1_v0_base,v0,agent,empresa_igual,company,desc,500,4,8.233,0,
f1_v0_base,v0,agent,empresa_igual,company,desc,500,5,8.335,0,
f1_v0_base,v0,agent,empresa_igual,company,desc,500,6,8.864,0,
f1_v0_base,v0,agent,cargo_igual,name,asc,0,1,5.304,50,125
f1_v0_base,v0,agent,cargo_igual,name,asc,0,2,6.014,50,125
f1_v0_base,v0,agent,cargo_igual,name,asc,0,3,5.109,50,125
f1_v0_base,v0,agent,cargo_igual,name,asc,0,4,4.529,50,125
f1_v0_base,v0,agent,cargo_igual,name,asc,0,5,5.187,50,125
f1_v0_base,v0,agent,cargo_igual,name,asc,0,6,5.253,50,125
f1_v0_base,v0,agent,cargo_igual,name,asc,500,1,4.756,0,
f1_v0_base,v0,agent,cargo_igual,name,asc,500,2,4.425,0,
f1_v0_base,v0,agent,cargo_igual,name,asc,500,3,4.876,0,
f1_v0_base,v0,agent,cargo_igual,name,asc,500,4,5.917,0,
f1_v0_base,v0,agent,cargo_igual,name,asc,500,5,5.071,0,
f1_v0_base,v0,agent,cargo_igual,name,asc,500,6,4.796,0,
f1_v0_base,v0,agent,cargo_igual,name,desc,0,1,5.585,50,125
f1_v0_base,v0,agent,cargo_igual,name,desc,0,2,4.636,50,125
f1_v0_base,v0,agent,cargo_igual,name,desc,0,3,5.201,50,125
f1_v0_base,v0,agent,cargo_igual,name,desc,0,4,4.829,50,125
f1_v0_base,v0,agent,cargo_igual,name,desc,0,5,5.617,50,125
f1_v0_base,v0,agent,cargo_igual,name,desc,0,6,6.376,50,125
f2_v0_idx1,v0,agent,termo_empresa,name,asc,0,1,21.958,50,290
f2_v0_idx1,v0,agent,termo_empresa,name,asc,0,2,23.651,50,290
f2_v0_idx1,v0,agent,termo_empresa,name,asc,0,3,22.696,50,290
f2_v0_idx1,v0,agent,termo_empresa,name,asc,0,4,21.619,50,290
f2_v0_idx1,v0,agent,termo_empresa,name,asc,0,5,22.152,50,290
f2_v0_idx1,v0,agent,termo_empresa,name,asc,0,6,22.074,50,290
f2_v0_idx1,v0,agent,termo_empresa,name,asc,500,1,22.56,0,
f2_v0_idx1,v0,agent,termo_empresa,name,asc,500,2,22.08,0,
f2_v0_idx1,v0,agent,termo_empresa,name,asc,500,3,23.765,0,
f2_v0_idx1,v0,agent,termo_empresa,name,asc,500,4,24.682,0,
f2_v0_idx1,v0,agent,termo_empresa,name,asc,500,5,23.656,0,
f2_v0_idx1,v0,agent,termo_empresa,name,asc,500,6,22.906,0,
f2_v0_idx1,v0,agent,termo_empresa,name,desc,0,1,21.208,50,290
f2_v0_idx1,v0,agent,termo_empresa,name,desc,0,2,23.001,50,290
f2_v0_idx1,v0,agent,termo_empresa,name,desc,0,3,22.703,50,290
f2_v0_idx1,v0,agent,termo_empresa,name,desc,0,4,20.575,50,290
f3_v0_idx2,v0,agent,filtro_tipo,name,asc,500,1,10.218,36,536
f3_v0_idx2,v0,agent,filtro_tipo,name,asc,500,2,10.344,36,536
f3_v0_idx2,v0,agent,filtro_tipo,name,asc,500,3,10.671,36,536
f3_v0_idx2,v0,agent,filtro_tipo,name,asc,500,4,10.625,36,536
f3_v0_idx2,v0,agent,filtro_tipo,name,asc,500,5,10.227,36,536
f3_v0_idx2,v0,agent,filtro_tipo,name,asc,500,6,11.976,36,536
f1_v0_base,v0,agent,cargo_igual,name,desc,500,1,7.997,0,
f1_v0_base,v0,agent,cargo_igual,name,desc,500,2,4.588,0,
f1_v0_base,v0,agent,cargo_igual,name,desc,500,3,4.507,0,
f1_v0_base,v0,agent,cargo_igual,name,desc,500,4,5.615,0,
f1_v0_base,v0,agent,cargo_igual,name,desc,500,5,5.162,0,
f1_v0_base,v0,agent,cargo_igual,name,desc,500,6,4.819,0,
f1_v0_base,v0,agent,cargo_igual,created_at,asc,0,1,5.349,50,125
f1_v0_base,v0,agent,cargo_igual,created_at,asc,0,2,5.084,50,125
f1_v0_base,v0,agent,cargo_igual,created_at,asc,0,3,5.597,50,125
f1_v0_base,v0,agent,cargo_igual,created_at,asc,0,4,4.669,50,125
f1_v0_base,v0,agent,cargo_igual,created_at,asc,0,5,4.716,50,125
f1_v0_base,v0,agent,cargo_igual,created_at,asc,0,6,5.867,50,125
f1_v0_base,v0,agent,cargo_igual,created_at,asc,500,1,5.136,0,
f1_v0_base,v0,agent,cargo_igual,created_at,asc,500,2,4.67,0,
f1_v0_base,v0,agent,cargo_igual,created_at,asc,500,3,5.748,0,
f1_v0_base,v0,agent,cargo_igual,created_at,asc,500,4,6.554,0,
f1_v0_base,v0,agent,cargo_igual,created_at,asc,500,5,5.067,0,
f1_v0_base,v0,agent,cargo_igual,created_at,asc,500,6,5.239,0,
f1_v0_base,v0,agent,cargo_igual,created_at,desc,0,1,5.696,50,125
f1_v0_base,v0,agent,cargo_igual,created_at,desc,0,2,7.521,50,125
f1_v0_base,v0,agent,cargo_igual,created_at,desc,0,3,4.965,50,125
f1_v0_base,v0,agent,cargo_igual,created_at,desc,0,4,5.245,50,125
f1_v0_base,v0,agent,cargo_igual,created_at,desc,0,5,5.568,50,125
f1_v0_base,v0,agent,cargo_igual,created_at,desc,0,6,4.929,50,125
f1_v0_base,v0,agent,cargo_igual,created_at,desc,500,1,4.724,0,
f1_v0_base,v0,agent,cargo_igual,created_at,desc,500,2,4.733,0,
f1_v0_base,v0,agent,cargo_igual,created_at,desc,500,3,5.213,0,
f1_v0_base,v0,agent,cargo_igual,created_at,desc,500,4,5.336,0,
f1_v0_base,v0,agent,cargo_igual,created_at,desc,500,5,5.397,0,
f1_v0_base,v0,agent,cargo_igual,created_at,desc,500,6,5.034,0,
f1_v0_base,v0,agent,cargo_igual,company,asc,0,1,4.04,50,125
f1_v0_base,v0,agent,cargo_igual,company,asc,0,2,4.99,50,125
f1_v0_base,v0,agent,cargo_igual,company,asc,0,3,4.909,50,125
f1_v0_base,v0,agent,cargo_igual,company,asc,0,4,4.518,50,125
f1_v0_base,v0,agent,cargo_igual,company,asc,0,5,5.723,50,125
f1_v0_base,v0,agent,cargo_igual,company,asc,0,6,4.945,50,125
f2_v0_idx1,v0,agent,termo_empresa,name,desc,0,5,21.892,50,290
f2_v0_idx1,v0,agent,termo_empresa,name,desc,0,6,21.379,50,290
f2_v0_idx1,v0,agent,termo_empresa,name,desc,500,1,22.226,0,
f2_v0_idx1,v0,agent,termo_empresa,name,desc,500,2,22.184,0,
f2_v0_idx1,v0,agent,termo_empresa,name,desc,500,3,21.336,0,
f2_v0_idx1,v0,agent,termo_empresa,name,desc,500,4,22.895,0,
f2_v0_idx1,v0,agent,termo_empresa,name,desc,500,5,22.665,0,
f2_v0_idx1,v0,agent,termo_empresa,name,desc,500,6,22.522,0,
f2_v0_idx1,v0,agent,termo_empresa,created_at,asc,0,1,21.059,50,290
f2_v0_idx1,v0,agent,termo_empresa,created_at,asc,0,2,22.517,50,290
f2_v0_idx1,v0,agent,termo_empresa,created_at,asc,0,3,21.504,50,290
f2_v0_idx1,v0,agent,termo_empresa,created_at,asc,0,4,19.278,50,290
f2_v0_idx1,v0,agent,termo_empresa,created_at,asc,0,5,21.609,50,290
f2_v0_idx1,v0,agent,termo_empresa,created_at,asc,0,6,23.069,50,290
f3_v0_idx2,v0,agent,filtro_tipo,name,desc,0,1,11.207,50,536
f2_v0_idx1,v0,agent,termo_empresa,created_at,asc,500,1,23.384,0,
f2_v0_idx1,v0,agent,termo_empresa,created_at,asc,500,2,20.418,0,
f2_v0_idx1,v0,agent,termo_empresa,created_at,asc,500,3,20.441,0,
f2_v0_idx1,v0,agent,termo_empresa,created_at,asc,500,4,20.847,0,
f2_v0_idx1,v0,agent,termo_empresa,created_at,asc,500,5,20.405,0,
f3_v0_idx2,v0,agent,filtro_tipo,name,desc,0,2,11.782,50,536
f3_v0_idx2,v0,agent,filtro_tipo,name,desc,0,3,11.806,50,536
f3_v0_idx2,v0,agent,filtro_tipo,name,desc,0,4,12.631,50,536
f3_v0_idx2,v0,agent,filtro_tipo,name,desc,0,5,11.278,50,536
f3_v0_idx2,v0,agent,filtro_tipo,name,desc,0,6,12.024,50,536
f3_v0_idx2,v0,agent,filtro_tipo,name,desc,500,1,12.062,36,536
f3_v0_idx2,v0,agent,filtro_tipo,name,desc,500,2,12.278,36,536
f3_v0_idx2,v0,agent,filtro_tipo,name,desc,500,3,12.284,36,536
f3_v0_idx2,v0,agent,filtro_tipo,name,desc,500,4,11.861,36,536
f3_v0_idx2,v0,agent,filtro_tipo,name,desc,500,5,11.179,36,536
f3_v0_idx2,v0,agent,filtro_tipo,name,desc,500,6,11.205,36,536
f1_v0_base,v0,agent,cargo_igual,company,asc,500,1,5.981,0,
f1_v0_base,v0,agent,cargo_igual,company,asc,500,2,4.358,0,
f1_v0_base,v0,agent,cargo_igual,company,asc,500,3,4.2,0,
f1_v0_base,v0,agent,cargo_igual,company,asc,500,4,5.425,0,
f1_v0_base,v0,agent,cargo_igual,company,asc,500,5,4.843,0,
f1_v0_base,v0,agent,cargo_igual,company,asc,500,6,5.51,0,
f1_v0_base,v0,agent,cargo_igual,company,desc,0,1,5.494,50,125
f1_v0_base,v0,agent,cargo_igual,company,desc,0,2,8.104,50,125
f1_v0_base,v0,agent,cargo_igual,company,desc,0,3,5.523,50,125
f1_v0_base,v0,agent,cargo_igual,company,desc,0,4,5.422,50,125
f1_v0_base,v0,agent,cargo_igual,company,desc,0,5,5.849,50,125
f1_v0_base,v0,agent,cargo_igual,company,desc,0,6,5.621,50,125
f1_v0_base,v0,agent,cargo_igual,company,desc,500,1,5.286,0,
f1_v0_base,v0,agent,cargo_igual,company,desc,500,2,6.297,0,
f1_v0_base,v0,agent,cargo_igual,company,desc,500,3,4.766,0,
f1_v0_base,v0,agent,cargo_igual,company,desc,500,4,5.136,0,
f1_v0_base,v0,agent,cargo_igual,company,desc,500,5,4.921,0,
f1_v0_base,v0,agent,cargo_igual,company,desc,500,6,4.816,0,
f1_v1_inline,v1,agent,__overhead_wrapper__,-,-,-1,0,0.242,0,0
f1_v1_inline,v1,agent,sem_filtro,name,asc,0,1,26.024,50,2886
f1_v1_inline,v1,agent,sem_filtro,name,asc,0,2,25.815,50,2886
f1_v1_inline,v1,agent,sem_filtro,name,asc,0,3,27.018,50,2886
f1_v1_inline,v1,agent,sem_filtro,name,asc,0,4,26.759,50,2886
f1_v1_inline,v1,agent,sem_filtro,name,asc,0,5,26.148,50,2886
f1_v1_inline,v1,agent,sem_filtro,name,asc,0,6,24.986,50,2886
f1_v1_inline,v1,agent,sem_filtro,name,asc,500,1,26.501,50,2886
f1_v1_inline,v1,agent,sem_filtro,name,asc,500,2,27.543,50,2886
f1_v1_inline,v1,agent,sem_filtro,name,asc,500,3,26.093,50,2886
f1_v1_inline,v1,agent,sem_filtro,name,asc,500,4,28.132,50,2886
f1_v1_inline,v1,agent,sem_filtro,name,asc,500,5,29.26,50,2886
f1_v1_inline,v1,agent,sem_filtro,name,asc,500,6,27.481,50,2886
f1_v1_inline,v1,agent,sem_filtro,name,desc,0,1,25.011,50,2886
f1_v1_inline,v1,agent,sem_filtro,name,desc,0,2,27.434,50,2886
f1_v1_inline,v1,agent,sem_filtro,name,desc,0,3,26.247,50,2886
f1_v1_inline,v1,agent,sem_filtro,name,desc,0,4,26.256,50,2886
f1_v1_inline,v1,agent,sem_filtro,name,desc,0,5,25.99,50,2886
f1_v1_inline,v1,agent,sem_filtro,name,desc,0,6,24.903,50,2886
f1_v1_inline,v1,agent,sem_filtro,name,desc,500,1,26.351,50,2886
f1_v1_inline,v1,agent,sem_filtro,name,desc,500,2,27.04,50,2886
f1_v1_inline,v1,agent,sem_filtro,name,desc,500,3,27.999,50,2886
f1_v1_inline,v1,agent,sem_filtro,name,desc,500,4,26.856,50,2886
f1_v1_inline,v1,agent,sem_filtro,name,desc,500,5,25.84,50,2886
f1_v1_inline,v1,agent,sem_filtro,name,desc,500,6,26.045,50,2886
f2_v0_idx1,v0,agent,termo_empresa,created_at,asc,500,6,22.305,0,
f1_v1_inline,v1,agent,sem_filtro,created_at,asc,0,1,26.12,50,2886
f1_v1_inline,v1,agent,sem_filtro,created_at,asc,0,2,26.313,50,2886
f1_v1_inline,v1,agent,sem_filtro,created_at,asc,0,3,24.979,50,2886
f1_v1_inline,v1,agent,sem_filtro,created_at,asc,0,4,25.351,50,2886
f2_v0_idx1,v0,agent,termo_empresa,created_at,desc,0,1,21.616,50,290
f2_v0_idx1,v0,agent,termo_empresa,created_at,desc,0,2,20.72,50,290
f2_v0_idx1,v0,agent,termo_empresa,created_at,desc,0,3,21.366,50,290
f2_v0_idx1,v0,agent,termo_empresa,created_at,desc,0,4,22.993,50,290
f2_v0_idx1,v0,agent,termo_empresa,created_at,desc,0,5,20.76,50,290
f2_v0_idx1,v0,agent,termo_empresa,created_at,desc,0,6,20.296,50,290
f2_v0_idx1,v0,agent,termo_empresa,created_at,desc,500,1,20.38,0,
f2_v0_idx1,v0,agent,termo_empresa,created_at,desc,500,2,22.097,0,
f2_v0_idx1,v0,agent,termo_empresa,created_at,desc,500,3,21.615,0,
f2_v0_idx1,v0,agent,termo_empresa,created_at,desc,500,4,19.455,0,
f2_v0_idx1,v0,agent,termo_empresa,created_at,desc,500,5,22.419,0,
f2_v0_idx1,v0,agent,termo_empresa,created_at,desc,500,6,22.58,0,
f3_v0_idx2,v0,agent,filtro_tipo,created_at,asc,0,1,10.754,50,536
f3_v0_idx2,v0,agent,filtro_tipo,created_at,asc,0,2,12.05,50,536
f3_v0_idx2,v0,agent,filtro_tipo,created_at,asc,0,3,11.098,50,536
f3_v0_idx2,v0,agent,filtro_tipo,created_at,asc,0,4,11.198,50,536
f3_v0_idx2,v0,agent,filtro_tipo,created_at,asc,0,5,11.851,50,536
f3_v0_idx2,v0,agent,filtro_tipo,created_at,asc,0,6,11.639,50,536
f1_v1_inline,v1,agent,sem_filtro,created_at,asc,0,5,24.612,50,2886
f1_v1_inline,v1,agent,sem_filtro,created_at,asc,0,6,23.826,50,2886
f1_v1_inline,v1,agent,sem_filtro,created_at,asc,500,1,24.589,50,2886
f1_v1_inline,v1,agent,sem_filtro,created_at,asc,500,2,25.405,50,2886
f1_v1_inline,v1,agent,sem_filtro,created_at,asc,500,3,28.151,50,2886
f1_v1_inline,v1,agent,sem_filtro,created_at,asc,500,4,27.019,50,2886
f1_v1_inline,v1,agent,sem_filtro,created_at,asc,500,5,27.222,50,2886
f1_v1_inline,v1,agent,sem_filtro,created_at,asc,500,6,24.83,50,2886
f1_v1_inline,v1,agent,sem_filtro,created_at,desc,0,1,25.231,50,2886
f1_v1_inline,v1,agent,sem_filtro,created_at,desc,0,2,23.876,50,2886
f1_v1_inline,v1,agent,sem_filtro,created_at,desc,0,3,25.002,50,2886
f1_v1_inline,v1,agent,sem_filtro,created_at,desc,0,4,26.069,50,2886
f1_v1_inline,v1,agent,sem_filtro,created_at,desc,0,5,25.999,50,2886
f1_v1_inline,v1,agent,sem_filtro,created_at,desc,0,6,25.119,50,2886
f1_v1_inline,v1,agent,sem_filtro,created_at,desc,500,1,25.619,50,2886
f1_v1_inline,v1,agent,sem_filtro,created_at,desc,500,2,25.539,50,2886
f1_v1_inline,v1,agent,sem_filtro,created_at,desc,500,3,26.613,50,2886
f1_v1_inline,v1,agent,sem_filtro,created_at,desc,500,4,24.133,50,2886
f1_v1_inline,v1,agent,sem_filtro,created_at,desc,500,5,25.226,50,2886
f1_v1_inline,v1,agent,sem_filtro,created_at,desc,500,6,24.844,50,2886
f1_v1_inline,v1,agent,sem_filtro,company,asc,0,1,25.708,50,2886
f1_v1_inline,v1,agent,sem_filtro,company,asc,0,2,25.235,50,2886
f1_v1_inline,v1,agent,sem_filtro,company,asc,0,3,25.355,50,2886
f1_v1_inline,v1,agent,sem_filtro,company,asc,0,4,25.043,50,2886
f1_v1_inline,v1,agent,sem_filtro,company,asc,0,5,26.827,50,2886
f1_v1_inline,v1,agent,sem_filtro,company,asc,0,6,24.82,50,2886
f1_v1_inline,v1,agent,sem_filtro,company,asc,500,1,26.498,50,2886
f1_v1_inline,v1,agent,sem_filtro,company,asc,500,2,27.353,50,2886
f1_v1_inline,v1,agent,sem_filtro,company,asc,500,3,27.445,50,2886
f1_v1_inline,v1,agent,sem_filtro,company,asc,500,4,27.594,50,2886
f1_v1_inline,v1,agent,sem_filtro,company,asc,500,5,26.394,50,2886
f1_v1_inline,v1,agent,sem_filtro,company,asc,500,6,25.004,50,2886
f1_v1_inline,v1,agent,sem_filtro,company,desc,0,1,25.877,50,2886
f1_v1_inline,v1,agent,sem_filtro,company,desc,0,2,25.957,50,2886
f1_v1_inline,v1,agent,sem_filtro,company,desc,0,3,24.694,50,2886
f1_v1_inline,v1,agent,sem_filtro,company,desc,0,4,25.251,50,2886
f1_v1_inline,v1,agent,sem_filtro,company,desc,0,5,25.998,50,2886
f1_v1_inline,v1,agent,sem_filtro,company,desc,0,6,24.654,50,2886
f2_v0_idx1,v0,agent,termo_empresa,company,asc,0,1,20.514,50,290
f2_v0_idx1,v0,agent,termo_empresa,company,asc,0,2,20.788,50,290
f2_v0_idx1,v0,agent,termo_empresa,company,asc,0,3,19.719,50,290
f2_v0_idx1,v0,agent,termo_empresa,company,asc,0,4,20.061,50,290
f2_v0_idx1,v0,agent,termo_empresa,company,asc,0,5,20.909,50,290
f2_v0_idx1,v0,agent,termo_empresa,company,asc,0,6,22.382,50,290
f2_v0_idx1,v0,agent,termo_empresa,company,asc,500,1,23.108,0,
f2_v0_idx1,v0,agent,termo_empresa,company,asc,500,2,21.162,0,
f2_v0_idx1,v0,agent,termo_empresa,company,asc,500,3,20.053,0,
f2_v0_idx1,v0,agent,termo_empresa,company,asc,500,4,20.912,0,
f2_v0_idx1,v0,agent,termo_empresa,company,asc,500,5,22.472,0,
f2_v0_idx1,v0,agent,termo_empresa,company,asc,500,6,19.621,0,
f2_v0_idx1,v0,agent,termo_empresa,company,desc,0,1,21.179,50,290
f2_v0_idx1,v0,agent,termo_empresa,company,desc,0,2,23.921,50,290
f2_v0_idx1,v0,agent,termo_empresa,company,desc,0,3,21.539,50,290
f2_v0_idx1,v0,agent,termo_empresa,company,desc,0,4,22.484,50,290
f2_v0_idx1,v0,agent,termo_empresa,company,desc,0,5,21.437,50,290
f2_v0_idx1,v0,agent,termo_empresa,company,desc,0,6,21.521,50,290
f3_v0_idx2,v0,agent,filtro_tipo,created_at,asc,500,1,12.35,36,536
f3_v0_idx2,v0,agent,filtro_tipo,created_at,asc,500,2,11.145,36,536
f3_v0_idx2,v0,agent,filtro_tipo,created_at,asc,500,3,11.434,36,536
f3_v0_idx2,v0,agent,filtro_tipo,created_at,asc,500,4,11.244,36,536
f3_v0_idx2,v0,agent,filtro_tipo,created_at,asc,500,5,11.029,36,536
f3_v0_idx2,v0,agent,filtro_tipo,created_at,asc,500,6,11.41,36,536
f1_v1_inline,v1,agent,sem_filtro,company,desc,500,1,26.088,50,2886
f1_v1_inline,v1,agent,sem_filtro,company,desc,500,2,24.669,50,2886
f1_v1_inline,v1,agent,sem_filtro,company,desc,500,3,25.41,50,2886
f1_v1_inline,v1,agent,sem_filtro,company,desc,500,4,25.83,50,2886
f1_v1_inline,v1,agent,sem_filtro,company,desc,500,5,25.738,50,2886
f1_v1_inline,v1,agent,sem_filtro,company,desc,500,6,25.88,50,2886
f1_v1_inline,v1,agent,termo_nome_5ch,name,asc,0,1,16.43,50,380
f1_v1_inline,v1,agent,termo_nome_5ch,name,asc,0,2,15.755,50,380
f1_v1_inline,v1,agent,termo_nome_5ch,name,asc,0,3,17.131,50,380
f1_v1_inline,v1,agent,termo_nome_5ch,name,asc,0,4,16.984,50,380
f1_v1_inline,v1,agent,termo_nome_5ch,name,asc,0,5,15.99,50,380
f1_v1_inline,v1,agent,termo_nome_5ch,name,asc,0,6,16.706,50,380
f1_v1_inline,v1,agent,termo_nome_5ch,name,asc,500,1,18.114,0,
f1_v1_inline,v1,agent,termo_nome_5ch,name,asc,500,2,17.756,0,
f1_v1_inline,v1,agent,termo_nome_5ch,name,asc,500,3,18.636,0,
f1_v1_inline,v1,agent,termo_nome_5ch,name,asc,500,4,17.589,0,
f1_v1_inline,v1,agent,termo_nome_5ch,name,asc,500,5,16.82,0,
f1_v1_inline,v1,agent,termo_nome_5ch,name,asc,500,6,17.256,0,
f1_v1_inline,v1,agent,termo_nome_5ch,name,desc,0,1,16.37,50,380
f1_v1_inline,v1,agent,termo_nome_5ch,name,desc,0,2,18.64,50,380
f1_v1_inline,v1,agent,termo_nome_5ch,name,desc,0,3,16.788,50,380
f1_v1_inline,v1,agent,termo_nome_5ch,name,desc,0,4,16.801,50,380
f1_v1_inline,v1,agent,termo_nome_5ch,name,desc,0,5,16.853,50,380
f1_v1_inline,v1,agent,termo_nome_5ch,name,desc,0,6,16.24,50,380
f1_v1_inline,v1,agent,termo_nome_5ch,name,desc,500,1,16.587,0,
f1_v1_inline,v1,agent,termo_nome_5ch,name,desc,500,2,17.793,0,
f1_v1_inline,v1,agent,termo_nome_5ch,name,desc,500,3,17.82,0,
f1_v1_inline,v1,agent,termo_nome_5ch,name,desc,500,4,15.809,0,
f1_v1_inline,v1,agent,termo_nome_5ch,name,desc,500,5,16.622,0,
f1_v1_inline,v1,agent,termo_nome_5ch,name,desc,500,6,18.472,0,
f1_v1_inline,v1,agent,termo_nome_5ch,created_at,asc,0,1,17.006,50,380
f1_v1_inline,v1,agent,termo_nome_5ch,created_at,asc,0,2,16.599,50,380
f1_v1_inline,v1,agent,termo_nome_5ch,created_at,asc,0,3,17.809,50,380
f1_v1_inline,v1,agent,termo_nome_5ch,created_at,asc,0,4,16.762,50,380
f1_v1_inline,v1,agent,termo_nome_5ch,created_at,asc,0,5,17.079,50,380
f1_v1_inline,v1,agent,termo_nome_5ch,created_at,asc,0,6,16.535,50,380
f1_v1_inline,v1,agent,termo_nome_5ch,created_at,asc,500,1,17.861,0,
f2_v0_idx1,v0,agent,termo_empresa,company,desc,500,1,24.041,0,
f2_v0_idx1,v0,agent,termo_empresa,company,desc,500,2,23.441,0,
f2_v0_idx1,v0,agent,termo_empresa,company,desc,500,3,22.981,0,
f2_v0_idx1,v0,agent,termo_empresa,company,desc,500,4,24.997,0,
f2_v0_idx1,v0,agent,termo_empresa,company,desc,500,5,24.474,0,
f2_v0_idx1,v0,agent,termo_empresa,company,desc,500,6,26.95,0,
f2_v0_idx1,v0,agent,filtro_tipo,name,asc,0,1,14.829,50,536
f2_v0_idx1,v0,agent,filtro_tipo,name,asc,0,2,15.191,50,536
f2_v0_idx1,v0,agent,filtro_tipo,name,asc,0,3,14.583,50,536
f2_v0_idx1,v0,agent,filtro_tipo,name,asc,0,4,16.441,50,536
f2_v0_idx1,v0,agent,filtro_tipo,name,asc,0,5,14.035,50,536
f2_v0_idx1,v0,agent,filtro_tipo,name,asc,0,6,14.184,50,536
f2_v0_idx1,v0,agent,filtro_tipo,name,asc,500,1,13.191,36,536
f2_v0_idx1,v0,agent,filtro_tipo,name,asc,500,2,13.293,36,536
f2_v0_idx1,v0,agent,filtro_tipo,name,asc,500,3,13.275,36,536
f2_v0_idx1,v0,agent,filtro_tipo,name,asc,500,4,13,36,536
f2_v0_idx1,v0,agent,filtro_tipo,name,asc,500,5,11.505,36,536
f2_v0_idx1,v0,agent,filtro_tipo,name,asc,500,6,13.467,36,536
f3_v0_idx2,v0,agent,filtro_tipo,created_at,desc,0,1,13.042,50,536
f3_v0_idx2,v0,agent,filtro_tipo,created_at,desc,0,2,12.39,50,536
f3_v0_idx2,v0,agent,filtro_tipo,created_at,desc,0,3,13.084,50,536
f3_v0_idx2,v0,agent,filtro_tipo,created_at,desc,0,4,14.593,50,536
f3_v0_idx2,v0,agent,filtro_tipo,created_at,desc,0,5,15.404,50,536
f3_v0_idx2,v0,agent,filtro_tipo,created_at,desc,0,6,14.845,50,536
f3_v0_idx2,v0,agent,filtro_tipo,created_at,desc,500,1,11.676,36,536
f3_v0_idx2,v0,agent,filtro_tipo,created_at,desc,500,2,12.763,36,536
f3_v0_idx2,v0,agent,filtro_tipo,created_at,desc,500,3,12.584,36,536
f3_v0_idx2,v0,agent,filtro_tipo,created_at,desc,500,4,11.738,36,536
f3_v0_idx2,v0,agent,filtro_tipo,created_at,desc,500,5,11.859,36,536
f3_v0_idx2,v0,agent,filtro_tipo,created_at,desc,500,6,11.459,36,536
f1_v1_inline,v1,agent,termo_nome_5ch,created_at,asc,500,2,15.94,0,
f1_v1_inline,v1,agent,termo_nome_5ch,created_at,asc,500,3,16.224,0,
f1_v1_inline,v1,agent,termo_nome_5ch,created_at,asc,500,4,16.421,0,
f1_v1_inline,v1,agent,termo_nome_5ch,created_at,asc,500,5,16.169,0,
f1_v1_inline,v1,agent,termo_nome_5ch,created_at,asc,500,6,15.701,0,
f1_v1_inline,v1,agent,termo_nome_5ch,created_at,desc,0,1,16.256,50,380
f1_v1_inline,v1,agent,termo_nome_5ch,created_at,desc,0,2,15.508,50,380
f1_v1_inline,v1,agent,termo_nome_5ch,created_at,desc,0,3,16.163,50,380
f1_v1_inline,v1,agent,termo_nome_5ch,created_at,desc,0,4,16.243,50,380
f1_v1_inline,v1,agent,termo_nome_5ch,created_at,desc,0,5,16.233,50,380
f1_v1_inline,v1,agent,termo_nome_5ch,created_at,desc,0,6,15.582,50,380
f1_v1_inline,v1,agent,termo_nome_5ch,created_at,desc,500,1,17.464,0,
f1_v1_inline,v1,agent,termo_nome_5ch,created_at,desc,500,2,16.328,0,
f1_v1_inline,v1,agent,termo_nome_5ch,created_at,desc,500,3,16.407,0,
f1_v1_inline,v1,agent,termo_nome_5ch,created_at,desc,500,4,16.71,0,
f1_v1_inline,v1,agent,termo_nome_5ch,created_at,desc,500,5,16.64,0,
f1_v1_inline,v1,agent,termo_nome_5ch,created_at,desc,500,6,16.071,0,
f1_v1_inline,v1,agent,termo_nome_5ch,company,asc,0,1,16.217,50,380
f1_v1_inline,v1,agent,termo_nome_5ch,company,asc,0,2,17.313,50,380
f1_v1_inline,v1,agent,termo_nome_5ch,company,asc,0,3,16.325,50,380
f1_v1_inline,v1,agent,termo_nome_5ch,company,asc,0,4,16.136,50,380
f1_v1_inline,v1,agent,termo_nome_5ch,company,asc,0,5,17.19,50,380
f1_v1_inline,v1,agent,termo_nome_5ch,company,asc,0,6,16.166,50,380
f1_v1_inline,v1,agent,termo_nome_5ch,company,asc,500,1,18.262,0,
f1_v1_inline,v1,agent,termo_nome_5ch,company,asc,500,2,17.106,0,
f1_v1_inline,v1,agent,termo_nome_5ch,company,asc,500,3,17.018,0,
f1_v1_inline,v1,agent,termo_nome_5ch,company,asc,500,4,16.711,0,
f1_v1_inline,v1,agent,termo_nome_5ch,company,asc,500,5,18.365,0,
f1_v1_inline,v1,agent,termo_nome_5ch,company,asc,500,6,17.061,0,
f1_v1_inline,v1,agent,termo_nome_5ch,company,desc,0,1,19.095,50,380
f1_v1_inline,v1,agent,termo_nome_5ch,company,desc,0,2,17.795,50,380
f1_v1_inline,v1,agent,termo_nome_5ch,company,desc,0,3,17.692,50,380
f1_v1_inline,v1,agent,termo_nome_5ch,company,desc,0,4,17.582,50,380
f1_v1_inline,v1,agent,termo_nome_5ch,company,desc,0,5,18.992,50,380
f1_v1_inline,v1,agent,termo_nome_5ch,company,desc,0,6,19.365,50,380
f2_v0_idx1,v0,agent,filtro_tipo,name,desc,0,1,12.763,50,536
f2_v0_idx1,v0,agent,filtro_tipo,name,desc,0,2,12.009,50,536
f1_v1_inline,v1,agent,termo_nome_5ch,company,desc,500,1,20.05,0,
f2_v0_idx1,v0,agent,filtro_tipo,name,desc,0,3,12.287,50,536
f2_v0_idx1,v0,agent,filtro_tipo,name,desc,0,4,11.81,50,536
f2_v0_idx1,v0,agent,filtro_tipo,name,desc,0,5,10.852,50,536
f2_v0_idx1,v0,agent,filtro_tipo,name,desc,0,6,12.486,50,536
f2_v0_idx1,v0,agent,filtro_tipo,name,desc,500,1,12.492,36,536
f2_v0_idx1,v0,agent,filtro_tipo,name,desc,500,2,15.207,36,536
f2_v0_idx1,v0,agent,filtro_tipo,name,desc,500,3,13.382,36,536
f2_v0_idx1,v0,agent,filtro_tipo,name,desc,500,4,13.308,36,536
f2_v0_idx1,v0,agent,filtro_tipo,name,desc,500,5,11.848,36,536
f2_v0_idx1,v0,agent,filtro_tipo,name,desc,500,6,11.556,36,536
f2_v0_idx1,v0,agent,filtro_tipo,created_at,asc,0,1,11.799,50,536
f2_v0_idx1,v0,agent,filtro_tipo,created_at,asc,0,2,11.943,50,536
f2_v0_idx1,v0,agent,filtro_tipo,created_at,asc,0,3,11.678,50,536
f2_v0_idx1,v0,agent,filtro_tipo,created_at,asc,0,4,10.776,50,536
f2_v0_idx1,v0,agent,filtro_tipo,created_at,asc,0,5,11.588,50,536
f2_v0_idx1,v0,agent,filtro_tipo,created_at,asc,0,6,11.962,50,536
f3_v0_idx2,v0,agent,filtro_tipo,company,asc,0,1,14.005,50,536
f3_v0_idx2,v0,agent,filtro_tipo,company,asc,0,2,11.718,50,536
f3_v0_idx2,v0,agent,filtro_tipo,company,asc,0,3,11.922,50,536
f3_v0_idx2,v0,agent,filtro_tipo,company,asc,0,4,11.357,50,536
f3_v0_idx2,v0,agent,filtro_tipo,company,asc,0,5,11.734,50,536
f3_v0_idx2,v0,agent,filtro_tipo,company,asc,0,6,15.31,50,536
f1_v1_inline,v1,agent,termo_nome_5ch,company,desc,500,2,17.712,0,
f1_v1_inline,v1,agent,termo_nome_5ch,company,desc,500,3,18.266,0,
f1_v1_inline,v1,agent,termo_nome_5ch,company,desc,500,4,18.901,0,
f1_v1_inline,v1,agent,termo_nome_5ch,company,desc,500,5,17.489,0,
f1_v1_inline,v1,agent,termo_nome_5ch,company,desc,500,6,17.784,0,
f1_v1_inline,v1,agent,termo_empresa,name,asc,0,1,23.398,50,290
f1_v1_inline,v1,agent,termo_empresa,name,asc,0,2,18.27,50,290
f1_v1_inline,v1,agent,termo_empresa,name,asc,0,3,18.064,50,290
f1_v1_inline,v1,agent,termo_empresa,name,asc,0,4,21.236,50,290
f1_v1_inline,v1,agent,termo_empresa,name,asc,0,5,20.185,50,290
f1_v1_inline,v1,agent,termo_empresa,name,asc,0,6,19.985,50,290
f1_v1_inline,v1,agent,termo_empresa,name,asc,500,1,19.423,0,
f1_v1_inline,v1,agent,termo_empresa,name,asc,500,2,18.583,0,
f1_v1_inline,v1,agent,termo_empresa,name,asc,500,3,18.573,0,
f1_v1_inline,v1,agent,termo_empresa,name,asc,500,4,21.615,0,
f1_v1_inline,v1,agent,termo_empresa,name,asc,500,5,18.777,0,
f1_v1_inline,v1,agent,termo_empresa,name,asc,500,6,19.127,0,
f1_v1_inline,v1,agent,termo_empresa,name,desc,0,1,19.195,50,290
f1_v1_inline,v1,agent,termo_empresa,name,desc,0,2,18.217,50,290
f1_v1_inline,v1,agent,termo_empresa,name,desc,0,3,18.273,50,290
f1_v1_inline,v1,agent,termo_empresa,name,desc,0,4,19.246,50,290
f1_v1_inline,v1,agent,termo_empresa,name,desc,0,5,21.772,50,290
f1_v1_inline,v1,agent,termo_empresa,name,desc,0,6,19.842,50,290
f1_v1_inline,v1,agent,termo_empresa,name,desc,500,1,23.395,0,
f1_v1_inline,v1,agent,termo_empresa,name,desc,500,2,21.056,0,
f1_v1_inline,v1,agent,termo_empresa,name,desc,500,3,22.912,0,
f1_v1_inline,v1,agent,termo_empresa,name,desc,500,4,19.368,0,
f1_v1_inline,v1,agent,termo_empresa,name,desc,500,5,19.255,0,
f1_v1_inline,v1,agent,termo_empresa,name,desc,500,6,18.362,0,
f1_v1_inline,v1,agent,termo_empresa,created_at,asc,0,1,18.047,50,290
f1_v1_inline,v1,agent,termo_empresa,created_at,asc,0,2,19.222,50,290
f1_v1_inline,v1,agent,termo_empresa,created_at,asc,0,3,19.321,50,290
f1_v1_inline,v1,agent,termo_empresa,created_at,asc,0,4,19.962,50,290
f1_v1_inline,v1,agent,termo_empresa,created_at,asc,0,5,19.671,50,290
f1_v1_inline,v1,agent,termo_empresa,created_at,asc,0,6,19.169,50,290
f1_v1_inline,v1,agent,termo_empresa,created_at,asc,500,1,24.195,0,
f1_v1_inline,v1,agent,termo_empresa,created_at,asc,500,2,26.027,0,
f1_v1_inline,v1,agent,termo_empresa,created_at,asc,500,3,21.5,0,
f1_v1_inline,v1,agent,termo_empresa,created_at,asc,500,4,20.989,0,
f1_v1_inline,v1,agent,termo_empresa,created_at,asc,500,5,24.392,0,
f2_v0_idx1,v0,agent,filtro_tipo,created_at,asc,500,1,11.981,36,536
f2_v0_idx1,v0,agent,filtro_tipo,created_at,asc,500,2,12.545,36,536
f2_v0_idx1,v0,agent,filtro_tipo,created_at,asc,500,3,11.343,36,536
f2_v0_idx1,v0,agent,filtro_tipo,created_at,asc,500,4,12.205,36,536
f2_v0_idx1,v0,agent,filtro_tipo,created_at,asc,500,5,12.272,36,536
f2_v0_idx1,v0,agent,filtro_tipo,created_at,asc,500,6,12.441,36,536
f2_v0_idx1,v0,agent,filtro_tipo,created_at,desc,0,1,12.719,50,536
f2_v0_idx1,v0,agent,filtro_tipo,created_at,desc,0,2,12.575,50,536
f2_v0_idx1,v0,agent,filtro_tipo,created_at,desc,0,3,11.482,50,536
f2_v0_idx1,v0,agent,filtro_tipo,created_at,desc,0,4,11.321,50,536
f2_v0_idx1,v0,agent,filtro_tipo,created_at,desc,0,5,12.502,50,536
f2_v0_idx1,v0,agent,filtro_tipo,created_at,desc,0,6,12.719,50,536
f2_v0_idx1,v0,agent,filtro_tipo,created_at,desc,500,1,13.183,36,536
f2_v0_idx1,v0,agent,filtro_tipo,created_at,desc,500,2,14.439,36,536
f2_v0_idx1,v0,agent,filtro_tipo,created_at,desc,500,3,14.227,36,536
f2_v0_idx1,v0,agent,filtro_tipo,created_at,desc,500,4,15.538,36,536
f2_v0_idx1,v0,agent,filtro_tipo,created_at,desc,500,5,14.015,36,536
f2_v0_idx1,v0,agent,filtro_tipo,created_at,desc,500,6,13.336,36,536
f3_v0_idx2,v0,agent,filtro_tipo,company,asc,500,1,14.477,36,536
f3_v0_idx2,v0,agent,filtro_tipo,company,asc,500,2,14.069,36,536
f3_v0_idx2,v0,agent,filtro_tipo,company,asc,500,3,13.643,36,536
f3_v0_idx2,v0,agent,filtro_tipo,company,asc,500,4,13.432,36,536
f3_v0_idx2,v0,agent,filtro_tipo,company,asc,500,5,12.192,36,536
f3_v0_idx2,v0,agent,filtro_tipo,company,asc,500,6,11.662,36,536
f3_v0_idx2,v0,agent,filtro_tipo,company,desc,0,1,11.201,50,536
f3_v0_idx2,v0,agent,filtro_tipo,company,desc,0,2,11.419,50,536
f3_v0_idx2,v0,agent,filtro_tipo,company,desc,0,3,11.797,50,536
f1_v1_inline,v1,agent,termo_empresa,created_at,asc,500,6,21.122,0,
f1_v1_inline,v1,agent,termo_empresa,created_at,desc,0,1,19.372,50,290
f1_v1_inline,v1,agent,termo_empresa,created_at,desc,0,2,19.871,50,290
f1_v1_inline,v1,agent,termo_empresa,created_at,desc,0,3,20.243,50,290
f1_v1_inline,v1,agent,termo_empresa,created_at,desc,0,4,21.297,50,290
f1_v1_inline,v1,agent,termo_empresa,created_at,desc,0,5,20.59,50,290
f1_v1_inline,v1,agent,termo_empresa,created_at,desc,0,6,19.905,50,290
f1_v1_inline,v1,agent,termo_empresa,created_at,desc,500,1,20.464,0,
f1_v1_inline,v1,agent,termo_empresa,created_at,desc,500,2,19.017,0,
f1_v1_inline,v1,agent,termo_empresa,created_at,desc,500,3,19.361,0,
f1_v1_inline,v1,agent,termo_empresa,created_at,desc,500,4,19.641,0,
f1_v1_inline,v1,agent,termo_empresa,created_at,desc,500,5,26.863,0,
f1_v1_inline,v1,agent,termo_empresa,created_at,desc,500,6,20.929,0,
f1_v1_inline,v1,agent,termo_empresa,company,asc,0,1,19.875,50,290
f1_v1_inline,v1,agent,termo_empresa,company,asc,0,2,21.491,50,290
f1_v1_inline,v1,agent,termo_empresa,company,asc,0,3,18.469,50,290
f1_v1_inline,v1,agent,termo_empresa,company,asc,0,4,18.001,50,290
f1_v1_inline,v1,agent,termo_empresa,company,asc,0,5,18.762,50,290
f1_v1_inline,v1,agent,termo_empresa,company,asc,0,6,23.94,50,290
f1_v1_inline,v1,agent,termo_empresa,company,asc,500,1,19.383,0,
f1_v1_inline,v1,agent,termo_empresa,company,asc,500,2,18.095,0,
f1_v1_inline,v1,agent,termo_empresa,company,asc,500,3,18.291,0,
f1_v1_inline,v1,agent,termo_empresa,company,asc,500,4,19.881,0,
f1_v1_inline,v1,agent,termo_empresa,company,asc,500,5,20.247,0,
f1_v1_inline,v1,agent,termo_empresa,company,asc,500,6,22.877,0,
f1_v1_inline,v1,agent,termo_empresa,company,desc,0,1,22.976,50,290
f1_v1_inline,v1,agent,termo_empresa,company,desc,0,2,24.989,50,290
f1_v1_inline,v1,agent,termo_empresa,company,desc,0,3,19.555,50,290
f1_v1_inline,v1,agent,termo_empresa,company,desc,0,4,22.785,50,290
f1_v1_inline,v1,agent,termo_empresa,company,desc,0,5,20.038,50,290
f1_v1_inline,v1,agent,termo_empresa,company,desc,0,6,21.012,50,290
f1_v1_inline,v1,agent,termo_empresa,company,desc,500,1,19.665,0,
f1_v1_inline,v1,agent,termo_empresa,company,desc,500,2,19.589,0,
f1_v1_inline,v1,agent,termo_empresa,company,desc,500,3,22.487,0,
f1_v1_inline,v1,agent,termo_empresa,company,desc,500,4,17.981,0,
f1_v1_inline,v1,agent,termo_empresa,company,desc,500,5,18.265,0,
f1_v1_inline,v1,agent,termo_empresa,company,desc,500,6,19.607,0,
f2_v0_idx1,v0,agent,filtro_tipo,company,asc,0,1,13.787,50,536
f2_v0_idx1,v0,agent,filtro_tipo,company,asc,0,2,12.633,50,536
f2_v0_idx1,v0,agent,filtro_tipo,company,asc,0,3,20.429,50,536
f2_v0_idx1,v0,agent,filtro_tipo,company,asc,0,4,15.815,50,536
f2_v0_idx1,v0,agent,filtro_tipo,company,asc,0,5,13.611,50,536
f2_v0_idx1,v0,agent,filtro_tipo,company,asc,0,6,14.164,50,536
f2_v0_idx1,v0,agent,filtro_tipo,company,asc,500,1,12.897,36,536
f2_v0_idx1,v0,agent,filtro_tipo,company,asc,500,2,12.906,36,536
f2_v0_idx1,v0,agent,filtro_tipo,company,asc,500,3,15.089,36,536
f2_v0_idx1,v0,agent,filtro_tipo,company,asc,500,4,15.296,36,536
f2_v0_idx1,v0,agent,filtro_tipo,company,asc,500,5,15.629,36,536
f2_v0_idx1,v0,agent,filtro_tipo,company,asc,500,6,14.35,36,536
f2_v0_idx1,v0,agent,filtro_tipo,company,desc,0,1,15.859,50,536
f2_v0_idx1,v0,agent,filtro_tipo,company,desc,0,2,16.643,50,536
f2_v0_idx1,v0,agent,filtro_tipo,company,desc,0,3,13.772,50,536
f2_v0_idx1,v0,agent,filtro_tipo,company,desc,0,4,14.024,50,536
f2_v0_idx1,v0,agent,filtro_tipo,company,desc,0,5,11.531,50,536
f2_v0_idx1,v0,agent,filtro_tipo,company,desc,0,6,12.121,50,536
f3_v0_idx2,v0,agent,filtro_tipo,company,desc,0,4,13.46,50,536
f3_v0_idx2,v0,agent,filtro_tipo,company,desc,0,5,11.874,50,536
f3_v0_idx2,v0,agent,filtro_tipo,company,desc,0,6,15.898,50,536
f3_v0_idx2,v0,agent,filtro_tipo,company,desc,500,1,13.349,36,536
f3_v0_idx2,v0,agent,filtro_tipo,company,desc,500,2,14.061,36,536
f3_v0_idx2,v0,agent,filtro_tipo,company,desc,500,3,12.997,36,536
f3_v0_idx2,v0,agent,filtro_tipo,company,desc,500,4,12.439,36,536
f3_v0_idx2,v0,agent,filtro_tipo,company,desc,500,5,14.405,36,536
f3_v0_idx2,v0,agent,filtro_tipo,company,desc,500,6,13.476,36,536
f1_v1_inline,v1,agent,filtro_tipo,name,asc,0,2,7.62,50,536
f1_v1_inline,v1,agent,filtro_tipo,name,asc,0,1,5.89,50,536
f1_v1_inline,v1,agent,filtro_tipo,name,asc,0,3,9.253,50,536
f1_v1_inline,v1,agent,filtro_tipo,name,asc,0,4,6.517,50,536
f1_v1_inline,v1,agent,filtro_tipo,name,asc,0,5,6.737,50,536
f1_v1_inline,v1,agent,filtro_tipo,name,asc,0,6,8.526,50,536
f1_v1_inline,v1,agent,filtro_tipo,name,asc,500,1,7.451,36,536
f1_v1_inline,v1,agent,filtro_tipo,name,asc,500,2,8.768,36,536
f1_v1_inline,v1,agent,filtro_tipo,name,asc,500,3,9.516,36,536
f1_v1_inline,v1,agent,filtro_tipo,name,asc,500,4,7.573,36,536
f1_v1_inline,v1,agent,filtro_tipo,name,asc,500,5,7.704,36,536
f1_v1_inline,v1,agent,filtro_tipo,name,asc,500,6,8.013,36,536
f1_v1_inline,v1,agent,filtro_tipo,name,desc,0,1,8.884,50,536
f1_v1_inline,v1,agent,filtro_tipo,name,desc,0,2,6.425,50,536
f1_v1_inline,v1,agent,filtro_tipo,name,desc,0,3,6.431,50,536
f1_v1_inline,v1,agent,filtro_tipo,name,desc,0,4,10.766,50,536
f1_v1_inline,v1,agent,filtro_tipo,name,desc,0,5,6.853,50,536
f1_v1_inline,v1,agent,filtro_tipo,name,desc,0,6,6.97,50,536
f1_v1_inline,v1,agent,filtro_tipo,name,desc,500,1,9.824,36,536
f1_v1_inline,v1,agent,filtro_tipo,name,desc,500,2,6.964,36,536
f1_v1_inline,v1,agent,filtro_tipo,name,desc,500,3,6.673,36,536
f1_v1_inline,v1,agent,filtro_tipo,name,desc,500,4,7.439,36,536
f1_v1_inline,v1,agent,filtro_tipo,name,desc,500,5,7.754,36,536
f1_v1_inline,v1,agent,filtro_tipo,name,desc,500,6,7.986,36,536
f1_v1_inline,v1,agent,filtro_tipo,created_at,asc,0,1,6.114,50,536
f1_v1_inline,v1,agent,filtro_tipo,created_at,asc,0,2,6.069,50,536
f1_v1_inline,v1,agent,filtro_tipo,created_at,asc,0,3,7.167,50,536
f1_v1_inline,v1,agent,filtro_tipo,created_at,asc,0,4,6.91,50,536
f1_v1_inline,v1,agent,filtro_tipo,created_at,asc,0,5,6.196,50,536
f1_v1_inline,v1,agent,filtro_tipo,created_at,asc,0,6,6.639,50,536
f1_v1_inline,v1,agent,filtro_tipo,created_at,asc,500,1,6.546,36,536
f1_v1_inline,v1,agent,filtro_tipo,created_at,asc,500,2,6.421,36,536
f1_v1_inline,v1,agent,filtro_tipo,created_at,asc,500,3,6.177,36,536
f1_v1_inline,v1,agent,filtro_tipo,created_at,asc,500,4,5.816,36,536
f1_v1_inline,v1,agent,filtro_tipo,created_at,asc,500,5,5.899,36,536
f1_v1_inline,v1,agent,filtro_tipo,created_at,asc,500,6,6.153,36,536
f2_v0_idx1,v0,agent,filtro_tipo,company,desc,500,1,11.694,36,536
f2_v0_idx1,v0,agent,filtro_tipo,company,desc,500,2,11.193,36,536
f2_v0_idx1,v0,agent,filtro_tipo,company,desc,500,3,12.354,36,536
f2_v0_idx1,v0,agent,filtro_tipo,company,desc,500,4,12.069,36,536
f2_v0_idx1,v0,agent,filtro_tipo,company,desc,500,5,10.935,36,536
f2_v0_idx1,v0,agent,filtro_tipo,company,desc,500,6,12.047,36,536
f2_v0_idx1,v0,agent,filtro_tag,name,asc,0,1,7.333,50,241
f2_v0_idx1,v0,agent,filtro_tag,name,asc,0,2,6.222,50,241
f2_v0_idx1,v0,agent,filtro_tag,name,asc,0,3,6.345,50,241
f2_v0_idx1,v0,agent,filtro_tag,name,asc,0,4,7.957,50,241
f2_v0_idx1,v0,agent,filtro_tag,name,asc,0,5,6.483,50,241
f2_v0_idx1,v0,agent,filtro_tag,name,asc,0,6,7.504,50,241
f2_v0_idx1,v0,agent,filtro_tag,name,asc,500,1,6.775,0,
f2_v0_idx1,v0,agent,filtro_tag,name,asc,500,2,5.954,0,
f2_v0_idx1,v0,agent,filtro_tag,name,asc,500,3,7.552,0,
f2_v0_idx1,v0,agent,filtro_tag,name,asc,500,4,6.892,0,
f2_v0_idx1,v0,agent,filtro_tag,name,asc,500,5,6.604,0,
f2_v0_idx1,v0,agent,filtro_tag,name,asc,500,6,7.655,0,
f3_v0_idx2,v0,agent,filtro_tag,name,asc,0,1,7.565,50,241
f3_v0_idx2,v0,agent,filtro_tag,name,asc,0,2,7.752,50,241
f3_v0_idx2,v0,agent,filtro_tag,name,asc,0,3,8.418,50,241
f3_v0_idx2,v0,agent,filtro_tag,name,asc,0,4,7.976,50,241
f3_v0_idx2,v0,agent,filtro_tag,name,asc,0,5,7.824,50,241
f3_v0_idx2,v0,agent,filtro_tag,name,asc,0,6,7.27,50,241
f3_v0_idx2,v0,agent,filtro_tag,name,asc,500,1,7.716,0,
f3_v0_idx2,v0,agent,filtro_tag,name,asc,500,2,8.094,0,
f3_v0_idx2,v0,agent,filtro_tag,name,asc,500,3,7.702,0,
f3_v0_idx2,v0,agent,filtro_tag,name,asc,500,4,7.644,0,
f3_v0_idx2,v0,agent,filtro_tag,name,asc,500,5,7.85,0,
f3_v0_idx2,v0,agent,filtro_tag,name,asc,500,6,7.607,0,
f1_v1_inline,v1,agent,filtro_tipo,created_at,desc,0,1,6.109,50,536
f1_v1_inline,v1,agent,filtro_tipo,created_at,desc,0,2,5.694,50,536
f1_v1_inline,v1,agent,filtro_tipo,created_at,desc,0,3,6.101,50,536
f1_v1_inline,v1,agent,filtro_tipo,created_at,desc,0,4,5.756,50,536
f1_v1_inline,v1,agent,filtro_tipo,created_at,desc,0,5,6.265,50,536
f1_v1_inline,v1,agent,filtro_tipo,created_at,desc,0,6,7.769,50,536
f1_v1_inline,v1,agent,filtro_tipo,created_at,desc,500,1,5.738,36,536
f1_v1_inline,v1,agent,filtro_tipo,created_at,desc,500,2,7.934,36,536
f1_v1_inline,v1,agent,filtro_tipo,created_at,desc,500,3,6.018,36,536
f1_v1_inline,v1,agent,filtro_tipo,created_at,desc,500,4,5.808,36,536
f1_v1_inline,v1,agent,filtro_tipo,created_at,desc,500,5,6.791,36,536
f1_v1_inline,v1,agent,filtro_tipo,created_at,desc,500,6,7.391,36,536
f1_v1_inline,v1,agent,filtro_tipo,company,asc,0,1,13.561,50,536
f1_v1_inline,v1,agent,filtro_tipo,company,asc,0,2,8.731,50,536
f1_v1_inline,v1,agent,filtro_tipo,company,asc,0,3,8.371,50,536
f1_v1_inline,v1,agent,filtro_tipo,company,asc,0,4,7.212,50,536
f1_v1_inline,v1,agent,filtro_tipo,company,asc,0,5,8.425,50,536
f1_v1_inline,v1,agent,filtro_tipo,company,asc,0,6,7.693,50,536
f1_v1_inline,v1,agent,filtro_tipo,company,asc,500,1,7.26,36,536
f1_v1_inline,v1,agent,filtro_tipo,company,asc,500,2,8.314,36,536
f1_v1_inline,v1,agent,filtro_tipo,company,asc,500,3,7.037,36,536
f1_v1_inline,v1,agent,filtro_tipo,company,asc,500,4,6.56,36,536
f1_v1_inline,v1,agent,filtro_tipo,company,asc,500,5,5.916,36,536
f1_v1_inline,v1,agent,filtro_tipo,company,asc,500,6,5.967,36,536
f1_v1_inline,v1,agent,filtro_tipo,company,desc,0,1,5.106,50,536
f1_v1_inline,v1,agent,filtro_tipo,company,desc,0,2,5.648,50,536
f1_v1_inline,v1,agent,filtro_tipo,company,desc,0,3,5.538,50,536
f1_v1_inline,v1,agent,filtro_tipo,company,desc,0,4,5.375,50,536
f1_v1_inline,v1,agent,filtro_tipo,company,desc,0,5,5.934,50,536
f1_v1_inline,v1,agent,filtro_tipo,company,desc,0,6,5.994,50,536
f1_v1_inline,v1,agent,filtro_tipo,company,desc,500,1,5.59,36,536
f1_v1_inline,v1,agent,filtro_tipo,company,desc,500,2,5.187,36,536
f1_v1_inline,v1,agent,filtro_tipo,company,desc,500,3,5.713,36,536
f1_v1_inline,v1,agent,filtro_tipo,company,desc,500,4,5.666,36,536
f1_v1_inline,v1,agent,filtro_tipo,company,desc,500,5,5.439,36,536
f1_v1_inline,v1,agent,filtro_tipo,company,desc,500,6,6.133,36,536
f2_v0_idx1,v0,agent,filtro_tag,name,desc,0,1,6.173,50,241
f2_v0_idx1,v0,agent,filtro_tag,name,desc,0,2,7.634,50,241
f1_v1_inline,v1,agent,filtro_tag,name,asc,0,1,4.932,50,241
f1_v1_inline,v1,agent,filtro_tag,name,asc,0,2,4.576,50,241
f1_v1_inline,v1,agent,filtro_tag,name,asc,0,3,4.281,50,241
f1_v1_inline,v1,agent,filtro_tag,name,asc,0,4,4.398,50,241
f2_v0_idx1,v0,agent,filtro_tag,name,desc,0,3,7.073,50,241
f2_v0_idx1,v0,agent,filtro_tag,name,desc,0,4,7.19,50,241
f2_v0_idx1,v0,agent,filtro_tag,name,desc,0,5,7.353,50,241
f2_v0_idx1,v0,agent,filtro_tag,name,desc,0,6,7.255,50,241
f2_v0_idx1,v0,agent,filtro_tag,name,desc,500,1,10.613,0,
f2_v0_idx1,v0,agent,filtro_tag,name,desc,500,2,7.333,0,
f2_v0_idx1,v0,agent,filtro_tag,name,desc,500,3,8.191,0,
f2_v0_idx1,v0,agent,filtro_tag,name,desc,500,4,6.15,0,
f2_v0_idx1,v0,agent,filtro_tag,name,desc,500,5,8.223,0,
f2_v0_idx1,v0,agent,filtro_tag,name,desc,500,6,6.806,0,
f2_v0_idx1,v0,agent,filtro_tag,created_at,asc,0,1,6.845,50,241
f2_v0_idx1,v0,agent,filtro_tag,created_at,asc,0,2,7.901,50,241
f2_v0_idx1,v0,agent,filtro_tag,created_at,asc,0,3,6.396,50,241
f2_v0_idx1,v0,agent,filtro_tag,created_at,asc,0,4,7.844,50,241
f2_v0_idx1,v0,agent,filtro_tag,created_at,asc,0,5,6.483,50,241
f2_v0_idx1,v0,agent,filtro_tag,created_at,asc,0,6,7.425,50,241
f3_v0_idx2,v0,agent,filtro_tag,name,desc,0,1,7.533,50,241
f3_v0_idx2,v0,agent,filtro_tag,name,desc,0,2,6.958,50,241
f3_v0_idx2,v0,agent,filtro_tag,name,desc,0,3,7.276,50,241
f3_v0_idx2,v0,agent,filtro_tag,name,desc,0,4,9.522,50,241
f3_v0_idx2,v0,agent,filtro_tag,name,desc,0,5,8.26,50,241
f3_v0_idx2,v0,agent,filtro_tag,name,desc,0,6,8.79,50,241
f1_v1_inline,v1,agent,filtro_tag,name,asc,0,5,4.715,50,241
f1_v1_inline,v1,agent,filtro_tag,name,asc,0,6,4.34,50,241
f1_v1_inline,v1,agent,filtro_tag,name,asc,500,1,4.472,0,
f1_v1_inline,v1,agent,filtro_tag,name,asc,500,2,4.881,0,
f1_v1_inline,v1,agent,filtro_tag,name,asc,500,3,5.142,0,
f1_v1_inline,v1,agent,filtro_tag,name,asc,500,4,4.838,0,
f1_v1_inline,v1,agent,filtro_tag,name,asc,500,5,4.673,0,
f1_v1_inline,v1,agent,filtro_tag,name,asc,500,6,5.202,0,
f1_v1_inline,v1,agent,filtro_tag,name,desc,0,1,4.756,50,241
f1_v1_inline,v1,agent,filtro_tag,name,desc,0,2,4.889,50,241
f1_v1_inline,v1,agent,filtro_tag,name,desc,0,3,4.935,50,241
f1_v1_inline,v1,agent,filtro_tag,name,desc,0,4,4.35,50,241
f1_v1_inline,v1,agent,filtro_tag,name,desc,0,5,4.118,50,241
f1_v1_inline,v1,agent,filtro_tag,name,desc,0,6,4.98,50,241
f1_v1_inline,v1,agent,filtro_tag,name,desc,500,1,5.142,0,
f1_v1_inline,v1,agent,filtro_tag,name,desc,500,2,4.748,0,
f1_v1_inline,v1,agent,filtro_tag,name,desc,500,3,4.687,0,
f1_v1_inline,v1,agent,filtro_tag,name,desc,500,4,4.605,0,
f1_v1_inline,v1,agent,filtro_tag,name,desc,500,5,4.667,0,
f1_v1_inline,v1,agent,filtro_tag,name,desc,500,6,4.916,0,
f1_v1_inline,v1,agent,filtro_tag,created_at,asc,0,1,4.929,50,241
f1_v1_inline,v1,agent,filtro_tag,created_at,asc,0,2,4.624,50,241
f1_v1_inline,v1,agent,filtro_tag,created_at,asc,0,3,5.06,50,241
f1_v1_inline,v1,agent,filtro_tag,created_at,asc,0,4,5.152,50,241
f1_v1_inline,v1,agent,filtro_tag,created_at,asc,0,5,4.715,50,241
f1_v1_inline,v1,agent,filtro_tag,created_at,asc,0,6,4.47,50,241
f1_v1_inline,v1,agent,filtro_tag,created_at,asc,500,1,4.42,0,
f1_v1_inline,v1,agent,filtro_tag,created_at,asc,500,2,4.758,0,
f1_v1_inline,v1,agent,filtro_tag,created_at,asc,500,3,5.83,0,
f1_v1_inline,v1,agent,filtro_tag,created_at,asc,500,4,4.882,0,
f1_v1_inline,v1,agent,filtro_tag,created_at,asc,500,5,4.583,0,
f1_v1_inline,v1,agent,filtro_tag,created_at,asc,500,6,5.159,0,
f1_v1_inline,v1,agent,filtro_tag,created_at,desc,0,1,4.833,50,241
f1_v1_inline,v1,agent,filtro_tag,created_at,desc,0,2,4.161,50,241
f1_v1_inline,v1,agent,filtro_tag,created_at,desc,0,3,4.053,50,241
f1_v1_inline,v1,agent,filtro_tag,created_at,desc,0,4,4.492,50,241
f1_v1_inline,v1,agent,filtro_tag,created_at,desc,0,5,4.207,50,241
f1_v1_inline,v1,agent,filtro_tag,created_at,desc,0,6,4.119,50,241
f2_v0_idx1,v0,agent,filtro_tag,created_at,asc,500,1,8.137,0,
f2_v0_idx1,v0,agent,filtro_tag,created_at,asc,500,2,7.358,0,
f2_v0_idx1,v0,agent,filtro_tag,created_at,asc,500,3,7.867,0,
f2_v0_idx1,v0,agent,filtro_tag,created_at,asc,500,4,7.041,0,
f2_v0_idx1,v0,agent,filtro_tag,created_at,asc,500,5,8.38,0,
f2_v0_idx1,v0,agent,filtro_tag,created_at,asc,500,6,7.421,0,
f2_v0_idx1,v0,agent,filtro_tag,created_at,desc,0,1,8.667,50,241
f2_v0_idx1,v0,agent,filtro_tag,created_at,desc,0,2,6.951,50,241
f2_v0_idx1,v0,agent,filtro_tag,created_at,desc,0,3,8.122,50,241
f2_v0_idx1,v0,agent,filtro_tag,created_at,desc,0,4,7.091,50,241
f2_v0_idx1,v0,agent,filtro_tag,created_at,desc,0,5,7.368,50,241
f2_v0_idx1,v0,agent,filtro_tag,created_at,desc,0,6,7.394,50,241
f2_v0_idx1,v0,agent,filtro_tag,created_at,desc,500,1,7.433,0,
f2_v0_idx1,v0,agent,filtro_tag,created_at,desc,500,2,7.605,0,
f2_v0_idx1,v0,agent,filtro_tag,created_at,desc,500,3,7.941,0,
f2_v0_idx1,v0,agent,filtro_tag,created_at,desc,500,4,9.419,0,
f2_v0_idx1,v0,agent,filtro_tag,created_at,desc,500,5,8.079,0,
f2_v0_idx1,v0,agent,filtro_tag,created_at,desc,500,6,8.688,0,
f3_v0_idx2,v0,agent,filtro_tag,name,desc,500,1,8.528,0,
f3_v0_idx2,v0,agent,filtro_tag,name,desc,500,2,10.882,0,
f3_v0_idx2,v0,agent,filtro_tag,name,desc,500,3,8.838,0,
f3_v0_idx2,v0,agent,filtro_tag,name,desc,500,4,8.583,0,
f3_v0_idx2,v0,agent,filtro_tag,name,desc,500,5,8.506,0,
f3_v0_idx2,v0,agent,filtro_tag,name,desc,500,6,9.508,0,
f3_v0_idx2,v0,agent,filtro_tag,created_at,asc,0,1,8.495,50,241
f3_v0_idx2,v0,agent,filtro_tag,created_at,asc,0,2,9.095,50,241
f3_v0_idx2,v0,agent,filtro_tag,created_at,asc,0,3,10.015,50,241
f1_v1_inline,v1,agent,filtro_tag,created_at,desc,500,1,4.768,0,
f1_v1_inline,v1,agent,filtro_tag,created_at,desc,500,2,4.611,0,
f1_v1_inline,v1,agent,filtro_tag,created_at,desc,500,3,4.461,0,
f1_v1_inline,v1,agent,filtro_tag,created_at,desc,500,4,4.341,0,
f1_v1_inline,v1,agent,filtro_tag,created_at,desc,500,5,4.356,0,
f1_v1_inline,v1,agent,filtro_tag,created_at,desc,500,6,3.88,0,
f1_v1_inline,v1,agent,filtro_tag,company,asc,0,1,4.377,50,241
f1_v1_inline,v1,agent,filtro_tag,company,asc,0,2,4.307,50,241
f1_v1_inline,v1,agent,filtro_tag,company,asc,0,3,4.544,50,241
f1_v1_inline,v1,agent,filtro_tag,company,asc,0,4,4.466,50,241
f1_v1_inline,v1,agent,filtro_tag,company,asc,0,5,4.197,50,241
f1_v1_inline,v1,agent,filtro_tag,company,asc,0,6,5.31,50,241
f1_v1_inline,v1,agent,filtro_tag,company,asc,500,1,4.137,0,
f1_v1_inline,v1,agent,filtro_tag,company,asc,500,2,4.535,0,
f1_v1_inline,v1,agent,filtro_tag,company,asc,500,3,4.424,0,
f1_v1_inline,v1,agent,filtro_tag,company,asc,500,4,4.15,0,
f1_v1_inline,v1,agent,filtro_tag,company,asc,500,5,4.042,0,
f1_v1_inline,v1,agent,filtro_tag,company,asc,500,6,4.252,0,
f1_v1_inline,v1,agent,filtro_tag,company,desc,0,1,4.177,50,241
f1_v1_inline,v1,agent,filtro_tag,company,desc,0,2,4.319,50,241
f1_v1_inline,v1,agent,filtro_tag,company,desc,0,3,4.637,50,241
f1_v1_inline,v1,agent,filtro_tag,company,desc,0,4,4.401,50,241
f1_v1_inline,v1,agent,filtro_tag,company,desc,0,5,4.426,50,241
f1_v1_inline,v1,agent,filtro_tag,company,desc,0,6,4.733,50,241
f1_v1_inline,v1,agent,filtro_tag,company,desc,500,1,4.085,0,
f1_v1_inline,v1,agent,filtro_tag,company,desc,500,2,4.067,0,
f1_v1_inline,v1,agent,filtro_tag,company,desc,500,3,4.65,0,
f1_v1_inline,v1,agent,filtro_tag,company,desc,500,4,4.51,0,
f1_v1_inline,v1,agent,filtro_tag,company,desc,500,5,4.619,0,
f1_v1_inline,v1,agent,filtro_tag,company,desc,500,6,4.718,0,
f1_v1_inline,v1,agent,intervalo_data,name,asc,0,1,6.394,50,640
f1_v1_inline,v1,agent,intervalo_data,name,asc,0,2,6.286,50,640
f1_v1_inline,v1,agent,intervalo_data,name,asc,0,3,7.716,50,640
f1_v1_inline,v1,agent,intervalo_data,name,asc,0,4,7.217,50,640
f1_v1_inline,v1,agent,intervalo_data,name,asc,0,5,10.157,50,640
f1_v1_inline,v1,agent,intervalo_data,name,asc,0,6,7.773,50,640
f2_v0_idx1,v0,agent,filtro_tag,company,asc,0,1,8.673,50,241
f2_v0_idx1,v0,agent,filtro_tag,company,asc,0,2,10.144,50,241
f2_v0_idx1,v0,agent,filtro_tag,company,asc,0,3,11.634,50,241
f1_v1_inline,v1,agent,intervalo_data,name,asc,500,1,7.311,50,640
f1_v1_inline,v1,agent,intervalo_data,name,asc,500,2,7.536,50,640
f2_v0_idx1,v0,agent,filtro_tag,company,asc,0,4,14.741,50,241
f2_v0_idx1,v0,agent,filtro_tag,company,asc,0,5,9.36,50,241
f2_v0_idx1,v0,agent,filtro_tag,company,asc,0,6,11.822,50,241
f2_v0_idx1,v0,agent,filtro_tag,company,asc,500,1,9.328,0,
f2_v0_idx1,v0,agent,filtro_tag,company,asc,500,2,8.695,0,
f2_v0_idx1,v0,agent,filtro_tag,company,asc,500,3,9.737,0,
f2_v0_idx1,v0,agent,filtro_tag,company,asc,500,4,8.716,0,
f2_v0_idx1,v0,agent,filtro_tag,company,asc,500,5,8.879,0,
f2_v0_idx1,v0,agent,filtro_tag,company,asc,500,6,8.964,0,
f2_v0_idx1,v0,agent,filtro_tag,company,desc,0,1,8.059,50,241
f2_v0_idx1,v0,agent,filtro_tag,company,desc,0,2,7.485,50,241
f2_v0_idx1,v0,agent,filtro_tag,company,desc,0,3,7.849,50,241
f2_v0_idx1,v0,agent,filtro_tag,company,desc,0,4,7.535,50,241
f2_v0_idx1,v0,agent,filtro_tag,company,desc,0,5,8.058,50,241
f2_v0_idx1,v0,agent,filtro_tag,company,desc,0,6,7.731,50,241
f3_v0_idx2,v0,agent,filtro_tag,created_at,asc,0,4,9.067,50,241
f3_v0_idx2,v0,agent,filtro_tag,created_at,asc,0,5,9.268,50,241
f3_v0_idx2,v0,agent,filtro_tag,created_at,asc,0,6,9.245,50,241
f3_v0_idx2,v0,agent,filtro_tag,created_at,asc,500,1,8.335,0,
f3_v0_idx2,v0,agent,filtro_tag,created_at,asc,500,2,8.198,0,
f3_v0_idx2,v0,agent,filtro_tag,created_at,asc,500,3,7.568,0,
f3_v0_idx2,v0,agent,filtro_tag,created_at,asc,500,4,8.126,0,
f3_v0_idx2,v0,agent,filtro_tag,created_at,asc,500,5,7.643,0,
f3_v0_idx2,v0,agent,filtro_tag,created_at,asc,500,6,7.873,0,
f1_v1_inline,v1,agent,intervalo_data,name,asc,500,3,7.352,50,640
f1_v1_inline,v1,agent,intervalo_data,name,asc,500,4,7.398,50,640
f1_v1_inline,v1,agent,intervalo_data,name,asc,500,5,7.424,50,640
f1_v1_inline,v1,agent,intervalo_data,name,asc,500,6,7.151,50,640
f1_v1_inline,v1,agent,intervalo_data,name,desc,0,1,7.185,50,640
f1_v1_inline,v1,agent,intervalo_data,name,desc,0,2,6.869,50,640
f1_v1_inline,v1,agent,intervalo_data,name,desc,0,3,7.045,50,640
f1_v1_inline,v1,agent,intervalo_data,name,desc,0,4,6.402,50,640
f1_v1_inline,v1,agent,intervalo_data,name,desc,0,5,7.083,50,640
f1_v1_inline,v1,agent,intervalo_data,name,desc,0,6,6.089,50,640
f1_v1_inline,v1,agent,intervalo_data,name,desc,500,1,6.609,50,640
f1_v1_inline,v1,agent,intervalo_data,name,desc,500,2,7.226,50,640
f1_v1_inline,v1,agent,intervalo_data,name,desc,500,3,6.569,50,640
f1_v1_inline,v1,agent,intervalo_data,name,desc,500,4,6.372,50,640
f1_v1_inline,v1,agent,intervalo_data,name,desc,500,5,8.542,50,640
f1_v1_inline,v1,agent,intervalo_data,name,desc,500,6,7.767,50,640
f1_v1_inline,v1,agent,intervalo_data,created_at,asc,0,1,6.947,50,640
f1_v1_inline,v1,agent,intervalo_data,created_at,asc,0,2,6.478,50,640
f1_v1_inline,v1,agent,intervalo_data,created_at,asc,0,3,6.303,50,640
f1_v1_inline,v1,agent,intervalo_data,created_at,asc,0,4,5.78,50,640
f1_v1_inline,v1,agent,intervalo_data,created_at,asc,0,5,5.908,50,640
f1_v1_inline,v1,agent,intervalo_data,created_at,asc,0,6,6.154,50,640
f1_v1_inline,v1,agent,intervalo_data,created_at,asc,500,1,6.263,50,640
f1_v1_inline,v1,agent,intervalo_data,created_at,asc,500,2,5.958,50,640
f1_v1_inline,v1,agent,intervalo_data,created_at,asc,500,3,6.654,50,640
f1_v1_inline,v1,agent,intervalo_data,created_at,asc,500,4,6.693,50,640
f1_v1_inline,v1,agent,intervalo_data,created_at,asc,500,5,6.923,50,640
f1_v1_inline,v1,agent,intervalo_data,created_at,asc,500,6,6.448,50,640
f1_v1_inline,v1,agent,intervalo_data,created_at,desc,0,1,6.875,50,640
f1_v1_inline,v1,agent,intervalo_data,created_at,desc,0,2,7.464,50,640
f1_v1_inline,v1,agent,intervalo_data,created_at,desc,0,3,7.823,50,640
f1_v1_inline,v1,agent,intervalo_data,created_at,desc,0,4,6.543,50,640
f1_v1_inline,v1,agent,intervalo_data,created_at,desc,0,5,6.439,50,640
f1_v1_inline,v1,agent,intervalo_data,created_at,desc,0,6,6.255,50,640
f2_v0_idx1,v0,agent,filtro_tag,company,desc,500,1,7.815,0,
f2_v0_idx1,v0,agent,filtro_tag,company,desc,500,2,7.055,0,
f1_v1_inline,v1,agent,intervalo_data,created_at,desc,500,1,7.031,50,640
f1_v1_inline,v1,agent,intervalo_data,created_at,desc,500,2,7.039,50,640
f1_v1_inline,v1,agent,intervalo_data,created_at,desc,500,3,6.755,50,640
f1_v1_inline,v1,agent,intervalo_data,created_at,desc,500,4,6.074,50,640
f2_v0_idx1,v0,agent,filtro_tag,company,desc,500,3,8.321,0,
f2_v0_idx1,v0,agent,filtro_tag,company,desc,500,4,7.516,0,
f2_v0_idx1,v0,agent,filtro_tag,company,desc,500,5,8.775,0,
f2_v0_idx1,v0,agent,filtro_tag,company,desc,500,6,8.03,0,
f2_v0_idx1,v0,agent,intervalo_data,name,asc,0,1,14.115,50,640
f2_v0_idx1,v0,agent,intervalo_data,name,asc,0,2,14.206,50,640
f2_v0_idx1,v0,agent,intervalo_data,name,asc,0,3,14.278,50,640
f2_v0_idx1,v0,agent,intervalo_data,name,asc,0,4,13.664,50,640
f2_v0_idx1,v0,agent,intervalo_data,name,asc,0,5,14.044,50,640
f2_v0_idx1,v0,agent,intervalo_data,name,asc,0,6,14.429,50,640
f2_v0_idx1,v0,agent,intervalo_data,name,asc,500,1,13.184,50,640
f2_v0_idx1,v0,agent,intervalo_data,name,asc,500,2,12.776,50,640
f2_v0_idx1,v0,agent,intervalo_data,name,asc,500,3,13.114,50,640
f2_v0_idx1,v0,agent,intervalo_data,name,asc,500,4,12.612,50,640
f2_v0_idx1,v0,agent,intervalo_data,name,asc,500,5,13.075,50,640
f2_v0_idx1,v0,agent,intervalo_data,name,asc,500,6,13.543,50,640
f3_v0_idx2,v0,agent,filtro_tag,created_at,desc,0,1,7.713,50,241
f3_v0_idx2,v0,agent,filtro_tag,created_at,desc,0,2,7.801,50,241
f3_v0_idx2,v0,agent,filtro_tag,created_at,desc,0,3,7.814,50,241
f3_v0_idx2,v0,agent,filtro_tag,created_at,desc,0,4,7.807,50,241
f3_v0_idx2,v0,agent,filtro_tag,created_at,desc,0,5,7.816,50,241
f3_v0_idx2,v0,agent,filtro_tag,created_at,desc,0,6,7.711,50,241
f3_v0_idx2,v0,agent,filtro_tag,created_at,desc,500,1,7.326,0,
f4_v2_idx3,v2,agent,sem_filtro,company,asc,0,4,66.963,50,2886
f4_v2_idx3,v2,agent,sem_filtro,company,asc,0,5,65.299,50,2886
f4_v2_idx3,v2,agent,sem_filtro,company,asc,0,6,61.14,50,2886
f4_v2_idx3,v2,agent,sem_filtro,company,asc,0,1,69.111,50,2886
f4_v2_idx3,v2,agent,sem_filtro,company,asc,0,2,74.984,50,2886
f4_v2_idx3,v2,agent,sem_filtro,company,asc,0,3,70.662,50,2886
f1_v1_inline,v1,agent,intervalo_data,created_at,desc,500,5,6.292,50,640
f1_v1_inline,v1,agent,intervalo_data,created_at,desc,500,6,6.721,50,640
f1_v1_inline,v1,agent,intervalo_data,company,asc,0,1,7.056,50,640
f1_v1_inline,v1,agent,intervalo_data,company,asc,0,2,6.502,50,640
f1_v1_inline,v1,agent,intervalo_data,company,asc,0,3,6.591,50,640
f1_v1_inline,v1,agent,intervalo_data,company,asc,0,4,6.993,50,640
f1_v1_inline,v1,agent,intervalo_data,company,asc,0,5,6.637,50,640
f1_v1_inline,v1,agent,intervalo_data,company,asc,0,6,6.956,50,640
f1_v1_inline,v1,agent,intervalo_data,company,asc,500,1,6.985,50,640
f1_v1_inline,v1,agent,intervalo_data,company,asc,500,2,6.725,50,640
f1_v1_inline,v1,agent,intervalo_data,company,asc,500,3,7.312,50,640
f1_v1_inline,v1,agent,intervalo_data,company,asc,500,4,7.099,50,640
f1_v1_inline,v1,agent,intervalo_data,company,asc,500,5,8.45,50,640
f1_v1_inline,v1,agent,intervalo_data,company,asc,500,6,7.314,50,640
f1_v1_inline,v1,agent,intervalo_data,company,desc,0,1,7.005,50,640
f1_v1_inline,v1,agent,intervalo_data,company,desc,0,2,6.717,50,640
f1_v1_inline,v1,agent,intervalo_data,company,desc,0,3,6.586,50,640
f1_v1_inline,v1,agent,intervalo_data,company,desc,0,4,6.863,50,640
f1_v1_inline,v1,agent,intervalo_data,company,desc,0,5,7.413,50,640
f1_v1_inline,v1,agent,intervalo_data,company,desc,0,6,6.947,50,640
f1_v1_inline,v1,agent,intervalo_data,company,desc,500,1,6.743,50,640
f1_v1_inline,v1,agent,intervalo_data,company,desc,500,2,6.39,50,640
f1_v1_inline,v1,agent,intervalo_data,company,desc,500,3,6.456,50,640
f1_v1_inline,v1,agent,intervalo_data,company,desc,500,4,8.033,50,640
f1_v1_inline,v1,agent,intervalo_data,company,desc,500,5,7.532,50,640
f1_v1_inline,v1,agent,intervalo_data,company,desc,500,6,7.406,50,640
f1_v1_inline,v1,agent,combinado,name,asc,0,1,1.252,1,1
f1_v1_inline,v1,agent,combinado,name,asc,0,2,1.079,1,1
f1_v1_inline,v1,agent,combinado,name,asc,0,3,0.893,1,1
f1_v1_inline,v1,agent,combinado,name,asc,0,4,1.023,1,1
f1_v1_inline,v1,agent,combinado,name,asc,0,5,0.836,1,1
f1_v1_inline,v1,agent,combinado,name,asc,0,6,0.869,1,1
f1_v1_inline,v1,agent,combinado,name,asc,500,1,1.287,0,
f1_v1_inline,v1,agent,combinado,name,asc,500,2,0.815,0,
f1_v1_inline,v1,agent,combinado,name,asc,500,3,0.984,0,
f1_v1_inline,v1,agent,combinado,name,asc,500,4,0.975,0,
f1_v1_inline,v1,agent,combinado,name,asc,500,5,0.903,0,
f1_v1_inline,v1,agent,combinado,name,asc,500,6,0.812,0,
f2_v0_idx1,v0,agent,intervalo_data,name,desc,0,1,15.497,50,640
f2_v0_idx1,v0,agent,intervalo_data,name,desc,0,2,16.04,50,640
f2_v0_idx1,v0,agent,intervalo_data,name,desc,0,3,14.836,50,640
f2_v0_idx1,v0,agent,intervalo_data,name,desc,0,4,15.574,50,640
f2_v0_idx1,v0,agent,intervalo_data,name,desc,0,5,14.669,50,640
f2_v0_idx1,v0,agent,intervalo_data,name,desc,0,6,14.909,50,640
f2_v0_idx1,v0,agent,intervalo_data,name,desc,500,1,19.46,50,640
f2_v0_idx1,v0,agent,intervalo_data,name,desc,500,2,16.579,50,640
f2_v0_idx1,v0,agent,intervalo_data,name,desc,500,3,14.76,50,640
f2_v0_idx1,v0,agent,intervalo_data,name,desc,500,4,13.635,50,640
f2_v0_idx1,v0,agent,intervalo_data,name,desc,500,5,12.567,50,640
f2_v0_idx1,v0,agent,intervalo_data,name,desc,500,6,13.764,50,640
f2_v0_idx1,v0,agent,intervalo_data,created_at,asc,0,1,14.086,50,640
f2_v0_idx1,v0,agent,intervalo_data,created_at,asc,0,2,12.686,50,640
f2_v0_idx1,v0,agent,intervalo_data,created_at,asc,0,3,13.535,50,640
f2_v0_idx1,v0,agent,intervalo_data,created_at,asc,0,4,23.351,50,640
f2_v0_idx1,v0,agent,intervalo_data,created_at,asc,0,5,15.548,50,640
f2_v0_idx1,v0,agent,intervalo_data,created_at,asc,0,6,15.287,50,640
f3_v0_idx2,v0,agent,filtro_tag,created_at,desc,500,2,7.521,0,
f3_v0_idx2,v0,agent,filtro_tag,created_at,desc,500,3,7.283,0,
f3_v0_idx2,v0,agent,filtro_tag,created_at,desc,500,4,7.167,0,
f3_v0_idx2,v0,agent,filtro_tag,created_at,desc,500,5,7.343,0,
f3_v0_idx2,v0,agent,filtro_tag,created_at,desc,500,6,7.088,0,
f3_v0_idx2,v0,agent,filtro_tag,company,asc,0,1,9.055,50,241
f3_v0_idx2,v0,agent,filtro_tag,company,asc,0,2,7.458,50,241
f3_v0_idx2,v0,agent,filtro_tag,company,asc,0,3,7.758,50,241
f3_v0_idx2,v0,agent,filtro_tag,company,asc,0,4,7.972,50,241
f1_v1_inline,v1,agent,combinado,name,desc,0,1,0.818,1,1
f1_v1_inline,v1,agent,combinado,name,desc,0,2,0.761,1,1
f1_v1_inline,v1,agent,combinado,name,desc,0,3,0.881,1,1
f1_v1_inline,v1,agent,combinado,name,desc,0,4,1.067,1,1
f1_v1_inline,v1,agent,combinado,name,desc,0,5,0.947,1,1
f1_v1_inline,v1,agent,combinado,name,desc,0,6,0.959,1,1
f1_v1_inline,v1,agent,combinado,name,desc,500,1,0.834,0,
f1_v1_inline,v1,agent,combinado,name,desc,500,2,0.827,0,
f1_v1_inline,v1,agent,combinado,name,desc,500,3,0.928,0,
f1_v1_inline,v1,agent,combinado,name,desc,500,4,1.119,0,
f1_v1_inline,v1,agent,combinado,name,desc,500,5,0.927,0,
f1_v1_inline,v1,agent,combinado,name,desc,500,6,1.086,0,
f1_v1_inline,v1,agent,combinado,created_at,asc,0,1,0.913,1,1
f1_v1_inline,v1,agent,combinado,created_at,asc,0,2,0.884,1,1
f1_v1_inline,v1,agent,combinado,created_at,asc,0,3,1.074,1,1
f1_v1_inline,v1,agent,combinado,created_at,asc,0,4,0.93,1,1
f1_v1_inline,v1,agent,combinado,created_at,asc,0,5,0.786,1,1
f1_v1_inline,v1,agent,combinado,created_at,asc,0,6,0.792,1,1
f1_v1_inline,v1,agent,combinado,created_at,asc,500,1,0.831,0,
f1_v1_inline,v1,agent,combinado,created_at,asc,500,2,0.741,0,
f1_v1_inline,v1,agent,combinado,created_at,asc,500,3,0.733,0,
f1_v1_inline,v1,agent,combinado,created_at,asc,500,4,1.008,0,
f1_v1_inline,v1,agent,combinado,created_at,asc,500,5,1.153,0,
f1_v1_inline,v1,agent,combinado,created_at,asc,500,6,1.074,0,
f1_v1_inline,v1,agent,combinado,created_at,desc,0,1,0.881,1,1
f1_v1_inline,v1,agent,combinado,created_at,desc,0,2,0.948,1,1
f1_v1_inline,v1,agent,combinado,created_at,desc,0,3,0.885,1,1
f1_v1_inline,v1,agent,combinado,created_at,desc,0,4,0.982,1,1
f1_v1_inline,v1,agent,combinado,created_at,desc,0,5,0.859,1,1
f1_v1_inline,v1,agent,combinado,created_at,desc,0,6,0.865,1,1
f1_v1_inline,v1,agent,combinado,created_at,desc,500,1,0.955,0,
f1_v1_inline,v1,agent,combinado,created_at,desc,500,2,0.876,0,
f1_v1_inline,v1,agent,combinado,created_at,desc,500,3,0.862,0,
f1_v1_inline,v1,agent,combinado,created_at,desc,500,4,0.794,0,
f1_v1_inline,v1,agent,combinado,created_at,desc,500,5,0.941,0,
f1_v1_inline,v1,agent,combinado,created_at,desc,500,6,0.856,0,
f2_v0_idx1,v0,agent,intervalo_data,created_at,asc,500,1,13.91,50,640
f2_v0_idx1,v0,agent,intervalo_data,created_at,asc,500,2,15.53,50,640
f2_v0_idx1,v0,agent,intervalo_data,created_at,asc,500,3,15.174,50,640
f1_v1_inline,v1,agent,combinado,company,asc,0,1,1.033,1,1
f2_v0_idx1,v0,agent,intervalo_data,created_at,asc,500,4,15.067,50,640
f2_v0_idx1,v0,agent,intervalo_data,created_at,asc,500,5,13.535,50,640
f2_v0_idx1,v0,agent,intervalo_data,created_at,asc,500,6,14.861,50,640
f2_v0_idx1,v0,agent,intervalo_data,created_at,desc,0,1,13.035,50,640
f2_v0_idx1,v0,agent,intervalo_data,created_at,desc,0,2,12.944,50,640
f2_v0_idx1,v0,agent,intervalo_data,created_at,desc,0,3,13.797,50,640
f2_v0_idx1,v0,agent,intervalo_data,created_at,desc,0,4,12.859,50,640
f2_v0_idx1,v0,agent,intervalo_data,created_at,desc,0,5,13.009,50,640
f2_v0_idx1,v0,agent,intervalo_data,created_at,desc,0,6,12.918,50,640
f2_v0_idx1,v0,agent,intervalo_data,created_at,desc,500,1,15.266,50,640
f2_v0_idx1,v0,agent,intervalo_data,created_at,desc,500,2,13.938,50,640
f2_v0_idx1,v0,agent,intervalo_data,created_at,desc,500,3,13.239,50,640
f2_v0_idx1,v0,agent,intervalo_data,created_at,desc,500,4,13.847,50,640
f2_v0_idx1,v0,agent,intervalo_data,created_at,desc,500,5,13.711,50,640
f2_v0_idx1,v0,agent,intervalo_data,created_at,desc,500,6,14.998,50,640
f3_v0_idx2,v0,agent,filtro_tag,company,asc,0,5,7.348,50,241
f3_v0_idx2,v0,agent,filtro_tag,company,asc,0,6,7.519,50,241
f3_v0_idx2,v0,agent,filtro_tag,company,asc,500,1,7.423,0,
f3_v0_idx2,v0,agent,filtro_tag,company,asc,500,2,8.742,0,
f3_v0_idx2,v0,agent,filtro_tag,company,asc,500,3,7.926,0,
f3_v0_idx2,v0,agent,filtro_tag,company,asc,500,4,7.379,0,
f3_v0_idx2,v0,agent,filtro_tag,company,asc,500,5,7.421,0,
f3_v0_idx2,v0,agent,filtro_tag,company,asc,500,6,7.442,0,
f1_v1_inline,v1,agent,combinado,company,asc,0,2,0.861,1,1
f1_v1_inline,v1,agent,combinado,company,asc,0,3,1.033,1,1
f1_v1_inline,v1,agent,combinado,company,asc,0,4,0.869,1,1
f1_v1_inline,v1,agent,combinado,company,asc,0,5,1.083,1,1
f1_v1_inline,v1,agent,combinado,company,asc,0,6,0.849,1,1
f1_v1_inline,v1,agent,combinado,company,asc,500,1,0.773,0,
f1_v1_inline,v1,agent,combinado,company,asc,500,2,0.999,0,
f1_v1_inline,v1,agent,combinado,company,asc,500,3,0.938,0,
f1_v1_inline,v1,agent,combinado,company,asc,500,4,0.873,0,
f1_v1_inline,v1,agent,combinado,company,asc,500,5,0.848,0,
f1_v1_inline,v1,agent,combinado,company,asc,500,6,1.438,0,
f1_v1_inline,v1,agent,combinado,company,desc,0,1,0.771,1,1
f1_v1_inline,v1,agent,combinado,company,desc,0,2,0.966,1,1
f1_v1_inline,v1,agent,combinado,company,desc,0,3,0.918,1,1
f1_v1_inline,v1,agent,combinado,company,desc,0,4,0.939,1,1
f1_v1_inline,v1,agent,combinado,company,desc,0,5,0.834,1,1
f1_v1_inline,v1,agent,combinado,company,desc,0,6,0.899,1,1
f1_v1_inline,v1,agent,combinado,company,desc,500,1,0.762,0,
f1_v1_inline,v1,agent,combinado,company,desc,500,2,0.844,0,
f1_v1_inline,v1,agent,combinado,company,desc,500,3,0.88,0,
f1_v1_inline,v1,agent,combinado,company,desc,500,4,0.905,0,
f1_v1_inline,v1,agent,combinado,company,desc,500,5,0.971,0,
f1_v1_inline,v1,agent,combinado,company,desc,500,6,0.938,0,
f1_v2_branch,v2,agent,__overhead_wrapper__,-,-,-1,0,0.232,0,0
f1_v2_branch,v2,agent,sem_filtro,name,asc,0,1,65.935,50,2886
f1_v2_branch,v2,agent,sem_filtro,name,asc,0,2,61.036,50,2886
f1_v2_branch,v2,agent,sem_filtro,name,asc,0,3,60.704,50,2886
f1_v2_branch,v2,agent,sem_filtro,name,asc,0,4,59.865,50,2886
f1_v2_branch,v2,agent,sem_filtro,name,asc,0,5,61.95,50,2886
f1_v2_branch,v2,agent,sem_filtro,name,asc,0,6,57.151,50,2886
f1_v2_branch,v2,agent,sem_filtro,name,asc,500,1,58.404,50,2886
f1_v2_branch,v2,agent,sem_filtro,name,asc,500,2,56.997,50,2886
f1_v2_branch,v2,agent,sem_filtro,name,asc,500,3,59.469,50,2886
f1_v2_branch,v2,agent,sem_filtro,name,asc,500,4,60.808,50,2886
f1_v2_branch,v2,agent,sem_filtro,name,asc,500,5,57.59,50,2886
f1_v2_branch,v2,agent,sem_filtro,name,asc,500,6,57.83,50,2886
f1_v2_branch,v2,agent,sem_filtro,name,desc,0,1,55.79,50,2886
f1_v2_branch,v2,agent,sem_filtro,name,desc,0,2,58.412,50,2886
f1_v2_branch,v2,agent,sem_filtro,name,desc,0,3,59.711,50,2886
f1_v2_branch,v2,agent,sem_filtro,name,desc,0,4,59.933,50,2886
f1_v2_branch,v2,agent,sem_filtro,name,desc,0,5,59.59,50,2886
f1_v2_branch,v2,agent,sem_filtro,name,desc,0,6,55.885,50,2886
f1_v2_branch,v2,agent,sem_filtro,name,desc,500,1,56.08,50,2886
f1_v2_branch,v2,agent,sem_filtro,name,desc,500,2,60.075,50,2886
f1_v2_branch,v2,agent,sem_filtro,name,desc,500,3,56.744,50,2886
f1_v2_branch,v2,agent,sem_filtro,name,desc,500,4,55.86,50,2886
f1_v2_branch,v2,agent,sem_filtro,name,desc,500,5,54.775,50,2886
f1_v2_branch,v2,agent,sem_filtro,name,desc,500,6,60.744,50,2886
f2_v0_idx1,v0,agent,intervalo_data,company,asc,0,1,13.669,50,640
f2_v0_idx1,v0,agent,intervalo_data,company,asc,0,2,13.59,50,640
f2_v0_idx1,v0,agent,intervalo_data,company,asc,0,3,15.44,50,640
f2_v0_idx1,v0,agent,intervalo_data,company,asc,0,4,14.989,50,640
f2_v0_idx1,v0,agent,intervalo_data,company,asc,0,5,14.958,50,640
f2_v0_idx1,v0,agent,intervalo_data,company,asc,0,6,17.296,50,640
f2_v0_idx1,v0,agent,intervalo_data,company,asc,500,1,14.382,50,640
f2_v0_idx1,v0,agent,intervalo_data,company,asc,500,2,14.283,50,640
f2_v0_idx1,v0,agent,intervalo_data,company,asc,500,3,14.64,50,640
f2_v0_idx1,v0,agent,intervalo_data,company,asc,500,4,14.916,50,640
f2_v0_idx1,v0,agent,intervalo_data,company,asc,500,5,14.568,50,640
f2_v0_idx1,v0,agent,intervalo_data,company,asc,500,6,13.939,50,640
f3_v0_idx2,v0,agent,filtro_tag,company,desc,0,1,7.585,50,241
f3_v0_idx2,v0,agent,filtro_tag,company,desc,0,2,7.414,50,241
f3_v0_idx2,v0,agent,filtro_tag,company,desc,0,3,7.153,50,241
f2_v0_idx1,v0,agent,intervalo_data,company,desc,0,1,14.363,50,640
f3_v0_idx2,v0,agent,filtro_tag,company,desc,0,4,7.503,50,241
f3_v0_idx2,v0,agent,filtro_tag,company,desc,0,5,8.261,50,241
f3_v0_idx2,v0,agent,filtro_tag,company,desc,0,6,7.183,50,241
f1_v2_branch,v2,agent,sem_filtro,created_at,asc,0,1,60.335,50,2886
f1_v2_branch,v2,agent,sem_filtro,created_at,asc,0,2,61.344,50,2886
f1_v2_branch,v2,agent,sem_filtro,created_at,asc,0,3,63.541,50,2886
f1_v2_branch,v2,agent,sem_filtro,created_at,asc,0,4,70.708,50,2886
f1_v2_branch,v2,agent,sem_filtro,created_at,asc,0,5,59.581,50,2886
f1_v2_branch,v2,agent,sem_filtro,created_at,asc,0,6,57.975,50,2886
f1_v2_branch,v2,agent,sem_filtro,created_at,asc,500,1,61.041,50,2886
f1_v2_branch,v2,agent,sem_filtro,created_at,asc,500,2,57.289,50,2886
f1_v2_branch,v2,agent,sem_filtro,created_at,asc,500,3,58.563,50,2886
f1_v2_branch,v2,agent,sem_filtro,created_at,asc,500,4,57.884,50,2886
f1_v2_branch,v2,agent,sem_filtro,created_at,asc,500,5,56.538,50,2886
f1_v2_branch,v2,agent,sem_filtro,created_at,asc,500,6,60.209,50,2886
f1_v2_branch,v2,agent,sem_filtro,created_at,desc,0,1,62.022,50,2886
f1_v2_branch,v2,agent,sem_filtro,created_at,desc,0,2,62.038,50,2886
f1_v2_branch,v2,agent,sem_filtro,created_at,desc,0,3,54.927,50,2886
f1_v2_branch,v2,agent,sem_filtro,created_at,desc,0,4,66.891,50,2886
f1_v2_branch,v2,agent,sem_filtro,created_at,desc,0,5,68.59,50,2886
f1_v2_branch,v2,agent,sem_filtro,created_at,desc,0,6,72.208,50,2886
f1_v2_branch,v2,agent,sem_filtro,created_at,desc,500,1,62.439,50,2886
f1_v2_branch,v2,agent,sem_filtro,created_at,desc,500,2,60.696,50,2886
f1_v2_branch,v2,agent,sem_filtro,created_at,desc,500,3,60.7,50,2886
f1_v2_branch,v2,agent,sem_filtro,created_at,desc,500,4,57.079,50,2886
f1_v2_branch,v2,agent,sem_filtro,created_at,desc,500,5,58.166,50,2886
f1_v2_branch,v2,agent,sem_filtro,created_at,desc,500,6,55.049,50,2886
f1_v2_branch,v2,agent,sem_filtro,company,asc,0,1,57.984,50,2886
f1_v2_branch,v2,agent,sem_filtro,company,asc,0,2,63.342,50,2886
f1_v2_branch,v2,agent,sem_filtro,company,asc,0,3,55.525,50,2886
f1_v2_branch,v2,agent,sem_filtro,company,asc,0,4,63.059,50,2886
f1_v2_branch,v2,agent,sem_filtro,company,asc,0,5,62.325,50,2886
f1_v2_branch,v2,agent,sem_filtro,company,asc,0,6,59.119,50,2886
f1_v2_branch,v2,agent,sem_filtro,company,asc,500,1,61.436,50,2886
f1_v2_branch,v2,agent,sem_filtro,company,asc,500,2,74.565,50,2886
f1_v2_branch,v2,agent,sem_filtro,company,asc,500,3,74.773,50,2886
f1_v2_branch,v2,agent,sem_filtro,company,asc,500,4,63.406,50,2886
f1_v2_branch,v2,agent,sem_filtro,company,asc,500,5,55.544,50,2886
f1_v2_branch,v2,agent,sem_filtro,company,asc,500,6,56.454,50,2886
f2_v0_idx1,v0,agent,intervalo_data,company,desc,0,2,14.157,50,640
f2_v0_idx1,v0,agent,intervalo_data,company,desc,0,3,13.856,50,640
f2_v0_idx1,v0,agent,intervalo_data,company,desc,0,4,13.907,50,640
f1_v2_branch,v2,agent,sem_filtro,company,desc,0,1,57.81,50,2886
f1_v2_branch,v2,agent,sem_filtro,company,desc,0,2,52.777,50,2886
f1_v2_branch,v2,agent,sem_filtro,company,desc,0,3,53.794,50,2886
f2_v0_idx1,v0,agent,intervalo_data,company,desc,0,5,13.531,50,640
f2_v0_idx1,v0,agent,intervalo_data,company,desc,0,6,13.797,50,640
f2_v0_idx1,v0,agent,intervalo_data,company,desc,500,1,15.354,50,640
f2_v0_idx1,v0,agent,intervalo_data,company,desc,500,2,13.671,50,640
f2_v0_idx1,v0,agent,intervalo_data,company,desc,500,3,13.978,50,640
f2_v0_idx1,v0,agent,intervalo_data,company,desc,500,4,13.991,50,640
f2_v0_idx1,v0,agent,intervalo_data,company,desc,500,5,14.886,50,640
f2_v0_idx1,v0,agent,intervalo_data,company,desc,500,6,13.708,50,640
f2_v0_idx1,v0,agent,combinado,name,asc,0,1,1.215,1,1
f2_v0_idx1,v0,agent,combinado,name,asc,0,2,0.932,1,1
f2_v0_idx1,v0,agent,combinado,name,asc,0,3,0.906,1,1
f2_v0_idx1,v0,agent,combinado,name,asc,0,4,1.055,1,1
f2_v0_idx1,v0,agent,combinado,name,asc,0,5,1.168,1,1
f2_v0_idx1,v0,agent,combinado,name,asc,0,6,1.128,1,1
f3_v0_idx2,v0,agent,filtro_tag,company,desc,500,1,7.811,0,
f3_v0_idx2,v0,agent,filtro_tag,company,desc,500,2,6.95,0,
f3_v0_idx2,v0,agent,filtro_tag,company,desc,500,3,7.137,0,
f2_v0_idx1,v0,agent,combinado,name,asc,500,1,1.042,0,
f2_v0_idx1,v0,agent,combinado,name,asc,500,2,0.988,0,
f3_v0_idx2,v0,agent,filtro_tag,company,desc,500,4,7.036,0,
f3_v0_idx2,v0,agent,filtro_tag,company,desc,500,5,6.635,0,
f3_v0_idx2,v0,agent,filtro_tag,company,desc,500,6,7.239,0,
f3_v0_idx2,v0,agent,intervalo_data,name,asc,0,1,18.574,50,640
f3_v0_idx2,v0,agent,intervalo_data,name,asc,0,2,14.739,50,640
f3_v0_idx2,v0,agent,intervalo_data,name,asc,0,3,12.631,50,640
f1_v2_branch,v2,agent,sem_filtro,company,desc,0,4,55.234,50,2886
f1_v2_branch,v2,agent,sem_filtro,company,desc,0,5,58.794,50,2886
f1_v2_branch,v2,agent,sem_filtro,company,desc,0,6,57.484,50,2886
f1_v2_branch,v2,agent,sem_filtro,company,desc,500,1,56.875,50,2886
f1_v2_branch,v2,agent,sem_filtro,company,desc,500,2,53.45,50,2886
f1_v2_branch,v2,agent,sem_filtro,company,desc,500,3,53.962,50,2886
f1_v2_branch,v2,agent,sem_filtro,company,desc,500,4,53.702,50,2886
f1_v2_branch,v2,agent,sem_filtro,company,desc,500,5,57.93,50,2886
f1_v2_branch,v2,agent,sem_filtro,company,desc,500,6,57.031,50,2886
f1_v2_branch,v2,agent,termo_nome_5ch,name,asc,0,1,20.058,50,380
f1_v2_branch,v2,agent,termo_nome_5ch,name,asc,0,2,19.941,50,380
f1_v2_branch,v2,agent,termo_nome_5ch,name,asc,0,3,20.082,50,380
f1_v2_branch,v2,agent,termo_nome_5ch,name,asc,0,4,20.173,50,380
f1_v2_branch,v2,agent,termo_nome_5ch,name,asc,0,5,20.299,50,380
f1_v2_branch,v2,agent,termo_nome_5ch,name,asc,0,6,20.01,50,380
f1_v2_branch,v2,agent,termo_nome_5ch,name,asc,500,1,20.493,0,
f1_v2_branch,v2,agent,termo_nome_5ch,name,asc,500,2,20.281,0,
f1_v2_branch,v2,agent,termo_nome_5ch,name,asc,500,3,19.704,0,
f1_v2_branch,v2,agent,termo_nome_5ch,name,asc,500,4,22.122,0,
f1_v2_branch,v2,agent,termo_nome_5ch,name,asc,500,5,20.349,0,
f1_v2_branch,v2,agent,termo_nome_5ch,name,asc,500,6,20.7,0,
f1_v2_branch,v2,agent,termo_nome_5ch,name,desc,0,1,23.034,50,380
f1_v2_branch,v2,agent,termo_nome_5ch,name,desc,0,2,22.25,50,380
f1_v2_branch,v2,agent,termo_nome_5ch,name,desc,0,3,22.751,50,380
f1_v2_branch,v2,agent,termo_nome_5ch,name,desc,0,4,21.822,50,380
f1_v2_branch,v2,agent,termo_nome_5ch,name,desc,0,5,20.994,50,380
f1_v2_branch,v2,agent,termo_nome_5ch,name,desc,0,6,22.305,50,380
f1_v2_branch,v2,agent,termo_nome_5ch,name,desc,500,1,21.114,0,
f1_v2_branch,v2,agent,termo_nome_5ch,name,desc,500,2,22.615,0,
f1_v2_branch,v2,agent,termo_nome_5ch,name,desc,500,3,22.812,0,
f1_v2_branch,v2,agent,termo_nome_5ch,name,desc,500,4,21.86,0,
f1_v2_branch,v2,agent,termo_nome_5ch,name,desc,500,5,23.409,0,
f1_v2_branch,v2,agent,termo_nome_5ch,name,desc,500,6,23.806,0,
f1_v2_branch,v2,agent,termo_nome_5ch,created_at,asc,0,1,21.384,50,380
f1_v2_branch,v2,agent,termo_nome_5ch,created_at,asc,0,2,24.486,50,380
f1_v2_branch,v2,agent,termo_nome_5ch,created_at,asc,0,3,24.034,50,380
f1_v2_branch,v2,agent,termo_nome_5ch,created_at,asc,0,4,22.766,50,380
f1_v2_branch,v2,agent,termo_nome_5ch,created_at,asc,0,5,20.381,50,380
f1_v2_branch,v2,agent,termo_nome_5ch,created_at,asc,0,6,24.727,50,380
f2_v0_idx1,v0,agent,combinado,name,asc,500,3,1.166,0,
f2_v0_idx1,v0,agent,combinado,name,asc,500,4,1.024,0,
f2_v0_idx1,v0,agent,combinado,name,asc,500,5,0.896,0,
f2_v0_idx1,v0,agent,combinado,name,asc,500,6,0.856,0,
f2_v0_idx1,v0,agent,combinado,name,desc,0,1,1.112,1,1
f2_v0_idx1,v0,agent,combinado,name,desc,0,2,0.953,1,1
f2_v0_idx1,v0,agent,combinado,name,desc,0,3,1.023,1,1
f2_v0_idx1,v0,agent,combinado,name,desc,0,4,1.353,1,1
f2_v0_idx1,v0,agent,combinado,name,desc,0,5,1.255,1,1
f2_v0_idx1,v0,agent,combinado,name,desc,0,6,1.657,1,1
f2_v0_idx1,v0,agent,combinado,name,desc,500,1,1.19,0,
f2_v0_idx1,v0,agent,combinado,name,desc,500,2,0.991,0,
f2_v0_idx1,v0,agent,combinado,name,desc,500,3,0.95,0,
f2_v0_idx1,v0,agent,combinado,name,desc,500,4,0.901,0,
f2_v0_idx1,v0,agent,combinado,name,desc,500,5,1.101,0,
f2_v0_idx1,v0,agent,combinado,name,desc,500,6,0.901,0,
f3_v0_idx2,v0,agent,intervalo_data,name,asc,0,4,13.211,50,640
f3_v0_idx2,v0,agent,intervalo_data,name,asc,0,5,12.309,50,640
f2_v0_idx1,v0,agent,combinado,created_at,asc,0,1,1.148,1,1
f2_v0_idx1,v0,agent,combinado,created_at,asc,0,2,1.135,1,1
f2_v0_idx1,v0,agent,combinado,created_at,asc,0,3,1.305,1,1
f2_v0_idx1,v0,agent,combinado,created_at,asc,0,4,1.247,1,1
f3_v0_idx2,v0,agent,intervalo_data,name,asc,0,6,13.632,50,640
f3_v0_idx2,v0,agent,intervalo_data,name,asc,500,1,13.384,50,640
f3_v0_idx2,v0,agent,intervalo_data,name,asc,500,2,12.617,50,640
f3_v0_idx2,v0,agent,intervalo_data,name,asc,500,3,13.137,50,640
f3_v0_idx2,v0,agent,intervalo_data,name,asc,500,4,13.072,50,640
f3_v0_idx2,v0,agent,intervalo_data,name,asc,500,5,13.332,50,640
f3_v0_idx2,v0,agent,intervalo_data,name,asc,500,6,13.226,50,640
f1_v2_branch,v2,agent,termo_nome_5ch,created_at,asc,500,1,20.509,0,
f1_v2_branch,v2,agent,termo_nome_5ch,created_at,asc,500,2,19.738,0,
f1_v2_branch,v2,agent,termo_nome_5ch,created_at,asc,500,3,19.577,0,
f1_v2_branch,v2,agent,termo_nome_5ch,created_at,asc,500,4,19.079,0,
f1_v2_branch,v2,agent,termo_nome_5ch,created_at,asc,500,5,19.132,0,
f1_v2_branch,v2,agent,termo_nome_5ch,created_at,asc,500,6,19.729,0,
f1_v2_branch,v2,agent,termo_nome_5ch,created_at,desc,0,1,20.569,50,380
f1_v2_branch,v2,agent,termo_nome_5ch,created_at,desc,0,2,20.813,50,380
f1_v2_branch,v2,agent,termo_nome_5ch,created_at,desc,0,3,22.645,50,380
f1_v2_branch,v2,agent,termo_nome_5ch,created_at,desc,0,4,24.099,50,380
f1_v2_branch,v2,agent,termo_nome_5ch,created_at,desc,0,5,22.736,50,380
f1_v2_branch,v2,agent,termo_nome_5ch,created_at,desc,0,6,23.008,50,380
f1_v2_branch,v2,agent,termo_nome_5ch,created_at,desc,500,1,25.528,0,
f1_v2_branch,v2,agent,termo_nome_5ch,created_at,desc,500,2,27.247,0,
f1_v2_branch,v2,agent,termo_nome_5ch,created_at,desc,500,3,30.382,0,
f1_v2_branch,v2,agent,termo_nome_5ch,created_at,desc,500,4,24.891,0,
f1_v2_branch,v2,agent,termo_nome_5ch,created_at,desc,500,5,23.384,0,
f1_v2_branch,v2,agent,termo_nome_5ch,created_at,desc,500,6,23.66,0,
f1_v2_branch,v2,agent,termo_nome_5ch,company,asc,0,1,22.27,50,380
f1_v2_branch,v2,agent,termo_nome_5ch,company,asc,0,2,20.534,50,380
f1_v2_branch,v2,agent,termo_nome_5ch,company,asc,0,3,20.937,50,380
f1_v2_branch,v2,agent,termo_nome_5ch,company,asc,0,4,20.808,50,380
f1_v2_branch,v2,agent,termo_nome_5ch,company,asc,0,5,21.629,50,380
f1_v2_branch,v2,agent,termo_nome_5ch,company,asc,0,6,20.442,50,380
f1_v2_branch,v2,agent,termo_nome_5ch,company,asc,500,1,22.035,0,
f1_v2_branch,v2,agent,termo_nome_5ch,company,asc,500,2,19.614,0,
f1_v2_branch,v2,agent,termo_nome_5ch,company,asc,500,3,20.123,0,
f1_v2_branch,v2,agent,termo_nome_5ch,company,asc,500,4,20.077,0,
f1_v2_branch,v2,agent,termo_nome_5ch,company,asc,500,5,20.882,0,
f1_v2_branch,v2,agent,termo_nome_5ch,company,asc,500,6,20.627,0,
f1_v2_branch,v2,agent,termo_nome_5ch,company,desc,0,1,20.294,50,380
f1_v2_branch,v2,agent,termo_nome_5ch,company,desc,0,2,19.928,50,380
f1_v2_branch,v2,agent,termo_nome_5ch,company,desc,0,3,19.597,50,380
f1_v2_branch,v2,agent,termo_nome_5ch,company,desc,0,4,19.176,50,380
f1_v2_branch,v2,agent,termo_nome_5ch,company,desc,0,5,19.505,50,380
f1_v2_branch,v2,agent,termo_nome_5ch,company,desc,0,6,19.341,50,380
f2_v0_idx1,v0,agent,combinado,created_at,asc,0,5,1.161,1,1
f2_v0_idx1,v0,agent,combinado,created_at,asc,0,6,1.073,1,1
f2_v0_idx1,v0,agent,combinado,created_at,asc,500,1,0.921,0,
f2_v0_idx1,v0,agent,combinado,created_at,asc,500,2,0.969,0,
f2_v0_idx1,v0,agent,combinado,created_at,asc,500,3,1.202,0,
f2_v0_idx1,v0,agent,combinado,created_at,asc,500,4,1.065,0,
f2_v0_idx1,v0,agent,combinado,created_at,asc,500,5,1.12,0,
f2_v0_idx1,v0,agent,combinado,created_at,asc,500,6,1.065,0,
f2_v0_idx1,v0,agent,combinado,created_at,desc,0,1,1.122,1,1
f2_v0_idx1,v0,agent,combinado,created_at,desc,0,2,1.112,1,1
f2_v0_idx1,v0,agent,combinado,created_at,desc,0,3,1.049,1,1
f2_v0_idx1,v0,agent,combinado,created_at,desc,0,4,1.133,1,1
f2_v0_idx1,v0,agent,combinado,created_at,desc,0,5,0.958,1,1
f2_v0_idx1,v0,agent,combinado,created_at,desc,0,6,1.067,1,1
f2_v0_idx1,v0,agent,combinado,created_at,desc,500,1,1.231,0,
f2_v0_idx1,v0,agent,combinado,created_at,desc,500,2,1.229,0,
f2_v0_idx1,v0,agent,combinado,created_at,desc,500,3,1.04,0,
f2_v0_idx1,v0,agent,combinado,created_at,desc,500,4,1.159,0,
f2_v0_idx1,v0,agent,combinado,created_at,desc,500,5,1.077,0,
f3_v0_idx2,v0,agent,intervalo_data,name,desc,0,1,14.547,50,640
f3_v0_idx2,v0,agent,intervalo_data,name,desc,0,2,14.527,50,640
f3_v0_idx2,v0,agent,intervalo_data,name,desc,0,3,13.877,50,640
f3_v0_idx2,v0,agent,intervalo_data,name,desc,0,4,13.326,50,640
f3_v0_idx2,v0,agent,intervalo_data,name,desc,0,5,13.016,50,640
f3_v0_idx2,v0,agent,intervalo_data,name,desc,0,6,13.94,50,640
f1_v2_branch,v2,agent,termo_nome_5ch,company,desc,500,1,20.22,0,
f1_v2_branch,v2,agent,termo_nome_5ch,company,desc,500,2,20.467,0,
f1_v2_branch,v2,agent,termo_nome_5ch,company,desc,500,3,22.018,0,
f1_v2_branch,v2,agent,termo_nome_5ch,company,desc,500,4,22.13,0,
f1_v2_branch,v2,agent,termo_nome_5ch,company,desc,500,5,20.281,0,
f1_v2_branch,v2,agent,termo_nome_5ch,company,desc,500,6,20.017,0,
f1_v2_branch,v2,agent,termo_empresa,name,asc,0,1,20.584,50,290
f1_v2_branch,v2,agent,termo_empresa,name,asc,0,2,21.152,50,290
f1_v2_branch,v2,agent,termo_empresa,name,asc,0,3,22.013,50,290
f1_v2_branch,v2,agent,termo_empresa,name,asc,0,4,22.544,50,290
f1_v2_branch,v2,agent,termo_empresa,name,asc,0,5,21.552,50,290
f1_v2_branch,v2,agent,termo_empresa,name,asc,0,6,21.647,50,290
f1_v2_branch,v2,agent,termo_empresa,name,asc,500,1,22.197,0,
f1_v2_branch,v2,agent,termo_empresa,name,asc,500,2,25.604,0,
f1_v2_branch,v2,agent,termo_empresa,name,asc,500,3,23.719,0,
f1_v2_branch,v2,agent,termo_empresa,name,asc,500,4,24.224,0,
f1_v2_branch,v2,agent,termo_empresa,name,asc,500,5,22.898,0,
f1_v2_branch,v2,agent,termo_empresa,name,asc,500,6,21.243,0,
f1_v2_branch,v2,agent,termo_empresa,name,desc,0,1,21.786,50,290
f1_v2_branch,v2,agent,termo_empresa,name,desc,0,2,22.337,50,290
f1_v2_branch,v2,agent,termo_empresa,name,desc,0,3,22.723,50,290
f1_v2_branch,v2,agent,termo_empresa,name,desc,0,4,21.937,50,290
f1_v2_branch,v2,agent,termo_empresa,name,desc,0,5,24.664,50,290
f1_v2_branch,v2,agent,termo_empresa,name,desc,0,6,19.605,50,290
f1_v2_branch,v2,agent,termo_empresa,name,desc,500,1,21.561,0,
f1_v2_branch,v2,agent,termo_empresa,name,desc,500,2,19.423,0,
f1_v2_branch,v2,agent,termo_empresa,name,desc,500,3,18.907,0,
f1_v2_branch,v2,agent,termo_empresa,name,desc,500,4,19.926,0,
f1_v2_branch,v2,agent,termo_empresa,name,desc,500,5,22.469,0,
f1_v2_branch,v2,agent,termo_empresa,name,desc,500,6,22.387,0,
f1_v2_branch,v2,agent,termo_empresa,created_at,asc,0,1,23.868,50,290
f1_v2_branch,v2,agent,termo_empresa,created_at,asc,0,2,22.625,50,290
f1_v2_branch,v2,agent,termo_empresa,created_at,asc,0,3,22.441,50,290
f1_v2_branch,v2,agent,termo_empresa,created_at,asc,0,4,23.072,50,290
f1_v2_branch,v2,agent,termo_empresa,created_at,asc,0,5,25.952,50,290
f1_v2_branch,v2,agent,termo_empresa,created_at,asc,0,6,25.075,50,290
f2_v0_idx1,v0,agent,combinado,created_at,desc,500,6,1.045,0,
f2_v0_idx1,v0,agent,combinado,company,asc,0,1,1.176,1,1
f2_v0_idx1,v0,agent,combinado,company,asc,0,2,1.2,1,1
f2_v0_idx1,v0,agent,combinado,company,asc,0,3,1.216,1,1
f2_v0_idx1,v0,agent,combinado,company,asc,0,4,1.01,1,1
f2_v0_idx1,v0,agent,combinado,company,asc,0,5,0.934,1,1
f2_v0_idx1,v0,agent,combinado,company,asc,0,6,0.945,1,1
f2_v0_idx1,v0,agent,combinado,company,asc,500,1,0.977,0,
f2_v0_idx1,v0,agent,combinado,company,asc,500,2,1.046,0,
f2_v0_idx1,v0,agent,combinado,company,asc,500,3,1.009,0,
f2_v0_idx1,v0,agent,combinado,company,asc,500,4,0.863,0,
f2_v0_idx1,v0,agent,combinado,company,asc,500,5,1.071,0,
f2_v0_idx1,v0,agent,combinado,company,asc,500,6,1.578,0,
f2_v0_idx1,v0,agent,combinado,company,desc,0,1,1.295,1,1
f2_v0_idx1,v0,agent,combinado,company,desc,0,2,1.284,1,1
f2_v0_idx1,v0,agent,combinado,company,desc,0,3,1.165,1,1
f2_v0_idx1,v0,agent,combinado,company,desc,0,4,1.14,1,1
f2_v0_idx1,v0,agent,combinado,company,desc,0,5,1.045,1,1
f2_v0_idx1,v0,agent,combinado,company,desc,0,6,1.039,1,1
f3_v0_idx2,v0,agent,intervalo_data,name,desc,500,1,13.721,50,640
f3_v0_idx2,v0,agent,intervalo_data,name,desc,500,2,12.975,50,640
f3_v0_idx2,v0,agent,intervalo_data,name,desc,500,3,14.048,50,640
f3_v0_idx2,v0,agent,intervalo_data,name,desc,500,4,14.368,50,640
f3_v0_idx2,v0,agent,intervalo_data,name,desc,500,5,14.042,50,640
f3_v0_idx2,v0,agent,intervalo_data,name,desc,500,6,14.129,50,640
f3_v0_idx2,v0,agent,intervalo_data,created_at,asc,0,1,14.863,50,640
f3_v0_idx2,v0,agent,intervalo_data,created_at,asc,0,2,13.546,50,640
f3_v0_idx2,v0,agent,intervalo_data,created_at,asc,0,3,13.602,50,640
f1_v2_branch,v2,agent,termo_empresa,created_at,asc,500,1,21.541,0,
f1_v2_branch,v2,agent,termo_empresa,created_at,asc,500,2,19.82,0,
f1_v2_branch,v2,agent,termo_empresa,created_at,asc,500,3,20.789,0,
f1_v2_branch,v2,agent,termo_empresa,created_at,asc,500,4,21,0,
f1_v2_branch,v2,agent,termo_empresa,created_at,asc,500,5,27.17,0,
f1_v2_branch,v2,agent,termo_empresa,created_at,asc,500,6,29.28,0,
f1_v2_branch,v2,agent,termo_empresa,created_at,desc,0,1,24.338,50,290
f1_v2_branch,v2,agent,termo_empresa,created_at,desc,0,2,21.691,50,290
f1_v2_branch,v2,agent,termo_empresa,created_at,desc,0,3,20.906,50,290
f1_v2_branch,v2,agent,termo_empresa,created_at,desc,0,4,20.417,50,290
f1_v2_branch,v2,agent,termo_empresa,created_at,desc,0,5,21.081,50,290
f1_v2_branch,v2,agent,termo_empresa,created_at,desc,0,6,20.312,50,290
f1_v2_branch,v2,agent,termo_empresa,created_at,desc,500,1,20.508,0,
f1_v2_branch,v2,agent,termo_empresa,created_at,desc,500,2,19.536,0,
f1_v2_branch,v2,agent,termo_empresa,created_at,desc,500,3,21.121,0,
f1_v2_branch,v2,agent,termo_empresa,created_at,desc,500,4,20.418,0,
f1_v2_branch,v2,agent,termo_empresa,created_at,desc,500,5,20.618,0,
f1_v2_branch,v2,agent,termo_empresa,created_at,desc,500,6,20.25,0,
f1_v2_branch,v2,agent,termo_empresa,company,asc,0,1,20.059,50,290
f1_v2_branch,v2,agent,termo_empresa,company,asc,0,2,20.703,50,290
f1_v2_branch,v2,agent,termo_empresa,company,asc,0,3,22.211,50,290
f1_v2_branch,v2,agent,termo_empresa,company,asc,0,4,20.427,50,290
f1_v2_branch,v2,agent,termo_empresa,company,asc,0,5,20.909,50,290
f1_v2_branch,v2,agent,termo_empresa,company,asc,0,6,20.064,50,290
f1_v2_branch,v2,agent,termo_empresa,company,asc,500,1,21.127,0,
f1_v2_branch,v2,agent,termo_empresa,company,asc,500,2,22.107,0,
f1_v2_branch,v2,agent,termo_empresa,company,asc,500,3,20.033,0,
f1_v2_branch,v2,agent,termo_empresa,company,asc,500,4,21.266,0,
f1_v2_branch,v2,agent,termo_empresa,company,asc,500,5,20.249,0,
f1_v2_branch,v2,agent,termo_empresa,company,asc,500,6,20.49,0,
f1_v2_branch,v2,agent,termo_empresa,company,desc,0,1,19.856,50,290
f1_v2_branch,v2,agent,termo_empresa,company,desc,0,2,22.927,50,290
f1_v2_branch,v2,agent,termo_empresa,company,desc,0,3,22.502,50,290
f1_v2_branch,v2,agent,termo_empresa,company,desc,0,4,21.435,50,290
f1_v2_branch,v2,agent,termo_empresa,company,desc,0,5,22.851,50,290
f1_v2_branch,v2,agent,termo_empresa,company,desc,0,6,21.098,50,290
f1_v2_branch,v2,agent,termo_empresa,company,desc,500,1,24.487,0,
f1_v2_branch,v2,agent,termo_empresa,company,desc,500,2,21.898,0,
f2_v0_idx1,v0,agent,combinado,company,desc,500,1,1.044,0,
f2_v0_idx1,v0,agent,combinado,company,desc,500,2,1.133,0,
f2_v0_idx1,v0,agent,combinado,company,desc,500,3,1.63,0,
f2_v0_idx1,v0,agent,combinado,company,desc,500,4,1.323,0,
f2_v0_idx1,v0,agent,combinado,company,desc,500,5,2.104,0,
f2_v0_idx1,v0,agent,combinado,company,desc,500,6,1.341,0,
f2_v0_idx1,v0,agent,termo_nome_2ch,name,asc,0,1,26.708,50,587
f2_v0_idx1,v0,agent,termo_nome_2ch,name,asc,0,2,25.466,50,587
f2_v0_idx1,v0,agent,termo_nome_2ch,name,asc,0,3,25.343,50,587
f2_v0_idx1,v0,agent,termo_nome_2ch,name,asc,0,4,26.609,50,587
f2_v0_idx1,v0,agent,termo_nome_2ch,name,asc,0,5,26.028,50,587
f2_v0_idx1,v0,agent,termo_nome_2ch,name,asc,0,6,26.867,50,587
f2_v0_idx1,v0,agent,termo_nome_2ch,name,asc,500,1,28.293,50,587
f2_v0_idx1,v0,agent,termo_nome_2ch,name,asc,500,2,29.065,50,587
f2_v0_idx1,v0,agent,termo_nome_2ch,name,asc,500,3,26.333,50,587
f2_v0_idx1,v0,agent,termo_nome_2ch,name,asc,500,4,26.51,50,587
f2_v0_idx1,v0,agent,termo_nome_2ch,name,asc,500,5,23.366,50,587
f2_v0_idx1,v0,agent,termo_nome_2ch,name,asc,500,6,25.458,50,587
f3_v0_idx2,v0,agent,intervalo_data,created_at,asc,0,4,13.945,50,640
f3_v0_idx2,v0,agent,intervalo_data,created_at,asc,0,5,13.174,50,640
f3_v0_idx2,v0,agent,intervalo_data,created_at,asc,0,6,14.352,50,640
f3_v0_idx2,v0,agent,intervalo_data,created_at,asc,500,1,13.157,50,640
f3_v0_idx2,v0,agent,intervalo_data,created_at,asc,500,2,13.142,50,640
f3_v0_idx2,v0,agent,intervalo_data,created_at,asc,500,3,13.1,50,640
f3_v0_idx2,v0,agent,intervalo_data,created_at,asc,500,4,12.956,50,640
f3_v0_idx2,v0,agent,intervalo_data,created_at,asc,500,5,12.957,50,640
f3_v0_idx2,v0,agent,intervalo_data,created_at,asc,500,6,13.283,50,640
f1_v2_branch,v2,agent,termo_empresa,company,desc,500,3,21.898,0,
f1_v2_branch,v2,agent,termo_empresa,company,desc,500,4,19.865,0,
f1_v2_branch,v2,agent,termo_empresa,company,desc,500,5,20.14,0,
f1_v2_branch,v2,agent,termo_empresa,company,desc,500,6,21.063,0,
f1_v2_branch,v2,agent,filtro_tipo,name,asc,0,1,11.69,50,536
f1_v2_branch,v2,agent,filtro_tipo,name,asc,0,2,12.269,50,536
f1_v2_branch,v2,agent,filtro_tipo,name,asc,0,3,11.77,50,536
f1_v2_branch,v2,agent,filtro_tipo,name,asc,0,4,11.338,50,536
f1_v2_branch,v2,agent,filtro_tipo,name,asc,0,5,11.286,50,536
f1_v2_branch,v2,agent,filtro_tipo,name,asc,0,6,12.118,50,536
f1_v2_branch,v2,agent,filtro_tipo,name,asc,500,1,11.718,36,536
f1_v2_branch,v2,agent,filtro_tipo,name,asc,500,2,11.111,36,536
f1_v2_branch,v2,agent,filtro_tipo,name,asc,500,3,13.259,36,536
f1_v2_branch,v2,agent,filtro_tipo,name,asc,500,4,11.97,36,536
f1_v2_branch,v2,agent,filtro_tipo,name,asc,500,5,12.057,36,536
f1_v2_branch,v2,agent,filtro_tipo,name,asc,500,6,11.338,36,536
f1_v2_branch,v2,agent,filtro_tipo,name,desc,0,1,12.331,50,536
f1_v2_branch,v2,agent,filtro_tipo,name,desc,0,2,13.106,50,536
f1_v2_branch,v2,agent,filtro_tipo,name,desc,0,3,15.954,50,536
f1_v2_branch,v2,agent,filtro_tipo,name,desc,0,4,12.676,50,536
f1_v2_branch,v2,agent,filtro_tipo,name,desc,0,5,13.911,50,536
f1_v2_branch,v2,agent,filtro_tipo,name,desc,0,6,14.464,50,536
f1_v2_branch,v2,agent,filtro_tipo,name,desc,500,1,13.524,36,536
f1_v2_branch,v2,agent,filtro_tipo,name,desc,500,2,13.738,36,536
f1_v2_branch,v2,agent,filtro_tipo,name,desc,500,3,13.459,36,536
f1_v2_branch,v2,agent,filtro_tipo,name,desc,500,4,12.942,36,536
f1_v2_branch,v2,agent,filtro_tipo,name,desc,500,5,14.423,36,536
f1_v2_branch,v2,agent,filtro_tipo,name,desc,500,6,13.279,36,536
f1_v2_branch,v2,agent,filtro_tipo,created_at,asc,0,1,11.737,50,536
f1_v2_branch,v2,agent,filtro_tipo,created_at,asc,0,2,12.541,50,536
f1_v2_branch,v2,agent,filtro_tipo,created_at,asc,0,3,12.461,50,536
f1_v2_branch,v2,agent,filtro_tipo,created_at,asc,0,4,12.686,50,536
f1_v2_branch,v2,agent,filtro_tipo,created_at,asc,0,5,11.176,50,536
f1_v2_branch,v2,agent,filtro_tipo,created_at,asc,0,6,11.936,50,536
f1_v2_branch,v2,agent,filtro_tipo,created_at,asc,500,1,13.473,36,536
f1_v2_branch,v2,agent,filtro_tipo,created_at,asc,500,2,12.253,36,536
f1_v2_branch,v2,agent,filtro_tipo,created_at,asc,500,3,12.439,36,536
f1_v2_branch,v2,agent,filtro_tipo,created_at,asc,500,4,11.606,36,536
f1_v2_branch,v2,agent,filtro_tipo,created_at,asc,500,5,13.093,36,536
f1_v2_branch,v2,agent,filtro_tipo,created_at,asc,500,6,13.492,36,536
f2_v0_idx1,v0,agent,termo_nome_2ch,name,desc,0,1,25.028,50,587
f2_v0_idx1,v0,agent,termo_nome_2ch,name,desc,0,2,24.072,50,587
f2_v0_idx1,v0,agent,termo_nome_2ch,name,desc,0,3,23.023,50,587
f2_v0_idx1,v0,agent,termo_nome_2ch,name,desc,0,4,22.716,50,587
f2_v0_idx1,v0,agent,termo_nome_2ch,name,desc,0,5,23.433,50,587
f2_v0_idx1,v0,agent,termo_nome_2ch,name,desc,0,6,24.976,50,587
f2_v0_idx1,v0,agent,termo_nome_2ch,name,desc,500,1,26.235,50,587
f2_v0_idx1,v0,agent,termo_nome_2ch,name,desc,500,2,25.561,50,587
f2_v0_idx1,v0,agent,termo_nome_2ch,name,desc,500,3,27.784,50,587
f2_v0_idx1,v0,agent,termo_nome_2ch,name,desc,500,4,27.648,50,587
f2_v0_idx1,v0,agent,termo_nome_2ch,name,desc,500,5,25.581,50,587
f2_v0_idx1,v0,agent,termo_nome_2ch,name,desc,500,6,26.447,50,587
f2_v0_idx1,v0,agent,termo_nome_2ch,created_at,asc,0,1,23.025,50,587
f2_v0_idx1,v0,agent,termo_nome_2ch,created_at,asc,0,2,23.294,50,587
f2_v0_idx1,v0,agent,termo_nome_2ch,created_at,asc,0,3,22.913,50,587
f3_v0_idx2,v0,agent,intervalo_data,created_at,desc,0,1,12.549,50,640
f3_v0_idx2,v0,agent,intervalo_data,created_at,desc,0,2,13.095,50,640
f3_v0_idx2,v0,agent,intervalo_data,created_at,desc,0,3,14.971,50,640
f3_v0_idx2,v0,agent,intervalo_data,created_at,desc,0,4,19.511,50,640
f3_v0_idx2,v0,agent,intervalo_data,created_at,desc,0,5,13.395,50,640
f3_v0_idx2,v0,agent,intervalo_data,created_at,desc,0,6,13.074,50,640
f1_v2_branch,v2,agent,filtro_tipo,created_at,desc,0,1,13.217,50,536
f1_v2_branch,v2,agent,filtro_tipo,created_at,desc,0,2,13.044,50,536
f1_v2_branch,v2,agent,filtro_tipo,created_at,desc,0,3,12.453,50,536
f1_v2_branch,v2,agent,filtro_tipo,created_at,desc,0,4,11.72,50,536
f1_v2_branch,v2,agent,filtro_tipo,created_at,desc,0,5,11.707,50,536
f1_v2_branch,v2,agent,filtro_tipo,created_at,desc,0,6,11.71,50,536
f1_v2_branch,v2,agent,filtro_tipo,created_at,desc,500,1,13.936,36,536
f1_v2_branch,v2,agent,filtro_tipo,created_at,desc,500,2,12.482,36,536
f1_v2_branch,v2,agent,filtro_tipo,created_at,desc,500,3,12.65,36,536
f1_v2_branch,v2,agent,filtro_tipo,created_at,desc,500,4,12.86,36,536
f1_v2_branch,v2,agent,filtro_tipo,created_at,desc,500,5,13.035,36,536
f1_v2_branch,v2,agent,filtro_tipo,created_at,desc,500,6,13.033,36,536
f1_v2_branch,v2,agent,filtro_tipo,company,asc,0,1,12.79,50,536
f1_v2_branch,v2,agent,filtro_tipo,company,asc,0,2,12.416,50,536
f1_v2_branch,v2,agent,filtro_tipo,company,asc,0,3,13.392,50,536
f1_v2_branch,v2,agent,filtro_tipo,company,asc,0,4,12.968,50,536
f1_v2_branch,v2,agent,filtro_tipo,company,asc,0,5,12.279,50,536
f1_v2_branch,v2,agent,filtro_tipo,company,asc,0,6,12.138,50,536
f1_v2_branch,v2,agent,filtro_tipo,company,asc,500,1,13.472,36,536
f1_v2_branch,v2,agent,filtro_tipo,company,asc,500,2,14.477,36,536
f1_v2_branch,v2,agent,filtro_tipo,company,asc,500,3,14.124,36,536
f1_v2_branch,v2,agent,filtro_tipo,company,asc,500,4,14.346,36,536
f1_v2_branch,v2,agent,filtro_tipo,company,asc,500,5,13.224,36,536
f1_v2_branch,v2,agent,filtro_tipo,company,asc,500,6,13.051,36,536
f1_v2_branch,v2,agent,filtro_tipo,company,desc,0,1,14.048,50,536
f1_v2_branch,v2,agent,filtro_tipo,company,desc,0,2,12.648,50,536
f1_v2_branch,v2,agent,filtro_tipo,company,desc,0,3,13.535,50,536
f1_v2_branch,v2,agent,filtro_tipo,company,desc,0,4,13.467,50,536
f1_v2_branch,v2,agent,filtro_tipo,company,desc,0,5,12.951,50,536
f1_v2_branch,v2,agent,filtro_tipo,company,desc,0,6,13.144,50,536
f1_v2_branch,v2,agent,filtro_tipo,company,desc,500,1,12.95,36,536
f1_v2_branch,v2,agent,filtro_tipo,company,desc,500,2,13.946,36,536
f1_v2_branch,v2,agent,filtro_tipo,company,desc,500,3,13.769,36,536
f1_v2_branch,v2,agent,filtro_tipo,company,desc,500,4,13.611,36,536
f1_v2_branch,v2,agent,filtro_tipo,company,desc,500,5,13.557,36,536
f1_v2_branch,v2,agent,filtro_tipo,company,desc,500,6,13.706,36,536
f2_v0_idx1,v0,agent,termo_nome_2ch,created_at,asc,0,4,23.187,50,587
f2_v0_idx1,v0,agent,termo_nome_2ch,created_at,asc,0,5,23.029,50,587
f2_v0_idx1,v0,agent,termo_nome_2ch,created_at,asc,0,6,26.238,50,587
f2_v0_idx1,v0,agent,termo_nome_2ch,created_at,asc,500,1,27.681,50,587
f2_v0_idx1,v0,agent,termo_nome_2ch,created_at,asc,500,2,27.252,50,587
f2_v0_idx1,v0,agent,termo_nome_2ch,created_at,asc,500,3,26.933,50,587
f2_v0_idx1,v0,agent,termo_nome_2ch,created_at,asc,500,4,26.501,50,587
f2_v0_idx1,v0,agent,termo_nome_2ch,created_at,asc,500,5,26.93,50,587
f2_v0_idx1,v0,agent,termo_nome_2ch,created_at,asc,500,6,23.169,50,587
f2_v0_idx1,v0,agent,termo_nome_2ch,created_at,desc,0,1,24.917,50,587
f2_v0_idx1,v0,agent,termo_nome_2ch,created_at,desc,0,2,24.177,50,587
f2_v0_idx1,v0,agent,termo_nome_2ch,created_at,desc,0,3,24.102,50,587
f2_v0_idx1,v0,agent,termo_nome_2ch,created_at,desc,0,4,22.865,50,587
f2_v0_idx1,v0,agent,termo_nome_2ch,created_at,desc,0,5,22.594,50,587
f2_v0_idx1,v0,agent,termo_nome_2ch,created_at,desc,0,6,24.707,50,587
f3_v0_idx2,v0,agent,intervalo_data,created_at,desc,500,1,13.098,50,640
f2_v0_idx1,v0,agent,termo_nome_2ch,created_at,desc,500,1,22.381,50,587
f2_v0_idx1,v0,agent,termo_nome_2ch,created_at,desc,500,2,24.174,50,587
f2_v0_idx1,v0,agent,termo_nome_2ch,created_at,desc,500,3,24.306,50,587
f3_v0_idx2,v0,agent,intervalo_data,created_at,desc,500,2,13.141,50,640
f3_v0_idx2,v0,agent,intervalo_data,created_at,desc,500,3,13.346,50,640
f3_v0_idx2,v0,agent,intervalo_data,created_at,desc,500,4,14.121,50,640
f3_v0_idx2,v0,agent,intervalo_data,created_at,desc,500,5,14.828,50,640
f3_v0_idx2,v0,agent,intervalo_data,created_at,desc,500,6,15.858,50,640
f3_v0_idx2,v0,agent,intervalo_data,company,asc,0,1,14.531,50,640
f3_v0_idx2,v0,agent,intervalo_data,company,asc,0,2,14.544,50,640
f3_v0_idx2,v0,agent,intervalo_data,company,asc,0,3,13.853,50,640
f1_v2_branch,v2,agent,filtro_tag,name,asc,0,5,7.203,50,241
f1_v2_branch,v2,agent,filtro_tag,name,asc,0,1,7.207,50,241
f1_v2_branch,v2,agent,filtro_tag,name,asc,0,2,7.244,50,241
f1_v2_branch,v2,agent,filtro_tag,name,asc,0,3,7.518,50,241
f1_v2_branch,v2,agent,filtro_tag,name,asc,0,4,8.353,50,241
f1_v2_branch,v2,agent,filtro_tag,name,asc,0,6,7.773,50,241
f1_v2_branch,v2,agent,filtro_tag,name,asc,500,1,7.92,0,
f1_v2_branch,v2,agent,filtro_tag,name,asc,500,2,7.053,0,
f1_v2_branch,v2,agent,filtro_tag,name,asc,500,3,6.991,0,
f1_v2_branch,v2,agent,filtro_tag,name,asc,500,4,6.775,0,
f1_v2_branch,v2,agent,filtro_tag,name,asc,500,5,6.76,0,
f1_v2_branch,v2,agent,filtro_tag,name,asc,500,6,6.429,0,
f1_v2_branch,v2,agent,filtro_tag,name,desc,0,1,6.742,50,241
f1_v2_branch,v2,agent,filtro_tag,name,desc,0,2,6.485,50,241
f1_v2_branch,v2,agent,filtro_tag,name,desc,0,3,6.947,50,241
f1_v2_branch,v2,agent,filtro_tag,name,desc,0,4,6.812,50,241
f1_v2_branch,v2,agent,filtro_tag,name,desc,0,5,6.71,50,241
f1_v2_branch,v2,agent,filtro_tag,name,desc,0,6,6.471,50,241
f1_v2_branch,v2,agent,filtro_tag,name,desc,500,1,6.882,0,
f1_v2_branch,v2,agent,filtro_tag,name,desc,500,2,6.813,0,
f1_v2_branch,v2,agent,filtro_tag,name,desc,500,3,7.221,0,
f1_v2_branch,v2,agent,filtro_tag,name,desc,500,4,6.733,0,
f1_v2_branch,v2,agent,filtro_tag,name,desc,500,5,7.291,0,
f1_v2_branch,v2,agent,filtro_tag,name,desc,500,6,6.806,0,
f1_v2_branch,v2,agent,filtro_tag,created_at,asc,0,1,6.652,50,241
f1_v2_branch,v2,agent,filtro_tag,created_at,asc,0,2,6.346,50,241
f1_v2_branch,v2,agent,filtro_tag,created_at,asc,0,3,6.444,50,241
f1_v2_branch,v2,agent,filtro_tag,created_at,asc,0,4,6.42,50,241
f1_v2_branch,v2,agent,filtro_tag,created_at,asc,0,5,6.497,50,241
f1_v2_branch,v2,agent,filtro_tag,created_at,asc,0,6,6.462,50,241
f1_v2_branch,v2,agent,filtro_tag,created_at,asc,500,1,6.262,0,
f1_v2_branch,v2,agent,filtro_tag,created_at,asc,500,2,6.693,0,
f1_v2_branch,v2,agent,filtro_tag,created_at,asc,500,3,6.082,0,
f1_v2_branch,v2,agent,filtro_tag,created_at,asc,500,4,6.331,0,
f1_v2_branch,v2,agent,filtro_tag,created_at,asc,500,5,6.494,0,
f1_v2_branch,v2,agent,filtro_tag,created_at,asc,500,6,6.758,0,
f2_v0_idx1,v0,agent,termo_nome_2ch,created_at,desc,500,4,24.108,50,587
f2_v0_idx1,v0,agent,termo_nome_2ch,created_at,desc,500,5,25.143,50,587
f1_v2_branch,v2,agent,filtro_tag,created_at,desc,0,1,6.694,50,241
f1_v2_branch,v2,agent,filtro_tag,created_at,desc,0,2,6.703,50,241
f1_v2_branch,v2,agent,filtro_tag,created_at,desc,0,3,6.656,50,241
f1_v2_branch,v2,agent,filtro_tag,created_at,desc,0,4,6.986,50,241
f2_v0_idx1,v0,agent,termo_nome_2ch,created_at,desc,500,6,24.765,50,587
f2_v0_idx1,v0,agent,termo_nome_2ch,company,asc,0,1,23.922,50,587
f2_v0_idx1,v0,agent,termo_nome_2ch,company,asc,0,2,23.041,50,587
f2_v0_idx1,v0,agent,termo_nome_2ch,company,asc,0,3,24.146,50,587
f2_v0_idx1,v0,agent,termo_nome_2ch,company,asc,0,4,23,50,587
f2_v0_idx1,v0,agent,termo_nome_2ch,company,asc,0,5,25.996,50,587
f2_v0_idx1,v0,agent,termo_nome_2ch,company,asc,0,6,24.08,50,587
f2_v0_idx1,v0,agent,termo_nome_2ch,company,asc,500,1,24.339,50,587
f2_v0_idx1,v0,agent,termo_nome_2ch,company,asc,500,2,25.178,50,587
f2_v0_idx1,v0,agent,termo_nome_2ch,company,asc,500,3,25.041,50,587
f2_v0_idx1,v0,agent,termo_nome_2ch,company,asc,500,4,23.518,50,587
f2_v0_idx1,v0,agent,termo_nome_2ch,company,asc,500,5,25.416,50,587
f2_v0_idx1,v0,agent,termo_nome_2ch,company,asc,500,6,24.055,50,587
f3_v0_idx2,v0,agent,intervalo_data,company,asc,0,4,14.053,50,640
f3_v0_idx2,v0,agent,intervalo_data,company,asc,0,5,13.508,50,640
f3_v0_idx2,v0,agent,intervalo_data,company,asc,0,6,13.181,50,640
f2_v0_idx1,v0,agent,termo_nome_2ch,company,desc,0,1,22.834,50,587
f2_v0_idx1,v0,agent,termo_nome_2ch,company,desc,0,2,23.903,50,587
f3_v0_idx2,v0,agent,intervalo_data,company,asc,500,1,14.039,50,640
f3_v0_idx2,v0,agent,intervalo_data,company,asc,500,2,13.112,50,640
f3_v0_idx2,v0,agent,intervalo_data,company,asc,500,3,12.423,50,640
f3_v0_idx2,v0,agent,intervalo_data,company,asc,500,4,13.232,50,640
f3_v0_idx2,v0,agent,intervalo_data,company,asc,500,5,12.527,50,640
f3_v0_idx2,v0,agent,intervalo_data,company,asc,500,6,12.384,50,640
f1_v2_branch,v2,agent,filtro_tag,created_at,desc,0,5,6.485,50,241
f1_v2_branch,v2,agent,filtro_tag,created_at,desc,0,6,6.642,50,241
f1_v2_branch,v2,agent,filtro_tag,created_at,desc,500,1,6.429,0,
f1_v2_branch,v2,agent,filtro_tag,created_at,desc,500,2,6.527,0,
f1_v2_branch,v2,agent,filtro_tag,created_at,desc,500,3,6.741,0,
f1_v2_branch,v2,agent,filtro_tag,created_at,desc,500,4,6.45,0,
f1_v2_branch,v2,agent,filtro_tag,created_at,desc,500,5,6.942,0,
f1_v2_branch,v2,agent,filtro_tag,created_at,desc,500,6,6.721,0,
f1_v2_branch,v2,agent,filtro_tag,company,asc,0,1,6.624,50,241
f1_v2_branch,v2,agent,filtro_tag,company,asc,0,2,6.309,50,241
f1_v2_branch,v2,agent,filtro_tag,company,asc,0,3,6.273,50,241
f1_v2_branch,v2,agent,filtro_tag,company,asc,0,4,6.579,50,241
f1_v2_branch,v2,agent,filtro_tag,company,asc,0,5,7.347,50,241
f1_v2_branch,v2,agent,filtro_tag,company,asc,0,6,10.381,50,241
f1_v2_branch,v2,agent,filtro_tag,company,asc,500,1,7.997,0,
f1_v2_branch,v2,agent,filtro_tag,company,asc,500,2,8.595,0,
f1_v2_branch,v2,agent,filtro_tag,company,asc,500,3,7.657,0,
f1_v2_branch,v2,agent,filtro_tag,company,asc,500,4,7.994,0,
f1_v2_branch,v2,agent,filtro_tag,company,asc,500,5,7.004,0,
f1_v2_branch,v2,agent,filtro_tag,company,asc,500,6,7.522,0,
f1_v2_branch,v2,agent,filtro_tag,company,desc,0,1,6.75,50,241
f1_v2_branch,v2,agent,filtro_tag,company,desc,0,2,7.638,50,241
f1_v2_branch,v2,agent,filtro_tag,company,desc,0,3,7.425,50,241
f1_v2_branch,v2,agent,filtro_tag,company,desc,0,4,8.033,50,241
f1_v2_branch,v2,agent,filtro_tag,company,desc,0,5,9.176,50,241
f1_v2_branch,v2,agent,filtro_tag,company,desc,0,6,7.293,50,241
f1_v2_branch,v2,agent,filtro_tag,company,desc,500,1,7.74,0,
f1_v2_branch,v2,agent,filtro_tag,company,desc,500,2,7.065,0,
f1_v2_branch,v2,agent,filtro_tag,company,desc,500,3,7.322,0,
f1_v2_branch,v2,agent,filtro_tag,company,desc,500,4,6.923,0,
f1_v2_branch,v2,agent,filtro_tag,company,desc,500,5,7.486,0,
f1_v2_branch,v2,agent,filtro_tag,company,desc,500,6,7.306,0,
f1_v2_branch,v2,agent,intervalo_data,name,asc,0,1,14.691,50,640
f1_v2_branch,v2,agent,intervalo_data,name,asc,0,2,15.302,50,640
f1_v2_branch,v2,agent,intervalo_data,name,asc,0,3,14.572,50,640
f1_v2_branch,v2,agent,intervalo_data,name,asc,0,4,15.543,50,640
f1_v2_branch,v2,agent,intervalo_data,name,asc,0,5,14.244,50,640
f1_v2_branch,v2,agent,intervalo_data,name,asc,0,6,14.473,50,640
f2_v0_idx1,v0,agent,termo_nome_2ch,company,desc,0,3,23.624,50,587
f2_v0_idx1,v0,agent,termo_nome_2ch,company,desc,0,4,24.396,50,587
f2_v0_idx1,v0,agent,termo_nome_2ch,company,desc,0,5,27.203,50,587
f2_v0_idx1,v0,agent,termo_nome_2ch,company,desc,0,6,25.129,50,587
f2_v0_idx1,v0,agent,termo_nome_2ch,company,desc,500,1,26.905,50,587
f2_v0_idx1,v0,agent,termo_nome_2ch,company,desc,500,2,24.493,50,587
f2_v0_idx1,v0,agent,termo_nome_2ch,company,desc,500,3,24.983,50,587
f2_v0_idx1,v0,agent,termo_nome_2ch,company,desc,500,4,25.523,50,587
f2_v0_idx1,v0,agent,termo_nome_2ch,company,desc,500,5,24.497,50,587
f2_v0_idx1,v0,agent,termo_nome_2ch,company,desc,500,6,25.322,50,587
f2_v0_idx1,v0,agent,termo_nome_3ch,name,asc,0,1,25.56,50,428
f2_v0_idx1,v0,agent,termo_nome_3ch,name,asc,0,2,22.823,50,428
f2_v0_idx1,v0,agent,termo_nome_3ch,name,asc,0,3,20.558,50,428
f2_v0_idx1,v0,agent,termo_nome_3ch,name,asc,0,4,21.66,50,428
f2_v0_idx1,v0,agent,termo_nome_3ch,name,asc,0,5,20.615,50,428
f2_v0_idx1,v0,agent,termo_nome_3ch,name,asc,0,6,22.437,50,428
f2_v0_idx1,v0,agent,termo_nome_3ch,name,asc,500,1,20.809,0,
f2_v0_idx1,v0,agent,termo_nome_3ch,name,asc,500,2,26.611,0,
f2_v0_idx1,v0,agent,termo_nome_3ch,name,asc,500,3,28.162,0,
f3_v0_idx2,v0,agent,intervalo_data,company,desc,0,1,16.997,50,640
f3_v0_idx2,v0,agent,intervalo_data,company,desc,0,2,12.406,50,640
f3_v0_idx2,v0,agent,intervalo_data,company,desc,0,3,12.707,50,640
f3_v0_idx2,v0,agent,intervalo_data,company,desc,0,4,13.945,50,640
f3_v0_idx2,v0,agent,intervalo_data,company,desc,0,5,13.94,50,640
f3_v0_idx2,v0,agent,intervalo_data,company,desc,0,6,12.981,50,640
f1_v2_branch,v2,agent,intervalo_data,name,asc,500,1,14.565,50,640
f1_v2_branch,v2,agent,intervalo_data,name,asc,500,2,15.991,50,640
f1_v2_branch,v2,agent,intervalo_data,name,asc,500,3,14.646,50,640
f1_v2_branch,v2,agent,intervalo_data,name,asc,500,4,14.382,50,640
f1_v2_branch,v2,agent,intervalo_data,name,asc,500,5,13.018,50,640
f1_v2_branch,v2,agent,intervalo_data,name,asc,500,6,13.264,50,640
f1_v2_branch,v2,agent,intervalo_data,name,desc,0,1,13.586,50,640
f1_v2_branch,v2,agent,intervalo_data,name,desc,0,2,12.747,50,640
f1_v2_branch,v2,agent,intervalo_data,name,desc,0,3,12.691,50,640
f1_v2_branch,v2,agent,intervalo_data,name,desc,0,4,11.733,50,640
f1_v2_branch,v2,agent,intervalo_data,name,desc,0,5,12.831,50,640
f1_v2_branch,v2,agent,intervalo_data,name,desc,0,6,12.021,50,640
f1_v2_branch,v2,agent,intervalo_data,name,desc,500,1,13.101,50,640
f1_v2_branch,v2,agent,intervalo_data,name,desc,500,2,13.64,50,640
f1_v2_branch,v2,agent,intervalo_data,name,desc,500,3,12.899,50,640
f1_v2_branch,v2,agent,intervalo_data,name,desc,500,4,13.399,50,640
f1_v2_branch,v2,agent,intervalo_data,name,desc,500,5,14.402,50,640
f1_v2_branch,v2,agent,intervalo_data,name,desc,500,6,13.74,50,640
f1_v2_branch,v2,agent,intervalo_data,created_at,asc,0,1,13.081,50,640
f1_v2_branch,v2,agent,intervalo_data,created_at,asc,0,2,14.796,50,640
f1_v2_branch,v2,agent,intervalo_data,created_at,asc,0,3,13.313,50,640
f1_v2_branch,v2,agent,intervalo_data,created_at,asc,0,4,14.015,50,640
f1_v2_branch,v2,agent,intervalo_data,created_at,asc,0,5,13.238,50,640
f1_v2_branch,v2,agent,intervalo_data,created_at,asc,0,6,12.907,50,640
f1_v2_branch,v2,agent,intervalo_data,created_at,asc,500,1,13.832,50,640
f1_v2_branch,v2,agent,intervalo_data,created_at,asc,500,2,12.381,50,640
f1_v2_branch,v2,agent,intervalo_data,created_at,asc,500,3,12.864,50,640
f1_v2_branch,v2,agent,intervalo_data,created_at,asc,500,4,12.882,50,640
f1_v2_branch,v2,agent,intervalo_data,created_at,asc,500,5,12.467,50,640
f1_v2_branch,v2,agent,intervalo_data,created_at,asc,500,6,13.017,50,640
f1_v2_branch,v2,agent,intervalo_data,created_at,desc,0,1,12.676,50,640
f1_v2_branch,v2,agent,intervalo_data,created_at,desc,0,2,12.205,50,640
f1_v2_branch,v2,agent,intervalo_data,created_at,desc,0,3,13.04,50,640
f1_v2_branch,v2,agent,intervalo_data,created_at,desc,0,4,12.764,50,640
f1_v2_branch,v2,agent,intervalo_data,created_at,desc,0,5,13.064,50,640
f1_v2_branch,v2,agent,intervalo_data,created_at,desc,0,6,12.896,50,640
f2_v0_idx1,v0,agent,termo_nome_3ch,name,asc,500,4,25.714,0,
f2_v0_idx1,v0,agent,termo_nome_3ch,name,asc,500,5,27.848,0,
f2_v0_idx1,v0,agent,termo_nome_3ch,name,asc,500,6,25.381,0,
f2_v0_idx1,v0,agent,termo_nome_3ch,name,desc,0,1,28.836,50,428
f2_v0_idx1,v0,agent,termo_nome_3ch,name,desc,0,2,23.688,50,428
f2_v0_idx1,v0,agent,termo_nome_3ch,name,desc,0,3,21.365,50,428
f2_v0_idx1,v0,agent,termo_nome_3ch,name,desc,0,4,22.038,50,428
f2_v0_idx1,v0,agent,termo_nome_3ch,name,desc,0,5,25.633,50,428
f2_v0_idx1,v0,agent,termo_nome_3ch,name,desc,0,6,22.012,50,428
f2_v0_idx1,v0,agent,termo_nome_3ch,name,desc,500,1,23.886,0,
f2_v0_idx1,v0,agent,termo_nome_3ch,name,desc,500,2,22.553,0,
f2_v0_idx1,v0,agent,termo_nome_3ch,name,desc,500,3,23.097,0,
f2_v0_idx1,v0,agent,termo_nome_3ch,name,desc,500,4,23.153,0,
f2_v0_idx1,v0,agent,termo_nome_3ch,name,desc,500,5,22.154,0,
f2_v0_idx1,v0,agent,termo_nome_3ch,name,desc,500,6,22.017,0,
f3_v0_idx2,v0,agent,intervalo_data,company,desc,500,1,11.84,50,640
f2_v0_idx1,v0,agent,termo_nome_3ch,created_at,asc,0,1,22.397,50,428
f2_v0_idx1,v0,agent,termo_nome_3ch,created_at,asc,0,2,23.414,50,428
f2_v0_idx1,v0,agent,termo_nome_3ch,created_at,asc,0,3,22.494,50,428
f2_v0_idx1,v0,agent,termo_nome_3ch,created_at,asc,0,4,20.678,50,428
f3_v0_idx2,v0,agent,intervalo_data,company,desc,500,2,12.084,50,640
f3_v0_idx2,v0,agent,intervalo_data,company,desc,500,3,11.694,50,640
f3_v0_idx2,v0,agent,intervalo_data,company,desc,500,4,11.386,50,640
f3_v0_idx2,v0,agent,intervalo_data,company,desc,500,5,12.114,50,640
f3_v0_idx2,v0,agent,intervalo_data,company,desc,500,6,12.631,50,640
f3_v0_idx2,v0,agent,combinado,name,asc,0,1,0.908,1,1
f3_v0_idx2,v0,agent,combinado,name,asc,0,2,0.957,1,1
f3_v0_idx2,v0,agent,combinado,name,asc,0,3,1.018,1,1
f3_v0_idx2,v0,agent,combinado,name,asc,0,4,0.932,1,1
f3_v0_idx2,v0,agent,combinado,name,asc,0,5,0.795,1,1
f1_v2_branch,v2,agent,intervalo_data,created_at,desc,500,1,12.165,50,640
f1_v2_branch,v2,agent,intervalo_data,created_at,desc,500,2,12.37,50,640
f1_v2_branch,v2,agent,intervalo_data,created_at,desc,500,3,14.416,50,640
f1_v2_branch,v2,agent,intervalo_data,created_at,desc,500,4,13.106,50,640
f1_v2_branch,v2,agent,intervalo_data,created_at,desc,500,5,13.051,50,640
f1_v2_branch,v2,agent,intervalo_data,created_at,desc,500,6,12.888,50,640
f1_v2_branch,v2,agent,intervalo_data,company,asc,0,1,13.669,50,640
f1_v2_branch,v2,agent,intervalo_data,company,asc,0,2,13.347,50,640
f1_v2_branch,v2,agent,intervalo_data,company,asc,0,3,12.966,50,640
f1_v2_branch,v2,agent,intervalo_data,company,asc,0,4,13.284,50,640
f1_v2_branch,v2,agent,intervalo_data,company,asc,0,5,13.163,50,640
f1_v2_branch,v2,agent,intervalo_data,company,asc,0,6,12.722,50,640
f1_v2_branch,v2,agent,intervalo_data,company,asc,500,1,13.126,50,640
f1_v2_branch,v2,agent,intervalo_data,company,asc,500,2,12.585,50,640
f1_v2_branch,v2,agent,intervalo_data,company,asc,500,3,14.38,50,640
f1_v2_branch,v2,agent,intervalo_data,company,asc,500,4,14.616,50,640
f1_v2_branch,v2,agent,intervalo_data,company,asc,500,5,13.641,50,640
f1_v2_branch,v2,agent,intervalo_data,company,asc,500,6,14.57,50,640
f1_v2_branch,v2,agent,intervalo_data,company,desc,0,1,12.517,50,640
f1_v2_branch,v2,agent,intervalo_data,company,desc,0,2,11.837,50,640
f1_v2_branch,v2,agent,intervalo_data,company,desc,0,3,13.47,50,640
f1_v2_branch,v2,agent,intervalo_data,company,desc,0,4,13.117,50,640
f1_v2_branch,v2,agent,intervalo_data,company,desc,0,5,13.515,50,640
f1_v2_branch,v2,agent,intervalo_data,company,desc,0,6,12.713,50,640
f1_v2_branch,v2,agent,intervalo_data,company,desc,500,1,13.063,50,640
f1_v2_branch,v2,agent,intervalo_data,company,desc,500,2,12.722,50,640
f1_v2_branch,v2,agent,intervalo_data,company,desc,500,3,12.97,50,640
f1_v2_branch,v2,agent,intervalo_data,company,desc,500,4,11.79,50,640
f1_v2_branch,v2,agent,intervalo_data,company,desc,500,5,11.825,50,640
f1_v2_branch,v2,agent,intervalo_data,company,desc,500,6,11.959,50,640
f1_v2_branch,v2,agent,combinado,name,asc,0,1,0.861,1,1
f1_v2_branch,v2,agent,combinado,name,asc,0,2,0.937,1,1
f1_v2_branch,v2,agent,combinado,name,asc,0,3,0.784,1,1
f1_v2_branch,v2,agent,combinado,name,asc,0,4,0.703,1,1
f1_v2_branch,v2,agent,combinado,name,asc,0,5,0.713,1,1
f1_v2_branch,v2,agent,combinado,name,asc,0,6,0.815,1,1
f2_v0_idx1,v0,agent,termo_nome_3ch,created_at,asc,0,5,20.986,50,428
f2_v0_idx1,v0,agent,termo_nome_3ch,created_at,asc,0,6,21.071,50,428
f1_v2_branch,v2,agent,combinado,name,asc,500,1,0.728,0,
f1_v2_branch,v2,agent,combinado,name,asc,500,2,0.768,0,
f2_v0_idx1,v0,agent,termo_nome_3ch,created_at,asc,500,1,19.21,0,
f2_v0_idx1,v0,agent,termo_nome_3ch,created_at,asc,500,2,21.25,0,
f2_v0_idx1,v0,agent,termo_nome_3ch,created_at,asc,500,3,19.812,0,
f2_v0_idx1,v0,agent,termo_nome_3ch,created_at,asc,500,4,18.591,0,
f2_v0_idx1,v0,agent,termo_nome_3ch,created_at,asc,500,5,20.329,0,
f2_v0_idx1,v0,agent,termo_nome_3ch,created_at,asc,500,6,19.597,0,
f2_v0_idx1,v0,agent,termo_nome_3ch,created_at,desc,0,1,19.154,50,428
f2_v0_idx1,v0,agent,termo_nome_3ch,created_at,desc,0,2,18.863,50,428
f2_v0_idx1,v0,agent,termo_nome_3ch,created_at,desc,0,3,20.787,50,428
f2_v0_idx1,v0,agent,termo_nome_3ch,created_at,desc,0,4,19.427,50,428
f2_v0_idx1,v0,agent,termo_nome_3ch,created_at,desc,0,5,19.75,50,428
f2_v0_idx1,v0,agent,termo_nome_3ch,created_at,desc,0,6,20.028,50,428
f3_v0_idx2,v0,agent,combinado,name,asc,0,6,0.809,1,1
f2_v0_idx1,v0,agent,termo_nome_3ch,created_at,desc,500,1,18.486,0,
f3_v0_idx2,v0,agent,combinado,name,asc,500,1,0.891,0,
f3_v0_idx2,v0,agent,combinado,name,asc,500,2,0.842,0,
f3_v0_idx2,v0,agent,combinado,name,asc,500,3,0.849,0,
f3_v0_idx2,v0,agent,combinado,name,asc,500,4,0.831,0,
f3_v0_idx2,v0,agent,combinado,name,asc,500,5,0.863,0,
f3_v0_idx2,v0,agent,combinado,name,asc,500,6,0.969,0,
f3_v0_idx2,v0,agent,combinado,name,desc,0,1,0.794,1,1
f1_v2_branch,v2,agent,combinado,name,asc,500,3,0.752,0,
f1_v2_branch,v2,agent,combinado,name,asc,500,4,0.894,0,
f1_v2_branch,v2,agent,combinado,name,asc,500,5,0.886,0,
f1_v2_branch,v2,agent,combinado,name,asc,500,6,0.893,0,
f1_v2_branch,v2,agent,combinado,name,desc,0,1,0.893,1,1
f1_v2_branch,v2,agent,combinado,name,desc,0,2,0.814,1,1
f1_v2_branch,v2,agent,combinado,name,desc,0,3,0.864,1,1
f1_v2_branch,v2,agent,combinado,name,desc,0,4,1.024,1,1
f1_v2_branch,v2,agent,combinado,name,desc,0,5,0.94,1,1
f1_v2_branch,v2,agent,combinado,name,desc,0,6,0.822,1,1
f1_v2_branch,v2,agent,combinado,name,desc,500,1,0.935,0,
f1_v2_branch,v2,agent,combinado,name,desc,500,2,0.758,0,
f1_v2_branch,v2,agent,combinado,name,desc,500,3,0.672,0,
f1_v2_branch,v2,agent,combinado,name,desc,500,4,0.697,0,
f1_v2_branch,v2,agent,combinado,name,desc,500,5,0.73,0,
f1_v2_branch,v2,agent,combinado,name,desc,500,6,1.006,0,
f1_v2_branch,v2,agent,combinado,created_at,asc,0,1,0.837,1,1
f1_v2_branch,v2,agent,combinado,created_at,asc,0,2,0.815,1,1
f1_v2_branch,v2,agent,combinado,created_at,asc,0,3,0.811,1,1
f1_v2_branch,v2,agent,combinado,created_at,asc,0,4,0.756,1,1
f1_v2_branch,v2,agent,combinado,created_at,asc,0,5,0.701,1,1
f1_v2_branch,v2,agent,combinado,created_at,asc,0,6,0.723,1,1
f1_v2_branch,v2,agent,combinado,created_at,asc,500,1,0.732,0,
f1_v2_branch,v2,agent,combinado,created_at,asc,500,2,0.73,0,
f1_v2_branch,v2,agent,combinado,created_at,asc,500,3,0.71,0,
f1_v2_branch,v2,agent,combinado,created_at,asc,500,4,0.83,0,
f1_v2_branch,v2,agent,combinado,created_at,asc,500,5,0.86,0,
f1_v2_branch,v2,agent,combinado,created_at,asc,500,6,0.79,0,
f1_v2_branch,v2,agent,combinado,created_at,desc,0,1,0.757,1,1
f1_v2_branch,v2,agent,combinado,created_at,desc,0,2,0.79,1,1
f1_v2_branch,v2,agent,combinado,created_at,desc,0,3,0.755,1,1
f1_v2_branch,v2,agent,combinado,created_at,desc,0,4,0.688,1,1
f1_v2_branch,v2,agent,combinado,created_at,desc,0,5,0.671,1,1
f1_v2_branch,v2,agent,combinado,created_at,desc,0,6,0.798,1,1
f1_v2_branch,v2,agent,combinado,created_at,desc,500,1,0.745,0,
f1_v2_branch,v2,agent,combinado,created_at,desc,500,2,0.779,0,
f1_v2_branch,v2,agent,combinado,created_at,desc,500,3,1.056,0,
f1_v2_branch,v2,agent,combinado,created_at,desc,500,4,0.842,0,
f1_v2_branch,v2,agent,combinado,created_at,desc,500,5,0.908,0,
f1_v2_branch,v2,agent,combinado,created_at,desc,500,6,0.891,0,
f2_v0_idx1,v0,agent,termo_nome_3ch,created_at,desc,500,2,18.458,0,
f2_v0_idx1,v0,agent,termo_nome_3ch,created_at,desc,500,3,19.932,0,
f2_v0_idx1,v0,agent,termo_nome_3ch,created_at,desc,500,4,19.447,0,
f2_v0_idx1,v0,agent,termo_nome_3ch,created_at,desc,500,5,18.602,0,
f2_v0_idx1,v0,agent,termo_nome_3ch,created_at,desc,500,6,18.609,0,
f2_v0_idx1,v0,agent,termo_nome_3ch,company,asc,0,1,18.55,50,428
f2_v0_idx1,v0,agent,termo_nome_3ch,company,asc,0,2,20.871,50,428
f2_v0_idx1,v0,agent,termo_nome_3ch,company,asc,0,3,20.709,50,428
f2_v0_idx1,v0,agent,termo_nome_3ch,company,asc,0,4,20.068,50,428
f2_v0_idx1,v0,agent,termo_nome_3ch,company,asc,0,5,19.611,50,428
f2_v0_idx1,v0,agent,termo_nome_3ch,company,asc,0,6,21.074,50,428
f2_v0_idx1,v0,agent,termo_nome_3ch,company,asc,500,1,19.337,0,
f2_v0_idx1,v0,agent,termo_nome_3ch,company,asc,500,2,19.876,0,
f2_v0_idx1,v0,agent,termo_nome_3ch,company,asc,500,3,21.705,0,
f2_v0_idx1,v0,agent,termo_nome_3ch,company,asc,500,4,21.897,0,
f2_v0_idx1,v0,agent,termo_nome_3ch,company,asc,500,5,20.546,0,
f2_v0_idx1,v0,agent,termo_nome_3ch,company,asc,500,6,19.834,0,
f3_v0_idx2,v0,agent,combinado,name,desc,0,2,0.813,1,1
f3_v0_idx2,v0,agent,combinado,name,desc,0,3,0.824,1,1
f3_v0_idx2,v0,agent,combinado,name,desc,0,4,0.971,1,1
f3_v0_idx2,v0,agent,combinado,name,desc,0,5,0.881,1,1
f3_v0_idx2,v0,agent,combinado,name,desc,0,6,0.781,1,1
f3_v0_idx2,v0,agent,combinado,name,desc,500,1,0.893,0,
f3_v0_idx2,v0,agent,combinado,name,desc,500,2,0.821,0,
f3_v0_idx2,v0,agent,combinado,name,desc,500,3,0.897,0,
f3_v0_idx2,v0,agent,combinado,name,desc,500,4,0.8,0,
f3_v0_idx2,v0,agent,combinado,name,desc,500,5,0.864,0,
f3_v0_idx2,v0,agent,combinado,name,desc,500,6,0.832,0,
f1_v2_branch,v2,agent,combinado,company,asc,0,1,0.791,1,1
f1_v2_branch,v2,agent,combinado,company,asc,0,2,0.762,1,1
f1_v2_branch,v2,agent,combinado,company,asc,0,3,0.677,1,1
f1_v2_branch,v2,agent,combinado,company,asc,0,4,0.699,1,1
f1_v2_branch,v2,agent,combinado,company,asc,0,5,0.903,1,1
f1_v2_branch,v2,agent,combinado,company,asc,0,6,0.998,1,1
f1_v2_branch,v2,agent,combinado,company,asc,500,1,0.887,0,
f1_v2_branch,v2,agent,combinado,company,asc,500,2,0.812,0,
f1_v2_branch,v2,agent,combinado,company,asc,500,3,0.731,0,
f1_v2_branch,v2,agent,combinado,company,asc,500,4,0.744,0,
f1_v2_branch,v2,agent,combinado,company,asc,500,5,0.724,0,
f1_v2_branch,v2,agent,combinado,company,asc,500,6,0.808,0,
f1_v2_branch,v2,agent,combinado,company,desc,0,1,0.732,1,1
f1_v2_branch,v2,agent,combinado,company,desc,0,2,0.733,1,1
f1_v2_branch,v2,agent,combinado,company,desc,0,3,0.781,1,1
f1_v2_branch,v2,agent,combinado,company,desc,0,4,0.802,1,1
f1_v2_branch,v2,agent,combinado,company,desc,0,5,0.775,1,1
f1_v2_branch,v2,agent,combinado,company,desc,0,6,0.727,1,1
f1_v2_branch,v2,agent,combinado,company,desc,500,1,0.796,0,
f1_v2_branch,v2,agent,combinado,company,desc,500,2,0.918,0,
f1_v2_branch,v2,agent,combinado,company,desc,500,3,0.949,0,
f1_v2_branch,v2,agent,combinado,company,desc,500,4,0.796,0,
f1_v2_branch,v2,agent,combinado,company,desc,500,5,1.056,0,
f1_v2_branch,v2,agent,combinado,company,desc,500,6,0.822,0,
f1_v0_admin,v0,admin,__overhead_wrapper__,-,-,-1,0,0.254,0,0
f1_v0_admin,v0,admin,sem_filtro,name,asc,0,1,54.588,50,9521
f1_v0_admin,v0,admin,sem_filtro,name,asc,0,2,58.327,50,9521
f1_v0_admin,v0,admin,sem_filtro,name,asc,0,3,4485.026,50,9521
f1_v0_admin,v0,admin,sem_filtro,name,asc,0,4,50.806,50,9521
f1_v0_admin,v0,admin,sem_filtro,name,asc,0,5,49.811,50,9521
f1_v0_admin,v0,admin,sem_filtro,name,asc,0,6,47.151,50,9521
f1_v0_admin,v0,admin,sem_filtro,name,asc,500,1,50.325,50,9521
f1_v0_admin,v0,admin,sem_filtro,name,asc,500,2,53.872,50,9521
f1_v0_admin,v0,admin,sem_filtro,name,asc,500,3,52.062,50,9521
f1_v0_admin,v0,admin,sem_filtro,name,asc,500,4,49.199,50,9521
f1_v0_admin,v0,admin,sem_filtro,name,asc,500,5,51.286,50,9521
f1_v0_admin,v0,admin,sem_filtro,name,asc,500,6,50.821,50,9521
f1_v0_admin,v0,admin,sem_filtro,name,desc,0,1,48.401,50,9521
f1_v0_admin,v0,admin,sem_filtro,name,desc,0,2,47.608,50,9521
f1_v0_admin,v0,admin,sem_filtro,name,desc,0,3,54.224,50,9521
f1_v0_admin,v0,admin,sem_filtro,name,desc,0,4,50.859,50,9521
f1_v0_admin,v0,admin,sem_filtro,name,desc,0,5,50.09,50,9521
f1_v0_admin,v0,admin,sem_filtro,name,desc,0,6,53.79,50,9521
f1_v0_admin,v0,admin,sem_filtro,name,desc,500,1,56.491,50,9521
f1_v0_admin,v0,admin,sem_filtro,name,desc,500,2,56.17,50,9521
f1_v0_admin,v0,admin,sem_filtro,name,desc,500,3,53.351,50,9521
f1_v0_admin,v0,admin,sem_filtro,name,desc,500,4,53.224,50,9521
f1_v0_admin,v0,admin,sem_filtro,name,desc,500,5,51.005,50,9521
f1_v0_admin,v0,admin,sem_filtro,name,desc,500,6,52.216,50,9521
f2_v0_idx1,v0,agent,termo_nome_3ch,company,desc,0,1,19.472,50,428
f2_v0_idx1,v0,agent,termo_nome_3ch,company,desc,0,2,18.5,50,428
f2_v0_idx1,v0,agent,termo_nome_3ch,company,desc,0,3,20.648,50,428
f2_v0_idx1,v0,agent,termo_nome_3ch,company,desc,0,4,21.417,50,428
f2_v0_idx1,v0,agent,termo_nome_3ch,company,desc,0,5,20.507,50,428
f2_v0_idx1,v0,agent,termo_nome_3ch,company,desc,0,6,19.06,50,428
f2_v0_idx1,v0,agent,termo_nome_3ch,company,desc,500,1,18.504,0,
f2_v0_idx1,v0,agent,termo_nome_3ch,company,desc,500,2,19.316,0,
f2_v0_idx1,v0,agent,termo_nome_3ch,company,desc,500,3,18.86,0,
f2_v0_idx1,v0,agent,termo_nome_3ch,company,desc,500,4,18.963,0,
f2_v0_idx1,v0,agent,termo_nome_3ch,company,desc,500,5,20.293,0,
f2_v0_idx1,v0,agent,termo_nome_3ch,company,desc,500,6,21.043,0,
f2_v0_idx1,v0,agent,termo_telefone,name,asc,0,1,12.815,0,
f3_v0_idx2,v0,agent,combinado,created_at,asc,0,1,1.096,1,1
f3_v0_idx2,v0,agent,combinado,created_at,asc,0,2,0.997,1,1
f3_v0_idx2,v0,agent,combinado,created_at,asc,0,3,0.903,1,1
f3_v0_idx2,v0,agent,combinado,created_at,asc,0,4,0.798,1,1
f3_v0_idx2,v0,agent,combinado,created_at,asc,0,5,0.816,1,1
f3_v0_idx2,v0,agent,combinado,created_at,asc,0,6,0.95,1,1
f1_v0_admin,v0,admin,sem_filtro,created_at,asc,0,1,48.057,50,9521
f1_v0_admin,v0,admin,sem_filtro,created_at,asc,0,2,48.942,50,9521
f1_v0_admin,v0,admin,sem_filtro,created_at,asc,0,3,50.245,50,9521
f1_v0_admin,v0,admin,sem_filtro,created_at,asc,0,4,47.704,50,9521
f1_v0_admin,v0,admin,sem_filtro,created_at,asc,0,5,47.781,50,9521
f1_v0_admin,v0,admin,sem_filtro,created_at,asc,0,6,47.524,50,9521
f1_v0_admin,v0,admin,sem_filtro,created_at,asc,500,1,56.156,50,9521
f1_v0_admin,v0,admin,sem_filtro,created_at,asc,500,2,52.149,50,9521
f1_v0_admin,v0,admin,sem_filtro,created_at,asc,500,3,52.041,50,9521
f1_v0_admin,v0,admin,sem_filtro,created_at,asc,500,4,57.216,50,9521
f1_v0_admin,v0,admin,sem_filtro,created_at,asc,500,5,54.411,50,9521
f1_v0_admin,v0,admin,sem_filtro,created_at,asc,500,6,50.388,50,9521
f1_v0_admin,v0,admin,sem_filtro,created_at,desc,0,1,50.571,50,9521
f1_v0_admin,v0,admin,sem_filtro,created_at,desc,0,2,48.538,50,9521
f1_v0_admin,v0,admin,sem_filtro,created_at,desc,0,3,49.574,50,9521
f1_v0_admin,v0,admin,sem_filtro,created_at,desc,0,4,51.78,50,9521
f1_v0_admin,v0,admin,sem_filtro,created_at,desc,0,5,50.772,50,9521
f1_v0_admin,v0,admin,sem_filtro,created_at,desc,0,6,48.719,50,9521
f1_v0_admin,v0,admin,sem_filtro,created_at,desc,500,1,50.224,50,9521
f1_v0_admin,v0,admin,sem_filtro,created_at,desc,500,2,48.432,50,9521
f1_v0_admin,v0,admin,sem_filtro,created_at,desc,500,3,48.329,50,9521
f1_v0_admin,v0,admin,sem_filtro,created_at,desc,500,4,48.845,50,9521
f1_v0_admin,v0,admin,sem_filtro,created_at,desc,500,5,48.287,50,9521
f1_v0_admin,v0,admin,sem_filtro,created_at,desc,500,6,47.438,50,9521
f1_v0_admin,v0,admin,sem_filtro,company,asc,0,1,54.77,50,9521
f1_v0_admin,v0,admin,sem_filtro,company,asc,0,2,64.013,50,9521
f1_v0_admin,v0,admin,sem_filtro,company,asc,0,3,67.322,50,9521
f1_v0_admin,v0,admin,sem_filtro,company,asc,0,4,55.483,50,9521
f1_v0_admin,v0,admin,sem_filtro,company,asc,0,5,52.285,50,9521
f1_v0_admin,v0,admin,sem_filtro,company,asc,0,6,57.257,50,9521
f1_v0_admin,v0,admin,sem_filtro,company,asc,500,1,61.127,50,9521
f1_v0_admin,v0,admin,sem_filtro,company,asc,500,2,58.443,50,9521
f1_v0_admin,v0,admin,sem_filtro,company,asc,500,3,55.334,50,9521
f1_v0_admin,v0,admin,sem_filtro,company,asc,500,4,51.596,50,9521
f1_v0_admin,v0,admin,sem_filtro,company,asc,500,5,51.133,50,9521
f1_v0_admin,v0,admin,sem_filtro,company,asc,500,6,50.94,50,9521
f2_v0_idx1,v0,agent,termo_telefone,name,asc,0,2,13.132,0,
f2_v0_idx1,v0,agent,termo_telefone,name,asc,0,3,12.95,0,
f2_v0_idx1,v0,agent,termo_telefone,name,asc,0,4,13.582,0,
f1_v0_admin,v0,admin,sem_filtro,company,desc,0,1,54.16,50,9521
f1_v0_admin,v0,admin,sem_filtro,company,desc,0,2,56.075,50,9521
f1_v0_admin,v0,admin,sem_filtro,company,desc,0,3,54.543,50,9521
f2_v0_idx1,v0,agent,termo_telefone,name,asc,0,5,14.747,0,
f2_v0_idx1,v0,agent,termo_telefone,name,asc,0,6,14.135,0,
f2_v0_idx1,v0,agent,termo_telefone,name,asc,500,1,13.361,0,
f2_v0_idx1,v0,agent,termo_telefone,name,asc,500,2,12.546,0,
f2_v0_idx1,v0,agent,termo_telefone,name,asc,500,3,12.82,0,
f2_v0_idx1,v0,agent,termo_telefone,name,asc,500,4,12.15,0,
f2_v0_idx1,v0,agent,termo_telefone,name,asc,500,5,12.52,0,
f2_v0_idx1,v0,agent,termo_telefone,name,asc,500,6,11.924,0,
f2_v0_idx1,v0,agent,termo_telefone,name,desc,0,1,13.2,0,
f2_v0_idx1,v0,agent,termo_telefone,name,desc,0,2,12.661,0,
f2_v0_idx1,v0,agent,termo_telefone,name,desc,0,3,13.926,0,
f2_v0_idx1,v0,agent,termo_telefone,name,desc,0,4,13.343,0,
f2_v0_idx1,v0,agent,termo_telefone,name,desc,0,5,14.373,0,
f2_v0_idx1,v0,agent,termo_telefone,name,desc,0,6,13.083,0,
f2_v0_idx1,v0,agent,termo_telefone,name,desc,500,1,15.438,0,
f3_v0_idx2,v0,agent,combinado,created_at,asc,500,1,0.812,0,
f3_v0_idx2,v0,agent,combinado,created_at,asc,500,2,1.656,0,
f3_v0_idx2,v0,agent,combinado,created_at,asc,500,3,1.761,0,
f3_v0_idx2,v0,agent,combinado,created_at,asc,500,4,1.298,0,
f3_v0_idx2,v0,agent,combinado,created_at,asc,500,5,1.08,0,
f3_v0_idx2,v0,agent,combinado,created_at,asc,500,6,1.404,0,
f1_v0_admin,v0,admin,sem_filtro,company,desc,0,4,58.03,50,9521
f1_v0_admin,v0,admin,sem_filtro,company,desc,0,5,60.538,50,9521
f1_v0_admin,v0,admin,sem_filtro,company,desc,0,6,53.811,50,9521
f1_v0_admin,v0,admin,sem_filtro,company,desc,500,1,60.993,50,9521
f1_v0_admin,v0,admin,sem_filtro,company,desc,500,2,62.364,50,9521
f1_v0_admin,v0,admin,sem_filtro,company,desc,500,3,62.749,50,9521
f1_v0_admin,v0,admin,sem_filtro,company,desc,500,4,67.35,50,9521
f1_v0_admin,v0,admin,sem_filtro,company,desc,500,5,63.882,50,9521
f1_v0_admin,v0,admin,sem_filtro,company,desc,500,6,61.573,50,9521
f1_v0_admin,v0,admin,termo_nome_5ch,name,asc,0,1,32.057,50,1135
f1_v0_admin,v0,admin,termo_nome_5ch,name,asc,0,2,22.697,50,1135
f1_v0_admin,v0,admin,termo_nome_5ch,name,asc,0,3,21.184,50,1135
f1_v0_admin,v0,admin,termo_nome_5ch,name,asc,0,4,20.175,50,1135
f1_v0_admin,v0,admin,termo_nome_5ch,name,asc,0,5,20.382,50,1135
f1_v0_admin,v0,admin,termo_nome_5ch,name,asc,0,6,19.876,50,1135
f1_v0_admin,v0,admin,termo_nome_5ch,name,asc,500,1,20.844,50,1135
f1_v0_admin,v0,admin,termo_nome_5ch,name,asc,500,2,19.644,50,1135
f1_v0_admin,v0,admin,termo_nome_5ch,name,asc,500,3,19.704,50,1135
f1_v0_admin,v0,admin,termo_nome_5ch,name,asc,500,4,20.265,50,1135
f1_v0_admin,v0,admin,termo_nome_5ch,name,asc,500,5,19.734,50,1135
f1_v0_admin,v0,admin,termo_nome_5ch,name,asc,500,6,20.179,50,1135
f1_v0_admin,v0,admin,termo_nome_5ch,name,desc,0,1,22.097,50,1135
f1_v0_admin,v0,admin,termo_nome_5ch,name,desc,0,2,21.682,50,1135
f1_v0_admin,v0,admin,termo_nome_5ch,name,desc,0,3,21.169,50,1135
f1_v0_admin,v0,admin,termo_nome_5ch,name,desc,0,4,21.709,50,1135
f1_v0_admin,v0,admin,termo_nome_5ch,name,desc,0,5,22.369,50,1135
f1_v0_admin,v0,admin,termo_nome_5ch,name,desc,0,6,21.615,50,1135
f1_v0_admin,v0,admin,termo_nome_5ch,name,desc,500,1,22.864,50,1135
f1_v0_admin,v0,admin,termo_nome_5ch,name,desc,500,2,22.953,50,1135
f1_v0_admin,v0,admin,termo_nome_5ch,name,desc,500,3,22.569,50,1135
f1_v0_admin,v0,admin,termo_nome_5ch,name,desc,500,4,22.623,50,1135
f1_v0_admin,v0,admin,termo_nome_5ch,name,desc,500,5,23.576,50,1135
f1_v0_admin,v0,admin,termo_nome_5ch,name,desc,500,6,22.68,50,1135
f1_v0_admin,v0,admin,termo_nome_5ch,created_at,asc,0,1,20.439,50,1135
f1_v0_admin,v0,admin,termo_nome_5ch,created_at,asc,0,2,20.781,50,1135
f1_v0_admin,v0,admin,termo_nome_5ch,created_at,asc,0,3,20.654,50,1135
f1_v0_admin,v0,admin,termo_nome_5ch,created_at,asc,0,4,20.685,50,1135
f1_v0_admin,v0,admin,termo_nome_5ch,created_at,asc,0,5,20.544,50,1135
f1_v0_admin,v0,admin,termo_nome_5ch,created_at,asc,0,6,21.094,50,1135
f2_v0_idx1,v0,agent,termo_telefone,name,desc,500,2,15.254,0,
f2_v0_idx1,v0,agent,termo_telefone,name,desc,500,3,15.844,0,
f2_v0_idx1,v0,agent,termo_telefone,name,desc,500,4,14.226,0,
f2_v0_idx1,v0,agent,termo_telefone,name,desc,500,5,13.553,0,
f2_v0_idx1,v0,agent,termo_telefone,name,desc,500,6,12.935,0,
f2_v0_idx1,v0,agent,termo_telefone,created_at,asc,0,1,13.847,0,
f2_v0_idx1,v0,agent,termo_telefone,created_at,asc,0,2,13.089,0,
f2_v0_idx1,v0,agent,termo_telefone,created_at,asc,0,3,13.968,0,
f2_v0_idx1,v0,agent,termo_telefone,created_at,asc,0,4,13.757,0,
f2_v0_idx1,v0,agent,termo_telefone,created_at,asc,0,5,14.23,0,
f2_v0_idx1,v0,agent,termo_telefone,created_at,asc,0,6,14.252,0,
f2_v0_idx1,v0,agent,termo_telefone,created_at,asc,500,1,14.725,0,
f2_v0_idx1,v0,agent,termo_telefone,created_at,asc,500,2,14.481,0,
f2_v0_idx1,v0,agent,termo_telefone,created_at,asc,500,3,14.376,0,
f2_v0_idx1,v0,agent,termo_telefone,created_at,asc,500,4,14.248,0,
f2_v0_idx1,v0,agent,termo_telefone,created_at,asc,500,5,14.496,0,
f2_v0_idx1,v0,agent,termo_telefone,created_at,asc,500,6,14.413,0,
f3_v0_idx2,v0,agent,combinado,created_at,desc,0,1,1.017,1,1
f3_v0_idx2,v0,agent,combinado,created_at,desc,0,2,0.947,1,1
f3_v0_idx2,v0,agent,combinado,created_at,desc,0,3,0.987,1,1
f3_v0_idx2,v0,agent,combinado,created_at,desc,0,4,1.043,1,1
f3_v0_idx2,v0,agent,combinado,created_at,desc,0,5,0.915,1,1
f3_v0_idx2,v0,agent,combinado,created_at,desc,0,6,0.899,1,1
f3_v0_idx2,v0,agent,combinado,created_at,desc,500,1,0.811,0,
f3_v0_idx2,v0,agent,combinado,created_at,desc,500,2,0.806,0,
f3_v0_idx2,v0,agent,combinado,created_at,desc,500,3,1.037,0,
f3_v0_idx2,v0,agent,combinado,created_at,desc,500,4,0.96,0,
f4_v2_idx3,v2,agent,termo_nome_5ch,company,desc,0,3,11.226,50,380
f4_v2_idx3,v2,agent,termo_nome_5ch,company,desc,0,4,11.899,50,380
f1_v0_admin,v0,admin,termo_nome_5ch,created_at,asc,500,1,22.816,50,1135
f1_v0_admin,v0,admin,termo_nome_5ch,created_at,asc,500,2,23.64,50,1135
f1_v0_admin,v0,admin,termo_nome_5ch,created_at,asc,500,3,22.357,50,1135
f1_v0_admin,v0,admin,termo_nome_5ch,created_at,asc,500,4,21.731,50,1135
f1_v0_admin,v0,admin,termo_nome_5ch,created_at,asc,500,5,19.495,50,1135
f1_v0_admin,v0,admin,termo_nome_5ch,created_at,asc,500,6,20.039,50,1135
f1_v0_admin,v0,admin,termo_nome_5ch,created_at,desc,0,1,20.062,50,1135
f1_v0_admin,v0,admin,termo_nome_5ch,created_at,desc,0,2,20.256,50,1135
f1_v0_admin,v0,admin,termo_nome_5ch,created_at,desc,0,3,21.032,50,1135
f1_v0_admin,v0,admin,termo_nome_5ch,created_at,desc,0,4,20.995,50,1135
f1_v0_admin,v0,admin,termo_nome_5ch,created_at,desc,0,5,21.642,50,1135
f1_v0_admin,v0,admin,termo_nome_5ch,created_at,desc,0,6,19.696,50,1135
f1_v0_admin,v0,admin,termo_nome_5ch,created_at,desc,500,1,21.306,50,1135
f1_v0_admin,v0,admin,termo_nome_5ch,created_at,desc,500,2,21.383,50,1135
f1_v0_admin,v0,admin,termo_nome_5ch,created_at,desc,500,3,20.348,50,1135
f1_v0_admin,v0,admin,termo_nome_5ch,created_at,desc,500,4,20.025,50,1135
f1_v0_admin,v0,admin,termo_nome_5ch,created_at,desc,500,5,20.808,50,1135
f1_v0_admin,v0,admin,termo_nome_5ch,created_at,desc,500,6,19.704,50,1135
f1_v0_admin,v0,admin,termo_nome_5ch,company,asc,0,1,19.544,50,1135
f1_v0_admin,v0,admin,termo_nome_5ch,company,asc,0,2,19.583,50,1135
f1_v0_admin,v0,admin,termo_nome_5ch,company,asc,0,3,19.207,50,1135
f1_v0_admin,v0,admin,termo_nome_5ch,company,asc,0,4,19.142,50,1135
f1_v0_admin,v0,admin,termo_nome_5ch,company,asc,0,5,18.66,50,1135
f1_v0_admin,v0,admin,termo_nome_5ch,company,asc,0,6,18.356,50,1135
f1_v0_admin,v0,admin,termo_nome_5ch,company,asc,500,1,22.256,50,1135
f1_v0_admin,v0,admin,termo_nome_5ch,company,asc,500,2,20.77,50,1135
f1_v0_admin,v0,admin,termo_nome_5ch,company,asc,500,3,19.058,50,1135
f1_v0_admin,v0,admin,termo_nome_5ch,company,asc,500,4,18.583,50,1135
f1_v0_admin,v0,admin,termo_nome_5ch,company,asc,500,5,18.348,50,1135
f1_v0_admin,v0,admin,termo_nome_5ch,company,asc,500,6,19.103,50,1135
f1_v0_admin,v0,admin,termo_nome_5ch,company,desc,0,1,18.545,50,1135
f1_v0_admin,v0,admin,termo_nome_5ch,company,desc,0,2,18.357,50,1135
f1_v0_admin,v0,admin,termo_nome_5ch,company,desc,0,3,18.324,50,1135
f1_v0_admin,v0,admin,termo_nome_5ch,company,desc,0,4,18.326,50,1135
f1_v0_admin,v0,admin,termo_nome_5ch,company,desc,0,5,20.065,50,1135
f1_v0_admin,v0,admin,termo_nome_5ch,company,desc,0,6,23.782,50,1135
f2_v0_idx1,v0,agent,termo_telefone,created_at,desc,0,1,14.273,0,
f2_v0_idx1,v0,agent,termo_telefone,created_at,desc,0,2,13.533,0,
f2_v0_idx1,v0,agent,termo_telefone,created_at,desc,0,3,13.325,0,
f2_v0_idx1,v0,agent,termo_telefone,created_at,desc,0,4,13.281,0,
f2_v0_idx1,v0,agent,termo_telefone,created_at,desc,0,5,12.793,0,
f2_v0_idx1,v0,agent,termo_telefone,created_at,desc,0,6,14.453,0,
f2_v0_idx1,v0,agent,termo_telefone,created_at,desc,500,1,12.999,0,
f2_v0_idx1,v0,agent,termo_telefone,created_at,desc,500,2,13.635,0,
f2_v0_idx1,v0,agent,termo_telefone,created_at,desc,500,3,16.137,0,
f2_v0_idx1,v0,agent,termo_telefone,created_at,desc,500,4,16.024,0,
f2_v0_idx1,v0,agent,termo_telefone,created_at,desc,500,5,13.277,0,
f2_v0_idx1,v0,agent,termo_telefone,created_at,desc,500,6,12.655,0,
f2_v0_idx1,v0,agent,termo_telefone,company,asc,0,1,13.324,0,
f2_v0_idx1,v0,agent,termo_telefone,company,asc,0,2,12.813,0,
f2_v0_idx1,v0,agent,termo_telefone,company,asc,0,3,13.167,0,
f2_v0_idx1,v0,agent,termo_telefone,company,asc,0,4,16.605,0,
f2_v0_idx1,v0,agent,termo_telefone,company,asc,0,5,14.98,0,
f2_v0_idx1,v0,agent,termo_telefone,company,asc,0,6,13.395,0,
f3_v0_idx2,v0,agent,combinado,created_at,desc,500,5,0.872,0,
f3_v0_idx2,v0,agent,combinado,created_at,desc,500,6,0.91,0,
f3_v0_idx2,v0,agent,combinado,company,asc,0,1,0.868,1,1
f3_v0_idx2,v0,agent,combinado,company,asc,0,2,0.805,1,1
f3_v0_idx2,v0,agent,combinado,company,asc,0,3,0.847,1,1
f3_v0_idx2,v0,agent,combinado,company,asc,0,4,0.955,1,1
f3_v0_idx2,v0,agent,combinado,company,asc,0,5,0.853,1,1
f3_v0_idx2,v0,agent,combinado,company,asc,0,6,0.793,1,1
f1_v0_admin,v0,admin,termo_nome_5ch,company,desc,500,1,24.672,50,1135
f1_v0_admin,v0,admin,termo_nome_5ch,company,desc,500,2,19.574,50,1135
f1_v0_admin,v0,admin,termo_nome_5ch,company,desc,500,3,19.65,50,1135
f1_v0_admin,v0,admin,termo_nome_5ch,company,desc,500,4,19.053,50,1135
f1_v0_admin,v0,admin,termo_nome_5ch,company,desc,500,5,20.857,50,1135
f1_v0_admin,v0,admin,termo_nome_5ch,company,desc,500,6,20.047,50,1135
f1_v0_admin,v0,admin,combinado,name,asc,0,1,1.203,5,5
f1_v0_admin,v0,admin,combinado,name,asc,0,2,0.99,5,5
f1_v0_admin,v0,admin,combinado,name,asc,0,3,1.222,5,5
f1_v0_admin,v0,admin,combinado,name,asc,0,4,0.857,5,5
f1_v0_admin,v0,admin,combinado,name,asc,0,5,0.961,5,5
f1_v0_admin,v0,admin,combinado,name,asc,0,6,0.967,5,5
f1_v0_admin,v0,admin,combinado,name,asc,500,1,0.881,0,
f1_v0_admin,v0,admin,combinado,name,asc,500,2,0.877,0,
f1_v0_admin,v0,admin,combinado,name,asc,500,3,1.552,0,
f1_v0_admin,v0,admin,combinado,name,asc,500,4,1.082,0,
f1_v0_admin,v0,admin,combinado,name,asc,500,5,0.874,0,
f1_v0_admin,v0,admin,combinado,name,asc,500,6,1.142,0,
f1_v0_admin,v0,admin,combinado,name,desc,0,1,1.05,5,5
f1_v0_admin,v0,admin,combinado,name,desc,0,2,1.084,5,5
f1_v0_admin,v0,admin,combinado,name,desc,0,3,1.271,5,5
f1_v0_admin,v0,admin,combinado,name,desc,0,4,0.965,5,5
f1_v0_admin,v0,admin,combinado,name,desc,0,5,0.952,5,5
f1_v0_admin,v0,admin,combinado,name,desc,0,6,0.93,5,5
f1_v0_admin,v0,admin,combinado,name,desc,500,1,0.835,0,
f1_v0_admin,v0,admin,combinado,name,desc,500,2,1.041,0,
f1_v0_admin,v0,admin,combinado,name,desc,500,3,0.969,0,
f1_v0_admin,v0,admin,combinado,name,desc,500,4,0.844,0,
f1_v0_admin,v0,admin,combinado,name,desc,500,5,0.952,0,
f1_v0_admin,v0,admin,combinado,name,desc,500,6,1.415,0,
f1_v0_admin,v0,admin,combinado,created_at,asc,0,1,1.037,5,5
f1_v0_admin,v0,admin,combinado,created_at,asc,0,2,0.862,5,5
f1_v0_admin,v0,admin,combinado,created_at,asc,0,3,0.877,5,5
f1_v0_admin,v0,admin,combinado,created_at,asc,0,4,0.906,5,5
f1_v0_admin,v0,admin,combinado,created_at,asc,0,5,1.034,5,5
f1_v0_admin,v0,admin,combinado,created_at,asc,0,6,1.089,5,5
f1_v0_admin,v0,admin,combinado,created_at,asc,500,1,1.028,0,
f1_v0_admin,v0,admin,combinado,created_at,asc,500,2,0.823,0,
f1_v0_admin,v0,admin,combinado,created_at,asc,500,3,0.786,0,
f1_v0_admin,v0,admin,combinado,created_at,asc,500,4,0.812,0,
f1_v0_admin,v0,admin,combinado,created_at,asc,500,5,1.59,0,
f2_v0_idx1,v0,agent,termo_telefone,company,asc,500,1,12.959,0,
f2_v0_idx1,v0,agent,termo_telefone,company,asc,500,2,13.231,0,
f2_v0_idx1,v0,agent,termo_telefone,company,asc,500,3,12.709,0,
f2_v0_idx1,v0,agent,termo_telefone,company,asc,500,4,12.873,0,
f2_v0_idx1,v0,agent,termo_telefone,company,asc,500,5,12.485,0,
f2_v0_idx1,v0,agent,termo_telefone,company,asc,500,6,12.538,0,
f2_v0_idx1,v0,agent,termo_telefone,company,desc,0,1,13.238,0,
f2_v0_idx1,v0,agent,termo_telefone,company,desc,0,2,14.313,0,
f2_v0_idx1,v0,agent,termo_telefone,company,desc,0,3,13.241,0,
f2_v0_idx1,v0,agent,termo_telefone,company,desc,0,4,14.533,0,
f2_v0_idx1,v0,agent,termo_telefone,company,desc,0,5,15.145,0,
f2_v0_idx1,v0,agent,termo_telefone,company,desc,0,6,15.398,0,
f2_v0_idx1,v0,agent,termo_telefone,company,desc,500,1,16.131,0,
f2_v0_idx1,v0,agent,termo_telefone,company,desc,500,2,15.811,0,
f2_v0_idx1,v0,agent,termo_telefone,company,desc,500,3,15.383,0,
f2_v0_idx1,v0,agent,termo_telefone,company,desc,500,4,15.258,0,
f2_v0_idx1,v0,agent,termo_telefone,company,desc,500,5,14.17,0,
f2_v0_idx1,v0,agent,termo_telefone,company,desc,500,6,13.866,0,
f3_v0_idx2,v0,agent,combinado,company,asc,500,1,0.874,0,
f3_v0_idx2,v0,agent,combinado,company,asc,500,2,1.004,0,
f3_v0_idx2,v0,agent,combinado,company,asc,500,3,0.791,0,
f3_v0_idx2,v0,agent,combinado,company,asc,500,4,0.903,0,
f3_v0_idx2,v0,agent,combinado,company,asc,500,5,0.897,0,
f3_v0_idx2,v0,agent,combinado,company,asc,500,6,0.823,0,
f1_v0_admin,v0,admin,combinado,created_at,asc,500,6,1.164,0,
f1_v0_admin,v0,admin,combinado,created_at,desc,0,1,0.984,5,5
f1_v0_admin,v0,admin,combinado,created_at,desc,0,2,1.075,5,5
f1_v0_admin,v0,admin,combinado,created_at,desc,0,3,0.992,5,5
f1_v0_admin,v0,admin,combinado,created_at,desc,0,4,1.045,5,5
f1_v0_admin,v0,admin,combinado,created_at,desc,0,5,0.914,5,5
f1_v0_admin,v0,admin,combinado,created_at,desc,0,6,0.859,5,5
f1_v0_admin,v0,admin,combinado,created_at,desc,500,1,0.817,0,
f1_v0_admin,v0,admin,combinado,created_at,desc,500,2,0.846,0,
f1_v0_admin,v0,admin,combinado,created_at,desc,500,3,0.922,0,
f1_v0_admin,v0,admin,combinado,created_at,desc,500,4,1.247,0,
f1_v0_admin,v0,admin,combinado,created_at,desc,500,5,1.104,0,
f1_v0_admin,v0,admin,combinado,created_at,desc,500,6,1.035,0,
f1_v0_admin,v0,admin,combinado,company,asc,0,1,0.978,5,5
f1_v0_admin,v0,admin,combinado,company,asc,0,2,0.916,5,5
f1_v0_admin,v0,admin,combinado,company,asc,0,3,1.038,5,5
f1_v0_admin,v0,admin,combinado,company,asc,0,4,0.984,5,5
f1_v0_admin,v0,admin,combinado,company,asc,0,5,0.878,5,5
f1_v0_admin,v0,admin,combinado,company,asc,0,6,0.816,5,5
f1_v0_admin,v0,admin,combinado,company,asc,500,1,1.012,0,
f1_v0_admin,v0,admin,combinado,company,asc,500,2,1.14,0,
f1_v0_admin,v0,admin,combinado,company,asc,500,3,1.112,0,
f1_v0_admin,v0,admin,combinado,company,asc,500,4,1.232,0,
f1_v0_admin,v0,admin,combinado,company,asc,500,5,1.437,0,
f1_v0_admin,v0,admin,combinado,company,asc,500,6,1.43,0,
f1_v0_admin,v0,admin,combinado,company,desc,0,1,1.312,5,5
f1_v0_admin,v0,admin,combinado,company,desc,0,2,1.158,5,5
f1_v0_admin,v0,admin,combinado,company,desc,0,3,1.071,5,5
f1_v0_admin,v0,admin,combinado,company,desc,0,4,1.193,5,5
f1_v0_admin,v0,admin,combinado,company,desc,0,5,1.107,5,5
f1_v0_admin,v0,admin,combinado,company,desc,0,6,0.954,5,5
f1_v0_admin,v0,admin,combinado,company,desc,500,1,1.007,0,
f1_v0_admin,v0,admin,combinado,company,desc,500,2,0.894,0,
f1_v0_admin,v0,admin,combinado,company,desc,500,3,1.164,0,
f1_v0_admin,v0,admin,combinado,company,desc,500,4,1.153,0,
f1_v0_admin,v0,admin,combinado,company,desc,500,5,1.435,0,
f1_v0_admin,v0,admin,combinado,company,desc,500,6,1.3,0,
f2_v0_idx1,v0,agent,empresa_igual,name,asc,0,1,6.911,50,290
f2_v0_idx1,v0,agent,empresa_igual,name,asc,0,2,7.172,50,290
f2_v0_idx1,v0,agent,empresa_igual,name,asc,0,3,6.882,50,290
f2_v0_idx1,v0,agent,empresa_igual,name,asc,0,4,6.483,50,290
f2_v0_idx1,v0,agent,empresa_igual,name,asc,0,5,6.634,50,290
f2_v0_idx1,v0,agent,empresa_igual,name,asc,0,6,5.8,50,290
f2_v0_idx1,v0,agent,empresa_igual,name,asc,500,1,6.467,0,
f2_v0_idx1,v0,agent,empresa_igual,name,asc,500,2,6.754,0,
f2_v0_idx1,v0,agent,empresa_igual,name,asc,500,3,6.544,0,
f2_v0_idx1,v0,agent,empresa_igual,name,asc,500,4,7.091,0,
f2_v0_idx1,v0,agent,empresa_igual,name,asc,500,5,6.871,0,
f2_v0_idx1,v0,agent,empresa_igual,name,asc,500,6,6.109,0,
f2_v0_idx1,v0,agent,empresa_igual,name,desc,0,1,6.516,50,290
f2_v0_idx1,v0,agent,empresa_igual,name,desc,0,2,6.987,50,290
f2_v0_idx1,v0,agent,empresa_igual,name,desc,0,3,6.726,50,290
f2_v0_idx1,v0,agent,empresa_igual,name,desc,0,4,7.361,50,290
f2_v0_idx1,v0,agent,empresa_igual,name,desc,0,5,7.364,50,290
f2_v0_idx1,v0,agent,empresa_igual,name,desc,0,6,7.384,50,290
f3_v0_idx2,v0,agent,combinado,company,desc,0,1,1.031,1,1
f3_v0_idx2,v0,agent,combinado,company,desc,0,2,0.979,1,1
f3_v0_idx2,v0,agent,combinado,company,desc,0,3,0.817,1,1
f3_v0_idx2,v0,agent,combinado,company,desc,0,4,0.802,1,1
f3_v0_idx2,v0,agent,combinado,company,desc,0,5,0.949,1,1
f3_v0_idx2,v0,agent,combinado,company,desc,0,6,0.847,1,1
f3_v0_idx2,v0,agent,combinado,company,desc,500,1,0.916,0,
f3_v0_idx2,v0,agent,combinado,company,desc,500,2,0.882,0,
f3_v0_idx2,v0,agent,combinado,company,desc,500,3,0.865,0,
f3_v0_idx2,v0,agent,combinado,company,desc,500,4,0.827,0,
f3_v0_idx2,v0,agent,combinado,company,desc,500,5,0.804,0,
f3_v0_idx2,v0,agent,combinado,company,desc,500,6,0.95,0,
f4_v2_idx3,v2,agent,__overhead_wrapper__,-,-,-1,0,0.195,0,0
f2_v0_idx1,v0,agent,empresa_igual,created_at,asc,0,4,7.234,50,290
f2_v0_idx1,v0,agent,empresa_igual,created_at,asc,0,5,8.482,50,290
f2_v0_idx1,v0,agent,empresa_igual,created_at,asc,0,6,7.091,50,290
f2_v0_idx1,v0,agent,empresa_igual,created_at,asc,500,1,6.593,0,
f2_v0_idx1,v0,agent,empresa_igual,created_at,asc,500,2,6.513,0,
f2_v0_idx1,v0,agent,empresa_igual,created_at,asc,500,3,6.634,0,
f2_v0_idx1,v0,agent,empresa_igual,created_at,asc,500,4,6.241,0,
f2_v0_idx1,v0,agent,empresa_igual,created_at,asc,500,5,5.9,0,
f2_v0_idx1,v0,agent,empresa_igual,created_at,asc,500,6,6.284,0,
f2_v0_idx1,v0,agent,empresa_igual,created_at,desc,0,1,6.459,50,290
f2_v0_idx1,v0,agent,empresa_igual,created_at,desc,0,2,6.326,50,290
f2_v0_idx1,v0,agent,empresa_igual,created_at,desc,0,3,7.387,50,290
f2_v0_idx1,v0,agent,empresa_igual,created_at,desc,0,4,6.462,50,290
f2_v0_idx1,v0,agent,empresa_igual,created_at,desc,0,5,6.731,50,290
f2_v0_idx1,v0,agent,empresa_igual,created_at,desc,0,6,6.899,50,290
f2_v0_idx1,v0,agent,empresa_igual,created_at,desc,500,1,6.4,0,
f2_v0_idx1,v0,agent,empresa_igual,created_at,desc,500,2,8.207,0,
f2_v0_idx1,v0,agent,empresa_igual,created_at,desc,500,3,7.489,0,
f2_v0_idx1,v0,agent,empresa_igual,created_at,desc,500,4,7.216,0,
f2_v0_idx1,v0,agent,empresa_igual,created_at,desc,500,5,6.539,0,
f2_v0_idx1,v0,agent,empresa_igual,created_at,desc,500,6,6.589,0,
f2_v0_idx1,v0,agent,empresa_igual,company,asc,0,1,7.127,50,290
f2_v0_idx1,v0,agent,empresa_igual,company,asc,0,2,7.217,50,290
f2_v0_idx1,v0,agent,empresa_igual,company,asc,0,3,6.987,50,290
f2_v0_idx1,v0,agent,empresa_igual,company,asc,0,4,6.473,50,290
f2_v0_idx1,v0,agent,empresa_igual,company,asc,0,5,6.926,50,290
f2_v0_idx1,v0,agent,empresa_igual,company,asc,0,6,6.434,50,290
f2_v0_idx1,v0,agent,empresa_igual,company,asc,500,1,6.746,0,
f2_v0_idx1,v0,agent,empresa_igual,company,asc,500,2,7.58,0,
f2_v0_idx1,v0,agent,empresa_igual,company,asc,500,3,7.783,0,
f2_v0_idx1,v0,agent,empresa_igual,company,asc,500,4,7.63,0,
f2_v0_idx1,v0,agent,empresa_igual,company,asc,500,5,7.288,0,
f2_v0_idx1,v0,agent,empresa_igual,company,asc,500,6,7.441,0,
f2_v0_idx1,v0,agent,empresa_igual,company,desc,0,1,7.593,50,290
f2_v0_idx1,v0,agent,empresa_igual,company,desc,0,2,8.105,50,290
f2_v0_idx1,v0,agent,empresa_igual,company,desc,0,3,7.578,50,290
f2_v0_idx1,v0,agent,empresa_igual,company,desc,0,4,7.096,50,290
f2_v0_idx1,v0,agent,empresa_igual,company,desc,0,5,7.152,50,290
f2_v0_idx1,v0,agent,empresa_igual,company,desc,0,6,7.222,50,290
f3_v2_idx2,v2,agent,__overhead_wrapper__,-,-,-1,0,0.209,0,0
f3_v2_idx2,v2,agent,sem_filtro,name,asc,0,1,50.333,50,2886
f3_v2_idx2,v2,agent,sem_filtro,name,asc,0,2,51.541,50,2886
f3_v2_idx2,v2,agent,sem_filtro,name,asc,0,3,52.757,50,2886
f3_v2_idx2,v2,agent,sem_filtro,name,asc,0,4,53.92,50,2886
f3_v2_idx2,v2,agent,sem_filtro,name,asc,0,5,55.408,50,2886
f3_v2_idx2,v2,agent,sem_filtro,name,asc,0,6,56.917,50,2886
f3_v2_idx2,v2,agent,sem_filtro,name,asc,500,1,59.155,50,2886
f3_v2_idx2,v2,agent,sem_filtro,name,asc,500,2,55.753,50,2886
f3_v2_idx2,v2,agent,sem_filtro,name,asc,500,3,62.854,50,2886
f3_v2_idx2,v2,agent,sem_filtro,name,asc,500,4,60.187,50,2886
f3_v2_idx2,v2,agent,sem_filtro,name,asc,500,5,68.155,50,2886
f3_v2_idx2,v2,agent,sem_filtro,name,asc,500,6,75.011,50,2886
f3_v2_idx2,v2,agent,sem_filtro,name,desc,0,1,66.469,50,2886
f3_v2_idx2,v2,agent,sem_filtro,name,desc,0,2,65.76,50,2886
f3_v2_idx2,v2,agent,sem_filtro,name,desc,0,3,70.279,50,2886
f3_v2_idx2,v2,agent,sem_filtro,name,desc,0,4,60.96,50,2886
f3_v2_idx2,v2,agent,sem_filtro,name,desc,0,5,60.938,50,2886
f2_v0_idx1,v0,agent,empresa_igual,company,desc,500,1,8.338,0,
f2_v0_idx1,v0,agent,empresa_igual,company,desc,500,2,8.744,0,
f2_v0_idx1,v0,agent,empresa_igual,company,desc,500,3,8.099,0,
f2_v0_idx1,v0,agent,empresa_igual,company,desc,500,4,8.399,0,
f2_v0_idx1,v0,agent,empresa_igual,company,desc,500,5,7.898,0,
f2_v0_idx1,v0,agent,empresa_igual,company,desc,500,6,7.908,0,
f2_v0_idx1,v0,agent,cargo_igual,name,asc,0,1,5.451,50,125
f2_v0_idx1,v0,agent,cargo_igual,name,asc,0,2,5.561,50,125
f2_v0_idx1,v0,agent,cargo_igual,name,asc,0,3,5.227,50,125
f2_v0_idx1,v0,agent,cargo_igual,name,asc,0,4,5.097,50,125
f2_v0_idx1,v0,agent,cargo_igual,name,asc,0,5,5.608,50,125
f2_v0_idx1,v0,agent,cargo_igual,name,asc,0,6,5.31,50,125
f2_v0_idx1,v0,agent,cargo_igual,name,asc,500,1,5.406,0,
f2_v0_idx1,v0,agent,cargo_igual,name,asc,500,2,5.334,0,
f2_v0_idx1,v0,agent,cargo_igual,name,asc,500,3,5.145,0,
f2_v0_idx1,v0,agent,cargo_igual,name,asc,500,4,5.036,0,
f2_v0_idx1,v0,agent,cargo_igual,name,asc,500,5,5.012,0,
f2_v0_idx1,v0,agent,cargo_igual,name,asc,500,6,5.006,0,
f2_v0_idx1,v0,agent,cargo_igual,name,desc,0,1,5.164,50,125
f2_v0_idx1,v0,agent,cargo_igual,name,desc,0,2,4.907,50,125
f2_v0_idx1,v0,agent,cargo_igual,name,desc,0,3,5.011,50,125
f2_v0_idx1,v0,agent,cargo_igual,name,desc,0,4,4.622,50,125
f2_v0_idx1,v0,agent,cargo_igual,name,desc,0,5,4.613,50,125
f2_v0_idx1,v0,agent,cargo_igual,name,desc,0,6,5.086,50,125
f2_v0_idx1,v0,agent,cargo_igual,name,desc,500,1,4.611,0,
f2_v0_idx1,v0,agent,cargo_igual,name,desc,500,2,5.191,0,
f2_v0_idx1,v0,agent,cargo_igual,name,desc,500,3,4.881,0,
f2_v0_idx1,v0,agent,cargo_igual,name,desc,500,4,5.179,0,
f2_v0_idx1,v0,agent,cargo_igual,name,desc,500,5,6.054,0,
f2_v0_idx1,v0,agent,cargo_igual,name,desc,500,6,5.142,0,
f2_v0_idx1,v0,agent,cargo_igual,created_at,asc,0,1,4.844,50,125
f2_v0_idx1,v0,agent,cargo_igual,created_at,asc,0,2,4.776,50,125
f2_v0_idx1,v0,agent,cargo_igual,created_at,asc,0,3,4.815,50,125
f2_v0_idx1,v0,agent,cargo_igual,created_at,asc,0,4,4.586,50,125
f2_v0_idx1,v0,agent,cargo_igual,created_at,asc,0,5,4.432,50,125
f2_v0_idx1,v0,agent,cargo_igual,created_at,asc,0,6,4.179,50,125
f3_v2_idx2,v2,agent,sem_filtro,name,desc,0,6,59.698,50,2886
f2_v0_idx1,v0,agent,cargo_igual,created_at,asc,500,1,4.761,0,
f2_v0_idx1,v0,agent,cargo_igual,created_at,asc,500,2,5.029,0,
f3_v2_idx2,v2,agent,sem_filtro,name,desc,500,1,59.961,50,2886
f3_v2_idx2,v2,agent,sem_filtro,name,desc,500,2,65.986,50,2886
f3_v2_idx2,v2,agent,sem_filtro,name,desc,500,3,59.511,50,2886
f3_v2_idx2,v2,agent,sem_filtro,name,desc,500,4,59.022,50,2886
f3_v2_idx2,v2,agent,sem_filtro,name,desc,500,5,61.356,50,2886
f3_v2_idx2,v2,agent,sem_filtro,name,desc,500,6,62.019,50,2886
f3_v2_idx2,v2,agent,sem_filtro,created_at,asc,0,1,60.468,50,2886
f3_v2_idx2,v2,agent,sem_filtro,created_at,asc,0,2,63.368,50,2886
f3_v2_idx2,v2,agent,sem_filtro,created_at,asc,0,3,57.342,50,2886
f3_v2_idx2,v2,agent,sem_filtro,created_at,asc,0,4,55.966,50,2886
f3_v2_idx2,v2,agent,sem_filtro,created_at,asc,0,5,57.307,50,2886
f3_v2_idx2,v2,agent,sem_filtro,created_at,asc,0,6,60.028,50,2886
f3_v2_idx2,v2,agent,sem_filtro,created_at,asc,500,1,58.662,50,2886
f3_v2_idx2,v2,agent,sem_filtro,created_at,asc,500,2,63.7,50,2886
f3_v2_idx2,v2,agent,sem_filtro,created_at,asc,500,3,59.49,50,2886
f3_v2_idx2,v2,agent,sem_filtro,created_at,asc,500,4,53.398,50,2886
f3_v2_idx2,v2,agent,sem_filtro,created_at,asc,500,5,51.657,50,2886
f3_v2_idx2,v2,agent,sem_filtro,created_at,asc,500,6,55.038,50,2886
f2_v0_idx1,v0,agent,cargo_igual,created_at,asc,500,3,4.683,0,
f2_v0_idx1,v0,agent,cargo_igual,created_at,asc,500,4,4.976,0,
f2_v0_idx1,v0,agent,cargo_igual,created_at,asc,500,5,4.957,0,
f2_v0_idx1,v0,agent,cargo_igual,created_at,asc,500,6,5.233,0,
f2_v0_idx1,v0,agent,cargo_igual,created_at,desc,0,1,5.197,50,125
f2_v0_idx1,v0,agent,cargo_igual,created_at,desc,0,2,4.694,50,125
f2_v0_idx1,v0,agent,cargo_igual,created_at,desc,0,3,4.434,50,125
f2_v0_idx1,v0,agent,cargo_igual,created_at,desc,0,4,4.807,50,125
f2_v0_idx1,v0,agent,cargo_igual,created_at,desc,0,5,4.48,50,125
f2_v0_idx1,v0,agent,cargo_igual,created_at,desc,0,6,4.555,50,125
f2_v0_idx1,v0,agent,cargo_igual,created_at,desc,500,1,4.199,0,
f2_v0_idx1,v0,agent,cargo_igual,created_at,desc,500,2,4.372,0,
f2_v0_idx1,v0,agent,cargo_igual,created_at,desc,500,3,4.733,0,
f2_v0_idx1,v0,agent,cargo_igual,created_at,desc,500,4,4.236,0,
f2_v0_idx1,v0,agent,cargo_igual,created_at,desc,500,5,4.46,0,
f2_v0_idx1,v0,agent,cargo_igual,created_at,desc,500,6,3.941,0,
f2_v0_idx1,v0,agent,cargo_igual,company,asc,0,1,4.387,50,125
f2_v0_idx1,v0,agent,cargo_igual,company,asc,0,2,4.647,50,125
f2_v0_idx1,v0,agent,cargo_igual,company,asc,0,3,5.051,50,125
f2_v0_idx1,v0,agent,cargo_igual,company,asc,0,4,4.532,50,125
f2_v0_idx1,v0,agent,cargo_igual,company,asc,0,5,4.116,50,125
f2_v0_idx1,v0,agent,cargo_igual,company,asc,0,6,5.052,50,125
f2_v0_idx1,v0,agent,cargo_igual,company,asc,500,1,4.452,0,
f2_v0_idx1,v0,agent,cargo_igual,company,asc,500,2,4.265,0,
f2_v0_idx1,v0,agent,cargo_igual,company,asc,500,3,4.216,0,
f2_v0_idx1,v0,agent,cargo_igual,company,asc,500,4,4.168,0,
f2_v0_idx1,v0,agent,cargo_igual,company,asc,500,5,4.126,0,
f2_v0_idx1,v0,agent,cargo_igual,company,asc,500,6,4.196,0,
f2_v0_idx1,v0,agent,cargo_igual,company,desc,0,1,4.618,50,125
f2_v0_idx1,v0,agent,cargo_igual,company,desc,0,2,4.59,50,125
f2_v0_idx1,v0,agent,cargo_igual,company,desc,0,3,4.111,50,125
f2_v0_idx1,v0,agent,cargo_igual,company,desc,0,4,4.118,50,125
f2_v0_idx1,v0,agent,cargo_igual,company,desc,0,5,4.03,50,125
f2_v0_idx1,v0,agent,cargo_igual,company,desc,0,6,4.11,50,125
f2_v0_idx1,v0,agent,cargo_igual,company,desc,500,1,4.207,0,
f2_v0_idx1,v0,agent,cargo_igual,company,desc,500,2,4.112,0,
f2_v0_idx1,v0,agent,cargo_igual,company,desc,500,3,4.1,0,
f2_v0_idx1,v0,agent,cargo_igual,company,desc,500,4,4.089,0,
f2_v0_idx1,v0,agent,cargo_igual,company,desc,500,5,4.227,0,
f2_v0_idx1,v0,agent,cargo_igual,company,desc,500,6,3.979,0,
f3_v0_idx2,v0,agent,__overhead_wrapper__,-,-,-1,0,0.242,0,0
f3_v0_idx2,v0,agent,sem_filtro,name,asc,0,1,50.887,50,2886
f3_v0_idx2,v0,agent,sem_filtro,name,asc,0,2,49.737,50,2886
f3_v0_idx2,v0,agent,sem_filtro,name,asc,0,3,49.467,50,2886
f3_v0_idx2,v0,agent,sem_filtro,name,asc,0,4,55.218,50,2886
f3_v0_idx2,v0,agent,sem_filtro,name,asc,0,5,53.571,50,2886
f3_v0_idx2,v0,agent,sem_filtro,name,asc,0,6,56.888,50,2886
f3_v0_idx2,v0,agent,sem_filtro,name,asc,500,1,59.475,50,2886
f3_v0_idx2,v0,agent,sem_filtro,name,asc,500,2,55.139,50,2886
f3_v0_idx2,v0,agent,sem_filtro,name,asc,500,3,59.094,50,2886
f3_v0_idx2,v0,agent,sem_filtro,name,asc,500,4,65.404,50,2886
f3_v0_idx2,v0,agent,sem_filtro,name,asc,500,5,65.865,50,2886
f3_v0_idx2,v0,agent,sem_filtro,name,asc,500,6,65.62,50,2886
f3_v0_idx2,v0,agent,sem_filtro,name,desc,0,1,52.789,50,2886
f3_v0_idx2,v0,agent,sem_filtro,name,desc,0,2,58.683,50,2886
f3_v0_idx2,v0,agent,sem_filtro,name,desc,0,3,60.216,50,2886
f3_v0_idx2,v0,agent,sem_filtro,name,desc,0,4,54.825,50,2886
f3_v0_idx2,v0,agent,sem_filtro,name,desc,0,5,54.466,50,2886
f3_v0_idx2,v0,agent,sem_filtro,name,desc,0,6,58.81,50,2886
f3_v2_idx2,v2,agent,sem_filtro,created_at,desc,0,1,48.748,50,2886
f3_v2_idx2,v2,agent,sem_filtro,created_at,desc,0,2,51.544,50,2886
f3_v2_idx2,v2,agent,sem_filtro,created_at,desc,0,3,50.91,50,2886
f3_v2_idx2,v2,agent,sem_filtro,created_at,desc,0,4,50.183,50,2886
f3_v2_idx2,v2,agent,sem_filtro,created_at,desc,0,5,56.892,50,2886
f3_v2_idx2,v2,agent,sem_filtro,created_at,desc,0,6,65.74,50,2886
f3_v0_idx2,v0,agent,sem_filtro,name,desc,500,1,54.84,50,2886
f3_v0_idx2,v0,agent,sem_filtro,name,desc,500,2,54.918,50,2886
f3_v0_idx2,v0,agent,sem_filtro,name,desc,500,3,53.792,50,2886
f3_v0_idx2,v0,agent,sem_filtro,name,desc,500,4,58.639,50,2886
f3_v0_idx2,v0,agent,sem_filtro,name,desc,500,5,60.43,50,2886
f3_v0_idx2,v0,agent,sem_filtro,name,desc,500,6,59.306,50,2886
f3_v0_idx2,v0,agent,sem_filtro,created_at,asc,0,1,59.014,50,2886
f3_v0_idx2,v0,agent,sem_filtro,created_at,asc,0,2,58.866,50,2886
f3_v0_idx2,v0,agent,sem_filtro,created_at,asc,0,3,58.596,50,2886
f3_v0_idx2,v0,agent,sem_filtro,created_at,asc,0,4,56.853,50,2886
f3_v0_idx2,v0,agent,sem_filtro,created_at,asc,0,5,57.372,50,2886
f3_v0_idx2,v0,agent,sem_filtro,created_at,asc,0,6,54.577,50,2886
f3_v0_idx2,v0,agent,sem_filtro,created_at,asc,500,1,52.716,50,2886
f3_v0_idx2,v0,agent,sem_filtro,created_at,asc,500,2,55.41,50,2886
f3_v0_idx2,v0,agent,sem_filtro,created_at,asc,500,3,50.548,50,2886
f3_v0_idx2,v0,agent,sem_filtro,created_at,asc,500,4,50.223,50,2886
f3_v0_idx2,v0,agent,sem_filtro,created_at,asc,500,5,53.087,50,2886
f3_v0_idx2,v0,agent,sem_filtro,created_at,asc,500,6,55.081,50,2886
f3_v0_idx2,v0,agent,sem_filtro,created_at,desc,0,1,52.46,50,2886
f3_v0_idx2,v0,agent,sem_filtro,created_at,desc,0,2,51.676,50,2886
f3_v0_idx2,v0,agent,sem_filtro,created_at,desc,0,3,50.5,50,2886
f3_v0_idx2,v0,agent,sem_filtro,created_at,desc,0,4,54.016,50,2886
f3_v0_idx2,v0,agent,sem_filtro,created_at,desc,0,5,56.818,50,2886
f3_v0_idx2,v0,agent,sem_filtro,created_at,desc,0,6,55.237,50,2886
f3_v0_idx2,v0,agent,sem_filtro,created_at,desc,500,1,60.145,50,2886
f3_v0_idx2,v0,agent,sem_filtro,created_at,desc,500,2,56.176,50,2886
f3_v0_idx2,v0,agent,sem_filtro,created_at,desc,500,3,55.665,50,2886
f3_v0_idx2,v0,agent,sem_filtro,created_at,desc,500,4,57.645,50,2886
f3_v0_idx2,v0,agent,sem_filtro,created_at,desc,500,5,54.623,50,2886
f3_v0_idx2,v0,agent,sem_filtro,created_at,desc,500,6,53.254,50,2886
f3_v0_idx2,v0,agent,sem_filtro,company,asc,0,1,58.076,50,2886
f3_v0_idx2,v0,agent,sem_filtro,company,asc,0,2,57.766,50,2886
f3_v0_idx2,v0,agent,sem_filtro,company,asc,0,3,58.143,50,2886
f3_v0_idx2,v0,agent,sem_filtro,company,asc,0,4,58.044,50,2886
f3_v0_idx2,v0,agent,sem_filtro,company,asc,0,5,55.529,50,2886
f3_v0_idx2,v0,agent,sem_filtro,company,asc,0,6,54.003,50,2886
f3_v2_idx2,v2,agent,sem_filtro,created_at,desc,500,1,53.428,50,2886
f3_v2_idx2,v2,agent,sem_filtro,created_at,desc,500,2,58.364,50,2886
f3_v2_idx2,v2,agent,sem_filtro,created_at,desc,500,3,57.326,50,2886
f3_v2_idx2,v2,agent,sem_filtro,created_at,desc,500,4,58.019,50,2886
f3_v2_idx2,v2,agent,sem_filtro,created_at,desc,500,5,57.381,50,2886
f3_v2_idx2,v2,agent,sem_filtro,created_at,desc,500,6,56.323,50,2886
f3_v2_idx2,v2,agent,sem_filtro,company,asc,0,1,55.649,50,2886
f3_v2_idx2,v2,agent,sem_filtro,company,asc,0,2,58.443,50,2886
f3_v2_idx2,v2,agent,sem_filtro,company,asc,0,3,63.478,50,2886
f3_v2_idx2,v2,agent,sem_filtro,company,asc,0,4,58.45,50,2886
f3_v2_idx2,v2,agent,sem_filtro,company,asc,0,5,58.152,50,2886
f3_v2_idx2,v2,agent,sem_filtro,company,asc,0,6,57.486,50,2886
f3_v2_idx2,v2,agent,sem_filtro,company,asc,500,1,60.615,50,2886
f3_v2_idx2,v2,agent,sem_filtro,company,asc,500,2,66.178,50,2886
f3_v2_idx2,v2,agent,sem_filtro,company,asc,500,3,64.367,50,2886
f3_v2_idx2,v2,agent,sem_filtro,company,asc,500,4,65.035,50,2886
f3_v2_idx2,v2,agent,sem_filtro,company,asc,500,5,69.082,50,2886
f3_v2_idx2,v2,agent,sem_filtro,company,asc,500,6,66.465,50,2886
f3_v2_idx2,v2,agent,sem_filtro,company,desc,0,1,79.316,50,2886
f3_v0_idx2,v0,agent,sem_filtro,company,asc,500,1,60.669,50,2886
f3_v0_idx2,v0,agent,sem_filtro,company,asc,500,2,56.489,50,2886
f3_v0_idx2,v0,agent,sem_filtro,company,asc,500,3,58.248,50,2886
f3_v0_idx2,v0,agent,sem_filtro,company,asc,500,4,63.093,50,2886
f3_v0_idx2,v0,agent,sem_filtro,company,asc,500,5,63.689,50,2886
f3_v0_idx2,v0,agent,sem_filtro,company,asc,500,6,66.442,50,2886
f3_v0_idx2,v0,agent,sem_filtro,company,desc,0,1,58.636,50,2886
f3_v0_idx2,v0,agent,sem_filtro,company,desc,0,2,59.297,50,2886
f3_v0_idx2,v0,agent,sem_filtro,company,desc,0,3,59.978,50,2886
f3_v0_idx2,v0,agent,sem_filtro,company,desc,0,4,58.436,50,2886
f3_v0_idx2,v0,agent,sem_filtro,company,desc,0,5,64.499,50,2886
f3_v0_idx2,v0,agent,sem_filtro,company,desc,0,6,58.394,50,2886
f3_v0_idx2,v0,agent,sem_filtro,company,desc,500,1,55.321,50,2886
f3_v0_idx2,v0,agent,sem_filtro,company,desc,500,2,58.974,50,2886
f3_v0_idx2,v0,agent,sem_filtro,company,desc,500,3,56.222,50,2886
f3_v0_idx2,v0,agent,sem_filtro,company,desc,500,4,67.141,50,2886
f3_v0_idx2,v0,agent,sem_filtro,company,desc,500,5,82.901,50,2886
f3_v0_idx2,v0,agent,sem_filtro,company,desc,500,6,65.205,50,2886
f3_v0_idx2,v0,agent,termo_nome_5ch,name,asc,0,1,9.274,50,380
f3_v0_idx2,v0,agent,termo_nome_5ch,name,asc,0,2,10.831,50,380
f3_v0_idx2,v0,agent,termo_nome_5ch,name,asc,0,3,8.775,50,380
f3_v0_idx2,v0,agent,termo_nome_5ch,name,asc,0,4,9.044,50,380
f3_v0_idx2,v0,agent,termo_nome_5ch,name,asc,0,5,8.232,50,380
f3_v0_idx2,v0,agent,termo_nome_5ch,name,asc,0,6,9.531,50,380
f3_v0_idx2,v0,agent,termo_nome_5ch,name,asc,500,1,9.338,0,
f3_v0_idx2,v0,agent,termo_nome_5ch,name,asc,500,2,8.891,0,
f3_v0_idx2,v0,agent,termo_nome_5ch,name,asc,500,3,8.481,0,
f3_v0_idx2,v0,agent,termo_nome_5ch,name,asc,500,4,10.395,0,
f3_v0_idx2,v0,agent,termo_nome_5ch,name,asc,500,5,9.913,0,
f3_v0_idx2,v0,agent,termo_nome_5ch,name,asc,500,6,8.104,0,
f3_v0_idx2,v0,agent,termo_nome_5ch,name,desc,0,1,8.981,50,380
f3_v0_idx2,v0,agent,termo_nome_5ch,name,desc,0,2,7.632,50,380
f3_v0_idx2,v0,agent,termo_nome_5ch,name,desc,0,3,8.997,50,380
f3_v0_idx2,v0,agent,termo_nome_5ch,name,desc,0,4,7.615,50,380
f3_v0_idx2,v0,agent,termo_nome_5ch,name,desc,0,5,8.888,50,380
f3_v0_idx2,v0,agent,termo_nome_5ch,name,desc,0,6,8.106,50,380
f3_v0_idx2,v0,agent,termo_nome_5ch,name,desc,500,1,9.412,0,
f3_v0_idx2,v0,agent,termo_nome_5ch,name,desc,500,2,9.2,0,
f3_v0_idx2,v0,agent,termo_nome_5ch,name,desc,500,3,8.56,0,
f3_v0_idx2,v0,agent,termo_nome_5ch,name,desc,500,4,10.446,0,
f3_v0_idx2,v0,agent,termo_nome_5ch,name,desc,500,5,8.538,0,
f3_v0_idx2,v0,agent,termo_nome_5ch,name,desc,500,6,10.125,0,
f3_v2_idx2,v2,agent,sem_filtro,company,desc,0,2,75.265,50,2886
f3_v2_idx2,v2,agent,sem_filtro,company,desc,0,3,66.611,50,2886
f3_v2_idx2,v2,agent,sem_filtro,company,desc,0,4,76.077,50,2886
f3_v2_idx2,v2,agent,sem_filtro,company,desc,0,5,80.377,50,2886
f3_v2_idx2,v2,agent,sem_filtro,company,desc,0,6,69.617,50,2886
f3_v2_idx2,v2,agent,sem_filtro,company,desc,500,1,67.328,50,2886
f3_v2_idx2,v2,agent,sem_filtro,company,desc,500,2,70.09,50,2886
f3_v2_idx2,v2,agent,sem_filtro,company,desc,500,3,66.841,50,2886
f3_v2_idx2,v2,agent,sem_filtro,company,desc,500,4,63.83,50,2886
f3_v2_idx2,v2,agent,sem_filtro,company,desc,500,5,58.19,50,2886
f3_v2_idx2,v2,agent,sem_filtro,company,desc,500,6,69.42,50,2886
f3_v2_idx2,v2,agent,termo_nome_5ch,name,asc,0,1,11.477,50,380
f3_v2_idx2,v2,agent,termo_nome_5ch,name,asc,0,2,8.802,50,380
f3_v2_idx2,v2,agent,termo_nome_5ch,name,asc,0,3,8.794,50,380
f3_v2_idx2,v2,agent,termo_nome_5ch,name,asc,0,4,8.947,50,380
f3_v2_idx2,v2,agent,termo_nome_5ch,name,asc,0,5,9.147,50,380
f3_v2_idx2,v2,agent,termo_nome_5ch,name,asc,0,6,9.033,50,380
f3_v0_idx2,v0,agent,termo_nome_5ch,created_at,asc,0,1,9.408,50,380
f3_v0_idx2,v0,agent,termo_nome_5ch,created_at,asc,0,2,9.087,50,380
f3_v0_idx2,v0,agent,termo_nome_5ch,created_at,asc,0,3,10.208,50,380
f3_v0_idx2,v0,agent,termo_nome_5ch,created_at,asc,0,4,9.349,50,380
f3_v0_idx2,v0,agent,termo_nome_5ch,created_at,asc,0,5,11.751,50,380
f3_v0_idx2,v0,agent,termo_nome_5ch,created_at,asc,0,6,9.412,50,380
f3_v0_idx2,v0,agent,termo_nome_5ch,created_at,asc,500,1,10.482,0,
f3_v0_idx2,v0,agent,termo_nome_5ch,created_at,asc,500,2,10.759,0,
f3_v0_idx2,v0,agent,termo_nome_5ch,created_at,asc,500,3,11.555,0,
f3_v0_idx2,v0,agent,termo_nome_5ch,created_at,asc,500,4,9.955,0,
f3_v0_idx2,v0,agent,termo_nome_5ch,created_at,asc,500,5,9.973,0,
f3_v0_idx2,v0,agent,termo_nome_5ch,created_at,asc,500,6,11.813,0,
f3_v0_idx2,v0,agent,termo_nome_5ch,created_at,desc,0,1,9.728,50,380
f3_v0_idx2,v0,agent,termo_nome_5ch,created_at,desc,0,2,11.347,50,380
f3_v0_idx2,v0,agent,termo_nome_5ch,created_at,desc,0,3,10.037,50,380
f3_v0_idx2,v0,agent,termo_nome_5ch,created_at,desc,0,4,9.732,50,380
f3_v0_idx2,v0,agent,termo_nome_5ch,created_at,desc,0,5,9.392,50,380
f3_v0_idx2,v0,agent,termo_nome_5ch,created_at,desc,0,6,10.014,50,380
f3_v0_idx2,v0,agent,termo_nome_5ch,created_at,desc,500,1,10.049,0,
f3_v0_idx2,v0,agent,termo_nome_5ch,created_at,desc,500,2,10.091,0,
f3_v0_idx2,v0,agent,termo_nome_5ch,created_at,desc,500,3,9.338,0,
f3_v0_idx2,v0,agent,termo_nome_5ch,created_at,desc,500,4,9.938,0,
f3_v0_idx2,v0,agent,termo_nome_5ch,created_at,desc,500,5,9.958,0,
f3_v0_idx2,v0,agent,termo_nome_5ch,created_at,desc,500,6,11.569,0,
f3_v0_idx2,v0,agent,termo_nome_5ch,company,asc,0,1,11.69,50,380
f3_v0_idx2,v0,agent,termo_nome_5ch,company,asc,0,2,10.976,50,380
f3_v0_idx2,v0,agent,termo_nome_5ch,company,asc,0,3,11.131,50,380
f3_v0_idx2,v0,agent,termo_nome_5ch,company,asc,0,4,10.015,50,380
f3_v0_idx2,v0,agent,termo_nome_5ch,company,asc,0,5,10.512,50,380
f3_v0_idx2,v0,agent,termo_nome_5ch,company,asc,0,6,10.297,50,380
f3_v0_idx2,v0,agent,termo_nome_5ch,company,asc,500,1,11.795,0,
f3_v0_idx2,v0,agent,termo_nome_5ch,company,asc,500,2,11.063,0,
f3_v0_idx2,v0,agent,termo_nome_5ch,company,asc,500,3,10.041,0,
f3_v0_idx2,v0,agent,termo_nome_5ch,company,asc,500,4,10.559,0,
f3_v0_idx2,v0,agent,termo_nome_5ch,company,asc,500,5,9.149,0,
f3_v0_idx2,v0,agent,termo_nome_5ch,company,asc,500,6,10.896,0,
f3_v2_idx2,v2,agent,termo_nome_5ch,name,asc,500,1,9.643,0,
f3_v2_idx2,v2,agent,termo_nome_5ch,name,asc,500,2,9.245,0,
f3_v2_idx2,v2,agent,termo_nome_5ch,name,asc,500,3,10.515,0,
f3_v2_idx2,v2,agent,termo_nome_5ch,name,asc,500,4,8.611,0,
f3_v2_idx2,v2,agent,termo_nome_5ch,name,asc,500,5,9.495,0,
f3_v2_idx2,v2,agent,termo_nome_5ch,name,asc,500,6,8.134,0,
f3_v2_idx2,v2,agent,termo_nome_5ch,name,desc,0,1,8.936,50,380
f3_v2_idx2,v2,agent,termo_nome_5ch,name,desc,0,2,8.479,50,380
f3_v2_idx2,v2,agent,termo_nome_5ch,name,desc,0,3,8.884,50,380
f3_v2_idx2,v2,agent,termo_nome_5ch,name,desc,0,4,8.357,50,380
f3_v2_idx2,v2,agent,termo_nome_5ch,name,desc,0,5,10.003,50,380
f3_v2_idx2,v2,agent,termo_nome_5ch,name,desc,0,6,9.855,50,380
f3_v2_idx2,v2,agent,termo_nome_5ch,name,desc,500,1,8.467,0,
f3_v2_idx2,v2,agent,termo_nome_5ch,name,desc,500,2,9.744,0,
f3_v2_idx2,v2,agent,termo_nome_5ch,name,desc,500,3,8.179,0,
f3_v2_idx2,v2,agent,termo_nome_5ch,name,desc,500,4,8.828,0,
f3_v2_idx2,v2,agent,termo_nome_5ch,name,desc,500,5,8.215,0,
f3_v2_idx2,v2,agent,termo_nome_5ch,name,desc,500,6,9.141,0,
f3_v0_idx2,v0,agent,termo_nome_5ch,company,desc,0,1,9.368,50,380
f3_v0_idx2,v0,agent,termo_nome_5ch,company,desc,0,2,8.884,50,380
f3_v0_idx2,v0,agent,termo_nome_5ch,company,desc,0,3,10.313,50,380
f3_v0_idx2,v0,agent,termo_nome_5ch,company,desc,0,4,9.282,50,380
f3_v0_idx2,v0,agent,termo_nome_5ch,company,desc,0,5,9.516,50,380
f3_v0_idx2,v0,agent,termo_nome_5ch,company,desc,0,6,11.451,50,380
f3_v0_idx2,v0,agent,termo_nome_5ch,company,desc,500,1,11.155,0,
f3_v0_idx2,v0,agent,termo_nome_5ch,company,desc,500,2,8.481,0,
f3_v0_idx2,v0,agent,termo_nome_5ch,company,desc,500,3,9.515,0,
f3_v0_idx2,v0,agent,termo_nome_5ch,company,desc,500,4,8.026,0,
f3_v0_idx2,v0,agent,termo_nome_5ch,company,desc,500,5,9.73,0,
f3_v0_idx2,v0,agent,termo_nome_5ch,company,desc,500,6,9.381,0,
f3_v0_idx2,v0,agent,termo_empresa,name,asc,0,1,9.022,50,290
f3_v0_idx2,v0,agent,termo_empresa,name,asc,0,2,9.847,50,290
f3_v0_idx2,v0,agent,termo_empresa,name,asc,0,3,7.63,50,290
f3_v0_idx2,v0,agent,termo_empresa,name,asc,0,4,9.631,50,290
f3_v0_idx2,v0,agent,termo_empresa,name,asc,0,5,8.522,50,290
f3_v0_idx2,v0,agent,termo_empresa,name,asc,0,6,9.603,50,290
f3_v0_idx2,v0,agent,termo_empresa,name,asc,500,1,9.004,0,
f3_v0_idx2,v0,agent,termo_empresa,name,asc,500,2,8.271,0,
f3_v0_idx2,v0,agent,termo_empresa,name,asc,500,3,8.658,0,
f3_v0_idx2,v0,agent,termo_empresa,name,asc,500,4,9.11,0,
f3_v0_idx2,v0,agent,termo_empresa,name,asc,500,5,9.315,0,
f3_v0_idx2,v0,agent,termo_empresa,name,asc,500,6,9.815,0,
f3_v0_idx2,v0,agent,termo_empresa,name,desc,0,1,9.368,50,290
f3_v0_idx2,v0,agent,termo_empresa,name,desc,0,2,10.738,50,290
f3_v0_idx2,v0,agent,termo_empresa,name,desc,0,3,9.03,50,290
f3_v0_idx2,v0,agent,termo_empresa,name,desc,0,4,10.189,50,290
f3_v0_idx2,v0,agent,termo_empresa,name,desc,0,5,8.105,50,290
f3_v0_idx2,v0,agent,termo_empresa,name,desc,0,6,9.378,50,290
f3_v0_idx2,v0,agent,termo_empresa,name,desc,500,1,8.746,0,
f3_v0_idx2,v0,agent,termo_empresa,name,desc,500,2,8.595,0,
f3_v0_idx2,v0,agent,termo_empresa,name,desc,500,3,9.693,0,
f3_v0_idx2,v0,agent,termo_empresa,name,desc,500,4,7.979,0,
f3_v0_idx2,v0,agent,termo_empresa,name,desc,500,5,9.765,0,
f3_v0_idx2,v0,agent,termo_empresa,name,desc,500,6,8.034,0,
f3_v2_idx2,v2,agent,termo_nome_5ch,created_at,asc,0,1,9.985,50,380
f3_v2_idx2,v2,agent,termo_nome_5ch,created_at,asc,0,2,9.744,50,380
f3_v2_idx2,v2,agent,termo_nome_5ch,created_at,asc,0,3,10.312,50,380
f3_v0_idx2,v0,agent,termo_empresa,created_at,asc,0,1,10.145,50,290
f3_v0_idx2,v0,agent,termo_empresa,created_at,asc,0,2,8.445,50,290
f3_v2_idx2,v2,agent,termo_nome_5ch,created_at,asc,0,4,9.697,50,380
f3_v2_idx2,v2,agent,termo_nome_5ch,created_at,asc,0,5,17.079,50,380
f3_v2_idx2,v2,agent,termo_nome_5ch,created_at,asc,0,6,10.107,50,380
f3_v2_idx2,v2,agent,termo_nome_5ch,created_at,asc,500,1,10.314,0,
f3_v2_idx2,v2,agent,termo_nome_5ch,created_at,asc,500,2,9.584,0,
f3_v2_idx2,v2,agent,termo_nome_5ch,created_at,asc,500,3,9.596,0,
f3_v2_idx2,v2,agent,termo_nome_5ch,created_at,asc,500,4,10.949,0,
f3_v2_idx2,v2,agent,termo_nome_5ch,created_at,asc,500,5,9.772,0,
f3_v2_idx2,v2,agent,termo_nome_5ch,created_at,asc,500,6,10.454,0,
f3_v2_idx2,v2,agent,termo_nome_5ch,created_at,desc,0,1,9.833,50,380
f3_v2_idx2,v2,agent,termo_nome_5ch,created_at,desc,0,2,10.583,50,380
f3_v2_idx2,v2,agent,termo_nome_5ch,created_at,desc,0,3,11.441,50,380
f3_v2_idx2,v2,agent,termo_nome_5ch,created_at,desc,0,4,9.55,50,380
f3_v2_idx2,v2,agent,termo_nome_5ch,created_at,desc,0,5,9.488,50,380
f3_v2_idx2,v2,agent,termo_nome_5ch,created_at,desc,0,6,12.26,50,380
f3_v0_idx2,v0,agent,termo_empresa,created_at,asc,0,3,9.828,50,290
f3_v0_idx2,v0,agent,termo_empresa,created_at,asc,0,4,9.778,50,290
f3_v0_idx2,v0,agent,termo_empresa,created_at,asc,0,5,9.075,50,290
f3_v0_idx2,v0,agent,termo_empresa,created_at,asc,0,6,9.401,50,290
f3_v0_idx2,v0,agent,termo_empresa,created_at,asc,500,1,10.301,0,
f3_v0_idx2,v0,agent,termo_empresa,created_at,asc,500,2,9.337,0,
f3_v0_idx2,v0,agent,termo_empresa,created_at,asc,500,3,10.29,0,
f3_v0_idx2,v0,agent,termo_empresa,created_at,asc,500,4,8.699,0,
f3_v0_idx2,v0,agent,termo_empresa,created_at,asc,500,5,9.438,0,
f3_v0_idx2,v0,agent,termo_empresa,created_at,asc,500,6,8.683,0,
f3_v0_idx2,v0,agent,termo_empresa,created_at,desc,0,1,9.629,50,290
f3_v0_idx2,v0,agent,termo_empresa,created_at,desc,0,2,10.77,50,290
f3_v0_idx2,v0,agent,termo_empresa,created_at,desc,0,3,9.254,50,290
f3_v0_idx2,v0,agent,termo_empresa,created_at,desc,0,4,10.224,50,290
f3_v0_idx2,v0,agent,termo_empresa,created_at,desc,0,5,8.171,50,290
f3_v0_idx2,v0,agent,termo_empresa,created_at,desc,0,6,10.014,50,290
f3_v0_idx2,v0,agent,termo_empresa,created_at,desc,500,1,11.814,0,
f3_v0_idx2,v0,agent,termo_empresa,created_at,desc,500,2,9.309,0,
f3_v0_idx2,v0,agent,termo_empresa,created_at,desc,500,3,10.45,0,
f3_v0_idx2,v0,agent,termo_empresa,created_at,desc,500,4,9.54,0,
f3_v0_idx2,v0,agent,termo_empresa,created_at,desc,500,5,10.229,0,
f3_v0_idx2,v0,agent,termo_empresa,created_at,desc,500,6,10.364,0,
f3_v0_idx2,v0,agent,termo_empresa,company,asc,0,1,8.839,50,290
f3_v0_idx2,v0,agent,termo_empresa,company,asc,0,2,10.608,50,290
f3_v0_idx2,v0,agent,termo_empresa,company,asc,0,3,10.604,50,290
f3_v0_idx2,v0,agent,termo_empresa,company,asc,0,4,9.089,50,290
f3_v0_idx2,v0,agent,termo_empresa,company,asc,0,5,9.509,50,290
f3_v0_idx2,v0,agent,termo_empresa,company,asc,0,6,9.741,50,290
f3_v0_idx2,v0,agent,termo_empresa,company,asc,500,1,10.864,0,
f3_v0_idx2,v0,agent,termo_empresa,company,asc,500,2,11.33,0,
f3_v0_idx2,v0,agent,termo_empresa,company,asc,500,3,11.482,0,
f3_v0_idx2,v0,agent,termo_empresa,company,asc,500,4,9.624,0,
f3_v0_idx2,v0,agent,termo_empresa,company,asc,500,5,10.353,0,
f3_v0_idx2,v0,agent,termo_empresa,company,asc,500,6,9.24,0,
f3_v0_idx2,v0,agent,termo_empresa,company,desc,0,1,10.685,50,290
f3_v0_idx2,v0,agent,termo_empresa,company,desc,0,2,13.931,50,290
f3_v0_idx2,v0,agent,termo_empresa,company,desc,0,3,10.526,50,290
f3_v0_idx2,v0,agent,termo_empresa,company,desc,0,4,10.049,50,290
f3_v0_idx2,v0,agent,termo_empresa,company,desc,0,5,9.491,50,290
f3_v2_idx2,v2,agent,termo_nome_5ch,created_at,desc,500,1,11.166,0,
f3_v2_idx2,v2,agent,termo_nome_5ch,created_at,desc,500,2,9.631,0,
f3_v2_idx2,v2,agent,termo_nome_5ch,created_at,desc,500,3,10.349,0,
f3_v2_idx2,v2,agent,termo_nome_5ch,created_at,desc,500,4,12.636,0,
f3_v2_idx2,v2,agent,termo_nome_5ch,created_at,desc,500,5,9.505,0,
f3_v2_idx2,v2,agent,termo_nome_5ch,created_at,desc,500,6,9.063,0,
f3_v2_idx2,v2,agent,termo_nome_5ch,company,asc,0,1,9.083,50,380
f3_v2_idx2,v2,agent,termo_nome_5ch,company,asc,0,2,9.885,50,380
f3_v2_idx2,v2,agent,termo_nome_5ch,company,asc,0,3,9.639,50,380
f3_v2_idx2,v2,agent,termo_nome_5ch,company,asc,0,4,8.765,50,380
f3_v2_idx2,v2,agent,termo_nome_5ch,company,asc,0,5,9.728,50,380
f3_v2_idx2,v2,agent,termo_nome_5ch,company,asc,0,6,8.894,50,380
f3_v2_idx2,v2,agent,termo_nome_5ch,company,asc,500,1,9.441,0,
f3_v2_idx2,v2,agent,termo_nome_5ch,company,asc,500,2,9.148,0,
f3_v2_idx2,v2,agent,termo_nome_5ch,company,asc,500,3,8.965,0,
f3_v2_idx2,v2,agent,termo_nome_5ch,company,asc,500,4,9.266,0,
f3_v2_idx2,v2,agent,termo_nome_5ch,company,asc,500,5,9.176,0,
f3_v2_idx2,v2,agent,termo_nome_5ch,company,asc,500,6,10.044,0,
f3_v0_idx2,v0,agent,termo_empresa,company,desc,0,6,10.145,50,290
f3_v0_idx2,v0,agent,termo_empresa,company,desc,500,1,10.221,0,
f3_v0_idx2,v0,agent,termo_empresa,company,desc,500,2,9.831,0,
f3_v0_idx2,v0,agent,termo_empresa,company,desc,500,3,10.216,0,
f3_v0_idx2,v0,agent,termo_empresa,company,desc,500,4,9.663,0,
f3_v0_idx2,v0,agent,termo_empresa,company,desc,500,5,9.631,0,
f3_v0_idx2,v0,agent,termo_empresa,company,desc,500,6,11.939,0,
f3_v0_idx2,v0,agent,filtro_tipo,name,asc,0,1,13.474,50,536
f3_v0_idx2,v0,agent,filtro_tipo,name,asc,0,2,12.289,50,536
f3_v0_idx2,v0,agent,filtro_tipo,name,asc,0,3,11.261,50,536
f3_v0_idx2,v0,agent,filtro_tipo,name,asc,0,4,12.399,50,536
f3_v0_idx2,v0,agent,filtro_tipo,name,asc,0,5,13.056,50,536
f3_v0_idx2,v0,agent,filtro_tipo,name,asc,0,6,12.073,50,536
f3_v0_idx2,v0,agent,filtro_tipo,name,asc,500,1,16.102,36,536
f3_v0_idx2,v0,agent,filtro_tipo,name,asc,500,2,15.31,36,536
f3_v0_idx2,v0,agent,filtro_tipo,name,asc,500,3,14.405,36,536
f3_v0_idx2,v0,agent,filtro_tipo,name,asc,500,4,13.508,36,536
f3_v0_idx2,v0,agent,filtro_tipo,name,asc,500,5,12.359,36,536
f3_v0_idx2,v0,agent,filtro_tipo,name,asc,500,6,12.286,36,536
f3_v0_idx2,v0,agent,filtro_tipo,name,desc,0,1,12.819,50,536
f3_v0_idx2,v0,agent,filtro_tipo,name,desc,0,2,12.876,50,536
f3_v0_idx2,v0,agent,filtro_tipo,name,desc,0,3,12.96,50,536
f3_v0_idx2,v0,agent,filtro_tipo,name,desc,0,4,13.565,50,536
f3_v0_idx2,v0,agent,filtro_tipo,name,desc,0,5,13.9,50,536
f3_v0_idx2,v0,agent,filtro_tipo,name,desc,0,6,13.098,50,536
f3_v0_idx2,v0,agent,filtro_tipo,name,desc,500,1,12.843,36,536
f3_v0_idx2,v0,agent,filtro_tipo,name,desc,500,2,13.273,36,536
f3_v0_idx2,v0,agent,filtro_tipo,name,desc,500,3,12.317,36,536
f3_v0_idx2,v0,agent,filtro_tipo,name,desc,500,4,12.528,36,536
f3_v0_idx2,v0,agent,filtro_tipo,name,desc,500,5,13.349,36,536
f3_v0_idx2,v0,agent,filtro_tipo,name,desc,500,6,12.954,36,536
f3_v0_idx2,v0,agent,filtro_tipo,created_at,asc,0,1,12.035,50,536
f3_v0_idx2,v0,agent,filtro_tipo,created_at,asc,0,2,12.395,50,536
f3_v0_idx2,v0,agent,filtro_tipo,created_at,asc,0,3,12.385,50,536
f3_v0_idx2,v0,agent,filtro_tipo,created_at,asc,0,4,11.463,50,536
f3_v0_idx2,v0,agent,filtro_tipo,created_at,asc,0,5,12.311,50,536
f3_v0_idx2,v0,agent,filtro_tipo,created_at,asc,0,6,12.453,50,536
f3_v2_idx2,v2,agent,termo_nome_5ch,company,desc,0,1,8.561,50,380
f3_v2_idx2,v2,agent,termo_nome_5ch,company,desc,0,2,8.361,50,380
f3_v2_idx2,v2,agent,termo_nome_5ch,company,desc,0,3,8.152,50,380
f3_v2_idx2,v2,agent,termo_nome_5ch,company,desc,0,4,8.837,50,380
f3_v2_idx2,v2,agent,termo_nome_5ch,company,desc,0,5,8.763,50,380
f3_v2_idx2,v2,agent,termo_nome_5ch,company,desc,0,6,8.567,50,380
f3_v2_idx2,v2,agent,termo_nome_5ch,company,desc,500,1,7.848,0,
f3_v2_idx2,v2,agent,termo_nome_5ch,company,desc,500,2,8.181,0,
f3_v2_idx2,v2,agent,termo_nome_5ch,company,desc,500,3,7.861,0,
f3_v2_idx2,v2,agent,termo_nome_5ch,company,desc,500,4,9.272,0,
f3_v2_idx2,v2,agent,termo_nome_5ch,company,desc,500,5,8.452,0,
f3_v2_idx2,v2,agent,termo_nome_5ch,company,desc,500,6,9.316,0,
f3_v2_idx2,v2,agent,combinado,name,asc,0,1,0.976,1,1
f3_v2_idx2,v2,agent,combinado,name,asc,0,2,0.866,1,1
f3_v2_idx2,v2,agent,combinado,name,asc,0,3,0.881,1,1
f3_v2_idx2,v2,agent,combinado,name,asc,0,4,0.936,1,1
f3_v2_idx2,v2,agent,combinado,name,asc,0,5,0.914,1,1
f3_v2_idx2,v2,agent,combinado,name,asc,0,6,0.816,1,1
f3_v0_idx2,v0,agent,filtro_tipo,created_at,asc,500,1,12.02,36,536
f3_v0_idx2,v0,agent,filtro_tipo,created_at,asc,500,2,11.906,36,536
f3_v0_idx2,v0,agent,filtro_tipo,created_at,asc,500,3,11.834,36,536
f3_v0_idx2,v0,agent,filtro_tipo,created_at,asc,500,4,12.405,36,536
f3_v0_idx2,v0,agent,filtro_tipo,created_at,asc,500,5,11.709,36,536
f3_v0_idx2,v0,agent,filtro_tipo,created_at,asc,500,6,11.804,36,536
f3_v0_idx2,v0,agent,filtro_tipo,created_at,desc,0,1,10.832,50,536
f3_v0_idx2,v0,agent,filtro_tipo,created_at,desc,0,2,10.519,50,536
f3_v0_idx2,v0,agent,filtro_tipo,created_at,desc,0,3,12.609,50,536
f3_v0_idx2,v0,agent,filtro_tipo,created_at,desc,0,4,11.215,50,536
f3_v0_idx2,v0,agent,filtro_tipo,created_at,desc,0,5,10.906,50,536
f3_v0_idx2,v0,agent,filtro_tipo,created_at,desc,0,6,12.053,50,536
f3_v0_idx2,v0,agent,filtro_tipo,created_at,desc,500,1,12.128,36,536
f3_v0_idx2,v0,agent,filtro_tipo,created_at,desc,500,2,12.372,36,536
f3_v0_idx2,v0,agent,filtro_tipo,created_at,desc,500,3,11.506,36,536
f3_v0_idx2,v0,agent,filtro_tipo,created_at,desc,500,4,12.443,36,536
f3_v0_idx2,v0,agent,filtro_tipo,created_at,desc,500,5,13.37,36,536
f3_v0_idx2,v0,agent,filtro_tipo,created_at,desc,500,6,12.705,36,536
f3_v0_idx2,v0,agent,filtro_tipo,company,asc,0,1,13.66,50,536
f3_v0_idx2,v0,agent,filtro_tipo,company,asc,0,2,12.905,50,536
f3_v0_idx2,v0,agent,filtro_tipo,company,asc,0,3,11.236,50,536
f3_v0_idx2,v0,agent,filtro_tipo,company,asc,0,4,12.003,50,536
f3_v0_idx2,v0,agent,filtro_tipo,company,asc,0,5,12.744,50,536
f3_v0_idx2,v0,agent,filtro_tipo,company,asc,0,6,12.39,50,536
f3_v0_idx2,v0,agent,filtro_tipo,company,asc,500,1,12.993,36,536
f3_v0_idx2,v0,agent,filtro_tipo,company,asc,500,2,12.336,36,536
f3_v0_idx2,v0,agent,filtro_tipo,company,asc,500,3,11.185,36,536
f3_v0_idx2,v0,agent,filtro_tipo,company,asc,500,4,12.76,36,536
f3_v0_idx2,v0,agent,filtro_tipo,company,asc,500,5,13.485,36,536
f3_v0_idx2,v0,agent,filtro_tipo,company,asc,500,6,12.811,36,536
f3_v0_idx2,v0,agent,filtro_tipo,company,desc,0,1,11.727,50,536
f3_v0_idx2,v0,agent,filtro_tipo,company,desc,0,2,12.395,50,536
f3_v0_idx2,v0,agent,filtro_tipo,company,desc,0,3,12.043,50,536
f3_v0_idx2,v0,agent,filtro_tipo,company,desc,0,4,12.306,50,536
f3_v0_idx2,v0,agent,filtro_tipo,company,desc,0,5,13.101,50,536
f3_v0_idx2,v0,agent,filtro_tipo,company,desc,0,6,13.191,50,536
f3_v0_idx2,v0,agent,filtro_tipo,company,desc,500,1,13.671,36,536
f3_v0_idx2,v0,agent,filtro_tipo,company,desc,500,2,13.446,36,536
f3_v0_idx2,v0,agent,filtro_tipo,company,desc,500,3,12.713,36,536
f3_v0_idx2,v0,agent,filtro_tipo,company,desc,500,4,12.237,36,536
f3_v0_idx2,v0,agent,filtro_tipo,company,desc,500,5,15.221,36,536
f3_v2_idx2,v2,agent,combinado,name,asc,500,1,0.852,0,
f3_v2_idx2,v2,agent,combinado,name,asc,500,2,0.96,0,
f3_v2_idx2,v2,agent,combinado,name,asc,500,3,0.742,0,
f3_v2_idx2,v2,agent,combinado,name,asc,500,4,0.741,0,
f3_v2_idx2,v2,agent,combinado,name,asc,500,5,0.714,0,
f3_v2_idx2,v2,agent,combinado,name,asc,500,6,1.007,0,
f3_v2_idx2,v2,agent,combinado,name,desc,0,1,0.915,1,1
f3_v2_idx2,v2,agent,combinado,name,desc,0,2,0.955,1,1
f3_v2_idx2,v2,agent,combinado,name,desc,0,3,0.836,1,1
f3_v2_idx2,v2,agent,combinado,name,desc,0,4,0.759,1,1
f3_v2_idx2,v2,agent,combinado,name,desc,0,5,0.918,1,1
f3_v2_idx2,v2,agent,combinado,name,desc,0,6,1.071,1,1
f3_v2_idx2,v2,agent,combinado,name,desc,500,1,0.703,0,
f3_v2_idx2,v2,agent,combinado,name,desc,500,2,0.876,0,
f3_v2_idx2,v2,agent,combinado,name,desc,500,3,0.916,0,
f3_v2_idx2,v2,agent,combinado,name,desc,500,4,0.763,0,
f3_v2_idx2,v2,agent,combinado,name,desc,500,5,0.746,0,
f3_v2_idx2,v2,agent,combinado,name,desc,500,6,0.692,0,
f3_v0_idx2,v0,agent,filtro_tipo,company,desc,500,6,14.903,36,536
f3_v0_idx2,v0,agent,filtro_tag,name,asc,0,1,8.142,50,241
f3_v0_idx2,v0,agent,filtro_tag,name,asc,0,2,8.512,50,241
f3_v0_idx2,v0,agent,filtro_tag,name,asc,0,3,9.118,50,241
f3_v0_idx2,v0,agent,filtro_tag,name,asc,0,4,9.429,50,241
f3_v0_idx2,v0,agent,filtro_tag,name,asc,0,5,8.318,50,241
f3_v0_idx2,v0,agent,filtro_tag,name,asc,0,6,9.722,50,241
f3_v0_idx2,v0,agent,filtro_tag,name,asc,500,1,8.152,0,
f3_v0_idx2,v0,agent,filtro_tag,name,asc,500,2,9.545,0,
f3_v0_idx2,v0,agent,filtro_tag,name,asc,500,3,8.182,0,
f3_v0_idx2,v0,agent,filtro_tag,name,asc,500,4,7.824,0,
f3_v0_idx2,v0,agent,filtro_tag,name,asc,500,5,8.521,0,
f3_v0_idx2,v0,agent,filtro_tag,name,asc,500,6,8.882,0,
f3_v0_idx2,v0,agent,filtro_tag,name,desc,0,1,7.799,50,241
f3_v0_idx2,v0,agent,filtro_tag,name,desc,0,2,7.736,50,241
f3_v0_idx2,v0,agent,filtro_tag,name,desc,0,3,7.235,50,241
f3_v0_idx2,v0,agent,filtro_tag,name,desc,0,4,8.085,50,241
f3_v0_idx2,v0,agent,filtro_tag,name,desc,0,5,6.963,50,241
f3_v0_idx2,v0,agent,filtro_tag,name,desc,0,6,8.625,50,241
f3_v0_idx2,v0,agent,filtro_tag,name,desc,500,1,6.356,0,
f3_v0_idx2,v0,agent,filtro_tag,name,desc,500,2,7.563,0,
f3_v0_idx2,v0,agent,filtro_tag,name,desc,500,3,6.455,0,
f3_v0_idx2,v0,agent,filtro_tag,name,desc,500,4,6.71,0,
f3_v0_idx2,v0,agent,filtro_tag,name,desc,500,5,7.136,0,
f3_v0_idx2,v0,agent,filtro_tag,name,desc,500,6,6.441,0,
f3_v0_idx2,v0,agent,filtro_tag,created_at,asc,0,1,6.926,50,241
f3_v0_idx2,v0,agent,filtro_tag,created_at,asc,0,2,7.124,50,241
f3_v0_idx2,v0,agent,filtro_tag,created_at,asc,0,3,7.246,50,241
f3_v0_idx2,v0,agent,filtro_tag,created_at,asc,0,4,6.817,50,241
f3_v0_idx2,v0,agent,filtro_tag,created_at,asc,0,5,6.364,50,241
f3_v0_idx2,v0,agent,filtro_tag,created_at,asc,0,6,6.977,50,241
f3_v0_idx2,v0,agent,filtro_tag,created_at,asc,500,1,6.677,0,
f3_v0_idx2,v0,agent,filtro_tag,created_at,asc,500,2,6.534,0,
f3_v0_idx2,v0,agent,filtro_tag,created_at,asc,500,3,7.405,0,
f3_v0_idx2,v0,agent,filtro_tag,created_at,asc,500,4,6.386,0,
f3_v0_idx2,v0,agent,filtro_tag,created_at,asc,500,5,7.401,0,
f3_v0_idx2,v0,agent,filtro_tag,created_at,asc,500,6,7.457,0,
f3_v2_idx2,v2,agent,combinado,created_at,asc,0,1,0.879,1,1
f3_v2_idx2,v2,agent,combinado,created_at,asc,0,2,0.85,1,1
f3_v2_idx2,v2,agent,combinado,created_at,asc,0,3,0.975,1,1
f3_v2_idx2,v2,agent,combinado,created_at,asc,0,4,0.934,1,1
f3_v2_idx2,v2,agent,combinado,created_at,asc,0,5,0.795,1,1
f3_v0_idx2,v0,agent,filtro_tag,created_at,desc,0,1,6.225,50,241
f3_v2_idx2,v2,agent,combinado,created_at,asc,0,6,0.776,1,1
f3_v2_idx2,v2,agent,combinado,created_at,asc,500,1,0.818,0,
f3_v2_idx2,v2,agent,combinado,created_at,asc,500,2,0.754,0,
f3_v2_idx2,v2,agent,combinado,created_at,asc,500,3,0.728,0,
f3_v2_idx2,v2,agent,combinado,created_at,asc,500,4,0.68,0,
f3_v2_idx2,v2,agent,combinado,created_at,asc,500,5,0.832,0,
f3_v2_idx2,v2,agent,combinado,created_at,asc,500,6,0.838,0,
f3_v2_idx2,v2,agent,combinado,created_at,desc,0,1,0.709,1,1
f3_v2_idx2,v2,agent,combinado,created_at,desc,0,2,0.84,1,1
f3_v2_idx2,v2,agent,combinado,created_at,desc,0,3,0.821,1,1
f3_v2_idx2,v2,agent,combinado,created_at,desc,0,4,0.852,1,1
f3_v2_idx2,v2,agent,combinado,created_at,desc,0,5,0.78,1,1
f3_v2_idx2,v2,agent,combinado,created_at,desc,0,6,0.893,1,1
f3_v2_idx2,v2,agent,combinado,created_at,desc,500,1,0.7,0,
f3_v2_idx2,v2,agent,combinado,created_at,desc,500,2,0.689,0,
f3_v0_idx2,v0,agent,filtro_tag,created_at,desc,0,2,7.269,50,241
f3_v0_idx2,v0,agent,filtro_tag,created_at,desc,0,3,6.194,50,241
f3_v0_idx2,v0,agent,filtro_tag,created_at,desc,0,4,6.173,50,241
f3_v0_idx2,v0,agent,filtro_tag,created_at,desc,0,5,6.865,50,241
f3_v0_idx2,v0,agent,filtro_tag,created_at,desc,0,6,5.859,50,241
f3_v0_idx2,v0,agent,filtro_tag,created_at,desc,500,1,5.756,0,
f3_v0_idx2,v0,agent,filtro_tag,created_at,desc,500,2,7.186,0,
f3_v0_idx2,v0,agent,filtro_tag,created_at,desc,500,3,6.224,0,
f3_v0_idx2,v0,agent,filtro_tag,created_at,desc,500,4,6.715,0,
f3_v0_idx2,v0,agent,filtro_tag,created_at,desc,500,5,6.886,0,
f3_v0_idx2,v0,agent,filtro_tag,created_at,desc,500,6,5.905,0,
f3_v0_idx2,v0,agent,filtro_tag,company,asc,0,1,7.406,50,241
f3_v0_idx2,v0,agent,filtro_tag,company,asc,0,2,6.358,50,241
f3_v0_idx2,v0,agent,filtro_tag,company,asc,0,3,6.245,50,241
f3_v0_idx2,v0,agent,filtro_tag,company,asc,0,4,6.924,50,241
f3_v0_idx2,v0,agent,filtro_tag,company,asc,0,5,6.012,50,241
f3_v0_idx2,v0,agent,filtro_tag,company,asc,0,6,6.625,50,241
f3_v0_idx2,v0,agent,filtro_tag,company,asc,500,1,8.158,0,
f3_v0_idx2,v0,agent,filtro_tag,company,asc,500,2,7.201,0,
f3_v0_idx2,v0,agent,filtro_tag,company,asc,500,3,8.067,0,
f3_v0_idx2,v0,agent,filtro_tag,company,asc,500,4,7.283,0,
f3_v0_idx2,v0,agent,filtro_tag,company,asc,500,5,7.555,0,
f3_v0_idx2,v0,agent,filtro_tag,company,asc,500,6,7.361,0,
f3_v0_idx2,v0,agent,filtro_tag,company,desc,0,1,7.422,50,241
f3_v0_idx2,v0,agent,filtro_tag,company,desc,0,2,7.612,50,241
f3_v0_idx2,v0,agent,filtro_tag,company,desc,0,3,6.877,50,241
f3_v0_idx2,v0,agent,filtro_tag,company,desc,0,4,7.547,50,241
f3_v0_idx2,v0,agent,filtro_tag,company,desc,0,5,6.555,50,241
f3_v0_idx2,v0,agent,filtro_tag,company,desc,0,6,7.319,50,241
f3_v0_idx2,v0,agent,filtro_tag,company,desc,500,1,6.971,0,
f3_v0_idx2,v0,agent,filtro_tag,company,desc,500,2,6.186,0,
f3_v0_idx2,v0,agent,filtro_tag,company,desc,500,3,6.756,0,
f3_v0_idx2,v0,agent,filtro_tag,company,desc,500,4,6.343,0,
f3_v0_idx2,v0,agent,filtro_tag,company,desc,500,5,6.715,0,
f3_v0_idx2,v0,agent,filtro_tag,company,desc,500,6,7.083,0,
f3_v0_idx2,v0,agent,intervalo_data,name,asc,0,1,12.881,50,640
f3_v0_idx2,v0,agent,intervalo_data,name,asc,0,2,12.393,50,640
f3_v0_idx2,v0,agent,intervalo_data,name,asc,0,3,12.289,50,640
f3_v0_idx2,v0,agent,intervalo_data,name,asc,0,4,12.075,50,640
f3_v0_idx2,v0,agent,intervalo_data,name,asc,0,5,11.476,50,640
f3_v0_idx2,v0,agent,intervalo_data,name,asc,0,6,12.453,50,640
f3_v2_idx2,v2,agent,combinado,created_at,desc,500,3,0.846,0,
f3_v2_idx2,v2,agent,combinado,created_at,desc,500,4,0.843,0,
f3_v2_idx2,v2,agent,combinado,created_at,desc,500,5,0.741,0,
f3_v2_idx2,v2,agent,combinado,created_at,desc,500,6,0.753,0,
f3_v2_idx2,v2,agent,combinado,company,asc,0,1,0.864,1,1
f3_v2_idx2,v2,agent,combinado,company,asc,0,2,0.74,1,1
f3_v2_idx2,v2,agent,combinado,company,asc,0,3,0.738,1,1
f3_v2_idx2,v2,agent,combinado,company,asc,0,4,0.804,1,1
f3_v2_idx2,v2,agent,combinado,company,asc,0,5,0.867,1,1
f3_v2_idx2,v2,agent,combinado,company,asc,0,6,0.761,1,1
f3_v2_idx2,v2,agent,combinado,company,asc,500,1,0.849,0,
f3_v2_idx2,v2,agent,combinado,company,asc,500,2,0.874,0,
f3_v2_idx2,v2,agent,combinado,company,asc,500,3,1.011,0,
f3_v2_idx2,v2,agent,combinado,company,asc,500,4,0.779,0,
f3_v2_idx2,v2,agent,combinado,company,asc,500,5,0.742,0,
f3_v2_idx2,v2,agent,combinado,company,asc,500,6,0.963,0,
f3_v0_idx2,v0,agent,intervalo_data,name,asc,500,1,12.344,50,640
f3_v0_idx2,v0,agent,intervalo_data,name,asc,500,2,12.826,50,640
f3_v0_idx2,v0,agent,intervalo_data,name,asc,500,3,11.814,50,640
f3_v0_idx2,v0,agent,intervalo_data,name,asc,500,4,12.352,50,640
f3_v0_idx2,v0,agent,intervalo_data,name,asc,500,5,12.053,50,640
f3_v0_idx2,v0,agent,intervalo_data,name,asc,500,6,11.763,50,640
f3_v0_idx2,v0,agent,intervalo_data,name,desc,0,1,12.842,50,640
f3_v0_idx2,v0,agent,intervalo_data,name,desc,0,2,12.099,50,640
f3_v0_idx2,v0,agent,intervalo_data,name,desc,0,3,12.594,50,640
f3_v0_idx2,v0,agent,intervalo_data,name,desc,0,4,12.453,50,640
f3_v0_idx2,v0,agent,intervalo_data,name,desc,0,5,12.794,50,640
f3_v0_idx2,v0,agent,intervalo_data,name,desc,0,6,12.104,50,640
f3_v0_idx2,v0,agent,intervalo_data,name,desc,500,1,12.511,50,640
f3_v0_idx2,v0,agent,intervalo_data,name,desc,500,2,11.766,50,640
f3_v0_idx2,v0,agent,intervalo_data,name,desc,500,3,12.934,50,640
f3_v0_idx2,v0,agent,intervalo_data,name,desc,500,4,13.304,50,640
f3_v0_idx2,v0,agent,intervalo_data,name,desc,500,5,12.793,50,640
f3_v0_idx2,v0,agent,intervalo_data,name,desc,500,6,14.028,50,640
f3_v0_idx2,v0,agent,intervalo_data,created_at,asc,0,1,15.161,50,640
f3_v0_idx2,v0,agent,intervalo_data,created_at,asc,0,2,13.26,50,640
f3_v0_idx2,v0,agent,intervalo_data,created_at,asc,0,3,12.819,50,640
f3_v0_idx2,v0,agent,intervalo_data,created_at,asc,0,4,13.971,50,640
f3_v0_idx2,v0,agent,intervalo_data,created_at,asc,0,5,12.552,50,640
f3_v0_idx2,v0,agent,intervalo_data,created_at,asc,0,6,12.231,50,640
f3_v0_idx2,v0,agent,intervalo_data,created_at,asc,500,1,12.744,50,640
f3_v0_idx2,v0,agent,intervalo_data,created_at,asc,500,2,11.88,50,640
f3_v0_idx2,v0,agent,intervalo_data,created_at,asc,500,3,12.176,50,640
f3_v0_idx2,v0,agent,intervalo_data,created_at,asc,500,4,12.211,50,640
f3_v0_idx2,v0,agent,intervalo_data,created_at,asc,500,5,11.422,50,640
f3_v0_idx2,v0,agent,intervalo_data,created_at,asc,500,6,11.758,50,640
f3_v0_idx2,v0,agent,intervalo_data,created_at,desc,0,1,12.574,50,640
f3_v0_idx2,v0,agent,intervalo_data,created_at,desc,0,2,13.11,50,640
f3_v0_idx2,v0,agent,intervalo_data,created_at,desc,0,3,12.886,50,640
f3_v0_idx2,v0,agent,intervalo_data,created_at,desc,0,4,12.327,50,640
f3_v0_idx2,v0,agent,intervalo_data,created_at,desc,0,5,11.951,50,640
f3_v0_idx2,v0,agent,intervalo_data,created_at,desc,0,6,14.21,50,640
f3_v2_idx2,v2,agent,combinado,company,desc,0,1,0.91,1,1
f3_v2_idx2,v2,agent,combinado,company,desc,0,2,1.399,1,1
f3_v2_idx2,v2,agent,combinado,company,desc,0,3,0.98,1,1
f3_v2_idx2,v2,agent,combinado,company,desc,0,4,0.812,1,1
f3_v2_idx2,v2,agent,combinado,company,desc,0,5,0.802,1,1
f3_v2_idx2,v2,agent,combinado,company,desc,0,6,0.959,1,1
f3_v2_idx2,v2,agent,combinado,company,desc,500,1,0.856,0,
f3_v2_idx2,v2,agent,combinado,company,desc,500,2,0.94,0,
f3_v2_idx2,v2,agent,combinado,company,desc,500,3,0.874,0,
f3_v2_idx2,v2,agent,combinado,company,desc,500,4,0.87,0,
f3_v2_idx2,v2,agent,combinado,company,desc,500,5,0.789,0,
f3_v2_idx2,v2,agent,combinado,company,desc,500,6,0.741,0,
f4_v2_idx3,v2,agent,sem_filtro,name,asc,0,1,57.515,50,2886
f4_v2_idx3,v2,agent,sem_filtro,name,asc,0,2,54.278,50,2886
f4_v2_idx3,v2,agent,sem_filtro,name,asc,0,3,53.22,50,2886
f4_v2_idx3,v2,agent,sem_filtro,name,asc,0,4,50.831,50,2886
f4_v2_idx3,v2,agent,sem_filtro,name,asc,0,5,53.124,50,2886
f4_v2_idx3,v2,agent,sem_filtro,name,asc,0,6,57.482,50,2886
f4_v2_idx3,v2,agent,sem_filtro,name,asc,500,1,52.11,50,2886
f4_v2_idx3,v2,agent,sem_filtro,name,asc,500,2,57.433,50,2886
f4_v2_idx3,v2,agent,sem_filtro,name,asc,500,3,54.378,50,2886
f4_v2_idx3,v2,agent,sem_filtro,name,asc,500,4,53.23,50,2886
f4_v2_idx3,v2,agent,sem_filtro,name,asc,500,5,53.034,50,2886
f4_v2_idx3,v2,agent,sem_filtro,name,asc,500,6,53.763,50,2886
f4_v2_idx3,v2,agent,sem_filtro,name,desc,0,1,54.766,50,2886
f4_v2_idx3,v2,agent,sem_filtro,name,desc,0,2,60.317,50,2886
f4_v2_idx3,v2,agent,sem_filtro,name,desc,0,3,63.017,50,2886
f3_v0_idx2,v0,agent,intervalo_data,created_at,desc,500,1,11.689,50,640
f3_v0_idx2,v0,agent,intervalo_data,created_at,desc,500,2,12.813,50,640
f3_v0_idx2,v0,agent,intervalo_data,created_at,desc,500,3,12.485,50,640
f3_v0_idx2,v0,agent,intervalo_data,created_at,desc,500,4,13.313,50,640
f3_v0_idx2,v0,agent,intervalo_data,created_at,desc,500,5,11.643,50,640
f3_v0_idx2,v0,agent,intervalo_data,created_at,desc,500,6,12.553,50,640
f3_v0_idx2,v0,agent,intervalo_data,company,asc,0,1,11.112,50,640
f3_v0_idx2,v0,agent,intervalo_data,company,asc,0,2,11.878,50,640
f3_v0_idx2,v0,agent,intervalo_data,company,asc,0,3,13.697,50,640
f3_v0_idx2,v0,agent,intervalo_data,company,asc,0,4,11.895,50,640
f3_v0_idx2,v0,agent,intervalo_data,company,asc,0,5,12.053,50,640
f3_v0_idx2,v0,agent,intervalo_data,company,asc,0,6,12.05,50,640
f3_v0_idx2,v0,agent,intervalo_data,company,asc,500,1,12.18,50,640
f3_v0_idx2,v0,agent,intervalo_data,company,asc,500,2,12.538,50,640
f3_v0_idx2,v0,agent,intervalo_data,company,asc,500,3,13.952,50,640
f3_v0_idx2,v0,agent,intervalo_data,company,asc,500,4,12.652,50,640
f3_v0_idx2,v0,agent,intervalo_data,company,asc,500,5,12.382,50,640
f3_v0_idx2,v0,agent,intervalo_data,company,asc,500,6,12.565,50,640
f3_v0_idx2,v0,agent,intervalo_data,company,desc,0,1,11.861,50,640
f3_v0_idx2,v0,agent,intervalo_data,company,desc,0,2,12.905,50,640
f3_v0_idx2,v0,agent,intervalo_data,company,desc,0,3,11.998,50,640
f3_v0_idx2,v0,agent,intervalo_data,company,desc,0,4,11.076,50,640
f3_v0_idx2,v0,agent,intervalo_data,company,desc,0,5,12.506,50,640
f3_v0_idx2,v0,agent,intervalo_data,company,desc,0,6,13.292,50,640
f3_v0_idx2,v0,agent,intervalo_data,company,desc,500,1,12.646,50,640
f3_v0_idx2,v0,agent,intervalo_data,company,desc,500,2,13.106,50,640
f3_v0_idx2,v0,agent,intervalo_data,company,desc,500,3,12.539,50,640
f3_v0_idx2,v0,agent,intervalo_data,company,desc,500,4,13.455,50,640
f3_v0_idx2,v0,agent,intervalo_data,company,desc,500,5,11.983,50,640
f3_v0_idx2,v0,agent,intervalo_data,company,desc,500,6,12.598,50,640
f3_v0_idx2,v0,agent,combinado,name,asc,0,1,1.412,1,1
f3_v0_idx2,v0,agent,combinado,name,asc,0,2,1.35,1,1
f3_v0_idx2,v0,agent,combinado,name,asc,0,3,1.272,1,1
f3_v0_idx2,v0,agent,combinado,name,asc,0,4,1.095,1,1
f3_v0_idx2,v0,agent,combinado,name,asc,0,5,0.94,1,1
f3_v0_idx2,v0,agent,combinado,name,asc,0,6,0.879,1,1
f4_v0_idx3,v0,agent,__overhead_wrapper__,-,-,-1,0,0.246,0,0
f3_v0_idx2,v0,agent,combinado,name,asc,500,1,0.899,0,
f3_v0_idx2,v0,agent,combinado,name,asc,500,2,0.988,0,
f3_v0_idx2,v0,agent,combinado,name,asc,500,3,1.014,0,
f3_v0_idx2,v0,agent,combinado,name,asc,500,4,0.898,0,
f3_v0_idx2,v0,agent,combinado,name,asc,500,5,0.904,0,
f4_v0_idx3,v0,agent,sem_filtro,name,asc,0,1,59.697,50,2886
f4_v0_idx3,v0,agent,sem_filtro,name,asc,0,2,59.598,50,2886
f4_v0_idx3,v0,agent,sem_filtro,name,asc,0,3,60.399,50,2886
f4_v0_idx3,v0,agent,sem_filtro,name,asc,0,4,64.649,50,2886
f4_v0_idx3,v0,agent,sem_filtro,name,asc,0,5,60.409,50,2886
f4_v0_idx3,v0,agent,sem_filtro,name,asc,0,6,55.198,50,2886
f4_v0_idx3,v0,agent,sem_filtro,name,asc,500,1,57.822,50,2886
f4_v0_idx3,v0,agent,sem_filtro,name,asc,500,2,63.891,50,2886
f4_v0_idx3,v0,agent,sem_filtro,name,asc,500,3,62.625,50,2886
f4_v0_idx3,v0,agent,sem_filtro,name,asc,500,4,62.825,50,2886
f4_v0_idx3,v0,agent,sem_filtro,name,asc,500,5,69.87,50,2886
f4_v0_idx3,v0,agent,sem_filtro,name,asc,500,6,59.111,50,2886
f4_v0_idx3,v0,agent,sem_filtro,name,desc,0,1,65.174,50,2886
f4_v0_idx3,v0,agent,sem_filtro,name,desc,0,2,63.296,50,2886
f4_v0_idx3,v0,agent,sem_filtro,name,desc,0,3,66.062,50,2886
f4_v0_idx3,v0,agent,sem_filtro,name,desc,0,4,62.436,50,2886
f4_v0_idx3,v0,agent,sem_filtro,name,desc,0,5,62.36,50,2886
f3_v0_idx2,v0,agent,combinado,name,asc,500,6,0.885,0,
f3_v0_idx2,v0,agent,combinado,name,desc,0,1,0.829,1,1
f3_v0_idx2,v0,agent,combinado,name,desc,0,2,0.846,1,1
f3_v0_idx2,v0,agent,combinado,name,desc,0,3,1.298,1,1
f3_v0_idx2,v0,agent,combinado,name,desc,0,4,0.974,1,1
f3_v0_idx2,v0,agent,combinado,name,desc,0,5,0.896,1,1
f3_v0_idx2,v0,agent,combinado,name,desc,0,6,1.127,1,1
f3_v0_idx2,v0,agent,combinado,name,desc,500,1,0.904,0,
f3_v0_idx2,v0,agent,combinado,name,desc,500,2,0.965,0,
f3_v0_idx2,v0,agent,combinado,name,desc,500,3,0.892,0,
f3_v0_idx2,v0,agent,combinado,name,desc,500,4,0.851,0,
f3_v0_idx2,v0,agent,combinado,name,desc,500,5,0.803,0,
f3_v0_idx2,v0,agent,combinado,name,desc,500,6,0.827,0,
f3_v0_idx2,v0,agent,combinado,created_at,asc,0,1,0.818,1,1
f3_v0_idx2,v0,agent,combinado,created_at,asc,0,2,0.833,1,1
f3_v0_idx2,v0,agent,combinado,created_at,asc,0,3,0.939,1,1
f3_v0_idx2,v0,agent,combinado,created_at,asc,0,4,0.849,1,1
f3_v0_idx2,v0,agent,combinado,created_at,asc,0,5,0.831,1,1
f3_v0_idx2,v0,agent,combinado,created_at,asc,0,6,0.811,1,1
f3_v0_idx2,v0,agent,combinado,created_at,asc,500,1,1,0,
f3_v0_idx2,v0,agent,combinado,created_at,asc,500,2,1.018,0,
f3_v0_idx2,v0,agent,combinado,created_at,asc,500,3,1.25,0,
f3_v0_idx2,v0,agent,combinado,created_at,asc,500,4,0.975,0,
f3_v0_idx2,v0,agent,combinado,created_at,asc,500,5,0.859,0,
f3_v0_idx2,v0,agent,combinado,created_at,asc,500,6,0.857,0,
f3_v0_idx2,v0,agent,combinado,created_at,desc,0,1,0.785,1,1
f3_v0_idx2,v0,agent,combinado,created_at,desc,0,2,0.854,1,1
f3_v0_idx2,v0,agent,combinado,created_at,desc,0,3,0.962,1,1
f3_v0_idx2,v0,agent,combinado,created_at,desc,0,4,0.963,1,1
f3_v0_idx2,v0,agent,combinado,created_at,desc,0,5,0.899,1,1
f3_v0_idx2,v0,agent,combinado,created_at,desc,0,6,0.792,1,1
f3_v0_idx2,v0,agent,combinado,created_at,desc,500,1,0.998,0,
f3_v0_idx2,v0,agent,combinado,created_at,desc,500,2,1.067,0,
f3_v0_idx2,v0,agent,combinado,created_at,desc,500,3,1.329,0,
f3_v0_idx2,v0,agent,combinado,created_at,desc,500,4,1.136,0,
f3_v0_idx2,v0,agent,combinado,created_at,desc,500,5,1.016,0,
f3_v0_idx2,v0,agent,combinado,created_at,desc,500,6,0.887,0,
f4_v0_idx3,v0,agent,sem_filtro,name,desc,0,6,60.113,50,2886
f3_v0_idx2,v0,agent,combinado,company,asc,0,1,0.787,1,1
f4_v0_idx3,v0,agent,sem_filtro,name,desc,500,1,56.257,50,2886
f4_v0_idx3,v0,agent,sem_filtro,name,desc,500,2,53.254,50,2886
f4_v0_idx3,v0,agent,sem_filtro,name,desc,500,3,64.757,50,2886
f4_v0_idx3,v0,agent,sem_filtro,name,desc,500,4,64.66,50,2886
f4_v0_idx3,v0,agent,sem_filtro,name,desc,500,5,62.391,50,2886
f4_v0_idx3,v0,agent,sem_filtro,name,desc,500,6,59.89,50,2886
f4_v0_idx3,v0,agent,sem_filtro,created_at,asc,0,1,53.376,50,2886
f4_v0_idx3,v0,agent,sem_filtro,created_at,asc,0,2,58.256,50,2886
f4_v0_idx3,v0,agent,sem_filtro,created_at,asc,0,3,72.906,50,2886
f4_v0_idx3,v0,agent,sem_filtro,created_at,asc,0,4,53.847,50,2886
f4_v0_idx3,v0,agent,sem_filtro,created_at,asc,0,5,50.758,50,2886
f4_v0_idx3,v0,agent,sem_filtro,created_at,asc,0,6,53.598,50,2886
f4_v0_idx3,v0,agent,sem_filtro,created_at,asc,500,1,62.753,50,2886
f4_v0_idx3,v0,agent,sem_filtro,created_at,asc,500,2,64.241,50,2886
f4_v0_idx3,v0,agent,sem_filtro,created_at,asc,500,3,62.808,50,2886
f4_v0_idx3,v0,agent,sem_filtro,created_at,asc,500,4,66.715,50,2886
f4_v0_idx3,v0,agent,sem_filtro,created_at,asc,500,5,60.569,50,2886
f4_v0_idx3,v0,agent,sem_filtro,created_at,asc,500,6,66.212,50,2886
f3_v0_idx2,v0,agent,combinado,company,asc,0,2,0.827,1,1
f3_v0_idx2,v0,agent,combinado,company,asc,0,3,0.801,1,1
f3_v0_idx2,v0,agent,combinado,company,asc,0,4,0.983,1,1
f3_v0_idx2,v0,agent,combinado,company,asc,0,5,0.873,1,1
f3_v0_idx2,v0,agent,combinado,company,asc,0,6,0.844,1,1
f3_v0_idx2,v0,agent,combinado,company,asc,500,1,0.972,0,
f3_v0_idx2,v0,agent,combinado,company,asc,500,2,0.971,0,
f3_v0_idx2,v0,agent,combinado,company,asc,500,3,1.466,0,
f3_v0_idx2,v0,agent,combinado,company,asc,500,4,1.255,0,
f3_v0_idx2,v0,agent,combinado,company,asc,500,5,1.061,0,
f3_v0_idx2,v0,agent,combinado,company,asc,500,6,1.141,0,
f3_v0_idx2,v0,agent,combinado,company,desc,0,1,0.864,1,1
f3_v0_idx2,v0,agent,combinado,company,desc,0,2,0.842,1,1
f3_v0_idx2,v0,agent,combinado,company,desc,0,3,1.082,1,1
f3_v0_idx2,v0,agent,combinado,company,desc,0,4,0.861,1,1
f3_v0_idx2,v0,agent,combinado,company,desc,0,5,0.817,1,1
f3_v0_idx2,v0,agent,combinado,company,desc,0,6,0.791,1,1
f3_v0_idx2,v0,agent,combinado,company,desc,500,1,0.981,0,
f3_v0_idx2,v0,agent,combinado,company,desc,500,2,0.979,0,
f3_v0_idx2,v0,agent,combinado,company,desc,500,3,1.124,0,
f3_v0_idx2,v0,agent,combinado,company,desc,500,4,1.028,0,
f3_v0_idx2,v0,agent,combinado,company,desc,500,5,0.995,0,
f3_v0_idx2,v0,agent,combinado,company,desc,500,6,0.826,0,
f3_v0_idx2,v0,agent,termo_nome_2ch,name,asc,0,1,22.346,50,587
f3_v0_idx2,v0,agent,termo_nome_2ch,name,asc,0,2,22.842,50,587
f3_v0_idx2,v0,agent,termo_nome_2ch,name,asc,0,3,22.897,50,587
f3_v0_idx2,v0,agent,termo_nome_2ch,name,asc,0,4,23.509,50,587
f3_v0_idx2,v0,agent,termo_nome_2ch,name,asc,0,5,24.864,50,587
f3_v0_idx2,v0,agent,termo_nome_2ch,name,asc,0,6,23.896,50,587
f3_v0_idx2,v0,agent,termo_nome_2ch,name,asc,500,1,23.576,50,587
f3_v0_idx2,v0,agent,termo_nome_2ch,name,asc,500,2,26.118,50,587
f3_v0_idx2,v0,agent,termo_nome_2ch,name,asc,500,3,24.72,50,587
f3_v0_idx2,v0,agent,termo_nome_2ch,name,asc,500,4,22.801,50,587
f3_v0_idx2,v0,agent,termo_nome_2ch,name,asc,500,5,22.875,50,587
f3_v0_idx2,v0,agent,termo_nome_2ch,name,asc,500,6,22.588,50,587
f3_v0_idx2,v0,agent,termo_nome_2ch,name,desc,0,1,21.18,50,587
f3_v0_idx2,v0,agent,termo_nome_2ch,name,desc,0,2,21.281,50,587
f3_v0_idx2,v0,agent,termo_nome_2ch,name,desc,0,3,21.106,50,587
f3_v0_idx2,v0,agent,termo_nome_2ch,name,desc,0,4,21.075,50,587
f3_v0_idx2,v0,agent,termo_nome_2ch,name,desc,0,5,21.638,50,587
f3_v0_idx2,v0,agent,termo_nome_2ch,name,desc,0,6,21.8,50,587
f4_v0_idx3,v0,agent,sem_filtro,created_at,desc,0,1,52.929,50,2886
f4_v0_idx3,v0,agent,sem_filtro,created_at,desc,0,2,53.394,50,2886
f4_v0_idx3,v0,agent,sem_filtro,created_at,desc,0,3,51.763,50,2886
f4_v0_idx3,v0,agent,sem_filtro,created_at,desc,0,4,54.231,50,2886
f4_v0_idx3,v0,agent,sem_filtro,created_at,desc,0,5,51.272,50,2886
f4_v0_idx3,v0,agent,sem_filtro,created_at,desc,0,6,53.528,50,2886
f4_v0_idx3,v0,agent,sem_filtro,created_at,desc,500,1,50.69,50,2886
f4_v0_idx3,v0,agent,sem_filtro,created_at,desc,500,2,49.695,50,2886
f4_v0_idx3,v0,agent,sem_filtro,created_at,desc,500,3,52.132,50,2886
f4_v0_idx3,v0,agent,sem_filtro,created_at,desc,500,4,53.31,50,2886
f4_v0_idx3,v0,agent,sem_filtro,created_at,desc,500,5,51.541,50,2886
f4_v0_idx3,v0,agent,sem_filtro,created_at,desc,500,6,57.601,50,2886
f4_v0_idx3,v0,agent,sem_filtro,company,asc,0,1,51.949,50,2886
f4_v0_idx3,v0,agent,sem_filtro,company,asc,0,2,48.969,50,2886
f4_v0_idx3,v0,agent,sem_filtro,company,asc,0,3,51.805,50,2886
f4_v0_idx3,v0,agent,sem_filtro,company,asc,0,4,53.733,50,2886
f4_v0_idx3,v0,agent,sem_filtro,company,asc,0,5,50.135,50,2886
f3_v0_idx2,v0,agent,termo_nome_2ch,name,desc,500,1,22.396,50,587
f3_v0_idx2,v0,agent,termo_nome_2ch,name,desc,500,2,22.746,50,587
f3_v0_idx2,v0,agent,termo_nome_2ch,name,desc,500,3,22.875,50,587
f3_v0_idx2,v0,agent,termo_nome_2ch,name,desc,500,4,23.331,50,587
f3_v0_idx2,v0,agent,termo_nome_2ch,name,desc,500,5,23.444,50,587
f3_v0_idx2,v0,agent,termo_nome_2ch,name,desc,500,6,22.948,50,587
f3_v0_idx2,v0,agent,termo_nome_2ch,created_at,asc,0,1,22.886,50,587
f3_v0_idx2,v0,agent,termo_nome_2ch,created_at,asc,0,2,23.68,50,587
f3_v0_idx2,v0,agent,termo_nome_2ch,created_at,asc,0,3,22.354,50,587
f3_v0_idx2,v0,agent,termo_nome_2ch,created_at,asc,0,4,21.901,50,587
f3_v0_idx2,v0,agent,termo_nome_2ch,created_at,asc,0,5,22.816,50,587
f3_v0_idx2,v0,agent,termo_nome_2ch,created_at,asc,0,6,22.961,50,587
f3_v0_idx2,v0,agent,termo_nome_2ch,created_at,asc,500,1,22.508,50,587
f3_v0_idx2,v0,agent,termo_nome_2ch,created_at,asc,500,2,22.024,50,587
f3_v0_idx2,v0,agent,termo_nome_2ch,created_at,asc,500,3,22.797,50,587
f3_v0_idx2,v0,agent,termo_nome_2ch,created_at,asc,500,4,26.297,50,587
f3_v0_idx2,v0,agent,termo_nome_2ch,created_at,asc,500,5,22.486,50,587
f3_v0_idx2,v0,agent,termo_nome_2ch,created_at,asc,500,6,22.129,50,587
f3_v0_idx2,v0,agent,termo_nome_2ch,created_at,desc,0,1,21.984,50,587
f3_v0_idx2,v0,agent,termo_nome_2ch,created_at,desc,0,2,22.073,50,587
f3_v0_idx2,v0,agent,termo_nome_2ch,created_at,desc,0,3,21.25,50,587
f3_v0_idx2,v0,agent,termo_nome_2ch,created_at,desc,0,4,21.807,50,587
f3_v0_idx2,v0,agent,termo_nome_2ch,created_at,desc,0,5,25.064,50,587
f3_v0_idx2,v0,agent,termo_nome_2ch,created_at,desc,0,6,24.069,50,587
f3_v0_idx2,v0,agent,termo_nome_2ch,created_at,desc,500,1,25.348,50,587
f3_v0_idx2,v0,agent,termo_nome_2ch,created_at,desc,500,2,23.892,50,587
f3_v0_idx2,v0,agent,termo_nome_2ch,created_at,desc,500,3,23.326,50,587
f3_v0_idx2,v0,agent,termo_nome_2ch,created_at,desc,500,4,24.221,50,587
f3_v0_idx2,v0,agent,termo_nome_2ch,created_at,desc,500,5,22.58,50,587
f3_v0_idx2,v0,agent,termo_nome_2ch,created_at,desc,500,6,22.452,50,587
f3_v0_idx2,v0,agent,termo_nome_2ch,company,asc,0,1,23.533,50,587
f3_v0_idx2,v0,agent,termo_nome_2ch,company,asc,0,2,22.05,50,587
f3_v0_idx2,v0,agent,termo_nome_2ch,company,asc,0,3,21.821,50,587
f3_v0_idx2,v0,agent,termo_nome_2ch,company,asc,0,4,21.883,50,587
f3_v0_idx2,v0,agent,termo_nome_2ch,company,asc,0,5,21.63,50,587
f3_v0_idx2,v0,agent,termo_nome_2ch,company,asc,0,6,21.464,50,587
f4_v0_idx3,v0,agent,sem_filtro,company,asc,0,6,49.056,50,2886
f4_v0_idx3,v0,agent,sem_filtro,company,asc,500,1,53.311,50,2886
f4_v0_idx3,v0,agent,sem_filtro,company,asc,500,2,58.095,50,2886
f4_v0_idx3,v0,agent,sem_filtro,company,asc,500,3,55.172,50,2886
f4_v0_idx3,v0,agent,sem_filtro,company,asc,500,4,53.196,50,2886
f4_v0_idx3,v0,agent,sem_filtro,company,asc,500,5,53.428,50,2886
f4_v0_idx3,v0,agent,sem_filtro,company,asc,500,6,63.633,50,2886
f4_v0_idx3,v0,agent,sem_filtro,company,desc,0,1,53.558,50,2886
f4_v0_idx3,v0,agent,sem_filtro,company,desc,0,2,54.194,50,2886
f4_v0_idx3,v0,agent,sem_filtro,company,desc,0,3,57.089,50,2886
f4_v0_idx3,v0,agent,sem_filtro,company,desc,0,4,53.301,50,2886
f4_v0_idx3,v0,agent,sem_filtro,company,desc,0,5,52.153,50,2886
f4_v0_idx3,v0,agent,sem_filtro,company,desc,0,6,51.029,50,2886
f4_v0_idx3,v0,agent,sem_filtro,company,desc,500,1,56.88,50,2886
f4_v0_idx3,v0,agent,sem_filtro,company,desc,500,2,58.071,50,2886
f4_v0_idx3,v0,agent,sem_filtro,company,desc,500,3,56.103,50,2886
f4_v0_idx3,v0,agent,sem_filtro,company,desc,500,4,52.542,50,2886
f4_v0_idx3,v0,agent,sem_filtro,company,desc,500,5,56.805,50,2886
f4_v0_idx3,v0,agent,sem_filtro,company,desc,500,6,52.39,50,2886
f3_v0_idx2,v0,agent,termo_nome_2ch,company,asc,500,1,21.512,50,587
f3_v0_idx2,v0,agent,termo_nome_2ch,company,asc,500,2,25.198,50,587
f3_v0_idx2,v0,agent,termo_nome_2ch,company,asc,500,3,24.84,50,587
f3_v0_idx2,v0,agent,termo_nome_2ch,company,asc,500,4,24.45,50,587
f3_v0_idx2,v0,agent,termo_nome_2ch,company,asc,500,5,25.49,50,587
f3_v0_idx2,v0,agent,termo_nome_2ch,company,asc,500,6,25.605,50,587
f3_v0_idx2,v0,agent,termo_nome_2ch,company,desc,0,1,23.091,50,587
f3_v0_idx2,v0,agent,termo_nome_2ch,company,desc,0,2,24.761,50,587
f3_v0_idx2,v0,agent,termo_nome_2ch,company,desc,0,3,23.746,50,587
f3_v0_idx2,v0,agent,termo_nome_2ch,company,desc,0,4,22.175,50,587
f3_v0_idx2,v0,agent,termo_nome_2ch,company,desc,0,5,22.834,50,587
f3_v0_idx2,v0,agent,termo_nome_2ch,company,desc,0,6,25.297,50,587
f3_v0_idx2,v0,agent,termo_nome_2ch,company,desc,500,1,25.754,50,587
f3_v0_idx2,v0,agent,termo_nome_2ch,company,desc,500,2,28.236,50,587
f3_v0_idx2,v0,agent,termo_nome_2ch,company,desc,500,3,28.638,50,587
f3_v0_idx2,v0,agent,termo_nome_2ch,company,desc,500,4,28.533,50,587
f3_v0_idx2,v0,agent,termo_nome_2ch,company,desc,500,5,27.267,50,587
f3_v0_idx2,v0,agent,termo_nome_2ch,company,desc,500,6,27.218,50,587
f3_v0_idx2,v0,agent,termo_nome_3ch,name,asc,0,1,10.918,50,428
f3_v0_idx2,v0,agent,termo_nome_3ch,name,asc,0,2,11.775,50,428
f3_v0_idx2,v0,agent,termo_nome_3ch,name,asc,0,3,11.459,50,428
f3_v0_idx2,v0,agent,termo_nome_3ch,name,asc,0,4,11.694,50,428
f3_v0_idx2,v0,agent,termo_nome_3ch,name,asc,0,5,11.081,50,428
f3_v0_idx2,v0,agent,termo_nome_3ch,name,asc,0,6,11.117,50,428
f3_v0_idx2,v0,agent,termo_nome_3ch,name,asc,500,1,11.206,0,
f3_v0_idx2,v0,agent,termo_nome_3ch,name,asc,500,2,10.595,0,
f3_v0_idx2,v0,agent,termo_nome_3ch,name,asc,500,3,10.628,0,
f3_v0_idx2,v0,agent,termo_nome_3ch,name,asc,500,4,9.884,0,
f3_v0_idx2,v0,agent,termo_nome_3ch,name,asc,500,5,9.937,0,
f3_v0_idx2,v0,agent,termo_nome_3ch,name,asc,500,6,10.514,0,
f3_v0_idx2,v0,agent,termo_nome_3ch,name,desc,0,1,10.013,50,428
f3_v0_idx2,v0,agent,termo_nome_3ch,name,desc,0,2,8.837,50,428
f3_v0_idx2,v0,agent,termo_nome_3ch,name,desc,0,3,9.845,50,428
f3_v0_idx2,v0,agent,termo_nome_3ch,name,desc,0,4,8.701,50,428
f3_v0_idx2,v0,agent,termo_nome_3ch,name,desc,0,5,9.238,50,428
f3_v0_idx2,v0,agent,termo_nome_3ch,name,desc,0,6,9.363,50,428
f3_v0_idx2,v0,agent,termo_nome_3ch,name,desc,500,1,9.327,0,
f3_v0_idx2,v0,agent,termo_nome_3ch,name,desc,500,2,9.537,0,
f3_v0_idx2,v0,agent,termo_nome_3ch,name,desc,500,3,9.365,0,
f4_v0_idx3,v0,agent,termo_nome_5ch,name,asc,0,1,7.79,50,380
f4_v0_idx3,v0,agent,termo_nome_5ch,name,asc,0,2,7.233,50,380
f4_v0_idx3,v0,agent,termo_nome_5ch,name,asc,0,3,8.33,50,380
f4_v0_idx3,v0,agent,termo_nome_5ch,name,asc,0,4,7.884,50,380
f4_v0_idx3,v0,agent,termo_nome_5ch,name,asc,0,5,7.86,50,380
f4_v0_idx3,v0,agent,termo_nome_5ch,name,asc,0,6,7.926,50,380
f4_v0_idx3,v0,agent,termo_nome_5ch,name,asc,500,1,7.744,0,
f4_v0_idx3,v0,agent,termo_nome_5ch,name,asc,500,2,7.814,0,
f4_v0_idx3,v0,agent,termo_nome_5ch,name,asc,500,3,7.699,0,
f4_v0_idx3,v0,agent,termo_nome_5ch,name,asc,500,4,7.589,0,
f4_v0_idx3,v0,agent,termo_nome_5ch,name,asc,500,5,7.8,0,
f4_v0_idx3,v0,agent,termo_nome_5ch,name,asc,500,6,8.034,0,
f4_v0_idx3,v0,agent,termo_nome_5ch,name,desc,0,1,7.696,50,380
f4_v0_idx3,v0,agent,termo_nome_5ch,name,desc,0,2,7.889,50,380
f4_v0_idx3,v0,agent,termo_nome_5ch,name,desc,0,3,7.269,50,380
f4_v0_idx3,v0,agent,termo_nome_5ch,name,desc,0,4,7.628,50,380
f4_v0_idx3,v0,agent,termo_nome_5ch,name,desc,0,5,7.459,50,380
f4_v0_idx3,v0,agent,termo_nome_5ch,name,desc,0,6,7.566,50,380
f3_v0_idx2,v0,agent,termo_nome_3ch,name,desc,500,4,9.163,0,
f3_v0_idx2,v0,agent,termo_nome_3ch,name,desc,500,5,9.025,0,
f3_v0_idx2,v0,agent,termo_nome_3ch,name,desc,500,6,9.308,0,
f3_v0_idx2,v0,agent,termo_nome_3ch,created_at,asc,0,1,9.127,50,428
f3_v0_idx2,v0,agent,termo_nome_3ch,created_at,asc,0,2,8.586,50,428
f3_v0_idx2,v0,agent,termo_nome_3ch,created_at,asc,0,3,8.665,50,428
f3_v0_idx2,v0,agent,termo_nome_3ch,created_at,asc,0,4,8.313,50,428
f3_v0_idx2,v0,agent,termo_nome_3ch,created_at,asc,0,5,10.05,50,428
f3_v0_idx2,v0,agent,termo_nome_3ch,created_at,asc,0,6,8.625,50,428
f3_v0_idx2,v0,agent,termo_nome_3ch,created_at,asc,500,1,10.008,0,
f3_v0_idx2,v0,agent,termo_nome_3ch,created_at,asc,500,2,9.444,0,
f3_v0_idx2,v0,agent,termo_nome_3ch,created_at,asc,500,3,10.008,0,
f3_v0_idx2,v0,agent,termo_nome_3ch,created_at,asc,500,4,10.086,0,
f3_v0_idx2,v0,agent,termo_nome_3ch,created_at,asc,500,5,9.234,0,
f3_v0_idx2,v0,agent,termo_nome_3ch,created_at,asc,500,6,10.217,0,
f3_v0_idx2,v0,agent,termo_nome_3ch,created_at,desc,0,1,10.273,50,428
f3_v0_idx2,v0,agent,termo_nome_3ch,created_at,desc,0,2,9.394,50,428
f3_v0_idx2,v0,agent,termo_nome_3ch,created_at,desc,0,3,10.089,50,428
f3_v0_idx2,v0,agent,termo_nome_3ch,created_at,desc,0,4,9.482,50,428
f3_v0_idx2,v0,agent,termo_nome_3ch,created_at,desc,0,5,9.72,50,428
f3_v0_idx2,v0,agent,termo_nome_3ch,created_at,desc,0,6,10.614,50,428
f3_v0_idx2,v0,agent,termo_nome_3ch,created_at,desc,500,1,10.97,0,
f3_v0_idx2,v0,agent,termo_nome_3ch,created_at,desc,500,2,10.119,0,
f3_v0_idx2,v0,agent,termo_nome_3ch,created_at,desc,500,3,10.834,0,
f3_v0_idx2,v0,agent,termo_nome_3ch,created_at,desc,500,4,10.891,0,
f3_v0_idx2,v0,agent,termo_nome_3ch,created_at,desc,500,5,15.1,0,
f3_v0_idx2,v0,agent,termo_nome_3ch,created_at,desc,500,6,11.748,0,
f3_v0_idx2,v0,agent,termo_nome_3ch,company,asc,0,1,11.557,50,428
f3_v0_idx2,v0,agent,termo_nome_3ch,company,asc,0,2,11.217,50,428
f3_v0_idx2,v0,agent,termo_nome_3ch,company,asc,0,3,10.936,50,428
f3_v0_idx2,v0,agent,termo_nome_3ch,company,asc,0,4,11.547,50,428
f3_v0_idx2,v0,agent,termo_nome_3ch,company,asc,0,5,10.88,50,428
f3_v0_idx2,v0,agent,termo_nome_3ch,company,asc,0,6,11.037,50,428
f3_v0_idx2,v0,agent,termo_nome_3ch,company,asc,500,1,10.015,0,
f3_v0_idx2,v0,agent,termo_nome_3ch,company,asc,500,2,9.747,0,
f3_v0_idx2,v0,agent,termo_nome_3ch,company,asc,500,3,10.295,0,
f3_v0_idx2,v0,agent,termo_nome_3ch,company,asc,500,4,9.158,0,
f3_v0_idx2,v0,agent,termo_nome_3ch,company,asc,500,5,10.383,0,
f4_v0_idx3,v0,agent,termo_nome_5ch,name,desc,500,1,8.874,0,
f4_v0_idx3,v0,agent,termo_nome_5ch,name,desc,500,2,10.04,0,
f4_v0_idx3,v0,agent,termo_nome_5ch,name,desc,500,3,9.318,0,
f4_v0_idx3,v0,agent,termo_nome_5ch,name,desc,500,4,9.288,0,
f4_v0_idx3,v0,agent,termo_nome_5ch,name,desc,500,5,9.216,0,
f4_v0_idx3,v0,agent,termo_nome_5ch,name,desc,500,6,8.757,0,
f4_v0_idx3,v0,agent,termo_nome_5ch,created_at,asc,0,1,7.22,50,380
f4_v0_idx3,v0,agent,termo_nome_5ch,created_at,asc,0,2,7.96,50,380
f4_v0_idx3,v0,agent,termo_nome_5ch,created_at,asc,0,3,7.157,50,380
f4_v0_idx3,v0,agent,termo_nome_5ch,created_at,asc,0,4,7.35,50,380
f4_v0_idx3,v0,agent,termo_nome_5ch,created_at,asc,0,5,7.039,50,380
f4_v0_idx3,v0,agent,termo_nome_5ch,created_at,asc,0,6,8.135,50,380
f4_v0_idx3,v0,agent,termo_nome_5ch,created_at,asc,500,1,8.012,0,
f4_v0_idx3,v0,agent,termo_nome_5ch,created_at,asc,500,2,8.059,0,
f4_v0_idx3,v0,agent,termo_nome_5ch,created_at,asc,500,3,8.465,0,
f4_v0_idx3,v0,agent,termo_nome_5ch,created_at,asc,500,4,7.737,0,
f3_v0_idx2,v0,agent,termo_nome_3ch,company,asc,500,6,10.02,0,
f3_v0_idx2,v0,agent,termo_nome_3ch,company,desc,0,1,10.312,50,428
f3_v0_idx2,v0,agent,termo_nome_3ch,company,desc,0,2,10.353,50,428
f3_v0_idx2,v0,agent,termo_nome_3ch,company,desc,0,3,11.435,50,428
f3_v0_idx2,v0,agent,termo_nome_3ch,company,desc,0,4,11.468,50,428
f3_v0_idx2,v0,agent,termo_nome_3ch,company,desc,0,5,12.059,50,428
f3_v0_idx2,v0,agent,termo_nome_3ch,company,desc,0,6,12.536,50,428
f3_v0_idx2,v0,agent,termo_nome_3ch,company,desc,500,1,11.788,0,
f3_v0_idx2,v0,agent,termo_nome_3ch,company,desc,500,2,11.749,0,
f3_v0_idx2,v0,agent,termo_nome_3ch,company,desc,500,3,11.199,0,
f3_v0_idx2,v0,agent,termo_nome_3ch,company,desc,500,4,10.792,0,
f3_v0_idx2,v0,agent,termo_nome_3ch,company,desc,500,5,11.136,0,
f3_v0_idx2,v0,agent,termo_nome_3ch,company,desc,500,6,10.38,0,
f3_v0_idx2,v0,agent,termo_telefone,name,asc,0,1,0.433,0,
f3_v0_idx2,v0,agent,termo_telefone,name,asc,0,2,0.672,0,
f3_v0_idx2,v0,agent,termo_telefone,name,asc,0,3,0.613,0,
f3_v0_idx2,v0,agent,termo_telefone,name,asc,0,4,0.463,0,
f3_v0_idx2,v0,agent,termo_telefone,name,asc,0,5,0.486,0,
f3_v0_idx2,v0,agent,termo_telefone,name,asc,0,6,0.54,0,
f3_v0_idx2,v0,agent,termo_telefone,name,asc,500,1,0.538,0,
f3_v0_idx2,v0,agent,termo_telefone,name,asc,500,2,0.505,0,
f3_v0_idx2,v0,agent,termo_telefone,name,asc,500,3,0.865,0,
f3_v0_idx2,v0,agent,termo_telefone,name,asc,500,4,0.547,0,
f3_v0_idx2,v0,agent,termo_telefone,name,asc,500,5,0.491,0,
f3_v0_idx2,v0,agent,termo_telefone,name,asc,500,6,0.469,0,
f3_v0_idx2,v0,agent,termo_telefone,name,desc,0,1,0.397,0,
f3_v0_idx2,v0,agent,termo_telefone,name,desc,0,2,0.408,0,
f3_v0_idx2,v0,agent,termo_telefone,name,desc,0,3,0.388,0,
f3_v0_idx2,v0,agent,termo_telefone,name,desc,0,4,0.375,0,
f3_v0_idx2,v0,agent,termo_telefone,name,desc,0,5,0.389,0,
f3_v0_idx2,v0,agent,termo_telefone,name,desc,0,6,0.383,0,
f3_v0_idx2,v0,agent,termo_telefone,name,desc,500,1,0.407,0,
f3_v0_idx2,v0,agent,termo_telefone,name,desc,500,2,0.405,0,
f3_v0_idx2,v0,agent,termo_telefone,name,desc,500,3,0.406,0,
f3_v0_idx2,v0,agent,termo_telefone,name,desc,500,4,0.364,0,
f3_v0_idx2,v0,agent,termo_telefone,name,desc,500,5,0.325,0,
f3_v0_idx2,v0,agent,termo_telefone,name,desc,500,6,0.355,0,
f4_v0_idx3,v0,agent,termo_nome_5ch,created_at,asc,500,5,7.997,0,
f4_v0_idx3,v0,agent,termo_nome_5ch,created_at,asc,500,6,7.391,0,
f4_v0_idx3,v0,agent,termo_nome_5ch,created_at,desc,0,1,8.614,50,380
f4_v0_idx3,v0,agent,termo_nome_5ch,created_at,desc,0,2,7.477,50,380
f4_v0_idx3,v0,agent,termo_nome_5ch,created_at,desc,0,3,7.805,50,380
f4_v0_idx3,v0,agent,termo_nome_5ch,created_at,desc,0,4,7.497,50,380
f4_v0_idx3,v0,agent,termo_nome_5ch,created_at,desc,0,5,7.828,50,380
f4_v0_idx3,v0,agent,termo_nome_5ch,created_at,desc,0,6,8.242,50,380
f4_v0_idx3,v0,agent,termo_nome_5ch,created_at,desc,500,1,8.596,0,
f4_v0_idx3,v0,agent,termo_nome_5ch,created_at,desc,500,2,8.119,0,
f4_v0_idx3,v0,agent,termo_nome_5ch,created_at,desc,500,3,8.501,0,
f4_v0_idx3,v0,agent,termo_nome_5ch,created_at,desc,500,4,8.199,0,
f4_v0_idx3,v0,agent,termo_nome_5ch,created_at,desc,500,5,8.991,0,
f4_v0_idx3,v0,agent,termo_nome_5ch,created_at,desc,500,6,8.352,0,
f4_v0_idx3,v0,agent,termo_nome_5ch,company,asc,0,1,8.602,50,380
f4_v0_idx3,v0,agent,termo_nome_5ch,company,asc,0,2,8.02,50,380
f4_v0_idx3,v0,agent,termo_nome_5ch,company,asc,0,3,8.529,50,380
f4_v0_idx3,v0,agent,termo_nome_5ch,company,asc,0,4,8.81,50,380
f3_v0_idx2,v0,agent,termo_telefone,created_at,asc,0,1,0.563,0,
f3_v0_idx2,v0,agent,termo_telefone,created_at,asc,0,2,0.496,0,
f3_v0_idx2,v0,agent,termo_telefone,created_at,asc,0,3,0.433,0,
f3_v0_idx2,v0,agent,termo_telefone,created_at,asc,0,4,0.504,0,
f3_v0_idx2,v0,agent,termo_telefone,created_at,asc,0,5,0.489,0,
f3_v0_idx2,v0,agent,termo_telefone,created_at,asc,0,6,0.514,0,
f3_v0_idx2,v0,agent,termo_telefone,created_at,asc,500,1,0.427,0,
f3_v0_idx2,v0,agent,termo_telefone,created_at,asc,500,2,0.431,0,
f3_v0_idx2,v0,agent,termo_telefone,created_at,asc,500,3,0.665,0,
f3_v0_idx2,v0,agent,termo_telefone,created_at,asc,500,4,0.469,0,
f3_v0_idx2,v0,agent,termo_telefone,created_at,asc,500,5,0.425,0,
f3_v0_idx2,v0,agent,termo_telefone,created_at,asc,500,6,0.421,0,
f3_v0_idx2,v0,agent,termo_telefone,created_at,desc,0,1,0.385,0,
f3_v0_idx2,v0,agent,termo_telefone,created_at,desc,0,2,0.382,0,
f3_v0_idx2,v0,agent,termo_telefone,created_at,desc,0,3,0.405,0,
f3_v0_idx2,v0,agent,termo_telefone,created_at,desc,0,4,0.384,0,
f3_v0_idx2,v0,agent,termo_telefone,created_at,desc,0,5,0.365,0,
f3_v0_idx2,v0,agent,termo_telefone,created_at,desc,0,6,0.381,0,
f3_v0_idx2,v0,agent,termo_telefone,created_at,desc,500,1,0.388,0,
f3_v0_idx2,v0,agent,termo_telefone,created_at,desc,500,2,0.398,0,
f3_v0_idx2,v0,agent,termo_telefone,created_at,desc,500,3,0.382,0,
f3_v0_idx2,v0,agent,termo_telefone,created_at,desc,500,4,0.37,0,
f3_v0_idx2,v0,agent,termo_telefone,created_at,desc,500,5,0.38,0,
f3_v0_idx2,v0,agent,termo_telefone,created_at,desc,500,6,0.386,0,
f3_v0_idx2,v0,agent,termo_telefone,company,asc,0,1,0.457,0,
f3_v0_idx2,v0,agent,termo_telefone,company,asc,0,2,0.405,0,
f3_v0_idx2,v0,agent,termo_telefone,company,asc,0,3,0.38,0,
f3_v0_idx2,v0,agent,termo_telefone,company,asc,0,4,0.716,0,
f3_v0_idx2,v0,agent,termo_telefone,company,asc,0,5,0.861,0,
f3_v0_idx2,v0,agent,termo_telefone,company,asc,0,6,0.851,0,
f3_v0_idx2,v0,agent,termo_telefone,company,asc,500,1,0.503,0,
f3_v0_idx2,v0,agent,termo_telefone,company,asc,500,2,0.469,0,
f3_v0_idx2,v0,agent,termo_telefone,company,asc,500,3,0.916,0,
f3_v0_idx2,v0,agent,termo_telefone,company,asc,500,4,0.865,0,
f3_v0_idx2,v0,agent,termo_telefone,company,asc,500,5,0.508,0,
f3_v0_idx2,v0,agent,termo_telefone,company,asc,500,6,0.424,0,
f4_v0_idx3,v0,agent,termo_nome_5ch,company,asc,0,5,8.881,50,380
f4_v0_idx3,v0,agent,termo_nome_5ch,company,asc,0,6,7.842,50,380
f3_v0_idx2,v0,agent,termo_telefone,company,desc,0,1,0.373,0,
f3_v0_idx2,v0,agent,termo_telefone,company,desc,0,2,0.335,0,
f4_v0_idx3,v0,agent,termo_nome_5ch,company,asc,500,1,9.727,0,
f4_v0_idx3,v0,agent,termo_nome_5ch,company,asc,500,2,8.306,0,
f4_v0_idx3,v0,agent,termo_nome_5ch,company,asc,500,3,8.81,0,
f4_v0_idx3,v0,agent,termo_nome_5ch,company,asc,500,4,7.759,0,
f4_v0_idx3,v0,agent,termo_nome_5ch,company,asc,500,5,8.209,0,
f4_v0_idx3,v0,agent,termo_nome_5ch,company,asc,500,6,8.347,0,
f4_v0_idx3,v0,agent,termo_nome_5ch,company,desc,0,1,8.15,50,380
f4_v0_idx3,v0,agent,termo_nome_5ch,company,desc,0,2,7.388,50,380
f4_v0_idx3,v0,agent,termo_nome_5ch,company,desc,0,3,7.954,50,380
f4_v0_idx3,v0,agent,termo_nome_5ch,company,desc,0,4,7.37,50,380
f4_v0_idx3,v0,agent,termo_nome_5ch,company,desc,0,5,7.577,50,380
f4_v0_idx3,v0,agent,termo_nome_5ch,company,desc,0,6,7.823,50,380
f4_v0_idx3,v0,agent,termo_nome_5ch,company,desc,500,1,7.508,0,
f4_v0_idx3,v0,agent,termo_nome_5ch,company,desc,500,2,7.239,0,
f4_v0_idx3,v0,agent,termo_nome_5ch,company,desc,500,3,7.253,0,
f4_v2_idx3,v2,agent,sem_filtro,name,desc,0,4,62.971,50,2886
f4_v2_idx3,v2,agent,sem_filtro,name,desc,0,5,62.74,50,2886
f4_v2_idx3,v2,agent,sem_filtro,name,desc,0,6,59.328,50,2886
f4_v2_idx3,v2,agent,sem_filtro,name,desc,500,1,63.502,50,2886
f4_v2_idx3,v2,agent,sem_filtro,name,desc,500,2,69.508,50,2886
f4_v2_idx3,v2,agent,sem_filtro,name,desc,500,3,69.226,50,2886
f4_v2_idx3,v2,agent,sem_filtro,name,desc,500,4,63.08,50,2886
f4_v2_idx3,v2,agent,sem_filtro,name,desc,500,5,57.501,50,2886
f3_v0_idx2,v0,agent,termo_telefone,company,desc,0,3,0.349,0,
f3_v0_idx2,v0,agent,termo_telefone,company,desc,0,4,0.428,0,
f3_v0_idx2,v0,agent,termo_telefone,company,desc,0,5,0.421,0,
f3_v0_idx2,v0,agent,termo_telefone,company,desc,0,6,0.419,0,
f3_v0_idx2,v0,agent,termo_telefone,company,desc,500,1,0.329,0,
f3_v0_idx2,v0,agent,termo_telefone,company,desc,500,2,0.315,0,
f3_v0_idx2,v0,agent,termo_telefone,company,desc,500,3,0.311,0,
f3_v0_idx2,v0,agent,termo_telefone,company,desc,500,4,0.304,0,
f3_v0_idx2,v0,agent,termo_telefone,company,desc,500,5,0.305,0,
f3_v0_idx2,v0,agent,termo_telefone,company,desc,500,6,0.371,0,
f3_v0_idx2,v0,agent,empresa_igual,name,asc,0,1,6.985,50,290
f3_v0_idx2,v0,agent,empresa_igual,name,asc,0,2,7.501,50,290
f3_v0_idx2,v0,agent,empresa_igual,name,asc,0,3,7.361,50,290
f3_v0_idx2,v0,agent,empresa_igual,name,asc,0,4,6.608,50,290
f3_v0_idx2,v0,agent,empresa_igual,name,asc,0,5,7.763,50,290
f3_v0_idx2,v0,agent,empresa_igual,name,asc,0,6,7.079,50,290
f3_v0_idx2,v0,agent,empresa_igual,name,asc,500,1,8.505,0,
f3_v0_idx2,v0,agent,empresa_igual,name,asc,500,2,7.214,0,
f3_v0_idx2,v0,agent,empresa_igual,name,asc,500,3,7.373,0,
f3_v0_idx2,v0,agent,empresa_igual,name,asc,500,4,7.884,0,
f3_v0_idx2,v0,agent,empresa_igual,name,asc,500,5,7.071,0,
f3_v0_idx2,v0,agent,empresa_igual,name,asc,500,6,8.041,0,
f3_v0_idx2,v0,agent,empresa_igual,name,desc,0,1,6.743,50,290
f3_v0_idx2,v0,agent,empresa_igual,name,desc,0,2,13.348,50,290
f3_v0_idx2,v0,agent,empresa_igual,name,desc,0,3,8.664,50,290
f3_v0_idx2,v0,agent,empresa_igual,name,desc,0,4,8.487,50,290
f3_v0_idx2,v0,agent,empresa_igual,name,desc,0,5,8.69,50,290
f3_v0_idx2,v0,agent,empresa_igual,name,desc,0,6,7.428,50,290
f3_v0_idx2,v0,agent,empresa_igual,name,desc,500,1,9.482,0,
f3_v0_idx2,v0,agent,empresa_igual,name,desc,500,2,7.47,0,
f3_v0_idx2,v0,agent,empresa_igual,name,desc,500,3,7.533,0,
f3_v0_idx2,v0,agent,empresa_igual,name,desc,500,4,7.092,0,
f3_v0_idx2,v0,agent,empresa_igual,name,desc,500,5,6.954,0,
f3_v0_idx2,v0,agent,empresa_igual,name,desc,500,6,8.216,0,
f3_v0_idx2,v0,agent,empresa_igual,created_at,asc,0,1,6.165,50,290
f3_v0_idx2,v0,agent,empresa_igual,created_at,asc,0,2,9.526,50,290
f3_v0_idx2,v0,agent,empresa_igual,created_at,asc,0,3,7.15,50,290
f3_v0_idx2,v0,agent,empresa_igual,created_at,asc,0,4,7.569,50,290
f3_v0_idx2,v0,agent,empresa_igual,created_at,asc,0,5,6.707,50,290
f3_v0_idx2,v0,agent,empresa_igual,created_at,asc,0,6,7.585,50,290
f4_v0_idx3,v0,agent,termo_nome_5ch,company,desc,500,4,7.629,0,
f4_v0_idx3,v0,agent,termo_nome_5ch,company,desc,500,5,7.254,0,
f4_v0_idx3,v0,agent,termo_nome_5ch,company,desc,500,6,7.362,0,
f4_v0_idx3,v0,agent,combinado,name,asc,0,1,0.899,1,1
f4_v0_idx3,v0,agent,combinado,name,asc,0,2,0.893,1,1
f4_v0_idx3,v0,agent,combinado,name,asc,0,3,0.895,1,1
f4_v0_idx3,v0,agent,combinado,name,asc,0,4,1.141,1,1
f4_v0_idx3,v0,agent,combinado,name,asc,0,5,1.096,1,1
f4_v0_idx3,v0,agent,combinado,name,asc,0,6,0.936,1,1
f4_v0_idx3,v0,agent,combinado,name,asc,500,1,0.806,0,
f4_v0_idx3,v0,agent,combinado,name,asc,500,2,0.81,0,
f4_v0_idx3,v0,agent,combinado,name,asc,500,3,0.833,0,
f4_v0_idx3,v0,agent,combinado,name,asc,500,4,1.003,0,
f4_v0_idx3,v0,agent,combinado,name,asc,500,5,0.932,0,
f4_v0_idx3,v0,agent,combinado,name,asc,500,6,0.805,0,
f4_v0_idx3,v0,agent,combinado,name,desc,0,1,0.849,1,1
f4_v0_idx3,v0,agent,combinado,name,desc,0,2,0.832,1,1
f4_v0_idx3,v0,agent,combinado,name,desc,0,3,0.828,1,1
f4_v0_idx3,v0,agent,combinado,name,desc,0,4,0.831,1,1
f3_v0_idx2,v0,agent,empresa_igual,created_at,asc,500,1,7.339,0,
f3_v0_idx2,v0,agent,empresa_igual,created_at,asc,500,2,7.968,0,
f3_v0_idx2,v0,agent,empresa_igual,created_at,asc,500,3,7.404,0,
f3_v0_idx2,v0,agent,empresa_igual,created_at,asc,500,4,5.972,0,
f3_v0_idx2,v0,agent,empresa_igual,created_at,asc,500,5,7.542,0,
f3_v0_idx2,v0,agent,empresa_igual,created_at,asc,500,6,6.406,0,
f3_v0_idx2,v0,agent,empresa_igual,created_at,desc,0,1,7.185,50,290
f3_v0_idx2,v0,agent,empresa_igual,created_at,desc,0,2,7.311,50,290
f3_v0_idx2,v0,agent,empresa_igual,created_at,desc,0,3,6.684,50,290
f3_v0_idx2,v0,agent,empresa_igual,created_at,desc,0,4,7.359,50,290
f3_v0_idx2,v0,agent,empresa_igual,created_at,desc,0,5,6.531,50,290
f3_v0_idx2,v0,agent,empresa_igual,created_at,desc,0,6,7.183,50,290
f3_v0_idx2,v0,agent,empresa_igual,created_at,desc,500,1,7.778,0,
f3_v0_idx2,v0,agent,empresa_igual,created_at,desc,500,2,9.788,0,
f3_v0_idx2,v0,agent,empresa_igual,created_at,desc,500,3,8.115,0,
f3_v0_idx2,v0,agent,empresa_igual,created_at,desc,500,4,8.948,0,
f3_v0_idx2,v0,agent,empresa_igual,created_at,desc,500,5,7.828,0,
f3_v0_idx2,v0,agent,empresa_igual,created_at,desc,500,6,7.734,0,
f3_v0_idx2,v0,agent,empresa_igual,company,asc,0,1,6.885,50,290
f3_v0_idx2,v0,agent,empresa_igual,company,asc,0,2,7.393,50,290
f3_v0_idx2,v0,agent,empresa_igual,company,asc,0,3,7.171,50,290
f3_v0_idx2,v0,agent,empresa_igual,company,asc,0,4,6.076,50,290
f3_v0_idx2,v0,agent,empresa_igual,company,asc,0,5,7.683,50,290
f3_v0_idx2,v0,agent,empresa_igual,company,asc,0,6,6.741,50,290
f3_v0_idx2,v0,agent,empresa_igual,company,asc,500,1,6.774,0,
f3_v0_idx2,v0,agent,empresa_igual,company,asc,500,2,7.153,0,
f3_v0_idx2,v0,agent,empresa_igual,company,asc,500,3,6.191,0,
f3_v0_idx2,v0,agent,empresa_igual,company,asc,500,4,8.055,0,
f3_v0_idx2,v0,agent,empresa_igual,company,asc,500,5,6.838,0,
f3_v0_idx2,v0,agent,empresa_igual,company,asc,500,6,7.122,0,
f3_v0_idx2,v0,agent,empresa_igual,company,desc,0,1,7.274,50,290
f3_v0_idx2,v0,agent,empresa_igual,company,desc,0,2,8.843,50,290
f3_v0_idx2,v0,agent,empresa_igual,company,desc,0,3,7.268,50,290
f3_v0_idx2,v0,agent,empresa_igual,company,desc,0,4,7.49,50,290
f3_v0_idx2,v0,agent,empresa_igual,company,desc,0,5,8.99,50,290
f3_v0_idx2,v0,agent,empresa_igual,company,desc,0,6,6.928,50,290
f4_v0_idx3,v0,agent,combinado,name,desc,0,5,1.073,1,1
f4_v0_idx3,v0,agent,combinado,name,desc,0,6,1.076,1,1
f4_v0_idx3,v0,agent,combinado,name,desc,500,1,0.965,0,
f4_v0_idx3,v0,agent,combinado,name,desc,500,2,0.851,0,
f4_v0_idx3,v0,agent,combinado,name,desc,500,3,0.823,0,
f4_v0_idx3,v0,agent,combinado,name,desc,500,4,0.935,0,
f4_v0_idx3,v0,agent,combinado,name,desc,500,5,1.091,0,
f4_v0_idx3,v0,agent,combinado,name,desc,500,6,0.826,0,
f4_v0_idx3,v0,agent,combinado,created_at,asc,0,1,0.904,1,1
f4_v0_idx3,v0,agent,combinado,created_at,asc,0,2,0.831,1,1
f4_v0_idx3,v0,agent,combinado,created_at,asc,0,3,0.829,1,1
f4_v0_idx3,v0,agent,combinado,created_at,asc,0,4,0.802,1,1
f4_v0_idx3,v0,agent,combinado,created_at,asc,0,5,0.826,1,1
f4_v0_idx3,v0,agent,combinado,created_at,asc,0,6,1.004,1,1
f4_v0_idx3,v0,agent,combinado,created_at,asc,500,1,0.947,0,
f4_v0_idx3,v0,agent,combinado,created_at,asc,500,2,1.14,0,
f4_v0_idx3,v0,agent,combinado,created_at,asc,500,3,0.939,0,
f4_v0_idx3,v0,agent,combinado,created_at,asc,500,4,0.834,0,
f4_v0_idx3,v0,agent,combinado,created_at,asc,500,5,0.879,0,
f4_v0_idx3,v0,agent,combinado,created_at,asc,500,6,0.96,0,
f3_v0_idx2,v0,agent,empresa_igual,company,desc,500,1,9.932,0,
f3_v0_idx2,v0,agent,empresa_igual,company,desc,500,2,8.947,0,
f3_v0_idx2,v0,agent,empresa_igual,company,desc,500,3,8.876,0,
f3_v0_idx2,v0,agent,empresa_igual,company,desc,500,4,7.609,0,
f3_v0_idx2,v0,agent,empresa_igual,company,desc,500,5,8.086,0,
f3_v0_idx2,v0,agent,empresa_igual,company,desc,500,6,7.564,0,
f3_v0_idx2,v0,agent,cargo_igual,name,asc,0,1,4.469,50,125
f3_v0_idx2,v0,agent,cargo_igual,name,asc,0,2,4.092,50,125
f3_v0_idx2,v0,agent,cargo_igual,name,asc,0,3,3.81,50,125
f3_v0_idx2,v0,agent,cargo_igual,name,asc,0,4,3.805,50,125
f3_v0_idx2,v0,agent,cargo_igual,name,asc,0,5,3.737,50,125
f3_v0_idx2,v0,agent,cargo_igual,name,asc,0,6,3.838,50,125
f3_v0_idx2,v0,agent,cargo_igual,name,asc,500,1,3.617,0,
f3_v0_idx2,v0,agent,cargo_igual,name,asc,500,2,4.312,0,
f3_v0_idx2,v0,agent,cargo_igual,name,asc,500,3,4.493,0,
f3_v0_idx2,v0,agent,cargo_igual,name,asc,500,4,4.875,0,
f3_v0_idx2,v0,agent,cargo_igual,name,asc,500,5,4.369,0,
f3_v0_idx2,v0,agent,cargo_igual,name,asc,500,6,4.805,0,
f3_v0_idx2,v0,agent,cargo_igual,name,desc,0,1,5.04,50,125
f3_v0_idx2,v0,agent,cargo_igual,name,desc,0,2,6.293,50,125
f3_v0_idx2,v0,agent,cargo_igual,name,desc,0,3,4.689,50,125
f3_v0_idx2,v0,agent,cargo_igual,name,desc,0,4,4.302,50,125
f3_v0_idx2,v0,agent,cargo_igual,name,desc,0,5,5.43,50,125
f3_v0_idx2,v0,agent,cargo_igual,name,desc,0,6,3.712,50,125
f3_v0_idx2,v0,agent,cargo_igual,name,desc,500,1,4.248,0,
f3_v0_idx2,v0,agent,cargo_igual,name,desc,500,2,3.933,0,
f3_v0_idx2,v0,agent,cargo_igual,name,desc,500,3,3.898,0,
f3_v0_idx2,v0,agent,cargo_igual,name,desc,500,4,6.312,0,
f3_v0_idx2,v0,agent,cargo_igual,name,desc,500,5,4.294,0,
f3_v0_idx2,v0,agent,cargo_igual,name,desc,500,6,3.846,0,
f3_v0_idx2,v0,agent,cargo_igual,created_at,asc,0,1,3.961,50,125
f3_v0_idx2,v0,agent,cargo_igual,created_at,asc,0,2,3.47,50,125
f3_v0_idx2,v0,agent,cargo_igual,created_at,asc,0,3,3.195,50,125
f3_v0_idx2,v0,agent,cargo_igual,created_at,asc,0,4,3.423,50,125
f3_v0_idx2,v0,agent,cargo_igual,created_at,asc,0,5,3.785,50,125
f3_v0_idx2,v0,agent,cargo_igual,created_at,asc,0,6,3.63,50,125
f3_v0_idx2,v0,agent,cargo_igual,created_at,asc,500,1,3.807,0,
f3_v0_idx2,v0,agent,cargo_igual,created_at,asc,500,2,3.584,0,
f3_v0_idx2,v0,agent,cargo_igual,created_at,asc,500,3,3.375,0,
f3_v0_idx2,v0,agent,cargo_igual,created_at,asc,500,4,2.729,0,
f3_v0_idx2,v0,agent,cargo_igual,created_at,asc,500,5,2.585,0,
f4_v0_idx3,v0,agent,combinado,created_at,desc,0,1,0.811,1,1
f4_v0_idx3,v0,agent,combinado,created_at,desc,0,2,0.93,1,1
f4_v0_idx3,v0,agent,combinado,created_at,desc,0,3,0.922,1,1
f4_v0_idx3,v0,agent,combinado,created_at,desc,0,4,0.854,1,1
f4_v0_idx3,v0,agent,combinado,created_at,desc,0,5,0.81,1,1
f4_v0_idx3,v0,agent,combinado,created_at,desc,0,6,0.821,1,1
f4_v0_idx3,v0,agent,combinado,created_at,desc,500,1,0.986,0,
f4_v0_idx3,v0,agent,combinado,created_at,desc,500,2,0.885,0,
f4_v0_idx3,v0,agent,combinado,created_at,desc,500,3,1.052,0,
f4_v0_idx3,v0,agent,combinado,created_at,desc,500,4,0.835,0,
f4_v0_idx3,v0,agent,combinado,created_at,desc,500,5,0.791,0,
f4_v0_idx3,v0,agent,combinado,created_at,desc,500,6,0.839,0,
f4_v0_idx3,v0,agent,combinado,company,asc,0,1,0.93,1,1
f4_v0_idx3,v0,agent,combinado,company,asc,0,2,0.801,1,1
f4_v0_idx3,v0,agent,combinado,company,asc,0,3,0.904,1,1
f4_v0_idx3,v0,agent,combinado,company,asc,0,4,1.007,1,1
f4_v0_idx3,v0,agent,combinado,company,asc,0,5,0.886,1,1
f3_v0_idx2,v0,agent,cargo_igual,created_at,asc,500,6,3.326,0,
f3_v0_idx2,v0,agent,cargo_igual,created_at,desc,0,1,2.971,50,125
f3_v0_idx2,v0,agent,cargo_igual,created_at,desc,0,2,3.09,50,125
f3_v0_idx2,v0,agent,cargo_igual,created_at,desc,0,3,3.575,50,125
f3_v0_idx2,v0,agent,cargo_igual,created_at,desc,0,4,4.069,50,125
f3_v0_idx2,v0,agent,cargo_igual,created_at,desc,0,5,3.03,50,125
f3_v0_idx2,v0,agent,cargo_igual,created_at,desc,0,6,2.967,50,125
f3_v0_idx2,v0,agent,cargo_igual,created_at,desc,500,1,3.683,0,
f3_v0_idx2,v0,agent,cargo_igual,created_at,desc,500,2,3.269,0,
f3_v0_idx2,v0,agent,cargo_igual,created_at,desc,500,3,2.655,0,
f3_v0_idx2,v0,agent,cargo_igual,created_at,desc,500,4,3.126,0,
f3_v0_idx2,v0,agent,cargo_igual,created_at,desc,500,5,3.994,0,
f3_v0_idx2,v0,agent,cargo_igual,created_at,desc,500,6,3.823,0,
f3_v0_idx2,v0,agent,cargo_igual,company,asc,0,1,3.847,50,125
f3_v0_idx2,v0,agent,cargo_igual,company,asc,0,2,3.93,50,125
f3_v0_idx2,v0,agent,cargo_igual,company,asc,0,3,3.319,50,125
f3_v0_idx2,v0,agent,cargo_igual,company,asc,0,4,2.828,50,125
f3_v0_idx2,v0,agent,cargo_igual,company,asc,0,5,2.857,50,125
f3_v0_idx2,v0,agent,cargo_igual,company,asc,0,6,4.123,50,125
f3_v0_idx2,v0,agent,cargo_igual,company,asc,500,1,3.118,0,
f3_v0_idx2,v0,agent,cargo_igual,company,asc,500,2,3.128,0,
f3_v0_idx2,v0,agent,cargo_igual,company,asc,500,3,3.9,0,
f3_v0_idx2,v0,agent,cargo_igual,company,asc,500,4,3.583,0,
f3_v0_idx2,v0,agent,cargo_igual,company,asc,500,5,3.805,0,
f3_v0_idx2,v0,agent,cargo_igual,company,asc,500,6,3.46,0,
f3_v0_idx2,v0,agent,cargo_igual,company,desc,0,1,3.863,50,125
f3_v0_idx2,v0,agent,cargo_igual,company,desc,0,2,3.481,50,125
f3_v0_idx2,v0,agent,cargo_igual,company,desc,0,3,3.529,50,125
f3_v0_idx2,v0,agent,cargo_igual,company,desc,0,4,3.659,50,125
f3_v0_idx2,v0,agent,cargo_igual,company,desc,0,5,3.356,50,125
f3_v0_idx2,v0,agent,cargo_igual,company,desc,0,6,3.006,50,125
f3_v0_idx2,v0,agent,cargo_igual,company,desc,500,1,4.137,0,
f3_v0_idx2,v0,agent,cargo_igual,company,desc,500,2,3.09,0,
f3_v0_idx2,v0,agent,cargo_igual,company,desc,500,3,2.928,0,
f3_v0_idx2,v0,agent,cargo_igual,company,desc,500,4,3.204,0,
f3_v0_idx2,v0,agent,cargo_igual,company,desc,500,5,3.734,0,
f3_v0_idx2,v0,agent,cargo_igual,company,desc,500,6,3.879,0,
f3_v0_idx2,v0,agent,__overhead_wrapper__,-,-,-1,0,0.211,0,0
f3_v0_idx2,v0,agent,sem_filtro,name,asc,0,1,62.253,50,2886
f3_v0_idx2,v0,agent,sem_filtro,name,asc,0,2,59.814,50,2886
f3_v0_idx2,v0,agent,sem_filtro,name,asc,0,3,62.748,50,2886
f3_v0_idx2,v0,agent,sem_filtro,name,asc,0,4,70.69,50,2886
f3_v0_idx2,v0,agent,sem_filtro,name,asc,0,5,61.516,50,2886
f3_v0_idx2,v0,agent,sem_filtro,name,asc,0,6,66.833,50,2886
f3_v0_idx2,v0,agent,sem_filtro,name,asc,500,1,73.714,50,2886
f3_v0_idx2,v0,agent,sem_filtro,name,asc,500,2,65.279,50,2886
f3_v0_idx2,v0,agent,sem_filtro,name,asc,500,3,60.032,50,2886
f3_v0_idx2,v0,agent,sem_filtro,name,asc,500,4,66.699,50,2886
f3_v0_idx2,v0,agent,sem_filtro,name,asc,500,5,61.316,50,2886
f3_v0_idx2,v0,agent,sem_filtro,name,asc,500,6,58.725,50,2886
f3_v0_idx2,v0,agent,sem_filtro,name,desc,0,1,55.524,50,2886
f3_v0_idx2,v0,agent,sem_filtro,name,desc,0,2,54.6,50,2886
f3_v0_idx2,v0,agent,sem_filtro,name,desc,0,3,61.988,50,2886
f3_v0_idx2,v0,agent,sem_filtro,name,desc,0,4,65.474,50,2886
f3_v0_idx2,v0,agent,sem_filtro,name,desc,0,5,63.163,50,2886
f3_v0_idx2,v0,agent,sem_filtro,name,desc,0,6,64.038,50,2886
f3_v0_idx2,v0,agent,sem_filtro,name,desc,500,1,60.41,50,2886
f3_v0_idx2,v0,agent,sem_filtro,name,desc,500,2,57.214,50,2886
f3_v0_idx2,v0,agent,sem_filtro,name,desc,500,3,56.646,50,2886
f3_v0_idx2,v0,agent,sem_filtro,name,desc,500,4,64.39,50,2886
f3_v0_idx2,v0,agent,sem_filtro,name,desc,500,5,58.962,50,2886
f3_v0_idx2,v0,agent,sem_filtro,name,desc,500,6,54.865,50,2886
f3_v0_idx2,v0,agent,sem_filtro,created_at,asc,0,1,55.617,50,2886
f3_v0_idx2,v0,agent,sem_filtro,created_at,asc,0,2,59.218,50,2886
f3_v0_idx2,v0,agent,sem_filtro,created_at,asc,0,3,57.48,50,2886
f3_v0_idx2,v0,agent,sem_filtro,created_at,asc,0,4,59.873,50,2886
f3_v0_idx2,v0,agent,sem_filtro,created_at,asc,0,5,57.409,50,2886
f3_v0_idx2,v0,agent,sem_filtro,created_at,asc,0,6,57.074,50,2886
f3_v0_idx2,v0,agent,sem_filtro,created_at,asc,500,1,70.548,50,2886
f3_v0_idx2,v0,agent,sem_filtro,created_at,asc,500,2,63.628,50,2886
f3_v0_idx2,v0,agent,sem_filtro,created_at,asc,500,3,58.938,50,2886
f3_v0_idx2,v0,agent,sem_filtro,created_at,asc,500,4,53.627,50,2886
f3_v0_idx2,v0,agent,sem_filtro,created_at,asc,500,5,56.784,50,2886
f3_v0_idx2,v0,agent,sem_filtro,created_at,asc,500,6,56.315,50,2886
f3_v0_idx2,v0,agent,sem_filtro,created_at,desc,0,1,52.055,50,2886
f3_v0_idx2,v0,agent,sem_filtro,created_at,desc,0,2,59.116,50,2886
f3_v0_idx2,v0,agent,sem_filtro,created_at,desc,0,3,56.426,50,2886
f3_v0_idx2,v0,agent,sem_filtro,created_at,desc,0,4,54.451,50,2886
f3_v0_idx2,v0,agent,sem_filtro,created_at,desc,0,5,55.386,50,2886
f3_v0_idx2,v0,agent,sem_filtro,created_at,desc,0,6,57.483,50,2886
f3_v0_idx2,v0,agent,sem_filtro,created_at,desc,500,1,61.096,50,2886
f3_v0_idx2,v0,agent,sem_filtro,created_at,desc,500,2,58.54,50,2886
f3_v0_idx2,v0,agent,sem_filtro,created_at,desc,500,3,58.178,50,2886
f3_v0_idx2,v0,agent,sem_filtro,created_at,desc,500,4,55.707,50,2886
f3_v0_idx2,v0,agent,sem_filtro,created_at,desc,500,5,54.24,50,2886
f3_v0_idx2,v0,agent,sem_filtro,created_at,desc,500,6,54.67,50,2886
f3_v0_idx2,v0,agent,sem_filtro,company,asc,0,1,56.219,50,2886
f3_v0_idx2,v0,agent,sem_filtro,company,asc,0,2,64.335,50,2886
f3_v0_idx2,v0,agent,sem_filtro,company,asc,0,3,54.904,50,2886
f3_v0_idx2,v0,agent,sem_filtro,company,asc,0,4,53.114,50,2886
f3_v0_idx2,v0,agent,sem_filtro,company,asc,0,5,56.502,50,2886
f3_v0_idx2,v0,agent,sem_filtro,company,asc,0,6,56.708,50,2886
f3_v0_idx2,v0,agent,sem_filtro,company,asc,500,1,56.992,50,2886
f3_v0_idx2,v0,agent,sem_filtro,company,asc,500,2,58.548,50,2886
f3_v0_idx2,v0,agent,sem_filtro,company,asc,500,3,61.342,50,2886
f3_v0_idx2,v0,agent,sem_filtro,company,asc,500,4,59.125,50,2886
f3_v0_idx2,v0,agent,sem_filtro,company,asc,500,5,60.868,50,2886
f3_v0_idx2,v0,agent,sem_filtro,company,asc,500,6,56.735,50,2886
f3_v0_idx2,v0,agent,sem_filtro,company,desc,0,1,58.476,50,2886
f3_v0_idx2,v0,agent,sem_filtro,company,desc,0,2,64.819,50,2886
f4_v0_idx3,v0,agent,combinado,company,asc,0,6,0.809,1,1
f4_v0_idx3,v0,agent,combinado,company,asc,500,1,0.958,0,
f4_v0_idx3,v0,agent,combinado,company,asc,500,2,1.029,0,
f4_v0_idx3,v0,agent,combinado,company,asc,500,3,1.027,0,
f4_v0_idx3,v0,agent,combinado,company,asc,500,4,1,0,
f4_v0_idx3,v0,agent,combinado,company,asc,500,5,0.925,0,
f4_v0_idx3,v0,agent,combinado,company,asc,500,6,1.012,0,
f4_v0_idx3,v0,agent,combinado,company,desc,0,1,0.834,1,1
f4_v0_idx3,v0,agent,combinado,company,desc,0,2,0.805,1,1
f4_v0_idx3,v0,agent,combinado,company,desc,0,3,0.822,1,1
f4_v0_idx3,v0,agent,combinado,company,desc,0,4,0.951,1,1
f4_v0_idx3,v0,agent,combinado,company,desc,0,5,0.884,1,1
f4_v0_idx3,v0,agent,combinado,company,desc,0,6,0.813,1,1
f4_v0_idx3,v0,agent,combinado,company,desc,500,1,0.906,0,
f4_v0_idx3,v0,agent,combinado,company,desc,500,2,0.867,0,
f4_v0_idx3,v0,agent,combinado,company,desc,500,3,0.866,0,
f4_v0_idx3,v0,agent,combinado,company,desc,500,4,0.85,0,
f4_v0_idx3,v0,agent,combinado,company,desc,500,5,0.9,0,
f4_v0_idx3,v0,agent,combinado,company,desc,500,6,0.849,0,
f4_v2_idx3,v2,agent,sem_filtro,name,desc,500,6,64.053,50,2886
f4_v2_idx3,v2,agent,sem_filtro,created_at,asc,0,1,64.486,50,2886
f4_v2_idx3,v2,agent,sem_filtro,created_at,asc,0,2,67.535,50,2886
f4_v2_idx3,v2,agent,sem_filtro,created_at,asc,0,3,68.915,50,2886
f4_v2_idx3,v2,agent,sem_filtro,created_at,asc,0,4,61.796,50,2886
f4_v2_idx3,v2,agent,sem_filtro,created_at,asc,0,5,64.009,50,2886
f4_v2_idx3,v2,agent,sem_filtro,created_at,asc,0,6,58.211,50,2886
f4_v2_idx3,v2,agent,sem_filtro,created_at,asc,500,1,57.416,50,2886
f4_v2_idx3,v2,agent,sem_filtro,created_at,asc,500,2,59.11,50,2886
f4_v2_idx3,v2,agent,sem_filtro,created_at,asc,500,3,60.469,50,2886
f4_v2_idx3,v2,agent,sem_filtro,created_at,asc,500,4,55.168,50,2886
f4_v2_idx3,v2,agent,sem_filtro,created_at,asc,500,5,53.622,50,2886
f4_v2_idx3,v2,agent,sem_filtro,created_at,asc,500,6,56.273,50,2886
f4_v2_idx3,v2,agent,sem_filtro,created_at,desc,0,1,59.816,50,2886
f4_v2_idx3,v2,agent,sem_filtro,created_at,desc,0,2,63.495,50,2886
f4_v2_idx3,v2,agent,sem_filtro,created_at,desc,0,3,65.611,50,2886
f4_v2_idx3,v2,agent,sem_filtro,created_at,desc,0,4,62.968,50,2886
f4_v2_idx3,v2,agent,sem_filtro,created_at,desc,0,5,60.102,50,2886
f4_v2_idx3,v2,agent,sem_filtro,created_at,desc,0,6,63.704,50,2886
f4_v2_idx3,v2,agent,sem_filtro,created_at,desc,500,1,63.723,50,2886
f4_v2_idx3,v2,agent,sem_filtro,created_at,desc,500,2,57.471,50,2886
f4_v2_idx3,v2,agent,sem_filtro,created_at,desc,500,3,61.653,50,2886
f4_v2_idx3,v2,agent,sem_filtro,created_at,desc,500,4,65.047,50,2886
f4_v2_idx3,v2,agent,sem_filtro,created_at,desc,500,5,66.553,50,2886
f4_v2_idx3,v2,agent,sem_filtro,created_at,desc,500,6,70.138,50,2886
f4_v2_idx3,v2,agent,sem_filtro,company,asc,500,1,67.879,50,2886
f4_v2_idx3,v2,agent,sem_filtro,company,asc,500,2,70.958,50,2886
f4_v2_idx3,v2,agent,sem_filtro,company,asc,500,3,74.168,50,2886
f4_v2_idx3,v2,agent,sem_filtro,company,asc,500,4,77.286,50,2886
f4_v2_idx3,v2,agent,sem_filtro,company,asc,500,5,74.814,50,2886
f4_v2_idx3,v2,agent,sem_filtro,company,asc,500,6,63.997,50,2886
f4_v2_idx3,v2,agent,sem_filtro,company,desc,0,1,57.4,50,2886
f4_v2_idx3,v2,agent,sem_filtro,company,desc,0,2,56.909,50,2886
f4_v2_idx3,v2,agent,sem_filtro,company,desc,0,3,61.491,50,2886
f4_v2_idx3,v2,agent,sem_filtro,company,desc,0,4,64.271,50,2886
f4_v2_idx3,v2,agent,sem_filtro,company,desc,0,5,62.008,50,2886
f4_v2_idx3,v2,agent,sem_filtro,company,desc,0,6,63.578,50,2886
f4_v2_idx3,v2,agent,sem_filtro,company,desc,500,1,69.094,50,2886
f4_v2_idx3,v2,agent,sem_filtro,company,desc,500,2,87.26,50,2886
f4_v2_idx3,v2,agent,sem_filtro,company,desc,500,3,91.91,50,2886
f4_v2_idx3,v2,agent,sem_filtro,company,desc,500,4,103.688,50,2886
f4_v2_idx3,v2,agent,sem_filtro,company,desc,500,5,81.613,50,2886
f4_v2_idx3,v2,agent,sem_filtro,company,desc,500,6,80.82,50,2886
f4_v2_idx3,v2,agent,termo_nome_5ch,name,asc,0,1,13.143,50,380
f4_v2_idx3,v2,agent,termo_nome_5ch,name,asc,0,2,15.116,50,380
f4_v2_idx3,v2,agent,termo_nome_5ch,name,asc,0,3,12.624,50,380
f4_v2_idx3,v2,agent,termo_nome_5ch,name,asc,0,4,13.609,50,380
f4_v2_idx3,v2,agent,termo_nome_5ch,name,asc,0,5,13.486,50,380
f4_v2_idx3,v2,agent,termo_nome_5ch,name,asc,0,6,10.361,50,380
f4_v2_idx3,v2,agent,termo_nome_5ch,name,asc,500,1,11.783,0,
f4_v2_idx3,v2,agent,termo_nome_5ch,name,asc,500,2,10.451,0,
f4_v2_idx3,v2,agent,termo_nome_5ch,name,asc,500,3,12.389,0,
f4_v2_idx3,v2,agent,termo_nome_5ch,name,asc,500,4,10.202,0,
f4_v2_idx3,v2,agent,termo_nome_5ch,name,asc,500,5,11.441,0,
f4_v2_idx3,v2,agent,termo_nome_5ch,name,asc,500,6,13.415,0,
f4_v2_idx3,v2,agent,termo_nome_5ch,name,desc,0,1,14.492,50,380
f4_v2_idx3,v2,agent,termo_nome_5ch,name,desc,0,2,10.585,50,380
f4_v2_idx3,v2,agent,termo_nome_5ch,name,desc,0,3,10.289,50,380
f4_v2_idx3,v2,agent,termo_nome_5ch,name,desc,0,4,15.248,50,380
f4_v2_idx3,v2,agent,termo_nome_5ch,name,desc,0,5,14.117,50,380
f4_v2_idx3,v2,agent,termo_nome_5ch,name,desc,0,6,11.476,50,380
f4_v2_idx3,v2,agent,termo_nome_5ch,name,desc,500,1,11.316,0,
f4_v2_idx3,v2,agent,termo_nome_5ch,name,desc,500,2,13.357,0,
f4_v2_idx3,v2,agent,termo_nome_5ch,name,desc,500,3,12.234,0,
f4_v2_idx3,v2,agent,termo_nome_5ch,name,desc,500,4,10.477,0,
f4_v2_idx3,v2,agent,termo_nome_5ch,name,desc,500,5,12.427,0,
f4_v2_idx3,v2,agent,termo_nome_5ch,name,desc,500,6,17.066,0,
f4_v2_idx3,v2,agent,termo_nome_5ch,created_at,asc,0,1,15.224,50,380
f4_v2_idx3,v2,agent,termo_nome_5ch,created_at,asc,0,2,10.853,50,380
f4_v2_idx3,v2,agent,termo_nome_5ch,created_at,asc,0,3,15.185,50,380
f4_v2_idx3,v2,agent,termo_nome_5ch,created_at,asc,0,4,13.048,50,380
f4_v2_idx3,v2,agent,termo_nome_5ch,created_at,asc,0,5,14.654,50,380
f4_v2_idx3,v2,agent,termo_nome_5ch,created_at,asc,0,6,11.834,50,380
f4_v2_idx3,v2,agent,termo_nome_5ch,created_at,asc,500,1,16.881,0,
f4_v2_idx3,v2,agent,termo_nome_5ch,created_at,asc,500,2,11.142,0,
f4_v2_idx3,v2,agent,termo_nome_5ch,created_at,asc,500,3,16.501,0,
f4_v2_idx3,v2,agent,termo_nome_5ch,created_at,asc,500,4,11.665,0,
f4_v2_idx3,v2,agent,termo_nome_5ch,created_at,asc,500,5,14.182,0,
f4_v2_idx3,v2,agent,termo_nome_5ch,created_at,asc,500,6,12.729,0,
f4_v2_idx3,v2,agent,termo_nome_5ch,created_at,desc,0,1,15.327,50,380
f4_v2_idx3,v2,agent,termo_nome_5ch,created_at,desc,0,2,16.301,50,380
f4_v2_idx3,v2,agent,termo_nome_5ch,created_at,desc,0,3,11.251,50,380
f4_v2_idx3,v2,agent,termo_nome_5ch,created_at,desc,0,4,13.018,50,380
f4_v2_idx3,v2,agent,termo_nome_5ch,created_at,desc,0,5,14.292,50,380
f4_v2_idx3,v2,agent,termo_nome_5ch,created_at,desc,0,6,11.801,50,380
f4_v2_idx3,v2,agent,termo_nome_5ch,created_at,desc,500,1,11.888,0,
f4_v2_idx3,v2,agent,termo_nome_5ch,created_at,desc,500,2,12.588,0,
f4_v2_idx3,v2,agent,termo_nome_5ch,created_at,desc,500,3,10.524,0,
f4_v2_idx3,v2,agent,termo_nome_5ch,created_at,desc,500,4,13.268,0,
f4_v2_idx3,v2,agent,termo_nome_5ch,created_at,desc,500,5,11.538,0,
f4_v2_idx3,v2,agent,termo_nome_5ch,created_at,desc,500,6,11.02,0,
f4_v2_idx3,v2,agent,termo_nome_5ch,company,asc,0,1,12.55,50,380
f4_v2_idx3,v2,agent,termo_nome_5ch,company,asc,0,2,13.151,50,380
f4_v2_idx3,v2,agent,termo_nome_5ch,company,asc,0,3,16.68,50,380
f4_v2_idx3,v2,agent,termo_nome_5ch,company,asc,0,4,11.841,50,380
f4_v2_idx3,v2,agent,termo_nome_5ch,company,asc,0,5,13.391,50,380
f4_v2_idx3,v2,agent,termo_nome_5ch,company,asc,0,6,12.984,50,380
f4_v2_idx3,v2,agent,termo_nome_5ch,company,asc,500,1,11.542,0,
f4_v2_idx3,v2,agent,termo_nome_5ch,company,asc,500,2,12.384,0,
f4_v2_idx3,v2,agent,termo_nome_5ch,company,asc,500,3,13.549,0,
f4_v2_idx3,v2,agent,termo_nome_5ch,company,asc,500,4,14.389,0,
f4_v2_idx3,v2,agent,termo_nome_5ch,company,asc,500,5,14.103,0,
f4_v2_idx3,v2,agent,termo_nome_5ch,company,asc,500,6,15.5,0,
f4_v2_idx3,v2,agent,termo_nome_5ch,company,desc,0,5,13.646,50,380
f4_v2_idx3,v2,agent,termo_nome_5ch,company,desc,0,6,10.806,50,380
f4_v2_idx3,v2,agent,termo_nome_5ch,company,desc,0,1,17.293,50,380
f4_v2_idx3,v2,agent,termo_nome_5ch,company,desc,0,2,16.145,50,380
f4_v2_idx3,v2,agent,termo_nome_5ch,company,desc,500,1,12.324,0,
f4_v2_idx3,v2,agent,termo_nome_5ch,company,desc,500,2,18.578,0,
f4_v2_idx3,v2,agent,termo_nome_5ch,company,desc,500,3,21.97,0,
f4_v2_idx3,v2,agent,termo_nome_5ch,company,desc,500,4,14.922,0,
f4_v2_idx3,v2,agent,termo_nome_5ch,company,desc,500,5,11.085,0,
f4_v2_idx3,v2,agent,termo_nome_5ch,company,desc,500,6,12.752,0,
f4_v2_idx3,v2,agent,combinado,name,asc,0,1,2.225,1,1
f4_v2_idx3,v2,agent,combinado,name,asc,0,2,2.149,1,1
f4_v2_idx3,v2,agent,combinado,name,asc,0,3,2.674,1,1
f4_v2_idx3,v2,agent,combinado,name,asc,0,4,2.285,1,1
f4_v2_idx3,v2,agent,combinado,name,asc,0,5,1.605,1,1
f4_v2_idx3,v2,agent,combinado,name,asc,0,6,1.706,1,1
f4_v2_idx3,v2,agent,combinado,name,asc,500,1,1.389,0,
f4_v2_idx3,v2,agent,combinado,name,asc,500,2,1.634,0,
f4_v2_idx3,v2,agent,combinado,name,asc,500,3,2.763,0,
f4_v2_idx3,v2,agent,combinado,name,asc,500,4,3.21,0,
f4_v2_idx3,v2,agent,combinado,name,asc,500,5,1.985,0,
f4_v2_idx3,v2,agent,combinado,name,asc,500,6,1.822,0,
f4_v2_idx3,v2,agent,combinado,name,desc,0,1,1.141,1,1
f4_v2_idx3,v2,agent,combinado,name,desc,0,2,1.138,1,1
f4_v2_idx3,v2,agent,combinado,name,desc,0,3,1.228,1,1
f4_v2_idx3,v2,agent,combinado,name,desc,0,4,1.163,1,1
f4_v2_idx3,v2,agent,combinado,name,desc,0,5,1.252,1,1
f4_v2_idx3,v2,agent,combinado,name,desc,0,6,2.225,1,1
f4_v2_idx3,v2,agent,combinado,name,desc,500,1,2.056,0,
f4_v2_idx3,v2,agent,combinado,name,desc,500,2,1.95,0,
f4_v2_idx3,v2,agent,combinado,name,desc,500,3,1.435,0,
f4_v2_idx3,v2,agent,combinado,name,desc,500,4,1.207,0,
f4_v2_idx3,v2,agent,combinado,name,desc,500,5,1.139,0,
f4_v2_idx3,v2,agent,combinado,name,desc,500,6,1.159,0,
f4_v2_idx3,v2,agent,combinado,created_at,asc,0,1,1.558,1,1
f4_v2_idx3,v2,agent,combinado,created_at,asc,0,2,1.27,1,1
f4_v2_idx3,v2,agent,combinado,created_at,asc,0,3,1.151,1,1
f4_v2_idx3,v2,agent,combinado,created_at,asc,0,4,1.696,1,1
f4_v2_idx3,v2,agent,combinado,created_at,asc,0,5,1.144,1,1
f4_v2_idx3,v2,agent,combinado,created_at,asc,0,6,1.101,1,1
f4_v2_idx3,v2,agent,combinado,created_at,asc,500,1,2.667,0,
f4_v2_idx3,v2,agent,combinado,created_at,asc,500,2,1.564,0,
f4_v2_idx3,v2,agent,combinado,created_at,asc,500,3,1.965,0,
f4_v2_idx3,v2,agent,combinado,created_at,asc,500,4,2.235,0,
f4_v2_idx3,v2,agent,combinado,created_at,asc,500,5,2.179,0,
f4_v2_idx3,v2,agent,combinado,created_at,asc,500,6,1.906,0,
f4_v2_idx3,v2,agent,combinado,created_at,desc,0,1,1.49,1,1
f4_v2_idx3,v2,agent,combinado,created_at,desc,0,2,1.318,1,1
f4_v2_idx3,v2,agent,combinado,created_at,desc,0,3,1.387,1,1
f4_v2_idx3,v2,agent,combinado,created_at,desc,0,4,2.329,1,1
f4_v2_idx3,v2,agent,combinado,created_at,desc,0,5,2.173,1,1
f4_v2_idx3,v2,agent,combinado,created_at,desc,0,6,1.912,1,1
f4_v2_idx3,v2,agent,combinado,created_at,desc,500,1,1.252,0,
f4_v2_idx3,v2,agent,combinado,created_at,desc,500,2,1.952,0,
f4_v2_idx3,v2,agent,combinado,created_at,desc,500,3,1.483,0,
f4_v2_idx3,v2,agent,combinado,created_at,desc,500,4,1.664,0,
f4_v2_idx3,v2,agent,combinado,created_at,desc,500,5,1.196,0,
f4_v2_idx3,v2,agent,combinado,created_at,desc,500,6,1.153,0,
f4_v2_idx3,v2,agent,combinado,company,asc,0,1,1.129,1,1
f4_v2_idx3,v2,agent,combinado,company,asc,0,2,1.226,1,1
f4_v2_idx3,v2,agent,combinado,company,asc,0,3,1.135,1,1
f4_v2_idx3,v2,agent,combinado,company,asc,0,4,1.113,1,1
f4_v2_idx3,v2,agent,combinado,company,asc,0,5,1.999,1,1
f4_v2_idx3,v2,agent,combinado,company,asc,0,6,2.546,1,1
f4_v2_idx3,v2,agent,combinado,company,asc,500,1,1.213,0,
f4_v2_idx3,v2,agent,combinado,company,asc,500,2,1.212,0,
f4_v2_idx3,v2,agent,combinado,company,asc,500,3,1.162,0,
f4_v2_idx3,v2,agent,combinado,company,asc,500,4,1.125,0,
f4_v2_idx3,v2,agent,combinado,company,asc,500,5,1.205,0,
f4_v2_idx3,v2,agent,combinado,company,asc,500,6,1.152,0,
f4_v2_idx3,v2,agent,combinado,company,desc,0,1,2.658,1,1
f4_v2_idx3,v2,agent,combinado,company,desc,0,2,2.558,1,1
f4_v2_idx3,v2,agent,combinado,company,desc,0,3,1.51,1,1
f4_v2_idx3,v2,agent,combinado,company,desc,0,4,1.132,1,1
f4_v2_idx3,v2,agent,combinado,company,desc,0,5,1.212,1,1
f4_v2_idx3,v2,agent,combinado,company,desc,0,6,1.192,1,1
f4_v2_idx3,v2,agent,combinado,company,desc,500,1,1.125,0,
f4_v2_idx3,v2,agent,combinado,company,desc,500,2,1.107,0,
f4_v2_idx3,v2,agent,combinado,company,desc,500,3,1.201,0,
f4_v2_idx3,v2,agent,combinado,company,desc,500,4,2.392,0,
f4_v2_idx3,v2,agent,combinado,company,desc,500,5,1.438,0,
f4_v2_idx3,v2,agent,combinado,company,desc,500,6,1.289,0,
f4_v3_idx3,v3,agent,__overhead_wrapper__,-,-,-1,0,0.33,0,0
f4_v3_idx3,v3,agent,sem_filtro,name,asc,0,1,95.086,50,2886
f4_v3_idx3,v3,agent,sem_filtro,name,asc,0,2,76.969,50,2886
f4_v3_idx3,v3,agent,sem_filtro,name,asc,0,3,87.302,50,2886
f4_v3_idx3,v3,agent,sem_filtro,name,asc,0,4,92.104,50,2886
f4_v3_idx3,v3,agent,sem_filtro,name,asc,0,5,79.385,50,2886
f4_v3_idx3,v3,agent,sem_filtro,name,asc,0,6,81.057,50,2886
f4_v3_idx3,v3,agent,sem_filtro,name,asc,500,1,80.124,50,2886
f4_v3_idx3,v3,agent,sem_filtro,name,asc,500,2,80.991,50,2886
f4_v3_idx3,v3,agent,sem_filtro,name,asc,500,3,76.797,50,2886
f4_v3_idx3,v3,agent,sem_filtro,name,asc,500,4,91.458,50,2886
f4_v3_idx3,v3,agent,sem_filtro,name,asc,500,5,96.247,50,2886
f4_v3_idx3,v3,agent,sem_filtro,name,asc,500,6,84.712,50,2886
f4_v3_idx3,v3,agent,sem_filtro,name,desc,0,1,127.335,50,2886
f4_v3_idx3,v3,agent,sem_filtro,name,desc,0,2,117.096,50,2886
f4_v3_idx3,v3,agent,sem_filtro,name,desc,0,3,119.506,50,2886
f4_v3_idx3,v3,agent,sem_filtro,name,desc,0,4,125.077,50,2886
f4_v3_idx3,v3,agent,sem_filtro,name,desc,0,5,112.797,50,2886
f4_v3_idx3,v3,agent,sem_filtro,name,desc,0,6,118.824,50,2886
f4_v3_idx3,v3,agent,sem_filtro,name,desc,500,1,132.202,50,2886
f4_v3_idx3,v3,agent,sem_filtro,name,desc,500,2,125.934,50,2886
f4_v3_idx3,v3,agent,sem_filtro,name,desc,500,3,116.556,50,2886
f4_v3_idx3,v3,agent,sem_filtro,name,desc,500,4,113.742,50,2886
f4_v3_idx3,v3,agent,sem_filtro,name,desc,500,5,112.595,50,2886
f4_v3_idx3,v3,agent,sem_filtro,name,desc,500,6,122.599,50,2886
f4_v3_idx3,v3,agent,sem_filtro,created_at,asc,0,1,61.585,50,2886
f4_v3_idx3,v3,agent,sem_filtro,created_at,asc,0,2,57.855,50,2886
f4_v3_idx3,v3,agent,sem_filtro,created_at,asc,0,3,64.688,50,2886
f4_v3_idx3,v3,agent,sem_filtro,created_at,asc,0,4,61.772,50,2886
f4_v3_idx3,v3,agent,sem_filtro,created_at,asc,0,5,59.622,50,2886
f4_v3_idx3,v3,agent,sem_filtro,created_at,asc,0,6,64.216,50,2886
f4_v3_idx3,v3,agent,sem_filtro,created_at,asc,500,1,82.663,50,2886
f4_v3_idx3,v3,agent,sem_filtro,created_at,asc,500,2,85.743,50,2886
f4_v3_idx3,v3,agent,sem_filtro,created_at,asc,500,3,72.926,50,2886
f4_v3_idx3,v3,agent,sem_filtro,created_at,asc,500,4,78.272,50,2886
f4_v3_idx3,v3,agent,sem_filtro,created_at,asc,500,5,83.786,50,2886
f4_v3_idx3,v3,agent,sem_filtro,created_at,asc,500,6,82.796,50,2886
f4_v3_idx3,v3,agent,sem_filtro,created_at,desc,0,1,147.983,50,2886
f4_v3_idx3,v3,agent,sem_filtro,created_at,desc,0,2,124.07,50,2886
f4_v3_idx3,v3,agent,sem_filtro,created_at,desc,0,3,124.11,50,2886
f4_v3_idx3,v3,agent,sem_filtro,created_at,desc,0,4,144.057,50,2886
f4_v3_idx3,v3,agent,sem_filtro,created_at,desc,0,5,141.116,50,2886
f4_v3_idx3,v3,agent,sem_filtro,created_at,desc,0,6,116.978,50,2886
f4_v3_idx3,v3,agent,sem_filtro,created_at,desc,500,1,136.625,50,2886
f4_v3_idx3,v3,agent,sem_filtro,created_at,desc,500,2,121.408,50,2886
f4_v3_idx3,v3,agent,sem_filtro,created_at,desc,500,3,123.335,50,2886
f4_v3_idx3,v3,agent,sem_filtro,created_at,desc,500,4,126.434,50,2886
f4_v3_idx3,v3,agent,sem_filtro,created_at,desc,500,5,109.491,50,2886
f4_v3_idx3,v3,agent,sem_filtro,created_at,desc,500,6,105.648,50,2886
f4_v3_idx3,v3,agent,sem_filtro,company,asc,0,1,61.234,50,2886
f4_v3_idx3,v3,agent,sem_filtro,company,asc,0,2,59.228,50,2886
f4_v3_idx3,v3,agent,sem_filtro,company,asc,0,3,60.885,50,2886
f4_v3_idx3,v3,agent,sem_filtro,company,asc,0,4,68.101,50,2886
f4_v3_idx3,v3,agent,sem_filtro,company,asc,0,5,68.624,50,2886
f4_v3_idx3,v3,agent,sem_filtro,company,asc,0,6,65.102,50,2886
f4_v3_idx3,v3,agent,sem_filtro,company,asc,500,1,69.008,50,2886
f4_v3_idx3,v3,agent,sem_filtro,company,asc,500,2,69.846,50,2886
f4_v3_idx3,v3,agent,sem_filtro,company,asc,500,3,69.074,50,2886
f4_v3_idx3,v3,agent,sem_filtro,company,asc,500,4,70.954,50,2886
f4_v3_idx3,v3,agent,sem_filtro,company,asc,500,5,65.664,50,2886
f4_v3_idx3,v3,agent,sem_filtro,company,asc,500,6,70.049,50,2886
f4_v3_idx3,v3,agent,sem_filtro,company,desc,0,1,118.604,50,2886
f4_v3_idx3,v3,agent,sem_filtro,company,desc,0,2,119.926,50,2886
f4_v3_idx3,v3,agent,sem_filtro,company,desc,0,3,130.142,50,2886
f4_v3_idx3,v3,agent,sem_filtro,company,desc,0,4,128.205,50,2886
f4_v3_idx3,v3,agent,sem_filtro,company,desc,0,5,128.321,50,2886
f4_v3_idx3,v3,agent,sem_filtro,company,desc,0,6,132.152,50,2886
f4_v3_idx3,v3,agent,sem_filtro,company,desc,500,1,127.954,50,2886
f4_v3_idx3,v3,agent,sem_filtro,company,desc,500,2,117.645,50,2886
f4_v3_idx3,v3,agent,sem_filtro,company,desc,500,3,107.777,50,2886
f4_v3_idx3,v3,agent,sem_filtro,company,desc,500,4,107.05,50,2886
f4_v3_idx3,v3,agent,sem_filtro,company,desc,500,5,104.744,50,2886
f4_v3_idx3,v3,agent,sem_filtro,company,desc,500,6,113.656,50,2886
f4_v3_idx3,v3,agent,termo_nome_5ch,name,asc,0,1,13.071,50,380
f4_v3_idx3,v3,agent,termo_nome_5ch,name,asc,0,2,13.054,50,380
f4_v3_idx3,v3,agent,termo_nome_5ch,name,asc,0,3,11.781,50,380
f4_v3_idx3,v3,agent,termo_nome_5ch,name,asc,0,4,12.592,50,380
f4_v3_idx3,v3,agent,termo_nome_5ch,name,asc,0,5,19.227,50,380
f4_v3_idx3,v3,agent,termo_nome_5ch,name,asc,0,6,15.198,50,380
f4_v3_idx3,v3,agent,termo_nome_5ch,name,asc,500,1,18.768,0,
f4_v3_idx3,v3,agent,termo_nome_5ch,name,asc,500,2,19.28,0,
f4_v3_idx3,v3,agent,termo_nome_5ch,name,asc,500,3,18.255,0,
f4_v3_idx3,v3,agent,termo_nome_5ch,name,asc,500,4,16.93,0,
f4_v3_idx3,v3,agent,termo_nome_5ch,name,asc,500,5,17.683,0,
f4_v3_idx3,v3,agent,termo_nome_5ch,name,asc,500,6,16.39,0,
f4_v3_idx3,v3,agent,termo_nome_5ch,name,desc,0,1,16.35,50,380
f4_v3_idx3,v3,agent,termo_nome_5ch,name,desc,0,2,16.053,50,380
f4_v3_idx3,v3,agent,termo_nome_5ch,name,desc,0,3,16.587,50,380
f4_v3_idx3,v3,agent,termo_nome_5ch,name,desc,0,4,17.053,50,380
f4_v3_idx3,v3,agent,termo_nome_5ch,name,desc,0,5,16.958,50,380
f4_v3_idx3,v3,agent,termo_nome_5ch,name,desc,0,6,16.66,50,380
f4_v3_idx3,v3,agent,termo_nome_5ch,name,desc,500,1,15.485,0,
f4_v3_idx3,v3,agent,termo_nome_5ch,name,desc,500,2,14.702,0,
f4_v3_idx3,v3,agent,termo_nome_5ch,name,desc,500,3,13.914,0,
f4_v3_idx3,v3,agent,termo_nome_5ch,name,desc,500,4,14.024,0,
f4_v3_idx3,v3,agent,termo_nome_5ch,name,desc,500,5,14.969,0,
f4_v3_idx3,v3,agent,termo_nome_5ch,name,desc,500,6,14.827,0,
f4_v3_idx3,v3,agent,termo_nome_5ch,created_at,asc,0,1,11.646,50,380
f4_v3_idx3,v3,agent,termo_nome_5ch,created_at,asc,0,2,12.059,50,380
f4_v3_idx3,v3,agent,termo_nome_5ch,created_at,asc,0,3,12.192,50,380
f4_v3_idx3,v3,agent,termo_nome_5ch,created_at,asc,0,4,11.768,50,380
f4_v3_idx3,v3,agent,termo_nome_5ch,created_at,asc,0,5,10.875,50,380
f4_v3_idx3,v3,agent,termo_nome_5ch,created_at,asc,0,6,12.641,50,380
f4_v3_idx3,v3,agent,termo_nome_5ch,created_at,asc,500,1,18.253,0,
f4_v3_idx3,v3,agent,termo_nome_5ch,created_at,asc,500,2,16.843,0,
f4_v3_idx3,v3,agent,termo_nome_5ch,created_at,asc,500,3,16.139,0,
f4_v3_idx3,v3,agent,termo_nome_5ch,created_at,asc,500,4,15.314,0,
f4_v3_idx3,v3,agent,termo_nome_5ch,created_at,asc,500,5,14.321,0,
f4_v3_idx3,v3,agent,termo_nome_5ch,created_at,asc,500,6,15.04,0,
f4_v3_idx3,v3,agent,termo_nome_5ch,created_at,desc,0,1,15.553,50,380
f4_v3_idx3,v3,agent,termo_nome_5ch,created_at,desc,0,2,16.643,50,380
f4_v3_idx3,v3,agent,termo_nome_5ch,created_at,desc,0,3,14.744,50,380
f4_v3_idx3,v3,agent,termo_nome_5ch,created_at,desc,0,4,15.745,50,380
f4_v3_idx3,v3,agent,termo_nome_5ch,created_at,desc,0,5,15.686,50,380
f4_v3_idx3,v3,agent,termo_nome_5ch,created_at,desc,0,6,18.734,50,380
f4_v3_idx3,v3,agent,termo_nome_5ch,created_at,desc,500,1,15.583,0,
f4_v3_idx3,v3,agent,termo_nome_5ch,created_at,desc,500,2,16.688,0,
f4_v3_idx3,v3,agent,termo_nome_5ch,created_at,desc,500,3,15.063,0,
f4_v3_idx3,v3,agent,termo_nome_5ch,created_at,desc,500,4,15.076,0,
f4_v3_idx3,v3,agent,termo_nome_5ch,created_at,desc,500,5,14.975,0,
f4_v3_idx3,v3,agent,termo_nome_5ch,created_at,desc,500,6,15.773,0,
f4_v3_idx3,v3,agent,termo_nome_5ch,company,asc,0,1,10.352,50,380
f4_v3_idx3,v3,agent,termo_nome_5ch,company,asc,0,2,11.173,50,380
f4_v3_idx3,v3,agent,termo_nome_5ch,company,asc,0,3,12.549,50,380
f4_v3_idx3,v3,agent,termo_nome_5ch,company,asc,0,4,12.294,50,380
f4_v3_idx3,v3,agent,termo_nome_5ch,company,asc,0,5,12.432,50,380
f4_v3_idx3,v3,agent,termo_nome_5ch,company,asc,0,6,12.874,50,380
f4_v3_idx3,v3,agent,termo_nome_5ch,company,asc,500,1,20.048,0,
f4_v3_idx3,v3,agent,termo_nome_5ch,company,asc,500,2,18.536,0,
f4_v3_idx3,v3,agent,termo_nome_5ch,company,asc,500,3,17.006,0,
f4_v3_idx3,v3,agent,termo_nome_5ch,company,asc,500,4,16.029,0,
f4_v3_idx3,v3,agent,termo_nome_5ch,company,asc,500,5,16.755,0,
f4_v3_idx3,v3,agent,termo_nome_5ch,company,asc,500,6,17.047,0,
f4_v3_idx3,v3,agent,termo_nome_5ch,company,desc,0,1,16.377,50,380
f4_v3_idx3,v3,agent,termo_nome_5ch,company,desc,0,2,15.544,50,380
f4_v3_idx3,v3,agent,termo_nome_5ch,company,desc,0,3,15.759,50,380
f4_v3_idx3,v3,agent,termo_nome_5ch,company,desc,0,4,15.241,50,380
f4_v3_idx3,v3,agent,termo_nome_5ch,company,desc,0,5,15.916,50,380
f4_v3_idx3,v3,agent,termo_nome_5ch,company,desc,0,6,16.942,50,380
f4_v3_idx3,v3,agent,termo_nome_5ch,company,desc,500,1,20.891,0,
f4_v3_idx3,v3,agent,termo_nome_5ch,company,desc,500,2,19.749,0,
f4_v3_idx3,v3,agent,termo_nome_5ch,company,desc,500,3,20.304,0,
f4_v3_idx3,v3,agent,termo_nome_5ch,company,desc,500,4,18.963,0,
f4_v3_idx3,v3,agent,termo_nome_5ch,company,desc,500,5,17.71,0,
f4_v3_idx3,v3,agent,termo_nome_5ch,company,desc,500,6,17.055,0,
f4_v3_idx3,v3,agent,termo_empresa,name,asc,0,1,12.444,50,290
f4_v3_idx3,v3,agent,termo_empresa,name,asc,0,2,12.73,50,290
f4_v3_idx3,v3,agent,termo_empresa,name,asc,0,3,13.052,50,290
f4_v3_idx3,v3,agent,termo_empresa,name,asc,0,4,13.582,50,290
f4_v3_idx3,v3,agent,termo_empresa,name,asc,0,5,13.046,50,290
f4_v3_idx3,v3,agent,termo_empresa,name,asc,0,6,13.235,50,290
f4_v3_idx3,v3,agent,termo_empresa,name,asc,500,1,15.877,0,
f4_v3_idx3,v3,agent,termo_empresa,name,asc,500,2,15.872,0,
f4_v3_idx3,v3,agent,termo_empresa,name,asc,500,3,15.908,0,
f4_v3_idx3,v3,agent,termo_empresa,name,asc,500,4,16.267,0,
f4_v3_idx3,v3,agent,termo_empresa,name,asc,500,5,16.18,0,
f4_v3_idx3,v3,agent,termo_empresa,name,asc,500,6,16.379,0,
f4_v3_idx3,v3,agent,termo_empresa,name,desc,0,1,15.866,50,290
f4_v3_idx3,v3,agent,termo_empresa,name,desc,0,2,17.136,50,290
f4_v3_idx3,v3,agent,termo_empresa,name,desc,0,3,16.652,50,290
f4_v3_idx3,v3,agent,termo_empresa,name,desc,0,4,16.108,50,290
f4_v3_idx3,v3,agent,termo_empresa,name,desc,0,5,15.882,50,290
f4_v3_idx3,v3,agent,termo_empresa,name,desc,0,6,15.606,50,290
f4_v3_idx3,v3,agent,termo_empresa,name,desc,500,1,15.99,0,
f4_v3_idx3,v3,agent,termo_empresa,name,desc,500,2,16.53,0,
f4_v3_idx3,v3,agent,termo_empresa,name,desc,500,3,18.331,0,
f4_v3_idx3,v3,agent,termo_empresa,name,desc,500,4,18.969,0,
f4_v3_idx3,v3,agent,termo_empresa,name,desc,500,5,18.209,0,
f4_v3_idx3,v3,agent,termo_empresa,name,desc,500,6,19.891,0,
f4_v3_idx3,v3,agent,termo_empresa,created_at,asc,0,1,13.382,50,290
f4_v3_idx3,v3,agent,termo_empresa,created_at,asc,0,2,15.152,50,290
f4_v3_idx3,v3,agent,termo_empresa,created_at,asc,0,3,13.685,50,290
f4_v3_idx3,v3,agent,termo_empresa,created_at,asc,0,4,14.037,50,290
f4_v3_idx3,v3,agent,termo_empresa,created_at,asc,0,5,16.533,50,290
f4_v3_idx3,v3,agent,termo_empresa,created_at,asc,0,6,16.467,50,290
f4_v3_idx3,v3,agent,termo_empresa,created_at,asc,500,1,18.703,0,
f4_v3_idx3,v3,agent,termo_empresa,created_at,asc,500,2,17.842,0,
f4_v3_idx3,v3,agent,termo_empresa,created_at,asc,500,3,21.098,0,
f4_v3_idx3,v3,agent,termo_empresa,created_at,asc,500,4,18.023,0,
f4_v3_idx3,v3,agent,termo_empresa,created_at,asc,500,5,18.671,0,
f4_v3_idx3,v3,agent,termo_empresa,created_at,asc,500,6,17.583,0,
f4_v3_idx3,v3,agent,termo_empresa,created_at,desc,0,1,15.847,50,290
f4_v3_idx3,v3,agent,termo_empresa,created_at,desc,0,2,17.572,50,290
f4_v3_idx3,v3,agent,termo_empresa,created_at,desc,0,3,16.298,50,290
f4_v3_idx3,v3,agent,termo_empresa,created_at,desc,0,4,17.621,50,290
f4_v3_idx3,v3,agent,termo_empresa,created_at,desc,0,5,17.123,50,290
f4_v3_idx3,v3,agent,termo_empresa,created_at,desc,0,6,17.719,50,290
f4_v3_idx3,v3,agent,termo_empresa,created_at,desc,500,1,17.445,0,
f4_v3_idx3,v3,agent,termo_empresa,created_at,desc,500,2,16.042,0,
f4_v3_idx3,v3,agent,termo_empresa,created_at,desc,500,3,17.705,0,
f4_v3_idx3,v3,agent,termo_empresa,created_at,desc,500,4,16.673,0,
f4_v3_idx3,v3,agent,termo_empresa,created_at,desc,500,5,17.211,0,
f4_v3_idx3,v3,agent,termo_empresa,created_at,desc,500,6,16.744,0,
f4_v3_idx3,v3,agent,termo_empresa,company,asc,0,1,31.38,50,290
f4_v3_idx3,v3,agent,termo_empresa,company,asc,0,2,30.945,50,290
f4_v3_idx3,v3,agent,termo_empresa,company,asc,0,3,33.35,50,290
f4_v3_idx3,v3,agent,termo_empresa,company,asc,0,4,32.806,50,290
f4_v3_idx3,v3,agent,termo_empresa,company,asc,0,5,28.879,50,290
f4_v3_idx3,v3,agent,termo_empresa,company,asc,0,6,29.587,50,290
f4_v3_idx3,v3,agent,termo_empresa,company,asc,500,1,16.546,0,
f4_v3_idx3,v3,agent,termo_empresa,company,asc,500,2,16.631,0,
f4_v3_idx3,v3,agent,termo_empresa,company,asc,500,3,18.292,0,
f4_v3_idx3,v3,agent,termo_empresa,company,asc,500,4,17.347,0,
f4_v3_idx3,v3,agent,termo_empresa,company,asc,500,5,16.705,0,
f4_v3_idx3,v3,agent,termo_empresa,company,asc,500,6,17.611,0,
f4_v3_idx3,v3,agent,termo_empresa,company,desc,0,1,16.09,50,290
f4_v3_idx3,v3,agent,termo_empresa,company,desc,0,2,17.152,50,290
f4_v3_idx3,v3,agent,termo_empresa,company,desc,0,3,17.532,50,290
f4_v3_idx3,v3,agent,termo_empresa,company,desc,0,4,19.815,50,290
f4_v3_idx3,v3,agent,termo_empresa,company,desc,0,5,17.822,50,290
f4_v3_idx3,v3,agent,termo_empresa,company,desc,0,6,18.569,50,290
f4_v3_idx3,v3,agent,termo_empresa,company,desc,500,1,17.003,0,
f4_v3_idx3,v3,agent,termo_empresa,company,desc,500,2,18.042,0,
f4_v3_idx3,v3,agent,termo_empresa,company,desc,500,3,20.865,0,
f4_v3_idx3,v3,agent,termo_empresa,company,desc,500,4,19.669,0,
f4_v3_idx3,v3,agent,termo_empresa,company,desc,500,5,20.164,0,
f4_v3_idx3,v3,agent,termo_empresa,company,desc,500,6,20.304,0,
f4_v3_idx3,v3,agent,filtro_tipo,name,asc,0,1,16.984,50,536
f4_v3_idx3,v3,agent,filtro_tipo,name,asc,0,2,16.344,50,536
f4_v3_idx3,v3,agent,filtro_tipo,name,asc,0,3,13.65,50,536
f4_v3_idx3,v3,agent,filtro_tipo,name,asc,0,4,15.522,50,536
f4_v3_idx3,v3,agent,filtro_tipo,name,asc,0,5,16.273,50,536
f4_v3_idx3,v3,agent,filtro_tipo,name,asc,0,6,16.699,50,536
f4_v3_idx3,v3,agent,filtro_tipo,name,asc,500,1,27.599,36,536
f4_v3_idx3,v3,agent,filtro_tipo,name,asc,500,2,30.683,36,536
f4_v3_idx3,v3,agent,filtro_tipo,name,asc,500,3,35.305,36,536
f4_v3_idx3,v3,agent,filtro_tipo,name,asc,500,4,29.323,36,536
f4_v3_idx3,v3,agent,filtro_tipo,name,asc,500,5,26.849,36,536
f4_v3_idx3,v3,agent,filtro_tipo,name,asc,500,6,23.349,36,536
f4_v3_idx3,v3,agent,filtro_tipo,name,desc,0,1,23.937,50,536
f4_v3_idx3,v3,agent,filtro_tipo,name,desc,0,2,23.715,50,536
f4_v3_idx3,v3,agent,filtro_tipo,name,desc,0,3,22.89,50,536
f4_v3_idx3,v3,agent,filtro_tipo,name,desc,0,4,23.064,50,536
f4_v3_idx3,v3,agent,filtro_tipo,name,desc,0,5,22.682,50,536
f4_v3_idx3,v3,agent,filtro_tipo,name,desc,0,6,22.766,50,536
f4_v3_idx3,v3,agent,filtro_tipo,name,desc,500,1,23.518,36,536
f4_v3_idx3,v3,agent,filtro_tipo,name,desc,500,2,22.798,36,536
f4_v3_idx3,v3,agent,filtro_tipo,name,desc,500,3,22.042,36,536
f4_v3_idx3,v3,agent,filtro_tipo,name,desc,500,4,23.97,36,536
f4_v3_idx3,v3,agent,filtro_tipo,name,desc,500,5,24.14,36,536
f4_v3_idx3,v3,agent,filtro_tipo,name,desc,500,6,24.444,36,536
f4_v3_idx3,v3,agent,filtro_tipo,created_at,asc,0,1,15.281,50,536
f4_v3_idx3,v3,agent,filtro_tipo,created_at,asc,0,2,15.232,50,536
f4_v3_idx3,v3,agent,filtro_tipo,created_at,asc,0,3,14.871,50,536
f4_v3_idx3,v3,agent,filtro_tipo,created_at,asc,0,4,15.499,50,536
f4_v3_idx3,v3,agent,filtro_tipo,created_at,asc,0,5,16.326,50,536
f4_v3_idx3,v3,agent,filtro_tipo,created_at,asc,0,6,15.379,50,536
f4_v3_idx3,v3,agent,filtro_tipo,created_at,asc,500,1,28.182,36,536
f4_v3_idx3,v3,agent,filtro_tipo,created_at,asc,500,2,28.016,36,536
f4_v3_idx3,v3,agent,filtro_tipo,created_at,asc,500,3,25.908,36,536
f4_v3_idx3,v3,agent,filtro_tipo,created_at,asc,500,4,26.732,36,536
f4_v3_idx3,v3,agent,filtro_tipo,created_at,asc,500,5,27.495,36,536
f4_v3_idx3,v3,agent,filtro_tipo,created_at,asc,500,6,27.141,36,536
f4_v3_idx3,v3,agent,filtro_tipo,created_at,desc,0,1,24.999,50,536
f4_v3_idx3,v3,agent,filtro_tipo,created_at,desc,0,2,24.528,50,536
f4_v3_idx3,v3,agent,filtro_tipo,created_at,desc,0,3,24.87,50,536
f4_v3_idx3,v3,agent,filtro_tipo,created_at,desc,0,4,24.173,50,536
f4_v3_idx3,v3,agent,filtro_tipo,created_at,desc,0,5,24.502,50,536
f4_v3_idx3,v3,agent,filtro_tipo,created_at,desc,0,6,23.111,50,536
f4_v3_idx3,v3,agent,filtro_tipo,created_at,desc,500,1,24.065,36,536
f4_v3_idx3,v3,agent,filtro_tipo,created_at,desc,500,2,25.581,36,536
f4_v3_idx3,v3,agent,filtro_tipo,created_at,desc,500,3,29.086,36,536
f4_v3_idx3,v3,agent,filtro_tipo,created_at,desc,500,4,31.197,36,536
f4_v3_idx3,v3,agent,filtro_tipo,created_at,desc,500,5,27.129,36,536
f4_v3_idx3,v3,agent,filtro_tipo,created_at,desc,500,6,29.493,36,536
f4_v3_idx3,v3,agent,filtro_tipo,company,asc,0,1,18.932,50,536
f4_v3_idx3,v3,agent,filtro_tipo,company,asc,0,2,16.364,50,536
f4_v3_idx3,v3,agent,filtro_tipo,company,asc,0,3,17.184,50,536
f4_v3_idx3,v3,agent,filtro_tipo,company,asc,0,4,20.179,50,536
f4_v3_idx3,v3,agent,filtro_tipo,company,asc,0,5,15.65,50,536
f4_v3_idx3,v3,agent,filtro_tipo,company,asc,0,6,19.614,50,536
f4_v3_idx3,v3,agent,filtro_tipo,company,asc,500,1,25.069,36,536
f4_v3_idx3,v3,agent,filtro_tipo,company,asc,500,2,26.047,36,536
f4_v3_idx3,v3,agent,filtro_tipo,company,asc,500,3,25.691,36,536
f4_v3_idx3,v3,agent,filtro_tipo,company,asc,500,4,27.133,36,536
f4_v3_idx3,v3,agent,filtro_tipo,company,asc,500,5,24.723,36,536
f4_v3_idx3,v3,agent,filtro_tipo,company,asc,500,6,26.215,36,536
f4_v3_idx3,v3,agent,filtro_tipo,company,desc,0,1,25.323,50,536
f4_v3_idx3,v3,agent,filtro_tipo,company,desc,0,2,24.926,50,536
f4_v3_idx3,v3,agent,filtro_tipo,company,desc,0,3,30.389,50,536
f4_v3_idx3,v3,agent,filtro_tipo,company,desc,0,4,27.419,50,536
f4_v3_idx3,v3,agent,filtro_tipo,company,desc,0,5,27.557,50,536
f4_v3_idx3,v3,agent,filtro_tipo,company,desc,0,6,25.9,50,536
f4_v3_idx3,v3,agent,filtro_tipo,company,desc,500,1,24.061,36,536
f4_v3_idx3,v3,agent,filtro_tipo,company,desc,500,2,20.828,36,536
f4_v3_idx3,v3,agent,filtro_tipo,company,desc,500,3,21.192,36,536
f4_v3_idx3,v3,agent,filtro_tipo,company,desc,500,4,24.266,36,536
f4_v3_idx3,v3,agent,filtro_tipo,company,desc,500,5,23.431,36,536
f4_v3_idx3,v3,agent,filtro_tipo,company,desc,500,6,28.19,36,536
f4_v3_idx3,v3,agent,filtro_tag,name,asc,0,1,7.885,50,241
f4_v3_idx3,v3,agent,filtro_tag,name,asc,0,2,8.197,50,241
f4_v3_idx3,v3,agent,filtro_tag,name,asc,0,3,7.462,50,241
f4_v3_idx3,v3,agent,filtro_tag,name,asc,0,4,7.318,50,241
f4_v3_idx3,v3,agent,filtro_tag,name,asc,0,5,7.394,50,241
f4_v3_idx3,v3,agent,filtro_tag,name,asc,0,6,7.561,50,241
f4_v3_idx3,v3,agent,filtro_tag,name,asc,500,1,12.729,0,
f4_v3_idx3,v3,agent,filtro_tag,name,asc,500,2,13.941,0,
f4_v3_idx3,v3,agent,filtro_tag,name,asc,500,3,13.179,0,
f4_v3_idx3,v3,agent,filtro_tag,name,asc,500,4,13.801,0,
f4_v3_idx3,v3,agent,filtro_tag,name,asc,500,5,12.868,0,
f4_v3_idx3,v3,agent,filtro_tag,name,asc,500,6,12.947,0,
f4_v3_idx3,v3,agent,filtro_tag,name,desc,0,1,16.169,50,241
f4_v3_idx3,v3,agent,filtro_tag,name,desc,0,2,14.499,50,241
f4_v3_idx3,v3,agent,filtro_tag,name,desc,0,3,14.532,50,241
f4_v3_idx3,v3,agent,filtro_tag,name,desc,0,4,14.342,50,241
f4_v3_idx3,v3,agent,filtro_tag,name,desc,0,5,15.106,50,241
f4_v3_idx3,v3,agent,filtro_tag,name,desc,0,6,15.326,50,241
f4_v3_idx3,v3,agent,filtro_tag,name,desc,500,1,14.226,0,
f4_v3_idx3,v3,agent,filtro_tag,name,desc,500,2,13.046,0,
f4_v3_idx3,v3,agent,filtro_tag,name,desc,500,3,14.468,0,
f4_v3_idx3,v3,agent,filtro_tag,name,desc,500,4,14.041,0,
f4_v3_idx3,v3,agent,filtro_tag,name,desc,500,5,13.788,0,
f4_v3_idx3,v3,agent,filtro_tag,name,desc,500,6,13.538,0,
f4_v3_idx3,v3,agent,filtro_tag,created_at,asc,0,1,10.722,50,241
f4_v3_idx3,v3,agent,filtro_tag,created_at,asc,0,2,10.099,50,241
f4_v3_idx3,v3,agent,filtro_tag,created_at,asc,0,3,9.547,50,241
f4_v3_idx3,v3,agent,filtro_tag,created_at,asc,0,4,9.437,50,241
f4_v3_idx3,v3,agent,filtro_tag,created_at,asc,0,5,9.262,50,241
f4_v3_idx3,v3,agent,filtro_tag,created_at,asc,0,6,9.956,50,241
f4_v3_idx3,v3,agent,filtro_tag,created_at,asc,500,1,16.719,0,
f4_v3_idx3,v3,agent,filtro_tag,created_at,asc,500,2,15.685,0,
f4_v3_idx3,v3,agent,filtro_tag,created_at,asc,500,3,14.689,0,
f4_v3_idx3,v3,agent,filtro_tag,created_at,asc,500,4,14.654,0,
f4_v3_idx3,v3,agent,filtro_tag,created_at,asc,500,5,15.497,0,
f4_v3_idx3,v3,agent,filtro_tag,created_at,asc,500,6,15.096,0,
f4_v3_idx3,v3,agent,filtro_tag,created_at,desc,0,1,13.304,50,241
f4_v3_idx3,v3,agent,filtro_tag,created_at,desc,0,2,13.722,50,241
f4_v3_idx3,v3,agent,filtro_tag,created_at,desc,0,3,13.806,50,241
f4_v3_idx3,v3,agent,filtro_tag,created_at,desc,0,4,13.384,50,241
f4_v3_idx3,v3,agent,filtro_tag,created_at,desc,0,5,13.428,50,241
f4_v3_idx3,v3,agent,filtro_tag,created_at,desc,0,6,14.793,50,241
f4_v3_idx3,v3,agent,filtro_tag,created_at,desc,500,1,13.311,0,
f4_v3_idx3,v3,agent,filtro_tag,created_at,desc,500,2,14.554,0,
f4_v3_idx3,v3,agent,filtro_tag,created_at,desc,500,3,14.723,0,
f4_v3_idx3,v3,agent,filtro_tag,created_at,desc,500,4,12.329,0,
f4_v3_idx3,v3,agent,filtro_tag,created_at,desc,500,5,12.246,0,
f4_v3_idx3,v3,agent,filtro_tag,created_at,desc,500,6,12.78,0,
f4_v3_idx3,v3,agent,filtro_tag,company,asc,0,1,9.087,50,241
f4_v3_idx3,v3,agent,filtro_tag,company,asc,0,2,8.632,50,241
f4_v3_idx3,v3,agent,filtro_tag,company,asc,0,3,8.957,50,241
f4_v3_idx3,v3,agent,filtro_tag,company,asc,0,4,9.094,50,241
f4_v3_idx3,v3,agent,filtro_tag,company,asc,0,5,9.208,50,241
f4_v3_idx3,v3,agent,filtro_tag,company,asc,0,6,8.804,50,241
f4_v3_idx3,v3,agent,filtro_tag,company,asc,500,1,14.488,0,
f4_v3_idx3,v3,agent,filtro_tag,company,asc,500,2,14.557,0,
f4_v3_idx3,v3,agent,filtro_tag,company,asc,500,3,14.819,0,
f4_v3_idx3,v3,agent,filtro_tag,company,asc,500,4,14.121,0,
f4_v3_idx3,v3,agent,filtro_tag,company,asc,500,5,14.111,0,
f4_v3_idx3,v3,agent,filtro_tag,company,asc,500,6,13.388,0,
f4_v3_idx3,v3,agent,filtro_tag,company,desc,0,1,14.383,50,241
f4_v3_idx3,v3,agent,filtro_tag,company,desc,0,2,15.424,50,241
f4_v3_idx3,v3,agent,filtro_tag,company,desc,0,3,14.887,50,241
f4_v3_idx3,v3,agent,filtro_tag,company,desc,0,4,13.812,50,241
f4_v3_idx3,v3,agent,filtro_tag,company,desc,0,5,13.904,50,241
f4_v3_idx3,v3,agent,filtro_tag,company,desc,0,6,13.983,50,241
f4_v3_idx3,v3,agent,filtro_tag,company,desc,500,1,14.956,0,
f4_v3_idx3,v3,agent,filtro_tag,company,desc,500,2,14.765,0,
f4_v3_idx3,v3,agent,filtro_tag,company,desc,500,3,13.604,0,
f4_v3_idx3,v3,agent,filtro_tag,company,desc,500,4,13.474,0,
f4_v3_idx3,v3,agent,filtro_tag,company,desc,500,5,13.598,0,
f4_v3_idx3,v3,agent,filtro_tag,company,desc,500,6,13.586,0,
f4_v3_idx3,v3,agent,intervalo_data,name,asc,0,1,13.883,50,640
f4_v3_idx3,v3,agent,intervalo_data,name,asc,0,2,14.412,50,640
f4_v3_idx3,v3,agent,intervalo_data,name,asc,0,3,14.676,50,640
f4_v3_idx3,v3,agent,intervalo_data,name,asc,0,4,15.618,50,640
f4_v3_idx3,v3,agent,intervalo_data,name,asc,0,5,16.457,50,640
f4_v3_idx3,v3,agent,intervalo_data,name,asc,0,6,20.144,50,640
f4_v3_idx3,v3,agent,intervalo_data,name,asc,500,1,28.438,50,640
f4_v3_idx3,v3,agent,intervalo_data,name,asc,500,2,27.752,50,640
f4_v3_idx3,v3,agent,intervalo_data,name,asc,500,3,28.527,50,640
f4_v3_idx3,v3,agent,intervalo_data,name,asc,500,4,28.553,50,640
f4_v3_idx3,v3,agent,intervalo_data,name,asc,500,5,24.96,50,640
f4_v3_idx3,v3,agent,intervalo_data,name,asc,500,6,25.409,50,640
f4_v3_idx3,v3,agent,intervalo_data,name,desc,0,1,30.659,50,640
f4_v3_idx3,v3,agent,intervalo_data,name,desc,0,2,27.863,50,640
f4_v3_idx3,v3,agent,intervalo_data,name,desc,0,3,28.708,50,640
f4_v3_idx3,v3,agent,intervalo_data,name,desc,0,4,30.127,50,640
f4_v3_idx3,v3,agent,intervalo_data,name,desc,0,5,28.694,50,640
f4_v3_idx3,v3,agent,intervalo_data,name,desc,0,6,27.375,50,640
f4_v3_idx3,v3,agent,intervalo_data,name,desc,500,1,25.795,50,640
f4_v3_idx3,v3,agent,intervalo_data,name,desc,500,2,27.173,50,640
f4_v3_idx3,v3,agent,intervalo_data,name,desc,500,3,27.548,50,640
f4_v3_idx3,v3,agent,intervalo_data,name,desc,500,4,25.518,50,640
f4_v3_idx3,v3,agent,intervalo_data,name,desc,500,5,25.966,50,640
f4_v3_idx3,v3,agent,intervalo_data,name,desc,500,6,25.636,50,640
f4_v3_idx3,v3,agent,intervalo_data,created_at,asc,0,1,14.245,50,640
f4_v3_idx3,v3,agent,intervalo_data,created_at,asc,0,2,13.299,50,640
f4_v3_idx3,v3,agent,intervalo_data,created_at,asc,0,3,14.217,50,640
f4_v3_idx3,v3,agent,intervalo_data,created_at,asc,0,4,13.683,50,640
f4_v3_idx3,v3,agent,intervalo_data,created_at,asc,0,5,13.376,50,640
f4_v3_idx3,v3,agent,intervalo_data,created_at,asc,0,6,14.459,50,640
f4_v3_idx3,v3,agent,intervalo_data,created_at,asc,500,1,25.346,50,640
f4_v3_idx3,v3,agent,intervalo_data,created_at,asc,500,2,25.174,50,640
f4_v3_idx3,v3,agent,intervalo_data,created_at,asc,500,3,25.073,50,640
f4_v3_idx3,v3,agent,intervalo_data,created_at,asc,500,4,25.672,50,640
f4_v3_idx3,v3,agent,intervalo_data,created_at,asc,500,5,23.914,50,640
f4_v3_idx3,v3,agent,intervalo_data,created_at,asc,500,6,23.951,50,640
f4_v3_idx3,v3,agent,intervalo_data,created_at,desc,0,1,27.345,50,640
f4_v3_idx3,v3,agent,intervalo_data,created_at,desc,0,2,24.749,50,640
f4_v3_idx3,v3,agent,intervalo_data,created_at,desc,0,3,23.515,50,640
f4_v3_idx3,v3,agent,intervalo_data,created_at,desc,0,4,23.933,50,640
f4_v3_idx3,v3,agent,intervalo_data,created_at,desc,0,5,23.797,50,640
f4_v3_idx3,v3,agent,intervalo_data,created_at,desc,0,6,24.008,50,640
f4_v3_idx3,v3,agent,intervalo_data,created_at,desc,500,1,25.738,50,640
f4_v3_idx3,v3,agent,intervalo_data,created_at,desc,500,2,24.796,50,640
f4_v3_idx3,v3,agent,intervalo_data,created_at,desc,500,3,25.401,50,640
f4_v3_idx3,v3,agent,intervalo_data,created_at,desc,500,4,26.036,50,640
f4_v3_idx3,v3,agent,intervalo_data,created_at,desc,500,5,28.619,50,640
f4_v3_idx3,v3,agent,intervalo_data,created_at,desc,500,6,28.29,50,640
f4_v3_idx3,v3,agent,intervalo_data,company,asc,0,1,15.363,50,640
f4_v3_idx3,v3,agent,intervalo_data,company,asc,0,2,14.487,50,640
f4_v3_idx3,v3,agent,intervalo_data,company,asc,0,3,14.342,50,640
f4_v3_idx3,v3,agent,intervalo_data,company,asc,0,4,13.923,50,640
f4_v3_idx3,v3,agent,intervalo_data,company,asc,0,5,12.885,50,640
f4_v3_idx3,v3,agent,intervalo_data,company,asc,0,6,15.957,50,640
f4_v3_idx3,v3,agent,intervalo_data,company,asc,500,1,33.907,50,640
f4_v3_idx3,v3,agent,intervalo_data,company,asc,500,2,30.785,50,640
f4_v3_idx3,v3,agent,intervalo_data,company,asc,500,3,28.627,50,640
f4_v3_idx3,v3,agent,intervalo_data,company,asc,500,4,30.957,50,640
f4_v3_idx3,v3,agent,intervalo_data,company,asc,500,5,35.334,50,640
f4_v3_idx3,v3,agent,intervalo_data,company,asc,500,6,31.796,50,640
f4_v3_idx3,v3,agent,intervalo_data,company,desc,0,1,31.256,50,640
f4_v3_idx3,v3,agent,intervalo_data,company,desc,0,2,33.45,50,640
f4_v3_idx3,v3,agent,intervalo_data,company,desc,0,3,30.581,50,640
f4_v3_idx3,v3,agent,intervalo_data,company,desc,0,4,32.381,50,640
f4_v3_idx3,v3,agent,intervalo_data,company,desc,0,5,26.664,50,640
f4_v3_idx3,v3,agent,intervalo_data,company,desc,0,6,26.663,50,640
f4_v3_idx3,v3,agent,intervalo_data,company,desc,500,1,28.45,50,640
f4_v3_idx3,v3,agent,intervalo_data,company,desc,500,2,24.713,50,640
f4_v3_idx3,v3,agent,intervalo_data,company,desc,500,3,24.887,50,640
f4_v3_idx3,v3,agent,intervalo_data,company,desc,500,4,23.229,50,640
f4_v3_idx3,v3,agent,intervalo_data,company,desc,500,5,26.198,50,640
f4_v3_idx3,v3,agent,intervalo_data,company,desc,500,6,24.519,50,640
f4_v3_idx3,v3,agent,combinado,name,asc,0,1,1.506,1,1
f4_v3_idx3,v3,agent,combinado,name,asc,0,2,1.471,1,1
f4_v3_idx3,v3,agent,combinado,name,asc,0,3,1.309,1,1
f4_v3_idx3,v3,agent,combinado,name,asc,0,4,1.504,1,1
f4_v3_idx3,v3,agent,combinado,name,asc,0,5,1.939,1,1
f4_v3_idx3,v3,agent,combinado,name,asc,0,6,2.514,1,1
f4_v3_idx3,v3,agent,combinado,name,asc,500,1,1.749,0,
f4_v3_idx3,v3,agent,combinado,name,asc,500,2,1.508,0,
f4_v3_idx3,v3,agent,combinado,name,asc,500,3,1.685,0,
f4_v3_idx3,v3,agent,combinado,name,asc,500,4,1.448,0,
f4_v3_idx3,v3,agent,combinado,name,asc,500,5,1.567,0,
f4_v3_idx3,v3,agent,combinado,name,asc,500,6,1.929,0,
f4_v3_idx3,v3,agent,combinado,name,desc,0,1,1.698,1,1
f4_v3_idx3,v3,agent,combinado,name,desc,0,2,1.392,1,1
f4_v3_idx3,v3,agent,combinado,name,desc,0,3,1.33,1,1
f4_v3_idx3,v3,agent,combinado,name,desc,0,4,1.639,1,1
f4_v3_idx3,v3,agent,combinado,name,desc,0,5,1.572,1,1
f4_v3_idx3,v3,agent,combinado,name,desc,0,6,1.54,1,1
f4_v3_idx3,v3,agent,combinado,name,desc,500,1,3.384,0,
f4_v3_idx3,v3,agent,combinado,name,desc,500,2,2.278,0,
f4_v3_idx3,v3,agent,combinado,name,desc,500,3,1.985,0,
f4_v3_idx3,v3,agent,combinado,name,desc,500,4,1.892,0,
f4_v3_idx3,v3,agent,combinado,name,desc,500,5,3.207,0,
f4_v3_idx3,v3,agent,combinado,name,desc,500,6,2.089,0,
f4_v3_idx3,v3,agent,combinado,created_at,asc,0,1,1.743,1,1
f4_v3_idx3,v3,agent,combinado,created_at,asc,0,2,1.712,1,1
f4_v3_idx3,v3,agent,combinado,created_at,asc,0,3,1.804,1,1
f4_v3_idx3,v3,agent,combinado,created_at,asc,0,4,2,1,1
f4_v3_idx3,v3,agent,combinado,created_at,asc,0,5,1.938,1,1
f4_v3_idx3,v3,agent,combinado,created_at,asc,0,6,2.256,1,1
f4_v3_idx3,v3,agent,combinado,created_at,asc,500,1,1.699,0,
f4_v3_idx3,v3,agent,combinado,created_at,asc,500,2,1.753,0,
f4_v3_idx3,v3,agent,combinado,created_at,asc,500,3,2.065,0,
f4_v3_idx3,v3,agent,combinado,created_at,asc,500,4,1.836,0,
f4_v3_idx3,v3,agent,combinado,created_at,asc,500,5,2.178,0,
f4_v3_idx3,v3,agent,combinado,created_at,asc,500,6,2.457,0,
f4_v3_idx3,v3,agent,combinado,created_at,desc,0,1,2.102,1,1
f4_v3_idx3,v3,agent,combinado,created_at,desc,0,2,2.187,1,1
f4_v3_idx3,v3,agent,combinado,created_at,desc,0,3,1.678,1,1
f4_v3_idx3,v3,agent,combinado,created_at,desc,0,4,1.928,1,1
f4_v3_idx3,v3,agent,combinado,created_at,desc,0,5,2.208,1,1
f4_v3_idx3,v3,agent,combinado,created_at,desc,0,6,2.286,1,1
f4_v3_idx3,v3,agent,combinado,created_at,desc,500,1,1.61,0,
f4_v3_idx3,v3,agent,combinado,created_at,desc,500,2,1.759,0,
f4_v3_idx3,v3,agent,combinado,created_at,desc,500,3,1.617,0,
f4_v3_idx3,v3,agent,combinado,created_at,desc,500,4,1.732,0,
f4_v3_idx3,v3,agent,combinado,created_at,desc,500,5,1.807,0,
f4_v3_idx3,v3,agent,combinado,created_at,desc,500,6,2.252,0,
f4_v3_idx3,v3,agent,combinado,company,asc,0,1,1.722,1,1
f4_v3_idx3,v3,agent,combinado,company,asc,0,2,1.819,1,1
f4_v3_idx3,v3,agent,combinado,company,asc,0,3,1.753,1,1
f4_v3_idx3,v3,agent,combinado,company,asc,0,4,1.794,1,1
f4_v3_idx3,v3,agent,combinado,company,asc,0,5,1.773,1,1
f4_v3_idx3,v3,agent,combinado,company,asc,0,6,4.07,1,1
f4_v3_idx3,v3,agent,combinado,company,asc,500,1,1.819,0,
f4_v3_idx3,v3,agent,combinado,company,asc,500,2,1.934,0,
f4_v3_idx3,v3,agent,combinado,company,asc,500,3,1.892,0,
f4_v3_idx3,v3,agent,combinado,company,asc,500,4,1.985,0,
f4_v3_idx3,v3,agent,combinado,company,asc,500,5,2.128,0,
f4_v3_idx3,v3,agent,combinado,company,asc,500,6,2.212,0,
f4_v3_idx3,v3,agent,combinado,company,desc,0,1,2.031,1,1
f4_v3_idx3,v3,agent,combinado,company,desc,0,2,2.036,1,1
f4_v3_idx3,v3,agent,combinado,company,desc,0,3,2.045,1,1
f4_v3_idx3,v3,agent,combinado,company,desc,0,4,2.063,1,1
f4_v3_idx3,v3,agent,combinado,company,desc,0,5,2.045,1,1
f4_v3_idx3,v3,agent,combinado,company,desc,0,6,2.008,1,1
f4_v3_idx3,v3,agent,combinado,company,desc,500,1,1.961,0,
f4_v3_idx3,v3,agent,combinado,company,desc,500,2,1.615,0,
f4_v3_idx3,v3,agent,combinado,company,desc,500,3,2.749,0,
f4_v3_idx3,v3,agent,combinado,company,desc,500,4,4.045,0,
f4_v3_idx3,v3,agent,combinado,company,desc,500,5,2.172,0,
f4_v3_idx3,v3,agent,combinado,company,desc,500,6,2.141,0,
f4_v3_idx3,v3,agent,termo_nome_2ch,name,asc,0,1,33.54,50,587
f4_v3_idx3,v3,agent,termo_nome_2ch,name,asc,0,2,31.349,50,587
f4_v3_idx3,v3,agent,termo_nome_2ch,name,asc,0,3,29.39,50,587
f4_v3_idx3,v3,agent,termo_nome_2ch,name,asc,0,4,27.483,50,587
f4_v3_idx3,v3,agent,termo_nome_2ch,name,asc,0,5,27.391,50,587
f4_v3_idx3,v3,agent,termo_nome_2ch,name,asc,0,6,28.348,50,587
f4_v3_idx3,v3,agent,termo_nome_2ch,name,asc,500,1,52.57,50,587
f4_v3_idx3,v3,agent,termo_nome_2ch,name,asc,500,2,50.563,50,587
f4_v3_idx3,v3,agent,termo_nome_2ch,name,asc,500,3,59.432,50,587
f4_v3_idx3,v3,agent,termo_nome_2ch,name,asc,500,4,56.569,50,587
f4_v3_idx3,v3,agent,termo_nome_2ch,name,asc,500,5,52.6,50,587
f4_v3_idx3,v3,agent,termo_nome_2ch,name,asc,500,6,54.792,50,587
f4_v3_idx3,v3,agent,termo_nome_2ch,name,desc,0,1,52.741,50,587
f4_v3_idx3,v3,agent,termo_nome_2ch,name,desc,0,2,53.876,50,587
f4_v3_idx3,v3,agent,termo_nome_2ch,name,desc,0,3,52.328,50,587
f4_v3_idx3,v3,agent,termo_nome_2ch,name,desc,0,4,47.679,50,587
f4_v3_idx3,v3,agent,termo_nome_2ch,name,desc,0,5,54.806,50,587
f4_v3_idx3,v3,agent,termo_nome_2ch,name,desc,0,6,50.26,50,587
f4_v3_idx3,v3,agent,termo_nome_2ch,name,desc,500,1,49.708,50,587
f4_v3_idx3,v3,agent,termo_nome_2ch,name,desc,500,2,47.175,50,587
f4_v3_idx3,v3,agent,termo_nome_2ch,name,desc,500,3,52.036,50,587
f4_v3_idx3,v3,agent,termo_nome_2ch,name,desc,500,4,53.244,50,587
f4_v3_idx3,v3,agent,termo_nome_2ch,name,desc,500,5,54.12,50,587
f4_v3_idx3,v3,agent,termo_nome_2ch,name,desc,500,6,50.692,50,587
f4_v3_idx3,v3,agent,termo_nome_2ch,created_at,asc,0,1,29.01,50,587
f4_v3_idx3,v3,agent,termo_nome_2ch,created_at,asc,0,2,27.7,50,587
f4_v3_idx3,v3,agent,termo_nome_2ch,created_at,asc,0,3,28.885,50,587
f4_v3_idx3,v3,agent,termo_nome_2ch,created_at,asc,0,4,28.858,50,587
f4_v3_idx3,v3,agent,termo_nome_2ch,created_at,asc,0,5,36.049,50,587
f4_v3_idx3,v3,agent,termo_nome_2ch,created_at,asc,0,6,39.752,50,587
f4_v3_idx3,v3,agent,termo_nome_2ch,created_at,asc,500,1,54.604,50,587
f4_v3_idx3,v3,agent,termo_nome_2ch,created_at,asc,500,2,54.7,50,587
f4_v3_idx3,v3,agent,termo_nome_2ch,created_at,asc,500,3,53.045,50,587
f4_v3_idx3,v3,agent,termo_nome_2ch,created_at,asc,500,4,50.35,50,587
f4_v3_idx3,v3,agent,termo_nome_2ch,created_at,asc,500,5,60.241,50,587
f4_v3_idx3,v3,agent,termo_nome_2ch,created_at,asc,500,6,54.454,50,587
f4_v3_idx3,v3,agent,termo_nome_2ch,created_at,desc,0,1,55.29,50,587
f4_v3_idx3,v3,agent,termo_nome_2ch,created_at,desc,0,2,52.914,50,587
f4_v3_idx3,v3,agent,termo_nome_2ch,created_at,desc,0,3,54.826,50,587
f4_v3_idx3,v3,agent,termo_nome_2ch,created_at,desc,0,4,54.486,50,587
f4_v3_idx3,v3,agent,termo_nome_2ch,created_at,desc,0,5,54.22,50,587
f4_v3_idx3,v3,agent,termo_nome_2ch,created_at,desc,0,6,54.936,50,587
f4_v3_idx3,v3,agent,termo_nome_2ch,created_at,desc,500,1,54.159,50,587
f4_v3_idx3,v3,agent,termo_nome_2ch,created_at,desc,500,2,49.471,50,587
f4_v3_idx3,v3,agent,termo_nome_2ch,created_at,desc,500,3,49.977,50,587
f4_v3_idx3,v3,agent,termo_nome_2ch,created_at,desc,500,4,50.335,50,587
f4_v3_idx3,v3,agent,termo_nome_2ch,created_at,desc,500,5,48.045,50,587
f4_v3_idx3,v3,agent,termo_nome_2ch,created_at,desc,500,6,49.097,50,587
f4_v3_idx3,v3,agent,termo_nome_2ch,company,asc,0,1,29.842,50,587
f4_v3_idx3,v3,agent,termo_nome_2ch,company,asc,0,2,30.199,50,587
f4_v3_idx3,v3,agent,termo_nome_2ch,company,asc,0,3,30.182,50,587
f4_v3_idx3,v3,agent,termo_nome_2ch,company,asc,0,4,28.324,50,587
f4_v3_idx3,v3,agent,termo_nome_2ch,company,asc,0,5,28.269,50,587
f4_v3_idx3,v3,agent,termo_nome_2ch,company,asc,0,6,29.487,50,587
f4_v3_idx3,v3,agent,termo_nome_2ch,company,asc,500,1,57.674,50,587
f4_v3_idx3,v3,agent,termo_nome_2ch,company,asc,500,2,56.106,50,587
f4_v3_idx3,v3,agent,termo_nome_2ch,company,asc,500,3,56.698,50,587
f4_v3_idx3,v3,agent,termo_nome_2ch,company,asc,500,4,58.014,50,587
f4_v3_idx3,v3,agent,termo_nome_2ch,company,asc,500,5,52.642,50,587
f4_v3_idx3,v3,agent,termo_nome_2ch,company,asc,500,6,55.944,50,587
f4_v3_idx3,v3,agent,termo_nome_2ch,company,desc,0,1,53.001,50,587
f4_v3_idx3,v3,agent,termo_nome_2ch,company,desc,0,2,55.072,50,587
f4_v3_idx3,v3,agent,termo_nome_2ch,company,desc,0,3,56.715,50,587
f4_v3_idx3,v3,agent,termo_nome_2ch,company,desc,0,4,56.221,50,587
f4_v3_idx3,v3,agent,termo_nome_2ch,company,desc,0,5,59.303,50,587
f4_v3_idx3,v3,agent,termo_nome_2ch,company,desc,0,6,57.624,50,587
f4_v3_idx3,v3,agent,termo_nome_2ch,company,desc,500,1,55.297,50,587
f4_v3_idx3,v3,agent,termo_nome_2ch,company,desc,500,2,63.667,50,587
f4_v3_idx3,v3,agent,termo_nome_2ch,company,desc,500,3,51.552,50,587
f4_v3_idx3,v3,agent,termo_nome_2ch,company,desc,500,4,50.888,50,587
f4_v3_idx3,v3,agent,termo_nome_2ch,company,desc,500,5,48.629,50,587
f4_v3_idx3,v3,agent,termo_nome_2ch,company,desc,500,6,54.943,50,587
f4_v3_idx3,v3,agent,termo_nome_3ch,name,asc,0,1,13.133,50,428
f4_v3_idx3,v3,agent,termo_nome_3ch,name,asc,0,2,13.823,50,428
f4_v3_idx3,v3,agent,termo_nome_3ch,name,asc,0,3,14.58,50,428
f4_v3_idx3,v3,agent,termo_nome_3ch,name,asc,0,4,13.713,50,428
f4_v3_idx3,v3,agent,termo_nome_3ch,name,asc,0,5,14.426,50,428
f4_v3_idx3,v3,agent,termo_nome_3ch,name,asc,0,6,15.31,50,428
f4_v3_idx3,v3,agent,termo_nome_3ch,name,asc,500,1,23.44,0,
f4_v3_idx3,v3,agent,termo_nome_3ch,name,asc,500,2,22.96,0,
f4_v3_idx3,v3,agent,termo_nome_3ch,name,asc,500,3,26.747,0,
f4_v3_idx3,v3,agent,termo_nome_3ch,name,asc,500,4,22.552,0,
f4_v3_idx3,v3,agent,termo_nome_3ch,name,asc,500,5,22.928,0,
f4_v3_idx3,v3,agent,termo_nome_3ch,name,asc,500,6,18.837,0,
f4_v3_idx3,v3,agent,termo_nome_3ch,name,desc,0,1,19.508,50,428
f4_v3_idx3,v3,agent,termo_nome_3ch,name,desc,0,2,21.36,50,428
f4_v3_idx3,v3,agent,termo_nome_3ch,name,desc,0,3,26.447,50,428
f4_v3_idx3,v3,agent,termo_nome_3ch,name,desc,0,4,21.915,50,428
f4_v3_idx3,v3,agent,termo_nome_3ch,name,desc,0,5,23.855,50,428
f4_v3_idx3,v3,agent,termo_nome_3ch,name,desc,0,6,24.287,50,428
f4_v3_idx3,v3,agent,termo_nome_3ch,name,desc,500,1,25.15,0,
f4_v3_idx3,v3,agent,termo_nome_3ch,name,desc,500,2,20.69,0,
f4_v3_idx3,v3,agent,termo_nome_3ch,name,desc,500,3,20.267,0,
f4_v3_idx3,v3,agent,termo_nome_3ch,name,desc,500,4,22.328,0,
f4_v3_idx3,v3,agent,termo_nome_3ch,name,desc,500,5,27.393,0,
f4_v3_idx3,v3,agent,termo_nome_3ch,name,desc,500,6,21.545,0,
f4_v3_idx3,v3,agent,termo_nome_3ch,created_at,asc,0,1,17.287,50,428
f4_v3_idx3,v3,agent,termo_nome_3ch,created_at,asc,0,2,17.171,50,428
f4_v3_idx3,v3,agent,termo_nome_3ch,created_at,asc,0,3,17.513,50,428
f4_v3_idx3,v3,agent,termo_nome_3ch,created_at,asc,0,4,18.947,50,428
f4_v3_idx3,v3,agent,termo_nome_3ch,created_at,asc,0,5,17.989,50,428
f4_v3_idx3,v3,agent,termo_nome_3ch,created_at,asc,0,6,16.14,50,428
f4_v3_idx3,v3,agent,termo_nome_3ch,created_at,asc,500,1,21.926,0,
f4_v3_idx3,v3,agent,termo_nome_3ch,created_at,asc,500,2,20.921,0,
f4_v3_idx3,v3,agent,termo_nome_3ch,created_at,asc,500,3,20.626,0,
f4_v3_idx3,v3,agent,termo_nome_3ch,created_at,asc,500,4,20.833,0,
f4_v3_idx3,v3,agent,termo_nome_3ch,created_at,asc,500,5,21.021,0,
f4_v3_idx3,v3,agent,termo_nome_3ch,created_at,asc,500,6,24.706,0,
f4_v3_idx3,v3,agent,termo_nome_3ch,created_at,desc,0,1,20.488,50,428
f4_v3_idx3,v3,agent,termo_nome_3ch,created_at,desc,0,2,18.126,50,428
f4_v3_idx3,v3,agent,termo_nome_3ch,created_at,desc,0,3,18.357,50,428
f4_v3_idx3,v3,agent,termo_nome_3ch,created_at,desc,0,4,18.941,50,428
f4_v3_idx3,v3,agent,termo_nome_3ch,created_at,desc,0,5,18.488,50,428
f4_v3_idx3,v3,agent,termo_nome_3ch,created_at,desc,0,6,19.491,50,428
f4_v3_idx3,v3,agent,termo_nome_3ch,created_at,desc,500,1,17.812,0,
f4_v3_idx3,v3,agent,termo_nome_3ch,created_at,desc,500,2,20.113,0,
f4_v3_idx3,v3,agent,termo_nome_3ch,created_at,desc,500,3,21.4,0,
f4_v3_idx3,v3,agent,termo_nome_3ch,created_at,desc,500,4,23.648,0,
f4_v3_idx3,v3,agent,termo_nome_3ch,created_at,desc,500,5,21.354,0,
f4_v3_idx3,v3,agent,termo_nome_3ch,created_at,desc,500,6,21.241,0,
f4_v3_idx3,v3,agent,termo_nome_3ch,company,asc,0,1,15.646,50,428
f4_v3_idx3,v3,agent,termo_nome_3ch,company,asc,0,2,15.504,50,428
f4_v3_idx3,v3,agent,termo_nome_3ch,company,asc,0,3,14.107,50,428
f4_v3_idx3,v3,agent,termo_nome_3ch,company,asc,0,4,13.344,50,428
f4_v3_idx3,v3,agent,termo_nome_3ch,company,asc,0,5,13.192,50,428
f4_v3_idx3,v3,agent,termo_nome_3ch,company,asc,0,6,12.487,50,428
f4_v3_idx3,v3,agent,termo_nome_3ch,company,asc,500,1,19.55,0,
f4_v3_idx3,v3,agent,termo_nome_3ch,company,asc,500,2,19.366,0,
f4_v3_idx3,v3,agent,termo_nome_3ch,company,asc,500,3,22.244,0,
f4_v3_idx3,v3,agent,termo_nome_3ch,company,asc,500,4,21.218,0,
f4_v3_idx3,v3,agent,termo_nome_3ch,company,asc,500,5,21.521,0,
f4_v3_idx3,v3,agent,termo_nome_3ch,company,asc,500,6,20.949,0,
f4_v3_idx3,v3,agent,termo_nome_3ch,company,desc,0,1,25.393,50,428
f4_v3_idx3,v3,agent,termo_nome_3ch,company,desc,0,2,27.49,50,428
f4_v3_idx3,v3,agent,termo_nome_3ch,company,desc,0,3,23.33,50,428
f4_v3_idx3,v3,agent,termo_nome_3ch,company,desc,0,4,20.676,50,428
f4_v3_idx3,v3,agent,termo_nome_3ch,company,desc,0,5,19.855,50,428
f4_v3_idx3,v3,agent,termo_nome_3ch,company,desc,0,6,21.921,50,428
f4_v3_idx3,v3,agent,termo_nome_3ch,company,desc,500,1,19.013,0,
f4_v3_idx3,v3,agent,termo_nome_3ch,company,desc,500,2,22.414,0,
f4_v3_idx3,v3,agent,termo_nome_3ch,company,desc,500,3,22.323,0,
f4_v3_idx3,v3,agent,termo_nome_3ch,company,desc,500,4,20.9,0,
f4_v3_idx3,v3,agent,termo_nome_3ch,company,desc,500,5,19.532,0,
f4_v3_idx3,v3,agent,termo_nome_3ch,company,desc,500,6,20.526,0,
f4_v3_idx3,v3,agent,termo_telefone,name,asc,0,1,0.7,0,
f4_v3_idx3,v3,agent,termo_telefone,name,asc,0,2,0.791,0,
f4_v3_idx3,v3,agent,termo_telefone,name,asc,0,3,0.773,0,
f4_v3_idx3,v3,agent,termo_telefone,name,asc,0,4,0.653,0,
f4_v3_idx3,v3,agent,termo_telefone,name,asc,0,5,0.666,0,
f4_v3_idx3,v3,agent,termo_telefone,name,asc,0,6,0.653,0,
f4_v3_idx3,v3,agent,termo_telefone,name,asc,500,1,0.892,0,
f4_v3_idx3,v3,agent,termo_telefone,name,asc,500,2,0.842,0,
f4_v3_idx3,v3,agent,termo_telefone,name,asc,500,3,0.839,0,
f4_v3_idx3,v3,agent,termo_telefone,name,asc,500,4,1.082,0,
f4_v3_idx3,v3,agent,termo_telefone,name,asc,500,5,0.883,0,
f4_v3_idx3,v3,agent,termo_telefone,name,asc,500,6,0.888,0,
f4_v3_idx3,v3,agent,termo_telefone,name,desc,0,1,0.785,0,
f4_v3_idx3,v3,agent,termo_telefone,name,desc,0,2,0.658,0,
f4_v3_idx3,v3,agent,termo_telefone,name,desc,0,3,0.645,0,
f4_v3_idx3,v3,agent,termo_telefone,name,desc,0,4,0.699,0,
f4_v3_idx3,v3,agent,termo_telefone,name,desc,0,5,0.733,0,
f4_v3_idx3,v3,agent,termo_telefone,name,desc,0,6,0.789,0,
f4_v3_idx3,v3,agent,termo_telefone,name,desc,500,1,0.886,0,
f4_v3_idx3,v3,agent,termo_telefone,name,desc,500,2,0.782,0,
f4_v3_idx3,v3,agent,termo_telefone,name,desc,500,3,0.838,0,
f4_v3_idx3,v3,agent,termo_telefone,name,desc,500,4,0.952,0,
f4_v3_idx3,v3,agent,termo_telefone,name,desc,500,5,1.34,0,
f4_v3_idx3,v3,agent,termo_telefone,name,desc,500,6,1.357,0,
f4_v3_idx3,v3,agent,termo_telefone,created_at,asc,0,1,0.89,0,
f4_v3_idx3,v3,agent,termo_telefone,created_at,asc,0,2,1.17,0,
f4_v3_idx3,v3,agent,termo_telefone,created_at,asc,0,3,0.993,0,
f4_v3_idx3,v3,agent,termo_telefone,created_at,asc,0,4,0.801,0,
f4_v3_idx3,v3,agent,termo_telefone,created_at,asc,0,5,0.976,0,
f4_v3_idx3,v3,agent,termo_telefone,created_at,asc,0,6,0.691,0,
f4_v3_idx3,v3,agent,termo_telefone,created_at,asc,500,1,0.862,0,
f4_v3_idx3,v3,agent,termo_telefone,created_at,asc,500,2,0.815,0,
f4_v3_idx3,v3,agent,termo_telefone,created_at,asc,500,3,0.681,0,
f4_v3_idx3,v3,agent,termo_telefone,created_at,asc,500,4,0.849,0,
f4_v3_idx3,v3,agent,termo_telefone,created_at,asc,500,5,0.912,0,
f4_v3_idx3,v3,agent,termo_telefone,created_at,asc,500,6,1.054,0,
f4_v3_idx3,v3,agent,termo_telefone,created_at,desc,0,1,0.925,0,
f4_v3_idx3,v3,agent,termo_telefone,created_at,desc,0,2,0.758,0,
f4_v3_idx3,v3,agent,termo_telefone,created_at,desc,0,3,0.681,0,
f4_v3_idx3,v3,agent,termo_telefone,created_at,desc,0,4,0.679,0,
f4_v3_idx3,v3,agent,termo_telefone,created_at,desc,0,5,0.688,0,
f4_v3_idx3,v3,agent,termo_telefone,created_at,desc,0,6,0.968,0,
f4_v3_idx3,v3,agent,termo_telefone,created_at,desc,500,1,0.808,0,
f4_v3_idx3,v3,agent,termo_telefone,created_at,desc,500,2,1.038,0,
f4_v3_idx3,v3,agent,termo_telefone,created_at,desc,500,3,0.79,0,
f4_v3_idx3,v3,agent,termo_telefone,created_at,desc,500,4,0.815,0,
f4_v3_idx3,v3,agent,termo_telefone,created_at,desc,500,5,1.043,0,
f4_v3_idx3,v3,agent,termo_telefone,created_at,desc,500,6,1.085,0,
f4_v3_idx3,v3,agent,termo_telefone,company,asc,0,1,0.913,0,
f4_v3_idx3,v3,agent,termo_telefone,company,asc,0,2,0.867,0,
f4_v3_idx3,v3,agent,termo_telefone,company,asc,0,3,1.326,0,
f4_v3_idx3,v3,agent,termo_telefone,company,asc,0,4,0.903,0,
f4_v3_idx3,v3,agent,termo_telefone,company,asc,0,5,0.861,0,
f4_v3_idx3,v3,agent,termo_telefone,company,asc,0,6,0.866,0,
f4_v3_idx3,v3,agent,termo_telefone,company,asc,500,1,0.908,0,
f4_v3_idx3,v3,agent,termo_telefone,company,asc,500,2,0.889,0,
f4_v3_idx3,v3,agent,termo_telefone,company,asc,500,3,0.87,0,
f4_v3_idx3,v3,agent,termo_telefone,company,asc,500,4,0.855,0,
f4_v3_idx3,v3,agent,termo_telefone,company,asc,500,5,0.905,0,
f4_v3_idx3,v3,agent,termo_telefone,company,asc,500,6,1.002,0,
f4_v3_idx3,v3,agent,termo_telefone,company,desc,0,1,0.942,0,
f4_v3_idx3,v3,agent,termo_telefone,company,desc,0,2,0.948,0,
f4_v3_idx3,v3,agent,termo_telefone,company,desc,0,3,0.759,0,
f4_v3_idx3,v3,agent,termo_telefone,company,desc,0,4,1.028,0,
f4_v3_idx3,v3,agent,termo_telefone,company,desc,0,5,0.927,0,
f4_v3_idx3,v3,agent,termo_telefone,company,desc,0,6,0.816,0,
f4_v3_idx3,v3,agent,termo_telefone,company,desc,500,1,0.951,0,
f4_v3_idx3,v3,agent,termo_telefone,company,desc,500,2,0.819,0,
f4_v3_idx3,v3,agent,termo_telefone,company,desc,500,3,0.754,0,
f4_v3_idx3,v3,agent,termo_telefone,company,desc,500,4,0.775,0,
f4_v3_idx3,v3,agent,termo_telefone,company,desc,500,5,0.858,0,
f4_v3_idx3,v3,agent,termo_telefone,company,desc,500,6,1.324,0,
f4_v3_idx3,v3,agent,empresa_igual,name,asc,0,1,13.134,50,290
f4_v3_idx3,v3,agent,empresa_igual,name,asc,0,2,13.52,50,290
f4_v3_idx3,v3,agent,empresa_igual,name,asc,0,3,14.106,50,290
f4_v3_idx3,v3,agent,empresa_igual,name,asc,0,4,12.523,50,290
f4_v3_idx3,v3,agent,empresa_igual,name,asc,0,5,12.252,50,290
f4_v3_idx3,v3,agent,empresa_igual,name,asc,0,6,14.006,50,290
f4_v3_idx3,v3,agent,empresa_igual,name,asc,500,1,13.878,0,
f4_v3_idx3,v3,agent,empresa_igual,name,asc,500,2,11.959,0,
f4_v3_idx3,v3,agent,empresa_igual,name,asc,500,3,12.876,0,
f4_v3_idx3,v3,agent,empresa_igual,name,asc,500,4,14.395,0,
f4_v3_idx3,v3,agent,empresa_igual,name,asc,500,5,13.482,0,
f4_v3_idx3,v3,agent,empresa_igual,name,asc,500,6,12.252,0,
f4_v3_idx3,v3,agent,empresa_igual,name,desc,0,1,13.239,50,290
f4_v3_idx3,v3,agent,empresa_igual,name,desc,0,2,12.901,50,290
f4_v3_idx3,v3,agent,empresa_igual,name,desc,0,3,13.079,50,290
f4_v3_idx3,v3,agent,empresa_igual,name,desc,0,4,13.232,50,290
f4_v3_idx3,v3,agent,empresa_igual,name,desc,0,5,12.734,50,290
f4_v3_idx3,v3,agent,empresa_igual,name,desc,0,6,13.171,50,290
f4_v3_idx3,v3,agent,empresa_igual,name,desc,500,1,13.381,0,
f4_v3_idx3,v3,agent,empresa_igual,name,desc,500,2,13.892,0,
f4_v3_idx3,v3,agent,empresa_igual,name,desc,500,3,13.523,0,
f4_v3_idx3,v3,agent,empresa_igual,name,desc,500,4,13.756,0,
f4_v3_idx3,v3,agent,empresa_igual,name,desc,500,5,12.803,0,
f4_v3_idx3,v3,agent,empresa_igual,name,desc,500,6,14.109,0,
f4_v3_idx3,v3,agent,empresa_igual,created_at,asc,0,1,12.24,50,290
f4_v3_idx3,v3,agent,empresa_igual,created_at,asc,0,2,11.127,50,290
f4_v3_idx3,v3,agent,empresa_igual,created_at,asc,0,3,12.969,50,290
f4_v3_idx3,v3,agent,empresa_igual,created_at,asc,0,4,13.754,50,290
f4_v3_idx3,v3,agent,empresa_igual,created_at,asc,0,5,13.241,50,290
f4_v3_idx3,v3,agent,empresa_igual,created_at,asc,0,6,12.395,50,290
f4_v3_idx3,v3,agent,empresa_igual,created_at,asc,500,1,13.742,0,
f4_v3_idx3,v3,agent,empresa_igual,created_at,asc,500,2,12.968,0,
f4_v3_idx3,v3,agent,empresa_igual,created_at,asc,500,3,10.882,0,
f4_v3_idx3,v3,agent,empresa_igual,created_at,asc,500,4,12.537,0,
f4_v3_idx3,v3,agent,empresa_igual,created_at,asc,500,5,12.676,0,
f4_v3_idx3,v3,agent,empresa_igual,created_at,asc,500,6,12.278,0,
f4_v3_idx3,v3,agent,empresa_igual,created_at,desc,0,1,15.492,50,290
f4_v3_idx3,v3,agent,empresa_igual,created_at,desc,0,2,14.243,50,290
f4_v3_idx3,v3,agent,empresa_igual,created_at,desc,0,3,15.441,50,290
f4_v3_idx3,v3,agent,empresa_igual,created_at,desc,0,4,13.695,50,290
f4_v3_idx3,v3,agent,empresa_igual,created_at,desc,0,5,13.98,50,290
f4_v3_idx3,v3,agent,empresa_igual,created_at,desc,0,6,16.399,50,290
f4_v3_idx3,v3,agent,empresa_igual,created_at,desc,500,1,14.739,0,
f4_v3_idx3,v3,agent,empresa_igual,created_at,desc,500,2,14.218,0,
f4_v3_idx3,v3,agent,empresa_igual,created_at,desc,500,3,15.477,0,
f4_v3_idx3,v3,agent,empresa_igual,created_at,desc,500,4,14.196,0,
f4_v3_idx3,v3,agent,empresa_igual,created_at,desc,500,5,15.728,0,
f4_v3_idx3,v3,agent,empresa_igual,created_at,desc,500,6,13.901,0,
f4_v3_idx3,v3,agent,empresa_igual,company,asc,0,1,14.364,50,290
f4_v3_idx3,v3,agent,empresa_igual,company,asc,0,2,13.096,50,290
f4_v3_idx3,v3,agent,empresa_igual,company,asc,0,3,12.788,50,290
f4_v3_idx3,v3,agent,empresa_igual,company,asc,0,4,13.088,50,290
f4_v3_idx3,v3,agent,empresa_igual,company,asc,0,5,13.318,50,290
f4_v3_idx3,v3,agent,empresa_igual,company,asc,0,6,13.972,50,290
f4_v3_idx3,v3,agent,empresa_igual,company,asc,500,1,11.758,0,
f4_v3_idx3,v3,agent,empresa_igual,company,asc,500,2,14.689,0,
f4_v3_idx3,v3,agent,empresa_igual,company,asc,500,3,13.29,0,
f4_v3_idx3,v3,agent,empresa_igual,company,asc,500,4,12.323,0,
f4_v3_idx3,v3,agent,empresa_igual,company,asc,500,5,11.653,0,
f4_v3_idx3,v3,agent,empresa_igual,company,asc,500,6,11.625,0,
f4_v3_idx3,v3,agent,empresa_igual,company,desc,0,1,13.337,50,290
f4_v3_idx3,v3,agent,empresa_igual,company,desc,0,2,16.566,50,290
f4_v3_idx3,v3,agent,empresa_igual,company,desc,0,3,18.506,50,290
f4_v3_idx3,v3,agent,empresa_igual,company,desc,0,4,16.962,50,290
f4_v3_idx3,v3,agent,empresa_igual,company,desc,0,5,13.876,50,290
f4_v3_idx3,v3,agent,empresa_igual,company,desc,0,6,12.876,50,290
f4_v3_idx3,v3,agent,empresa_igual,company,desc,500,1,11.638,0,
f4_v3_idx3,v3,agent,empresa_igual,company,desc,500,2,12.499,0,
f4_v3_idx3,v3,agent,empresa_igual,company,desc,500,3,12.216,0,
f4_v3_idx3,v3,agent,empresa_igual,company,desc,500,4,11.77,0,
f4_v3_idx3,v3,agent,empresa_igual,company,desc,500,5,12.084,0,
f4_v3_idx3,v3,agent,empresa_igual,company,desc,500,6,13.14,0,
f4_v3_idx3,v3,agent,cargo_igual,name,asc,0,1,7.272,50,125
f4_v3_idx3,v3,agent,cargo_igual,name,asc,0,2,6.034,50,125
f4_v3_idx3,v3,agent,cargo_igual,name,asc,0,3,5.335,50,125
f4_v3_idx3,v3,agent,cargo_igual,name,asc,0,4,7.226,50,125
f4_v3_idx3,v3,agent,cargo_igual,name,asc,0,5,5.207,50,125
f4_v3_idx3,v3,agent,cargo_igual,name,asc,0,6,5.21,50,125
f4_v3_idx3,v3,agent,cargo_igual,name,asc,500,1,5.789,0,
f4_v3_idx3,v3,agent,cargo_igual,name,asc,500,2,6.956,0,
f4_v3_idx3,v3,agent,cargo_igual,name,asc,500,3,6.468,0,
f4_v3_idx3,v3,agent,cargo_igual,name,asc,500,4,7.555,0,
f4_v3_idx3,v3,agent,cargo_igual,name,asc,500,5,5.24,0,
f4_v3_idx3,v3,agent,cargo_igual,name,asc,500,6,5.776,0,
f4_v3_idx3,v3,agent,cargo_igual,name,desc,0,1,6.449,50,125
f4_v3_idx3,v3,agent,cargo_igual,name,desc,0,2,6.125,50,125
f4_v3_idx3,v3,agent,cargo_igual,name,desc,0,3,5.121,50,125
f4_v3_idx3,v3,agent,cargo_igual,name,desc,0,4,7.234,50,125
f4_v3_idx3,v3,agent,cargo_igual,name,desc,0,5,5.573,50,125
f4_v3_idx3,v3,agent,cargo_igual,name,desc,0,6,4.931,50,125
f4_v3_idx3,v3,agent,cargo_igual,name,desc,500,1,5.242,0,
f4_v3_idx3,v3,agent,cargo_igual,name,desc,500,2,7.517,0,
f4_v3_idx3,v3,agent,cargo_igual,name,desc,500,3,6.069,0,
f4_v3_idx3,v3,agent,cargo_igual,name,desc,500,4,7.102,0,
f4_v3_idx3,v3,agent,cargo_igual,name,desc,500,5,5.413,0,
f4_v3_idx3,v3,agent,cargo_igual,name,desc,500,6,5.117,0,
f4_v3_idx3,v3,agent,cargo_igual,created_at,asc,0,1,6.569,50,125
f4_v3_idx3,v3,agent,cargo_igual,created_at,asc,0,2,6.799,50,125
f4_v3_idx3,v3,agent,cargo_igual,created_at,asc,0,3,6.02,50,125
f4_v3_idx3,v3,agent,cargo_igual,created_at,asc,0,4,8.082,50,125
f4_v3_idx3,v3,agent,cargo_igual,created_at,asc,0,5,6.669,50,125
f4_v3_idx3,v3,agent,cargo_igual,created_at,asc,0,6,6.752,50,125
f4_v3_idx3,v3,agent,cargo_igual,created_at,asc,500,1,7.527,0,
f4_v3_idx3,v3,agent,cargo_igual,created_at,asc,500,2,5.461,0,
f4_v3_idx3,v3,agent,cargo_igual,created_at,asc,500,3,5.648,0,
f4_v3_idx3,v3,agent,cargo_igual,created_at,asc,500,4,6.676,0,
f4_v3_idx3,v3,agent,cargo_igual,created_at,asc,500,5,5.248,0,
f4_v3_idx3,v3,agent,cargo_igual,created_at,asc,500,6,7.303,0,
f4_v3_idx3,v3,agent,cargo_igual,created_at,desc,0,1,6.819,50,125
f4_v3_idx3,v3,agent,cargo_igual,created_at,desc,0,2,5.552,50,125
f4_v3_idx3,v3,agent,cargo_igual,created_at,desc,0,3,5.689,50,125
f4_v3_idx3,v3,agent,cargo_igual,created_at,desc,0,4,7.288,50,125
f4_v3_idx3,v3,agent,cargo_igual,created_at,desc,0,5,5.518,50,125
f4_v3_idx3,v3,agent,cargo_igual,created_at,desc,0,6,7.988,50,125
f4_v3_idx3,v3,agent,cargo_igual,created_at,desc,500,1,8.071,0,
f4_v3_idx3,v3,agent,cargo_igual,created_at,desc,500,2,6.338,0,
f4_v3_idx3,v3,agent,cargo_igual,created_at,desc,500,3,7.204,0,
f4_v3_idx3,v3,agent,cargo_igual,created_at,desc,500,4,6.192,0,
f4_v3_idx3,v3,agent,cargo_igual,created_at,desc,500,5,6.235,0,
f4_v3_idx3,v3,agent,cargo_igual,created_at,desc,500,6,6.311,0,
f4_v3_idx3,v3,agent,cargo_igual,company,asc,0,1,5.579,50,125
f4_v3_idx3,v3,agent,cargo_igual,company,asc,0,2,5.501,50,125
f4_v3_idx3,v3,agent,cargo_igual,company,asc,0,3,6.951,50,125
f4_v3_idx3,v3,agent,cargo_igual,company,asc,0,4,6.074,50,125
f4_v3_idx3,v3,agent,cargo_igual,company,asc,0,5,6.092,50,125
f4_v3_idx3,v3,agent,cargo_igual,company,asc,0,6,6.25,50,125
f4_v3_idx3,v3,agent,cargo_igual,company,asc,500,1,6.236,0,
f4_v3_idx3,v3,agent,cargo_igual,company,asc,500,2,7.851,0,
f4_v3_idx3,v3,agent,cargo_igual,company,asc,500,3,9.355,0,
f4_v3_idx3,v3,agent,cargo_igual,company,asc,500,4,9.928,0,
f4_v3_idx3,v3,agent,cargo_igual,company,asc,500,5,6.813,0,
f4_v3_idx3,v3,agent,cargo_igual,company,asc,500,6,7.724,0,
f4_v3_idx3,v3,agent,cargo_igual,company,desc,0,1,8.193,50,125
f4_v3_idx3,v3,agent,cargo_igual,company,desc,0,2,6.481,50,125
f4_v3_idx3,v3,agent,cargo_igual,company,desc,0,3,8.738,50,125
f4_v3_idx3,v3,agent,cargo_igual,company,desc,0,4,7.166,50,125
f4_v3_idx3,v3,agent,cargo_igual,company,desc,0,5,7.104,50,125
f4_v3_idx3,v3,agent,cargo_igual,company,desc,0,6,6.582,50,125
f4_v3_idx3,v3,agent,cargo_igual,company,desc,500,1,6.705,0,
f4_v3_idx3,v3,agent,cargo_igual,company,desc,500,2,7.658,0,
f4_v3_idx3,v3,agent,cargo_igual,company,desc,500,3,6.859,0,
f4_v3_idx3,v3,agent,cargo_igual,company,desc,500,4,8.075,0,
f4_v3_idx3,v3,agent,cargo_igual,company,desc,500,5,6.702,0,
f4_v3_idx3,v3,agent,cargo_igual,company,desc,500,6,7.266,0,
