phase,variant,caller,scenario,sort_field,sort_dir,page_offset,run,ms,rows_out,total_count
f1_v0_base,v0,agent,__overhead_wrapper__,-,-,-1,0,0.26,0,0
f1_v0_base,v0,agent,sem_filtro,name,asc,0,1,596.479,50,28943
f1_v0_base,v0,agent,sem_filtro,name,asc,0,2,585.581,50,28943
f1_v0_base,v0,agent,sem_filtro,name,asc,0,3,632.008,50,28943
f1_v0_base,v0,agent,sem_filtro,name,asc,0,4,600.606,50,28943
f1_v0_base,v0,agent,sem_filtro,name,asc,0,5,637.616,50,28943
f1_v0_base,v0,agent,sem_filtro,name,asc,0,6,665.582,50,28943
f1_v0_base,v0,agent,sem_filtro,name,asc,500,1,645.37,50,28943
f1_v0_base,v0,agent,sem_filtro,name,asc,500,2,600.43,50,28943
f1_v0_base,v0,agent,sem_filtro,name,asc,500,3,627.04,50,28943
f1_v0_base,v0,agent,sem_filtro,name,asc,500,4,635.21,50,28943
f1_v0_base,v0,agent,sem_filtro,name,asc,500,5,613.039,50,28943
f1_v0_base,v0,agent,sem_filtro,name,asc,500,6,600.652,50,28943
f1_v0_base,v0,agent,sem_filtro,name,desc,0,1,560.292,50,28943
f1_v0_base,v0,agent,sem_filtro,name,desc,0,2,580.784,50,28943
f1_v0_base,v0,agent,sem_filtro,name,desc,0,3,621.087,50,28943
f1_v0_base,v0,agent,sem_filtro,name,desc,0,4,603.424,50,28943
f1_v0_base,v0,agent,sem_filtro,name,desc,0,5,553.969,50,28943
f1_v0_base,v0,agent,sem_filtro,name,desc,0,6,578.099,50,28943
f1_v0_base,v0,agent,sem_filtro,name,desc,500,1,587.487,50,28943
f1_v0_base,v0,agent,sem_filtro,name,desc,500,2,598.993,50,28943
f1_v0_base,v0,agent,sem_filtro,name,desc,500,3,587.906,50,28943
f1_v0_base,v0,agent,sem_filtro,name,desc,500,4,612.248,50,28943
f1_v0_base,v0,agent,sem_filtro,name,desc,500,5,632.53,50,28943
f1_v0_base,v0,agent,sem_filtro,name,desc,500,6,621.247,50,28943
f1_v0_base,v0,agent,sem_filtro,created_at,asc,0,1,608.736,50,28943
f1_v0_base,v0,agent,sem_filtro,created_at,asc,0,2,565.18,50,28943
f1_v0_base,v0,agent,sem_filtro,created_at,asc,0,3,542.497,50,28943
f1_v0_base,v0,agent,sem_filtro,created_at,asc,0,4,587.013,50,28943
f1_v0_base,v0,agent,sem_filtro,created_at,asc,0,5,599.992,50,28943
f1_v0_base,v0,agent,sem_filtro,created_at,asc,0,6,588.45,50,28943
f1_v0_base,v0,agent,sem_filtro,created_at,asc,500,1,568.366,50,28943
f1_v0_base,v0,agent,sem_filtro,created_at,asc,500,2,631.637,50,28943
f1_v0_base,v0,agent,sem_filtro,created_at,asc,500,3,1146.164,50,28943
f1_v0_base,v0,agent,sem_filtro,created_at,asc,500,4,1012.003,50,28943
f1_v0_base,v0,agent,sem_filtro,created_at,asc,500,5,1049.142,50,28943
f1_v0_base,v0,agent,sem_filtro,created_at,asc,500,6,1144.027,50,28943
f4_v0_idx3,v0,agent,sem_filtro,name,asc,500,6,555.917,,
f4_v0_idx3,v0,agent,sem_filtro,name,desc,0,1,612.831,,
f4_v0_idx3,v0,agent,sem_filtro,name,desc,0,2,549.883,,
f4_v0_idx3,v0,agent,sem_filtro,name,desc,0,3,563.31,,
f4_v0_idx3,v0,agent,sem_filtro,name,desc,0,4,525.719,,
f1_v0_base,v0,agent,sem_filtro,created_at,desc,0,1,1202.725,50,28943
f4_v0_idx3,v0,agent,sem_filtro,name,desc,0,5,587.401,,
f4_v0_idx3,v0,agent,sem_filtro,name,desc,0,6,600.107,,
f4_v0_idx3,v0,agent,sem_filtro,name,desc,500,1,583.502,,
f4_v0_idx3,v0,agent,sem_filtro,name,desc,500,2,573.946,,
f4_v0_idx3,v0,agent,sem_filtro,name,desc,500,3,614.276,,
f4_v0_idx3,v0,agent,sem_filtro,name,desc,500,4,619.68,,
f4_v0_idx3,v0,agent,sem_filtro,name,desc,500,5,628.191,,
f4_v0_idx3,v0,agent,sem_filtro,name,desc,500,6,570.127,,
f4_v0_idx3,v0,agent,sem_filtro,created_at,asc,0,1,573.164,,
f4_v0_idx3,v0,agent,sem_filtro,created_at,asc,0,2,560.835,,
f4_v0_idx3,v0,agent,sem_filtro,created_at,asc,0,3,570.986,,
f4_v0_idx3,v0,agent,sem_filtro,created_at,asc,0,4,609.329,,
f4_v0_idx3,v0,agent,sem_filtro,created_at,asc,0,5,560.145,,
f4_v0_idx3,v0,agent,sem_filtro,created_at,asc,0,6,592.425,,
f4_v0_idx3,v0,agent,sem_filtro,created_at,asc,500,1,566.679,,
f4_v0_idx3,v0,agent,sem_filtro,created_at,asc,500,2,620.856,,
f4_v0_idx3,v0,agent,sem_filtro,created_at,asc,500,3,601.082,,
f4_v0_idx3,v0,agent,sem_filtro,created_at,asc,500,4,596.785,,
f4_v0_idx3,v0,agent,sem_filtro,created_at,asc,500,5,612.664,,
f4_v0_idx3,v0,agent,sem_filtro,created_at,asc,500,6,570.531,,
f4_v0_idx3,v0,agent,sem_filtro,created_at,desc,0,1,556.5,,
f4_v0_idx3,v0,agent,sem_filtro,created_at,desc,0,2,582.733,,
f4_v0_idx3,v0,agent,sem_filtro,created_at,desc,0,3,561.834,,
f4_v0_idx3,v0,agent,sem_filtro,created_at,desc,0,4,608.018,,
f4_v0_idx3,v0,agent,sem_filtro,created_at,desc,0,5,583.444,,
f4_v0_idx3,v0,agent,sem_filtro,created_at,desc,0,6,561.681,,
f4_v0_idx3,v0,agent,sem_filtro,created_at,desc,500,1,570.566,,
f4_v0_idx3,v0,agent,sem_filtro,created_at,desc,500,2,590.313,,
f4_v0_idx3,v0,agent,sem_filtro,created_at,desc,500,3,599.995,,
f4_v0_idx3,v0,agent,sem_filtro,created_at,desc,500,4,535.247,,
f4_v0_idx3,v0,agent,sem_filtro,created_at,desc,500,5,537.45,,
f4_v0_idx3,v0,agent,sem_filtro,created_at,desc,500,6,632.928,,
f4_v0_idx3,v0,agent,sem_filtro,company,asc,0,1,597.269,,
f4_v0_idx3,v0,agent,sem_filtro,company,asc,0,2,567.763,,
f4_v0_idx3,v0,agent,sem_filtro,company,asc,0,3,524.81,,
f1_v0_base,v0,agent,sem_filtro,created_at,desc,0,2,1195.116,50,28943
f1_v0_base,v0,agent,sem_filtro,created_at,desc,0,3,1123.21,50,28943
f1_v0_base,v0,agent,sem_filtro,created_at,desc,0,4,1187.329,50,28943
f1_v0_base,v0,agent,sem_filtro,created_at,desc,0,5,1152.615,50,28943
f1_v0_base,v0,agent,sem_filtro,created_at,desc,0,6,1187.044,50,28943
f1_v0_base,v0,agent,sem_filtro,created_at,desc,500,1,1266.777,50,28943
f1_v0_base,v0,agent,sem_filtro,created_at,desc,500,2,1190.922,50,28943
f1_v0_base,v0,agent,sem_filtro,created_at,desc,500,3,1223.241,50,28943
f1_v0_base,v0,agent,sem_filtro,created_at,desc,500,4,1226.217,50,28943
f1_v0_base,v0,agent,sem_filtro,created_at,desc,500,5,1313.246,50,28943
f1_v0_base,v0,agent,sem_filtro,created_at,desc,500,6,1233.64,50,28943
f1_v0_base,v0,agent,sem_filtro,company,asc,0,1,1347.024,50,28943
f1_v0_base,v0,agent,sem_filtro,company,asc,0,2,1293.609,50,28943
f1_v0_base,v0,agent,sem_filtro,company,asc,0,3,1260.774,50,28943
f1_v0_base,v0,agent,sem_filtro,company,asc,0,4,1265.617,50,28943
f1_v0_base,v0,agent,sem_filtro,company,asc,0,5,1216.928,50,28943
f1_v0_base,v0,agent,sem_filtro,company,asc,0,6,1253.317,50,28943
f1_v0_base,v0,agent,sem_filtro,company,asc,500,1,837.761,50,28943
f1_v0_base,v0,agent,sem_filtro,company,asc,500,2,710.155,50,28943
f1_v0_base,v0,agent,sem_filtro,company,asc,500,3,685.937,50,28943
f1_v0_base,v0,agent,sem_filtro,company,asc,500,4,630.434,50,28943
f1_v0_base,v0,agent,sem_filtro,company,asc,500,5,613.897,50,28943
f1_v0_base,v0,agent,sem_filtro,company,asc,500,6,624.306,50,28943
f1_v0_base,v0,agent,sem_filtro,company,desc,0,1,598.766,50,28943
f1_v0_base,v0,agent,sem_filtro,company,desc,0,2,604.802,50,28943
f1_v0_base,v0,agent,sem_filtro,company,desc,0,3,599.63,50,28943
f1_v0_base,v0,agent,sem_filtro,company,desc,0,4,609.939,50,28943
f1_v0_base,v0,agent,sem_filtro,company,desc,0,5,649.235,50,28943
f1_v0_base,v0,agent,sem_filtro,company,desc,0,6,606.463,50,28943
f1_v0_base,v0,agent,sem_filtro,company,desc,500,1,680.727,50,28943
f1_v0_base,v0,agent,sem_filtro,company,desc,500,2,659.371,50,28943
f1_v0_base,v0,agent,sem_filtro,company,desc,500,3,574.978,50,28943
f1_v0_base,v0,agent,sem_filtro,company,desc,500,4,619.315,50,28943
f1_v0_base,v0,agent,sem_filtro,company,desc,500,5,644.546,50,28943
f1_v0_base,v0,agent,sem_filtro,company,desc,500,6,593.62,50,28943
f1_v0_base,v0,agent,termo_nome_5ch,name,asc,0,1,197.502,50,3419
f1_v0_base,v0,agent,termo_nome_5ch,name,asc,0,2,194.761,50,3419
f1_v0_base,v0,agent,termo_nome_5ch,name,asc,0,3,199.179,50,3419
f1_v0_base,v0,agent,termo_nome_5ch,name,asc,0,4,196.344,50,3419
f1_v0_base,v0,agent,termo_nome_5ch,name,asc,0,5,199.936,50,3419
f1_v0_base,v0,agent,termo_nome_5ch,name,asc,0,6,191.633,50,3419
f4_v0_idx3,v0,agent,sem_filtro,company,asc,0,4,602.692,,
f4_v0_idx3,v0,agent,sem_filtro,company,asc,0,5,574.037,,
f4_v0_idx3,v0,agent,sem_filtro,company,asc,0,6,550.921,,
f4_v0_idx3,v0,agent,sem_filtro,company,asc,500,1,573.612,,
f4_v0_idx3,v0,agent,sem_filtro,company,asc,500,2,579.569,,
f4_v0_idx3,v0,agent,sem_filtro,company,asc,500,3,540.485,,
f4_v0_idx3,v0,agent,sem_filtro,company,asc,500,4,532.456,,
f4_v0_idx3,v0,agent,sem_filtro,company,asc,500,5,567.336,,
f4_v0_idx3,v0,agent,sem_filtro,company,asc,500,6,556.909,,
f4_v0_idx3,v0,agent,sem_filtro,company,desc,0,1,553.433,,
f4_v0_idx3,v0,agent,sem_filtro,company,desc,0,2,554.205,,
f4_v0_idx3,v0,agent,sem_filtro,company,desc,0,3,576.873,,
f4_v0_idx3,v0,agent,sem_filtro,company,desc,0,4,546.422,,
f4_v0_idx3,v0,agent,sem_filtro,company,desc,0,5,540.895,,
f4_v0_idx3,v0,agent,sem_filtro,company,desc,0,6,580.867,,
f4_v0_idx3,v0,agent,sem_filtro,company,desc,500,1,532.647,,
f4_v0_idx3,v0,agent,sem_filtro,company,desc,500,2,518.774,,
f4_v0_idx3,v0,agent,sem_filtro,company,desc,500,3,514.378,,
f4_v0_idx3,v0,agent,sem_filtro,company,desc,500,4,591.302,,
f4_v0_idx3,v0,agent,sem_filtro,company,desc,500,5,525.599,,
f4_v0_idx3,v0,agent,sem_filtro,company,desc,500,6,544.803,,
f4_v0_idx3,v0,agent,termo_nome_5ch,name,asc,0,1,83.938,,
f4_v0_idx3,v0,agent,termo_nome_5ch,name,asc,0,2,76.489,,
f4_v0_idx3,v0,agent,termo_nome_5ch,name,asc,0,3,72.71,,
f4_v0_idx3,v0,agent,termo_nome_5ch,name,asc,0,4,71.833,,
f4_v0_idx3,v0,agent,termo_nome_5ch,name,asc,0,5,75.638,,
f4_v0_idx3,v0,agent,termo_nome_5ch,name,asc,0,6,71.986,,
f4_v0_idx3,v0,agent,termo_nome_5ch,name,asc,500,1,71.953,,
f4_v0_idx3,v0,agent,termo_nome_5ch,name,asc,500,2,70.558,,
f4_v0_idx3,v0,agent,termo_nome_5ch,name,asc,500,3,71.752,,
f4_v0_idx3,v0,agent,termo_nome_5ch,name,asc,500,4,80.498,,
f4_v0_idx3,v0,agent,termo_nome_5ch,name,asc,500,5,80.916,,
f4_v0_idx3,v0,agent,termo_nome_5ch,name,asc,500,6,78.137,,
f4_v0_idx3,v0,agent,termo_nome_5ch,name,desc,0,1,74.841,,
f4_v0_idx3,v0,agent,termo_nome_5ch,name,desc,0,2,72.699,,
f1_v0_base,v0,agent,termo_nome_5ch,name,asc,500,1,222.734,50,3419
f1_v0_base,v0,agent,termo_nome_5ch,name,asc,500,2,202.904,50,3419
f1_v0_base,v0,agent,termo_nome_5ch,name,asc,500,3,216.831,50,3419
f1_v0_base,v0,agent,termo_nome_5ch,name,asc,500,4,224.814,50,3419
f1_v0_base,v0,agent,termo_nome_5ch,name,asc,500,5,200.332,50,3419
f1_v0_base,v0,agent,termo_nome_5ch,name,asc,500,6,201.222,50,3419
f1_v0_base,v0,agent,termo_nome_5ch,name,desc,0,1,206.726,50,3419
f1_v0_base,v0,agent,termo_nome_5ch,name,desc,0,2,200.273,50,3419
f1_v0_base,v0,agent,termo_nome_5ch,name,desc,0,3,197.199,50,3419
f1_v0_base,v0,agent,termo_nome_5ch,name,desc,0,4,190.566,50,3419
f1_v0_base,v0,agent,termo_nome_5ch,name,desc,0,5,194.16,50,3419
f1_v0_base,v0,agent,termo_nome_5ch,name,desc,0,6,189.813,50,3419
f1_v0_base,v0,agent,termo_nome_5ch,name,desc,500,1,202.565,50,3419
f1_v0_base,v0,agent,termo_nome_5ch,name,desc,500,2,198.962,50,3419
f1_v0_base,v0,agent,termo_nome_5ch,name,desc,500,3,208.013,50,3419
f1_v0_base,v0,agent,termo_nome_5ch,name,desc,500,4,213.951,50,3419
f1_v0_base,v0,agent,termo_nome_5ch,name,desc,500,5,219.601,50,3419
f1_v0_base,v0,agent,termo_nome_5ch,name,desc,500,6,197.999,50,3419
f1_v0_base,v0,agent,termo_nome_5ch,created_at,asc,0,1,209.789,50,3419
f1_v0_base,v0,agent,termo_nome_5ch,created_at,asc,0,2,206.95,50,3419
f1_v0_base,v0,agent,termo_nome_5ch,created_at,asc,0,3,225.146,50,3419
f1_v0_base,v0,agent,termo_nome_5ch,created_at,asc,0,4,213.199,50,3419
f1_v0_base,v0,agent,termo_nome_5ch,created_at,asc,0,5,216.847,50,3419
f1_v0_base,v0,agent,termo_nome_5ch,created_at,asc,0,6,214.963,50,3419
f1_v0_base,v0,agent,termo_nome_5ch,created_at,asc,500,1,209.067,50,3419
f1_v0_base,v0,agent,termo_nome_5ch,created_at,asc,500,2,222.077,50,3419
f1_v0_base,v0,agent,termo_nome_5ch,created_at,asc,500,3,207.352,50,3419
f1_v0_base,v0,agent,termo_nome_5ch,created_at,asc,500,4,201.55,50,3419
f1_v0_base,v0,agent,termo_nome_5ch,created_at,asc,500,5,217.268,50,3419
f1_v0_base,v0,agent,termo_nome_5ch,created_at,asc,500,6,221.998,50,3419
f1_v0_base,v0,agent,termo_nome_5ch,created_at,desc,0,1,208.283,50,3419
f1_v0_base,v0,agent,termo_nome_5ch,created_at,desc,0,2,244.675,50,3419
f1_v0_base,v0,agent,termo_nome_5ch,created_at,desc,0,3,256.14,50,3419
f1_v0_base,v0,agent,termo_nome_5ch,created_at,desc,0,4,244.683,50,3419
f1_v0_base,v0,agent,termo_nome_5ch,created_at,desc,0,5,265.387,50,3419
f1_v0_base,v0,agent,termo_nome_5ch,created_at,desc,0,6,238.282,50,3419
f4_v0_idx3,v0,agent,termo_nome_5ch,name,desc,0,3,71.921,,
f4_v0_idx3,v0,agent,termo_nome_5ch,name,desc,0,4,81.06,,
f4_v0_idx3,v0,agent,termo_nome_5ch,name,desc,0,5,80.948,,
f4_v0_idx3,v0,agent,termo_nome_5ch,name,desc,0,6,78.395,,
f4_v0_idx3,v0,agent,termo_nome_5ch,name,desc,500,1,72.55,,
f4_v0_idx3,v0,agent,termo_nome_5ch,name,desc,500,2,73.756,,
f4_v0_idx3,v0,agent,termo_nome_5ch,name,desc,500,3,78.429,,
f4_v0_idx3,v0,agent,termo_nome_5ch,name,desc,500,4,79.908,,
f4_v0_idx3,v0,agent,termo_nome_5ch,name,desc,500,5,75.924,,
f4_v0_idx3,v0,agent,termo_nome_5ch,name,desc,500,6,72.392,,
f4_v0_idx3,v0,agent,termo_nome_5ch,created_at,asc,0,1,75.318,,
f4_v0_idx3,v0,agent,termo_nome_5ch,created_at,asc,0,2,76.275,,
f4_v0_idx3,v0,agent,termo_nome_5ch,created_at,asc,0,3,87.866,,
f4_v0_idx3,v0,agent,termo_nome_5ch,created_at,asc,0,4,81.605,,
f4_v0_idx3,v0,agent,termo_nome_5ch,created_at,asc,0,5,78.26,,
f4_v0_idx3,v0,agent,termo_nome_5ch,created_at,asc,0,6,76.035,,
f4_v0_idx3,v0,agent,termo_nome_5ch,created_at,asc,500,1,74.656,,
f4_v0_idx3,v0,agent,termo_nome_5ch,created_at,asc,500,2,71.166,,
f4_v0_idx3,v0,agent,termo_nome_5ch,created_at,asc,500,3,75.343,,
f4_v0_idx3,v0,agent,termo_nome_5ch,created_at,asc,500,4,74.108,,
f4_v0_idx3,v0,agent,termo_nome_5ch,created_at,asc,500,5,74.486,,
f4_v0_idx3,v0,agent,termo_nome_5ch,created_at,asc,500,6,75.432,,
f4_v0_idx3,v0,agent,termo_nome_5ch,created_at,desc,0,1,75.576,,
f4_v0_idx3,v0,agent,termo_nome_5ch,created_at,desc,0,2,73.82,,
f4_v0_idx3,v0,agent,termo_nome_5ch,created_at,desc,0,3,77.987,,
f4_v0_idx3,v0,agent,termo_nome_5ch,created_at,desc,0,4,72.905,,
f4_v0_idx3,v0,agent,termo_nome_5ch,created_at,desc,0,5,74.174,,
f4_v0_idx3,v0,agent,termo_nome_5ch,created_at,desc,0,6,72.192,,
f4_v0_idx3,v0,agent,termo_nome_5ch,created_at,desc,500,1,73.373,,
f4_v0_idx3,v0,agent,termo_nome_5ch,created_at,desc,500,2,77.855,,
f4_v0_idx3,v0,agent,termo_nome_5ch,created_at,desc,500,3,73.065,,
f4_v0_idx3,v0,agent,termo_nome_5ch,created_at,desc,500,4,72.36,,
f4_v0_idx3,v0,agent,termo_nome_5ch,created_at,desc,500,5,76.113,,
f4_v0_idx3,v0,agent,termo_nome_5ch,created_at,desc,500,6,72.714,,
f4_v0_idx3,v0,agent,termo_nome_5ch,company,asc,0,1,73.647,,
f4_v0_idx3,v0,agent,termo_nome_5ch,company,asc,0,2,73.087,,
f4_v0_idx3,v0,agent,termo_nome_5ch,company,asc,0,3,71.514,,
f4_v0_idx3,v0,agent,termo_nome_5ch,company,asc,0,4,73.212,,
f1_v0_base,v0,agent,termo_nome_5ch,created_at,desc,500,1,247.258,50,3419
f1_v0_base,v0,agent,termo_nome_5ch,created_at,desc,500,2,211.073,50,3419
f1_v0_base,v0,agent,termo_nome_5ch,created_at,desc,500,3,202.121,50,3419
f1_v0_base,v0,agent,termo_nome_5ch,created_at,desc,500,4,202.112,50,3419
f1_v0_base,v0,agent,termo_nome_5ch,created_at,desc,500,5,213.3,50,3419
f1_v0_base,v0,agent,termo_nome_5ch,created_at,desc,500,6,240.099,50,3419
f1_v0_base,v0,agent,termo_nome_5ch,company,asc,0,1,202.419,50,3419
f1_v0_base,v0,agent,termo_nome_5ch,company,asc,0,2,190.778,50,3419
f1_v0_base,v0,agent,termo_nome_5ch,company,asc,0,3,202.102,50,3419
f1_v0_base,v0,agent,termo_nome_5ch,company,asc,0,4,190.688,50,3419
f1_v0_base,v0,agent,termo_nome_5ch,company,asc,0,5,191.321,50,3419
f1_v0_base,v0,agent,termo_nome_5ch,company,asc,0,6,216.976,50,3419
f1_v0_base,v0,agent,termo_nome_5ch,company,asc,500,1,206.421,50,3419
f1_v0_base,v0,agent,termo_nome_5ch,company,asc,500,2,207.447,50,3419
f1_v0_base,v0,agent,termo_nome_5ch,company,asc,500,3,216.909,50,3419
f1_v0_base,v0,agent,termo_nome_5ch,company,asc,500,4,205.115,50,3419
f1_v0_base,v0,agent,termo_nome_5ch,company,asc,500,5,207.843,50,3419
f1_v0_base,v0,agent,termo_nome_5ch,company,asc,500,6,212.251,50,3419
f1_v0_base,v0,agent,termo_nome_5ch,company,desc,0,1,209.099,50,3419
f1_v0_base,v0,agent,termo_nome_5ch,company,desc,0,2,189.05,50,3419
f1_v0_base,v0,agent,termo_nome_5ch,company,desc,0,3,215.27,50,3419
f1_v0_base,v0,agent,termo_nome_5ch,company,desc,0,4,223.979,50,3419
f1_v0_base,v0,agent,termo_nome_5ch,company,desc,0,5,202.735,50,3419
f1_v0_base,v0,agent,termo_nome_5ch,company,desc,0,6,199.197,50,3419
f1_v0_base,v0,agent,termo_nome_5ch,company,desc,500,1,201.88,50,3419
f1_v0_base,v0,agent,termo_nome_5ch,company,desc,500,2,218.765,50,3419
f1_v0_base,v0,agent,termo_nome_5ch,company,desc,500,3,211.451,50,3419
f1_v0_base,v0,agent,termo_nome_5ch,company,desc,500,4,193.908,50,3419
f1_v0_base,v0,agent,termo_nome_5ch,company,desc,500,5,195.598,50,3419
f1_v0_base,v0,agent,termo_nome_5ch,company,desc,500,6,193.034,50,3419
f1_v0_base,v0,agent,combinado,name,asc,0,1,6.856,14,14
f1_v0_base,v0,agent,combinado,name,asc,0,2,6.294,14,14
f1_v0_base,v0,agent,combinado,name,asc,0,3,7.654,14,14
f1_v0_base,v0,agent,combinado,name,asc,0,4,6.146,14,14
f1_v0_base,v0,agent,combinado,name,asc,0,5,7.85,14,14
f1_v0_base,v0,agent,combinado,name,asc,0,6,6.723,14,14
f4_v0_idx3,v0,agent,termo_nome_5ch,company,asc,0,5,84.224,,
f1_v0_base,v0,agent,combinado,name,asc,500,1,6.197,0,
f1_v0_base,v0,agent,combinado,name,asc,500,2,7.416,0,
f1_v0_base,v0,agent,combinado,name,asc,500,3,7.532,0,
f1_v0_base,v0,agent,combinado,name,asc,500,4,7.658,0,
f1_v0_base,v0,agent,combinado,name,asc,500,5,6.476,0,
f4_v0_idx3,v0,agent,termo_nome_5ch,company,asc,0,6,85.486,,
f4_v0_idx3,v0,agent,termo_nome_5ch,company,asc,500,1,82.319,,
f4_v0_idx3,v0,agent,termo_nome_5ch,company,asc,500,2,80.179,,
f4_v0_idx3,v0,agent,termo_nome_5ch,company,asc,500,3,78.102,,
f4_v0_idx3,v0,agent,termo_nome_5ch,company,asc,500,4,75.526,,
f4_v0_idx3,v0,agent,termo_nome_5ch,company,asc,500,5,73.047,,
f4_v0_idx3,v0,agent,termo_nome_5ch,company,asc,500,6,77.001,,
f4_v0_idx3,v0,agent,termo_nome_5ch,company,desc,0,1,71.516,,
f4_v0_idx3,v0,agent,termo_nome_5ch,company,desc,0,2,74.36,,
f4_v0_idx3,v0,agent,termo_nome_5ch,company,desc,0,3,78.395,,
f4_v0_idx3,v0,agent,termo_nome_5ch,company,desc,0,4,79.389,,
f4_v0_idx3,v0,agent,termo_nome_5ch,company,desc,0,5,88.3,,
f4_v0_idx3,v0,agent,termo_nome_5ch,company,desc,0,6,80.867,,
f4_v0_idx3,v0,agent,termo_nome_5ch,company,desc,500,1,73.148,,
f4_v0_idx3,v0,agent,termo_nome_5ch,company,desc,500,2,80.812,,
f4_v0_idx3,v0,agent,termo_nome_5ch,company,desc,500,3,73.101,,
f4_v0_idx3,v0,agent,termo_nome_5ch,company,desc,500,4,71.827,,
f4_v0_idx3,v0,agent,termo_nome_5ch,company,desc,500,5,70.868,,
f4_v0_idx3,v0,agent,termo_nome_5ch,company,desc,500,6,70.79,,
f4_v0_idx3,v0,agent,combinado,name,asc,0,1,5.438,,
f4_v0_idx3,v0,agent,combinado,name,asc,0,2,4.28,,
f4_v0_idx3,v0,agent,combinado,name,asc,0,3,3.857,,
f4_v0_idx3,v0,agent,combinado,name,asc,0,4,4.233,,
f4_v0_idx3,v0,agent,combinado,name,asc,0,5,4.763,,
f4_v0_idx3,v0,agent,combinado,name,asc,0,6,4.515,,
f4_v0_idx3,v0,agent,combinado,name,asc,500,1,4.126,,
f4_v0_idx3,v0,agent,combinado,name,asc,500,2,4.289,,
f4_v0_idx3,v0,agent,combinado,name,asc,500,3,4.693,,
f4_v0_idx3,v0,agent,combinado,name,asc,500,4,3.958,,
f4_v0_idx3,v0,agent,combinado,name,asc,500,5,4.2,,
f4_v0_idx3,v0,agent,combinado,name,asc,500,6,4.183,,
f4_v0_idx3,v0,agent,combinado,name,desc,0,1,4.633,,
f4_v0_idx3,v0,agent,combinado,name,desc,0,2,3.96,,
f4_v0_idx3,v0,agent,combinado,name,desc,0,3,3.651,,
f4_v0_idx3,v0,agent,combinado,name,desc,0,4,4.008,,
f4_v0_idx3,v0,agent,combinado,name,desc,0,5,4.157,,
f1_v0_base,v0,agent,combinado,name,asc,500,6,5.785,0,
f1_v0_base,v0,agent,combinado,name,desc,0,1,5.732,14,14
f1_v0_base,v0,agent,combinado,name,desc,0,2,6.606,14,14
f1_v0_base,v0,agent,combinado,name,desc,0,3,5.358,14,14
f1_v0_base,v0,agent,combinado,name,desc,0,4,5.725,14,14
f1_v0_base,v0,agent,combinado,name,desc,0,5,6.545,14,14
f1_v0_base,v0,agent,combinado,name,desc,0,6,6.301,14,14
f1_v0_base,v0,agent,combinado,name,desc,500,1,6.534,0,
f1_v0_base,v0,agent,combinado,name,desc,500,2,7.142,0,
f1_v0_base,v0,agent,combinado,name,desc,500,3,5.669,0,
f1_v0_base,v0,agent,combinado,name,desc,500,4,7.123,0,
f1_v0_base,v0,agent,combinado,name,desc,500,5,6.267,0,
f1_v0_base,v0,agent,combinado,name,desc,500,6,5.903,0,
f1_v0_base,v0,agent,combinado,created_at,asc,0,1,6.331,14,14
f1_v0_base,v0,agent,combinado,created_at,asc,0,2,6.883,14,14
f1_v0_base,v0,agent,combinado,created_at,asc,0,3,5.777,14,14
f1_v0_base,v0,agent,combinado,created_at,asc,0,4,6.965,14,14
f1_v0_base,v0,agent,combinado,created_at,asc,0,5,5.709,14,14
f1_v0_base,v0,agent,combinado,created_at,asc,0,6,5.33,14,14
f1_v0_base,v0,agent,combinado,created_at,asc,500,1,6.15,0,
f1_v0_base,v0,agent,combinado,created_at,asc,500,2,6.465,0,
f1_v0_base,v0,agent,combinado,created_at,asc,500,3,5.586,0,
f1_v0_base,v0,agent,combinado,created_at,asc,500,4,9.049,0,
f1_v0_base,v0,agent,combinado,created_at,asc,500,5,6.199,0,
f1_v0_base,v0,agent,combinado,created_at,asc,500,6,7.665,0,
f1_v0_base,v0,agent,combinado,created_at,desc,0,1,7.212,14,14
f1_v0_base,v0,agent,combinado,created_at,desc,0,2,5.593,14,14
f1_v0_base,v0,agent,combinado,created_at,desc,0,3,6.647,14,14
f1_v0_base,v0,agent,combinado,created_at,desc,0,4,6.321,14,14
f1_v0_base,v0,agent,combinado,created_at,desc,0,5,6.958,14,14
f1_v0_base,v0,agent,combinado,created_at,desc,0,6,8.664,14,14
f1_v0_base,v0,agent,combinado,created_at,desc,500,1,6.664,0,
f1_v0_base,v0,agent,combinado,created_at,desc,500,2,9.325,0,
f1_v0_base,v0,agent,combinado,created_at,desc,500,3,6.488,0,
f1_v0_base,v0,agent,combinado,created_at,desc,500,4,9.152,0,
f1_v0_base,v0,agent,combinado,created_at,desc,500,5,8.743,0,
f1_v0_base,v0,agent,combinado,created_at,desc,500,6,8.95,0,
f4_v0_idx3,v0,agent,combinado,name,desc,0,6,3.874,,
f4_v0_idx3,v0,agent,combinado,name,desc,500,1,3.904,,
f4_v0_idx3,v0,agent,combinado,name,desc,500,2,4.009,,
f4_v0_idx3,v0,agent,combinado,name,desc,500,3,4.401,,
f4_v0_idx3,v0,agent,combinado,name,desc,500,4,4.406,,
f1_v0_base,v0,agent,combinado,company,asc,0,1,6.863,14,14
f4_v0_idx3,v0,agent,combinado,name,desc,500,5,4.332,,
f4_v0_idx3,v0,agent,combinado,name,desc,500,6,4.116,,
f4_v0_idx3,v0,agent,combinado,created_at,asc,0,1,4.232,,
f4_v0_idx3,v0,agent,combinado,created_at,asc,0,2,4.054,,
f4_v0_idx3,v0,agent,combinado,created_at,asc,0,3,3.943,,
f4_v0_idx3,v0,agent,combinado,created_at,asc,0,4,4.269,,
f4_v0_idx3,v0,agent,combinado,created_at,asc,0,5,4.637,,
f4_v0_idx3,v0,agent,combinado,created_at,asc,0,6,4.503,,
f4_v0_idx3,v0,agent,combinado,created_at,asc,500,1,4.055,,
f4_v0_idx3,v0,agent,combinado,created_at,asc,500,2,4.434,,
f4_v0_idx3,v0,agent,combinado,created_at,asc,500,3,4.861,,
f4_v0_idx3,v0,agent,combinado,created_at,asc,500,4,4.382,,
f4_v0_idx3,v0,agent,combinado,created_at,asc,500,5,4.415,,
f4_v0_idx3,v0,agent,combinado,created_at,asc,500,6,4.368,,
f4_v0_idx3,v0,agent,combinado,created_at,desc,0,1,4.686,,
f4_v0_idx3,v0,agent,combinado,created_at,desc,0,2,4.087,,
f4_v0_idx3,v0,agent,combinado,created_at,desc,0,3,4.113,,
f4_v0_idx3,v0,agent,combinado,created_at,desc,0,4,4.084,,
f4_v0_idx3,v0,agent,combinado,created_at,desc,0,5,4.359,,
f4_v0_idx3,v0,agent,combinado,created_at,desc,0,6,3.878,,
f4_v0_idx3,v0,agent,combinado,created_at,desc,500,1,4.156,,
f4_v0_idx3,v0,agent,combinado,created_at,desc,500,2,4.123,,
f4_v0_idx3,v0,agent,combinado,created_at,desc,500,3,4.892,,
f4_v0_idx3,v0,agent,combinado,created_at,desc,500,4,4.299,,
f4_v0_idx3,v0,agent,combinado,created_at,desc,500,5,4.667,,
f4_v0_idx3,v0,agent,combinado,created_at,desc,500,6,4.344,,
f4_v0_idx3,v0,agent,combinado,company,asc,0,1,4.312,,
f4_v0_idx3,v0,agent,combinado,company,asc,0,2,5.038,,
f4_v0_idx3,v0,agent,combinado,company,asc,0,3,5.794,,
f4_v0_idx3,v0,agent,combinado,company,asc,0,4,5.104,,
f4_v0_idx3,v0,agent,combinado,company,asc,0,5,5.559,,
f4_v0_idx3,v0,agent,combinado,company,asc,0,6,4.822,,
f4_v0_idx3,v0,agent,combinado,company,asc,500,1,4.677,,
f4_v0_idx3,v0,agent,combinado,company,asc,500,2,4.018,,
f4_v0_idx3,v0,agent,combinado,company,asc,500,3,4.819,,
f1_v0_base,v0,agent,combinado,company,asc,0,2,10.276,14,14
f1_v0_base,v0,agent,combinado,company,asc,0,3,8.254,14,14
f1_v0_base,v0,agent,combinado,company,asc,0,4,8.684,14,14
f1_v0_base,v0,agent,combinado,company,asc,0,5,6.84,14,14
f1_v0_base,v0,agent,combinado,company,asc,0,6,7.891,14,14
f1_v0_base,v0,agent,combinado,company,asc,500,1,7.998,0,
f1_v0_base,v0,agent,combinado,company,asc,500,2,7.278,0,
f1_v0_base,v0,agent,combinado,company,asc,500,3,7.638,0,
f1_v0_base,v0,agent,combinado,company,asc,500,4,7.918,0,
f1_v0_base,v0,agent,combinado,company,asc,500,5,8.321,0,
f1_v0_base,v0,agent,combinado,company,asc,500,6,7.125,0,
f1_v0_base,v0,agent,combinado,company,desc,0,1,8.349,14,14
f1_v0_base,v0,agent,combinado,company,desc,0,2,7.109,14,14
f1_v0_base,v0,agent,combinado,company,desc,0,3,8.81,14,14
f1_v0_base,v0,agent,combinado,company,desc,0,4,7.067,14,14
f1_v0_base,v0,agent,combinado,company,desc,0,5,6.974,14,14
f1_v0_base,v0,agent,combinado,company,desc,0,6,6.542,14,14
f1_v0_base,v0,agent,combinado,company,desc,500,1,6.74,0,
f1_v0_base,v0,agent,combinado,company,desc,500,2,7.191,0,
f1_v0_base,v0,agent,combinado,company,desc,500,3,6.157,0,
f1_v0_base,v0,agent,combinado,company,desc,500,4,5.665,0,
f1_v0_base,v0,agent,combinado,company,desc,500,5,6.249,0,
f1_v0_base,v0,agent,combinado,company,desc,500,6,5.319,0,
f1_v1_inline,v1,agent,__overhead_wrapper__,-,-,-1,0,0.348,0,0
f1_v1_inline,v1,agent,sem_filtro,name,asc,0,1,294.695,,
f1_v1_inline,v1,agent,sem_filtro,name,asc,0,2,263.851,,
f1_v1_inline,v1,agent,sem_filtro,name,asc,0,3,269.47,,
f1_v1_inline,v1,agent,sem_filtro,name,asc,0,4,275.115,,
f1_v1_inline,v1,agent,sem_filtro,name,asc,0,5,293.094,,
f1_v1_inline,v1,agent,sem_filtro,name,asc,0,6,282.725,,
f1_v1_inline,v1,agent,sem_filtro,name,desc,0,1,286.799,,
f1_v1_inline,v1,agent,sem_filtro,name,desc,0,2,250.934,,
f1_v1_inline,v1,agent,sem_filtro,name,desc,0,3,247.043,,
f1_v1_inline,v1,agent,sem_filtro,name,desc,0,4,264.384,,
f1_v1_inline,v1,agent,sem_filtro,name,desc,0,5,313.95,,
f1_v1_inline,v1,agent,sem_filtro,name,desc,0,6,257.95,,
f1_v1_inline,v1,agent,sem_filtro,created_at,asc,0,1,248.547,,
f1_v1_inline,v1,agent,sem_filtro,created_at,asc,0,2,263.77,,
f1_v1_inline,v1,agent,sem_filtro,created_at,asc,0,3,264.661,,
f1_v1_inline,v1,agent,sem_filtro,created_at,asc,0,4,261.368,,
f1_v1_inline,v1,agent,sem_filtro,created_at,asc,0,5,264.157,,
f1_v1_inline,v1,agent,sem_filtro,created_at,asc,0,6,292.975,,
f1_v1_inline,v1,agent,sem_filtro,created_at,desc,0,1,315.661,,
f1_v1_inline,v1,agent,sem_filtro,created_at,desc,0,2,276.507,,
f1_v1_inline,v1,agent,sem_filtro,created_at,desc,0,3,269.365,,
f1_v1_inline,v1,agent,sem_filtro,created_at,desc,0,4,263.23,,
f1_v1_inline,v1,agent,sem_filtro,created_at,desc,0,5,275.493,,
f1_v1_inline,v1,agent,sem_filtro,created_at,desc,0,6,253.443,,
f1_v1_inline,v1,agent,sem_filtro,company,asc,0,1,254.249,,
f1_v1_inline,v1,agent,sem_filtro,company,asc,0,2,253.259,,
f1_v1_inline,v1,agent,sem_filtro,company,asc,0,3,253.966,,
f1_v1_inline,v1,agent,sem_filtro,company,asc,0,4,266.708,,
f1_v1_inline,v1,agent,sem_filtro,company,asc,0,5,267.493,,
f1_v1_inline,v1,agent,sem_filtro,company,asc,0,6,253.426,,
f1_v1_inline,v1,agent,sem_filtro,company,desc,0,1,268.284,,
f1_v1_inline,v1,agent,sem_filtro,company,desc,0,2,318.777,,
f1_v1_inline,v1,agent,sem_filtro,company,desc,0,3,291.694,,
f1_v1_inline,v1,agent,sem_filtro,company,desc,0,4,299.317,,
f1_v1_inline,v1,agent,sem_filtro,company,desc,0,5,289.596,,
f1_v1_inline,v1,agent,sem_filtro,company,desc,0,6,297.264,,
f1_v1_inline,v1,agent,termo_nome_5ch,name,asc,0,1,185.58,,
f4_v0_idx3,v0,agent,combinado,company,asc,500,4,5.197,,
f4_v0_idx3,v0,agent,combinado,company,asc,500,5,4.53,,
f4_v0_idx3,v0,agent,combinado,company,asc,500,6,4.573,,
f4_v0_idx3,v0,agent,combinado,company,desc,0,1,4.597,,
f4_v0_idx3,v0,agent,combinado,company,desc,0,2,4.707,,
f4_v0_idx3,v0,agent,combinado,company,desc,0,3,4.068,,
f4_v0_idx3,v0,agent,combinado,company,desc,0,4,4.489,,
f4_v0_idx3,v0,agent,combinado,company,desc,0,5,4.791,,
f4_v0_idx3,v0,agent,combinado,company,desc,0,6,4.804,,
f4_v0_idx3,v0,agent,combinado,company,desc,500,1,4.359,,
f4_v0_idx3,v0,agent,combinado,company,desc,500,2,4.148,,
f4_v0_idx3,v0,agent,combinado,company,desc,500,3,4.589,,
f4_v0_idx3,v0,agent,combinado,company,desc,500,4,3.877,,
f4_v0_idx3,v0,agent,combinado,company,desc,500,5,4.013,,
f4_v0_idx3,v0,agent,combinado,company,desc,500,6,3.864,,
f4_v2_idx3,v2,agent,termo_nome_5ch,name,asc,0,1,76.002,,
f4_v2_idx3,v2,agent,termo_nome_5ch,name,asc,0,2,73.55,,
f1_v1_inline,v1,agent,termo_nome_5ch,name,asc,0,2,188.886,,
f1_v1_inline,v1,agent,termo_nome_5ch,name,asc,0,3,185.905,,
f1_v1_inline,v1,agent,termo_nome_5ch,name,asc,0,4,187.536,,
f1_v1_inline,v1,agent,termo_nome_5ch,name,asc,0,5,195.093,,
f1_v1_inline,v1,agent,termo_nome_5ch,name,asc,0,6,183.233,,
f1_v1_inline,v1,agent,termo_nome_5ch,name,desc,0,1,177.513,,
f1_v1_inline,v1,agent,termo_nome_5ch,name,desc,0,2,193.114,,
f1_v1_inline,v1,agent,termo_nome_5ch,name,desc,0,3,175.911,,
f1_v1_inline,v1,agent,termo_nome_5ch,name,desc,0,4,185.729,,
f1_v1_inline,v1,agent,termo_nome_5ch,name,desc,0,5,185.784,,
f1_v1_inline,v1,agent,termo_nome_5ch,name,desc,0,6,194.195,,
f1_v1_inline,v1,agent,termo_nome_5ch,created_at,asc,0,1,215.649,,
f1_v1_inline,v1,agent,termo_nome_5ch,created_at,asc,0,2,227.914,,
f1_v1_inline,v1,agent,termo_nome_5ch,created_at,asc,0,3,183.041,,
f1_v1_inline,v1,agent,termo_nome_5ch,created_at,asc,0,4,195.592,,
f1_v1_inline,v1,agent,termo_nome_5ch,created_at,asc,0,5,179.059,,
f1_v1_inline,v1,agent,termo_nome_5ch,created_at,asc,0,6,181.961,,
f1_v1_inline,v1,agent,termo_nome_5ch,created_at,desc,0,1,184.875,,
f1_v1_inline,v1,agent,termo_nome_5ch,created_at,desc,0,2,191.718,,
f1_v1_inline,v1,agent,termo_nome_5ch,created_at,desc,0,3,193.464,,
f1_v1_inline,v1,agent,termo_nome_5ch,created_at,desc,0,4,187.852,,
f1_v1_inline,v1,agent,termo_nome_5ch,created_at,desc,0,5,200.908,,
f1_v1_inline,v1,agent,termo_nome_5ch,created_at,desc,0,6,183.814,,
f1_v1_inline,v1,agent,termo_nome_5ch,company,asc,0,1,202.084,,
f1_v1_inline,v1,agent,termo_nome_5ch,company,asc,0,2,174.732,,
f1_v1_inline,v1,agent,termo_nome_5ch,company,asc,0,3,195.078,,
f1_v1_inline,v1,agent,termo_nome_5ch,company,asc,0,4,175.942,,
f1_v1_inline,v1,agent,termo_nome_5ch,company,asc,0,5,189.681,,
f1_v1_inline,v1,agent,termo_nome_5ch,company,asc,0,6,214.488,,
f1_v1_inline,v1,agent,termo_nome_5ch,company,desc,0,1,199.822,,
f1_v1_inline,v1,agent,termo_nome_5ch,company,desc,0,2,177.349,,
f1_v1_inline,v1,agent,termo_nome_5ch,company,desc,0,3,175.386,,
f1_v1_inline,v1,agent,termo_nome_5ch,company,desc,0,4,175.577,,
f1_v1_inline,v1,agent,termo_nome_5ch,company,desc,0,5,175.687,,
f1_v1_inline,v1,agent,termo_nome_5ch,company,desc,0,6,176.803,,
f1_v1_inline,v1,agent,termo_empresa,name,asc,0,1,190.702,,
f1_v1_inline,v1,agent,termo_empresa,name,asc,0,2,178.243,,
f1_v1_inline,v1,agent,termo_empresa,name,asc,0,3,183.749,,
f1_v1_inline,v1,agent,termo_empresa,name,asc,0,4,178.977,,
f1_v1_inline,v1,agent,termo_empresa,name,asc,0,5,195.402,,
f1_v1_inline,v1,agent,termo_empresa,name,asc,0,6,185.14,,
f1_v1_inline,v1,agent,termo_empresa,name,desc,0,1,193.537,,
f1_v1_inline,v1,agent,termo_empresa,name,desc,0,2,191.561,,
f1_v1_inline,v1,agent,termo_empresa,name,desc,0,3,185.678,,
f1_v1_inline,v1,agent,termo_empresa,name,desc,0,4,192.481,,
f1_v1_inline,v1,agent,termo_empresa,name,desc,0,5,185.201,,
f1_v1_inline,v1,agent,termo_empresa,name,desc,0,6,179.685,,
f1_v1_inline,v1,agent,termo_empresa,created_at,asc,0,1,181.178,,
f1_v1_inline,v1,agent,termo_empresa,created_at,asc,0,2,182.618,,
f1_v1_inline,v1,agent,termo_empresa,created_at,asc,0,3,190.983,,
f1_v1_inline,v1,agent,termo_empresa,created_at,asc,0,4,189.496,,
f1_v1_inline,v1,agent,termo_empresa,created_at,asc,0,5,184.687,,
f1_v1_inline,v1,agent,termo_empresa,created_at,asc,0,6,195.64,,
f1_v1_inline,v1,agent,termo_empresa,created_at,desc,0,1,178.136,,
f1_v1_inline,v1,agent,termo_empresa,created_at,desc,0,2,201.528,,
f1_v1_inline,v1,agent,termo_empresa,created_at,desc,0,3,223.876,,
f1_v1_inline,v1,agent,termo_empresa,created_at,desc,0,4,194.53,,
f1_v1_inline,v1,agent,termo_empresa,created_at,desc,0,5,176.607,,
f1_v1_inline,v1,agent,termo_empresa,created_at,desc,0,6,182.112,,
f1_v1_inline,v1,agent,termo_empresa,company,asc,0,1,180.328,,
f1_v1_inline,v1,agent,termo_empresa,company,asc,0,2,188.384,,
f1_v1_inline,v1,agent,termo_empresa,company,asc,0,3,188.687,,
f1_v1_inline,v1,agent,termo_empresa,company,asc,0,4,172.394,,
f1_v1_inline,v1,agent,termo_empresa,company,asc,0,5,168.236,,
f1_v1_inline,v1,agent,termo_empresa,company,asc,0,6,171.397,,
f1_v1_inline,v1,agent,termo_empresa,company,desc,0,1,181.113,,
f1_v1_inline,v1,agent,termo_empresa,company,desc,0,2,175.716,,
f1_v1_inline,v1,agent,termo_empresa,company,desc,0,3,168.143,,
f1_v1_inline,v1,agent,termo_empresa,company,desc,0,4,184.447,,
f1_v1_inline,v1,agent,termo_empresa,company,desc,0,5,185.5,,
f1_v1_inline,v1,agent,termo_empresa,company,desc,0,6,186.525,,
f1_v1_inline,v1,agent,filtro_tipo,name,asc,0,1,54.105,,
f1_v1_inline,v1,agent,filtro_tipo,name,asc,0,2,52.297,,
f1_v1_inline,v1,agent,filtro_tipo,name,asc,0,3,57.503,,
f1_v1_inline,v1,agent,filtro_tipo,name,asc,0,4,54.411,,
f1_v1_inline,v1,agent,filtro_tipo,name,asc,0,5,53.432,,
f1_v1_inline,v1,agent,filtro_tipo,name,asc,0,6,50.87,,
f1_v1_inline,v1,agent,filtro_tipo,name,desc,0,1,49.166,,
f1_v1_inline,v1,agent,filtro_tipo,name,desc,0,2,49.012,,
f1_v1_inline,v1,agent,filtro_tipo,name,desc,0,3,52.61,,
f1_v1_inline,v1,agent,filtro_tipo,name,desc,0,4,51.183,,
f1_v1_inline,v1,agent,filtro_tipo,name,desc,0,5,50.57,,
f1_v1_inline,v1,agent,filtro_tipo,name,desc,0,6,50.779,,
f1_v1_inline,v1,agent,filtro_tipo,created_at,asc,0,1,52.619,,
f1_v1_inline,v1,agent,filtro_tipo,created_at,asc,0,2,52.116,,
f1_v1_inline,v1,agent,filtro_tipo,created_at,asc,0,3,52.078,,
f1_v1_inline,v1,agent,filtro_tipo,created_at,asc,0,4,58.339,,
f1_v1_inline,v1,agent,filtro_tipo,created_at,asc,0,5,57.836,,
f1_v1_inline,v1,agent,filtro_tipo,created_at,asc,0,6,60.772,,
f1_v1_inline,v1,agent,filtro_tipo,created_at,desc,0,1,57.902,,
f1_v1_inline,v1,agent,filtro_tipo,created_at,desc,0,2,52.624,,
f1_v1_inline,v1,agent,filtro_tipo,created_at,desc,0,3,51.682,,
f1_v1_inline,v1,agent,filtro_tipo,created_at,desc,0,4,51.296,,
f1_v1_inline,v1,agent,filtro_tipo,created_at,desc,0,5,54.936,,
f1_v1_inline,v1,agent,filtro_tipo,created_at,desc,0,6,70.709,,
f1_v1_inline,v1,agent,filtro_tipo,company,asc,0,1,75.452,,
f1_v1_inline,v1,agent,filtro_tipo,company,asc,0,2,62.447,,
f1_v1_inline,v1,agent,filtro_tipo,company,asc,0,3,53.642,,
f1_v1_inline,v1,agent,filtro_tipo,company,asc,0,4,54.801,,
f1_v1_inline,v1,agent,filtro_tipo,company,asc,0,5,56.969,,
f1_v1_inline,v1,agent,filtro_tipo,company,asc,0,6,55.071,,
f1_v1_inline,v1,agent,filtro_tipo,company,desc,0,1,53.176,,
f1_v1_inline,v1,agent,filtro_tipo,company,desc,0,2,54.624,,
f1_v1_inline,v1,agent,filtro_tipo,company,desc,0,3,51.515,,
f1_v1_inline,v1,agent,filtro_tipo,company,desc,0,4,53.857,,
f1_v1_inline,v1,agent,filtro_tipo,company,desc,0,5,54.826,,
f1_v1_inline,v1,agent,filtro_tipo,company,desc,0,6,55.718,,
f1_v1_inline,v1,agent,filtro_tag,name,asc,0,1,56.162,,
f1_v1_inline,v1,agent,filtro_tag,name,asc,0,2,57.9,,
f1_v1_inline,v1,agent,filtro_tag,name,asc,0,3,55.003,,
f1_v1_inline,v1,agent,filtro_tag,name,asc,0,4,57.911,,
f1_v1_inline,v1,agent,filtro_tag,name,asc,0,5,62.409,,
f1_v1_inline,v1,agent,filtro_tag,name,asc,0,6,69.952,,
f1_v1_inline,v1,agent,filtro_tag,name,desc,0,1,64.434,,
f1_v1_inline,v1,agent,filtro_tag,name,desc,0,2,61.163,,
f1_v1_inline,v1,agent,filtro_tag,name,desc,0,3,58.914,,
f1_v1_inline,v1,agent,filtro_tag,name,desc,0,4,59.828,,
f1_v1_inline,v1,agent,filtro_tag,name,desc,0,5,64.592,,
f1_v1_inline,v1,agent,filtro_tag,name,desc,0,6,55.757,,
f1_v1_inline,v1,agent,filtro_tag,created_at,asc,0,1,57.084,,
f1_v1_inline,v1,agent,filtro_tag,created_at,asc,0,2,63.28,,
f1_v1_inline,v1,agent,filtro_tag,created_at,asc,0,3,59.469,,
f1_v1_inline,v1,agent,filtro_tag,created_at,asc,0,4,62.448,,
f1_v1_inline,v1,agent,filtro_tag,created_at,asc,0,5,55.325,,
f1_v1_inline,v1,agent,filtro_tag,created_at,asc,0,6,54.072,,
f1_v1_inline,v1,agent,filtro_tag,created_at,desc,0,1,52.639,,
f1_v1_inline,v1,agent,filtro_tag,created_at,desc,0,2,52.437,,
f1_v1_inline,v1,agent,filtro_tag,created_at,desc,0,3,55.169,,
f1_v1_inline,v1,agent,filtro_tag,created_at,desc,0,4,59.413,,
f1_v1_inline,v1,agent,filtro_tag,created_at,desc,0,5,57.124,,
f1_v1_inline,v1,agent,filtro_tag,created_at,desc,0,6,54.88,,
f1_v1_inline,v1,agent,filtro_tag,company,asc,0,1,54.95,,
f1_v1_inline,v1,agent,filtro_tag,company,asc,0,2,56.528,,
f1_v1_inline,v1,agent,filtro_tag,company,asc,0,3,54.605,,
f1_v1_inline,v1,agent,filtro_tag,company,asc,0,4,51.693,,
f1_v1_inline,v1,agent,filtro_tag,company,asc,0,5,54.29,,
f1_v1_inline,v1,agent,filtro_tag,company,asc,0,6,51.657,,
f1_v1_inline,v1,agent,filtro_tag,company,desc,0,1,51.62,,
f1_v1_inline,v1,agent,filtro_tag,company,desc,0,2,51.154,,
f1_v1_inline,v1,agent,filtro_tag,company,desc,0,3,53.009,,
f1_v1_inline,v1,agent,filtro_tag,company,desc,0,4,54.007,,
f1_v1_inline,v1,agent,filtro_tag,company,desc,0,5,58.569,,
f1_v1_inline,v1,agent,filtro_tag,company,desc,0,6,54.532,,
f1_v1_inline,v1,agent,intervalo_data,name,asc,0,1,57.323,,
f1_v1_inline,v1,agent,intervalo_data,name,asc,0,2,57.691,,
f1_v1_inline,v1,agent,intervalo_data,name,asc,0,3,59.891,,
f1_v1_inline,v1,agent,intervalo_data,name,asc,0,4,57.663,,
f1_v1_inline,v1,agent,intervalo_data,name,asc,0,5,57.078,,
f1_v1_inline,v1,agent,intervalo_data,name,asc,0,6,59.667,,
f1_v1_inline,v1,agent,intervalo_data,name,desc,0,1,56.972,,
f1_v1_inline,v1,agent,intervalo_data,name,desc,0,2,54.506,,
f1_v1_inline,v1,agent,intervalo_data,name,desc,0,3,53.782,,
f1_v1_inline,v1,agent,intervalo_data,name,desc,0,4,62.072,,
f1_v1_inline,v1,agent,intervalo_data,name,desc,0,5,62.783,,
f1_v1_inline,v1,agent,intervalo_data,name,desc,0,6,66.328,,
f1_v1_inline,v1,agent,intervalo_data,created_at,asc,0,1,65.547,,
f1_v1_inline,v1,agent,intervalo_data,created_at,asc,0,2,67.346,,
f1_v1_inline,v1,agent,intervalo_data,created_at,asc,0,3,63.914,,
f1_v1_inline,v1,agent,intervalo_data,created_at,asc,0,4,71.732,,
f1_v1_inline,v1,agent,intervalo_data,created_at,asc,0,5,69.619,,
f1_v1_inline,v1,agent,intervalo_data,created_at,asc,0,6,72.945,,
f1_v1_inline,v1,agent,intervalo_data,created_at,desc,0,1,69.177,,
f1_v1_inline,v1,agent,intervalo_data,created_at,desc,0,2,63.527,,
f1_v1_inline,v1,agent,intervalo_data,created_at,desc,0,3,57.935,,
f1_v1_inline,v1,agent,intervalo_data,created_at,desc,0,4,65.651,,
f1_v1_inline,v1,agent,intervalo_data,created_at,desc,0,5,62.565,,
f1_v1_inline,v1,agent,intervalo_data,created_at,desc,0,6,54.071,,
f1_v1_inline,v1,agent,intervalo_data,company,asc,0,1,54.594,,
f1_v1_inline,v1,agent,intervalo_data,company,asc,0,2,57.672,,
f1_v1_inline,v1,agent,intervalo_data,company,asc,0,3,57.367,,
f1_v1_inline,v1,agent,intervalo_data,company,asc,0,4,56.24,,
f1_v1_inline,v1,agent,intervalo_data,company,asc,0,5,53.718,,
f1_v1_inline,v1,agent,intervalo_data,company,asc,0,6,51.916,,
f1_v1_inline,v1,agent,intervalo_data,company,desc,0,1,56.342,,
f1_v1_inline,v1,agent,intervalo_data,company,desc,0,2,53.232,,
f1_v1_inline,v1,agent,intervalo_data,company,desc,0,3,54.616,,
f1_v1_inline,v1,agent,intervalo_data,company,desc,0,4,58.487,,
f1_v1_inline,v1,agent,intervalo_data,company,desc,0,5,61.551,,
f1_v1_inline,v1,agent,intervalo_data,company,desc,0,6,58.937,,
f1_v1_inline,v1,agent,combinado,name,asc,0,1,8.097,,
f1_v1_inline,v1,agent,combinado,name,asc,0,2,6.028,,
f1_v1_inline,v1,agent,combinado,name,asc,0,3,6.766,,
f1_v1_inline,v1,agent,combinado,name,asc,0,4,7.25,,
f1_v1_inline,v1,agent,combinado,name,asc,0,5,6.448,,
f1_v1_inline,v1,agent,combinado,name,asc,0,6,8.448,,
f1_v1_inline,v1,agent,combinado,name,desc,0,1,7.082,,
f1_v1_inline,v1,agent,combinado,name,desc,0,2,7.559,,
f1_v1_inline,v1,agent,combinado,name,desc,0,3,7.194,,
f1_v1_inline,v1,agent,combinado,name,desc,0,4,7.077,,
f1_v1_inline,v1,agent,combinado,name,desc,0,5,6.99,,
f1_v1_inline,v1,agent,combinado,name,desc,0,6,6.894,,
f1_v1_inline,v1,agent,combinado,created_at,asc,0,1,7.217,,
f1_v1_inline,v1,agent,combinado,created_at,asc,0,2,10.12,,
f1_v1_inline,v1,agent,combinado,created_at,asc,0,3,7.276,,
f1_v1_inline,v1,agent,combinado,created_at,asc,0,4,6.789,,
f1_v1_inline,v1,agent,combinado,created_at,asc,0,5,7.303,,
f1_v1_inline,v1,agent,combinado,created_at,asc,0,6,6.57,,
f1_v1_inline,v1,agent,combinado,created_at,desc,0,1,6.81,,
f1_v1_inline,v1,agent,combinado,created_at,desc,0,2,6.884,,
f1_v1_inline,v1,agent,combinado,created_at,desc,0,3,6.67,,
f1_v1_inline,v1,agent,combinado,created_at,desc,0,4,8.654,,
f1_v1_inline,v1,agent,combinado,created_at,desc,0,5,6.726,,
f1_v1_inline,v1,agent,combinado,created_at,desc,0,6,6.865,,
f1_v1_inline,v1,agent,combinado,company,asc,0,1,6.355,,
f1_v1_inline,v1,agent,combinado,company,asc,0,2,6.538,,
f1_v1_inline,v1,agent,combinado,company,asc,0,3,6.666,,
f1_v1_inline,v1,agent,combinado,company,asc,0,4,5.243,,
f1_v1_inline,v1,agent,combinado,company,asc,0,5,5.275,,
f1_v1_inline,v1,agent,combinado,company,asc,0,6,6.088,,
f1_v1_inline,v1,agent,combinado,company,desc,0,1,5.568,,
f1_v1_inline,v1,agent,combinado,company,desc,0,2,5.746,,
f1_v1_inline,v1,agent,combinado,company,desc,0,3,6.315,,
f1_v1_inline,v1,agent,combinado,company,desc,0,4,5.447,,
f1_v1_inline,v1,agent,combinado,company,desc,0,5,5.799,,
f1_v1_inline,v1,agent,combinado,company,desc,0,6,5.34,,
f1_v2_branch,v2,agent,__overhead_wrapper__,-,-,-1,0,0.309,0,0
f1_v2_branch,v2,agent,sem_filtro,name,asc,0,1,544.087,,
f1_v2_branch,v2,agent,sem_filtro,name,asc,0,2,542.659,,
f1_v2_branch,v2,agent,sem_filtro,name,asc,0,3,540.598,,
f1_v2_branch,v2,agent,sem_filtro,name,asc,0,4,557.909,,
f1_v2_branch,v2,agent,sem_filtro,name,asc,0,5,565.844,,
f1_v2_branch,v2,agent,sem_filtro,name,asc,0,6,577.568,,
f1_v2_branch,v2,agent,sem_filtro,name,desc,0,1,542.969,,
f1_v2_branch,v2,agent,sem_filtro,name,desc,0,2,585.48,,
f1_v2_branch,v2,agent,sem_filtro,name,desc,0,3,536.408,,
f1_v2_branch,v2,agent,sem_filtro,name,desc,0,4,558.392,,
f1_v2_branch,v2,agent,sem_filtro,name,desc,0,5,613.674,,
f1_v2_branch,v2,agent,sem_filtro,name,desc,0,6,533.365,,
f1_v2_branch,v2,agent,sem_filtro,created_at,asc,0,1,552.616,,
f1_v2_branch,v2,agent,sem_filtro,created_at,asc,0,2,529.226,,
f1_v2_branch,v2,agent,sem_filtro,created_at,asc,0,3,535.325,,
f1_v2_branch,v2,agent,sem_filtro,created_at,asc,0,4,531.111,,
f1_v2_branch,v2,agent,sem_filtro,created_at,asc,0,5,528.638,,
f1_v2_branch,v2,agent,sem_filtro,created_at,asc,0,6,553.03,,
f1_v2_branch,v2,agent,sem_filtro,created_at,desc,0,1,529.222,,
f1_v2_branch,v2,agent,sem_filtro,created_at,desc,0,2,-487.887,,
f1_v2_branch,v2,agent,sem_filtro,created_at,desc,0,3,538.257,,
f1_v2_branch,v2,agent,sem_filtro,created_at,desc,0,4,579.835,,
f1_v2_branch,v2,agent,sem_filtro,created_at,desc,0,5,542.855,,
f1_v2_branch,v2,agent,sem_filtro,created_at,desc,0,6,563.929,,
f1_v2_branch,v2,agent,sem_filtro,company,asc,0,1,519.502,,
f1_v2_branch,v2,agent,sem_filtro,company,asc,0,2,543.434,,
f1_v2_branch,v2,agent,sem_filtro,company,asc,0,3,539.506,,
f1_v2_branch,v2,agent,sem_filtro,company,asc,0,4,535.628,,
f1_v2_branch,v2,agent,sem_filtro,company,asc,0,5,572.691,,
f1_v2_branch,v2,agent,sem_filtro,company,asc,0,6,527.515,,
f1_v2_branch,v2,agent,sem_filtro,company,desc,0,1,511.404,,
f1_v2_branch,v2,agent,sem_filtro,company,desc,0,2,523.325,,
f1_v2_branch,v2,agent,sem_filtro,company,desc,0,3,530.543,,
f1_v2_branch,v2,agent,sem_filtro,company,desc,0,4,550.682,,
f1_v2_branch,v2,agent,sem_filtro,company,desc,0,5,573.73,,
f1_v2_branch,v2,agent,sem_filtro,company,desc,0,6,569.722,,
f1_v2_branch,v2,agent,termo_nome_5ch,name,asc,0,1,214.979,,
f1_v2_branch,v2,agent,termo_nome_5ch,name,asc,0,2,195.302,,
f1_v2_branch,v2,agent,termo_nome_5ch,name,asc,0,3,191.769,,
f1_v2_branch,v2,agent,termo_nome_5ch,name,asc,0,4,188.545,,
f1_v2_branch,v2,agent,termo_nome_5ch,name,asc,0,5,198.752,,
f1_v2_branch,v2,agent,termo_nome_5ch,name,asc,0,6,194.1,,
f1_v2_branch,v2,agent,termo_nome_5ch,name,desc,0,1,196.194,,
f1_v2_branch,v2,agent,termo_nome_5ch,name,desc,0,2,188.935,,
f1_v2_branch,v2,agent,termo_nome_5ch,name,desc,0,3,175.23,,
f1_v2_branch,v2,agent,termo_nome_5ch,name,desc,0,4,178.93,,
f1_v2_branch,v2,agent,termo_nome_5ch,name,desc,0,5,182.906,,
f1_v2_branch,v2,agent,termo_nome_5ch,name,desc,0,6,201.048,,
f1_v2_branch,v2,agent,termo_nome_5ch,created_at,asc,0,1,187.253,,
f1_v2_branch,v2,agent,termo_nome_5ch,created_at,asc,0,2,186.214,,
f1_v2_branch,v2,agent,termo_nome_5ch,created_at,asc,0,3,193.865,,
f1_v2_branch,v2,agent,termo_nome_5ch,created_at,asc,0,4,192.674,,
f1_v2_branch,v2,agent,termo_nome_5ch,created_at,asc,0,5,186.564,,
f1_v2_branch,v2,agent,termo_nome_5ch,created_at,asc,0,6,206.737,,
f1_v2_branch,v2,agent,termo_nome_5ch,created_at,desc,0,1,187.781,,
f1_v2_branch,v2,agent,termo_nome_5ch,created_at,desc,0,2,192.733,,
f1_v2_branch,v2,agent,termo_nome_5ch,created_at,desc,0,3,184.688,,
f1_v2_branch,v2,agent,termo_nome_5ch,created_at,desc,0,4,199.172,,
f1_v2_branch,v2,agent,termo_nome_5ch,created_at,desc,0,5,194.628,,
f1_v2_branch,v2,agent,termo_nome_5ch,created_at,desc,0,6,186.419,,
f1_v2_branch,v2,agent,termo_nome_5ch,company,asc,0,1,190.827,,
f1_v2_branch,v2,agent,termo_nome_5ch,company,asc,0,2,181.604,,
f1_v2_branch,v2,agent,termo_nome_5ch,company,asc,0,3,184.37,,
f1_v2_branch,v2,agent,termo_nome_5ch,company,asc,0,4,187.589,,
f1_v2_branch,v2,agent,termo_nome_5ch,company,asc,0,5,188.585,,
f1_v2_branch,v2,agent,termo_nome_5ch,company,asc,0,6,189.706,,
f1_v2_branch,v2,agent,termo_nome_5ch,company,desc,0,1,199.303,,
f1_v2_branch,v2,agent,termo_nome_5ch,company,desc,0,2,216.373,,
f1_v2_branch,v2,agent,termo_nome_5ch,company,desc,0,3,207.099,,
f1_v2_branch,v2,agent,termo_nome_5ch,company,desc,0,4,189.972,,
f1_v2_branch,v2,agent,termo_nome_5ch,company,desc,0,5,206.115,,
f1_v2_branch,v2,agent,termo_nome_5ch,company,desc,0,6,210.248,,
f1_v2_branch,v2,agent,termo_empresa,name,asc,0,1,185.45,,
f1_v2_branch,v2,agent,termo_empresa,name,asc,0,2,188.301,,
f1_v2_branch,v2,agent,termo_empresa,name,asc,0,3,184.946,,
f1_v2_branch,v2,agent,termo_empresa,name,asc,0,4,180.824,,
f1_v2_branch,v2,agent,termo_empresa,name,asc,0,5,184.768,,
f1_v2_branch,v2,agent,termo_empresa,name,asc,0,6,183.643,,
f1_v2_branch,v2,agent,termo_empresa,name,desc,0,1,194.142,,
f1_v2_branch,v2,agent,termo_empresa,name,desc,0,2,193.924,,
f1_v2_branch,v2,agent,termo_empresa,name,desc,0,3,192.619,,
f1_v2_branch,v2,agent,termo_empresa,name,desc,0,4,198.341,,
f1_v2_branch,v2,agent,termo_empresa,name,desc,0,5,185.147,,
f1_v2_branch,v2,agent,termo_empresa,name,desc,0,6,186.64,,
f1_v2_branch,v2,agent,termo_empresa,created_at,asc,0,1,192.85,,
f1_v2_branch,v2,agent,termo_empresa,created_at,asc,0,2,209.468,,
f1_v2_branch,v2,agent,termo_empresa,created_at,asc,0,3,185.419,,
f1_v2_branch,v2,agent,termo_empresa,created_at,asc,0,4,206.523,,
f1_v2_branch,v2,agent,termo_empresa,created_at,asc,0,5,200.8,,
f1_v2_branch,v2,agent,termo_empresa,created_at,asc,0,6,195.322,,
f1_v2_branch,v2,agent,termo_empresa,created_at,desc,0,1,192.025,,
f1_v2_branch,v2,agent,termo_empresa,created_at,desc,0,2,219.705,,
f1_v2_branch,v2,agent,termo_empresa,created_at,desc,0,3,204.343,,
f1_v2_branch,v2,agent,termo_empresa,created_at,desc,0,4,205.957,,
f1_v2_branch,v2,agent,termo_empresa,created_at,desc,0,5,193.978,,
f1_v2_branch,v2,agent,termo_empresa,created_at,desc,0,6,218.231,,
f1_v2_branch,v2,agent,termo_empresa,company,asc,0,1,236.946,,
f1_v2_branch,v2,agent,termo_empresa,company,asc,0,2,193.027,,
f1_v2_branch,v2,agent,termo_empresa,company,asc,0,3,189.301,,
f1_v2_branch,v2,agent,termo_empresa,company,asc,0,4,191.166,,
f1_v2_branch,v2,agent,termo_empresa,company,asc,0,5,187.335,,
f1_v2_branch,v2,agent,termo_empresa,company,asc,0,6,191.322,,
f1_v2_branch,v2,agent,termo_empresa,company,desc,0,1,187.45,,
f1_v2_branch,v2,agent,termo_empresa,company,desc,0,2,200.844,,
f1_v2_branch,v2,agent,termo_empresa,company,desc,0,3,236.276,,
f1_v2_branch,v2,agent,termo_empresa,company,desc,0,4,211.566,,
f1_v2_branch,v2,agent,termo_empresa,company,desc,0,5,199.293,,
f1_v2_branch,v2,agent,termo_empresa,company,desc,0,6,190.876,,
f1_v2_branch,v2,agent,filtro_tipo,name,asc,0,1,113.005,,
f1_v2_branch,v2,agent,filtro_tipo,name,asc,0,2,114.505,,
f1_v2_branch,v2,agent,filtro_tipo,name,asc,0,3,122.482,,
f1_v2_branch,v2,agent,filtro_tipo,name,asc,0,4,119.348,,
f1_v2_branch,v2,agent,filtro_tipo,name,asc,0,5,124.061,,
f1_v2_branch,v2,agent,filtro_tipo,name,asc,0,6,132.635,,
f1_v2_branch,v2,agent,filtro_tipo,name,desc,0,1,131.862,,
f1_v2_branch,v2,agent,filtro_tipo,name,desc,0,2,116.763,,
f1_v2_branch,v2,agent,filtro_tipo,name,desc,0,3,122.262,,
f1_v2_branch,v2,agent,filtro_tipo,name,desc,0,4,112.868,,
f1_v2_branch,v2,agent,filtro_tipo,name,desc,0,5,110.88,,
f1_v2_branch,v2,agent,filtro_tipo,name,desc,0,6,113.288,,
f1_v2_branch,v2,agent,filtro_tipo,created_at,asc,0,1,115.1,,
f1_v2_branch,v2,agent,filtro_tipo,created_at,asc,0,2,135.144,,
f1_v2_branch,v2,agent,filtro_tipo,created_at,asc,0,3,135.044,,
f1_v2_branch,v2,agent,filtro_tipo,created_at,asc,0,4,121.094,,
f1_v2_branch,v2,agent,filtro_tipo,created_at,asc,0,5,112.773,,
f1_v2_branch,v2,agent,filtro_tipo,created_at,asc,0,6,112.8,,
f1_v2_branch,v2,agent,filtro_tipo,created_at,desc,0,1,108.678,,
f1_v2_branch,v2,agent,filtro_tipo,created_at,desc,0,2,107.892,,
f1_v2_branch,v2,agent,filtro_tipo,created_at,desc,0,3,106.097,,
f1_v2_branch,v2,agent,filtro_tipo,created_at,desc,0,4,107.709,,
f1_v2_branch,v2,agent,filtro_tipo,created_at,desc,0,5,120.891,,
f1_v2_branch,v2,agent,filtro_tipo,created_at,desc,0,6,111.797,,
f1_v2_branch,v2,agent,filtro_tipo,company,asc,0,1,107.874,,
f1_v2_branch,v2,agent,filtro_tipo,company,asc,0,2,102.726,,
f1_v2_branch,v2,agent,filtro_tipo,company,asc,0,3,106.924,,
f1_v2_branch,v2,agent,filtro_tipo,company,asc,0,4,106.549,,
f1_v2_branch,v2,agent,filtro_tipo,company,asc,0,5,102.836,,
f1_v2_branch,v2,agent,filtro_tipo,company,asc,0,6,105.21,,
f1_v2_branch,v2,agent,filtro_tipo,company,desc,0,1,102.212,,
f1_v2_branch,v2,agent,filtro_tipo,company,desc,0,2,102.155,,
f1_v2_branch,v2,agent,filtro_tipo,company,desc,0,3,111.245,,
f1_v2_branch,v2,agent,filtro_tipo,company,desc,0,4,107.552,,
f1_v2_branch,v2,agent,filtro_tipo,company,desc,0,5,111.57,,
f1_v2_branch,v2,agent,filtro_tipo,company,desc,0,6,103.088,,
f1_v2_branch,v2,agent,filtro_tag,name,asc,0,1,64.184,,
f1_v2_branch,v2,agent,filtro_tag,name,asc,0,2,64.986,,
f1_v2_branch,v2,agent,filtro_tag,name,asc,0,3,60.414,,
f1_v2_branch,v2,agent,filtro_tag,name,asc,0,4,62.227,,
f1_v2_branch,v2,agent,filtro_tag,name,asc,0,5,63.344,,
f1_v2_branch,v2,agent,filtro_tag,name,asc,0,6,60.349,,
f1_v2_branch,v2,agent,filtro_tag,name,desc,0,1,61.036,,
f1_v2_branch,v2,agent,filtro_tag,name,desc,0,2,67.026,,
f1_v2_branch,v2,agent,filtro_tag,name,desc,0,3,67.453,,
f1_v2_branch,v2,agent,filtro_tag,name,desc,0,4,72.082,,
f1_v2_branch,v2,agent,filtro_tag,name,desc,0,5,65.584,,
f1_v2_branch,v2,agent,filtro_tag,name,desc,0,6,64.298,,
f1_v2_branch,v2,agent,filtro_tag,created_at,asc,0,1,59.69,,
f1_v2_branch,v2,agent,filtro_tag,created_at,asc,0,2,62.425,,
f1_v2_branch,v2,agent,filtro_tag,created_at,asc,0,3,62.37,,
f1_v2_branch,v2,agent,filtro_tag,created_at,asc,0,4,61.526,,
f1_v2_branch,v2,agent,filtro_tag,created_at,asc,0,5,59.396,,
f1_v2_branch,v2,agent,filtro_tag,created_at,asc,0,6,61.726,,
f1_v2_branch,v2,agent,filtro_tag,created_at,desc,0,1,60.642,,
f1_v2_branch,v2,agent,filtro_tag,created_at,desc,0,2,63.514,,
f1_v2_branch,v2,agent,filtro_tag,created_at,desc,0,3,60.605,,
f1_v2_branch,v2,agent,filtro_tag,created_at,desc,0,4,60.892,,
f1_v2_branch,v2,agent,filtro_tag,created_at,desc,0,5,61.109,,
f1_v2_branch,v2,agent,filtro_tag,created_at,desc,0,6,57.161,,
f1_v2_branch,v2,agent,filtro_tag,company,asc,0,1,56.848,,
f1_v2_branch,v2,agent,filtro_tag,company,asc,0,2,60.066,,
f1_v2_branch,v2,agent,filtro_tag,company,asc,0,3,62.553,,
f1_v2_branch,v2,agent,filtro_tag,company,asc,0,4,71.643,,
f1_v2_branch,v2,agent,filtro_tag,company,asc,0,5,93.205,,
f1_v2_branch,v2,agent,filtro_tag,company,asc,0,6,73.185,,
f1_v2_branch,v2,agent,filtro_tag,company,desc,0,1,69.221,,
f1_v2_branch,v2,agent,filtro_tag,company,desc,0,2,64.027,,
f1_v2_branch,v2,agent,filtro_tag,company,desc,0,3,58.578,,
f1_v2_branch,v2,agent,filtro_tag,company,desc,0,4,59.287,,
f1_v2_branch,v2,agent,filtro_tag,company,desc,0,5,62.804,,
f1_v2_branch,v2,agent,filtro_tag,company,desc,0,6,59.216,,
f1_v2_branch,v2,agent,intervalo_data,name,asc,0,1,114.134,,
f1_v2_branch,v2,agent,intervalo_data,name,asc,0,2,119.84,,
f1_v2_branch,v2,agent,intervalo_data,name,asc,0,3,138.17,,
f1_v2_branch,v2,agent,intervalo_data,name,asc,0,4,126.857,,
f1_v2_branch,v2,agent,intervalo_data,name,asc,0,5,115.509,,
f1_v2_branch,v2,agent,intervalo_data,name,asc,0,6,113.419,,
f1_v2_branch,v2,agent,intervalo_data,name,desc,0,1,118.807,,
f1_v2_branch,v2,agent,intervalo_data,name,desc,0,2,115.249,,
f1_v2_branch,v2,agent,intervalo_data,name,desc,0,3,112.218,,
f1_v2_branch,v2,agent,intervalo_data,name,desc,0,4,109.201,,
f1_v2_branch,v2,agent,intervalo_data,name,desc,0,5,120.592,,
f1_v2_branch,v2,agent,intervalo_data,name,desc,0,6,123.014,,
f1_v2_branch,v2,agent,intervalo_data,created_at,asc,0,1,120.75,,
f1_v2_branch,v2,agent,intervalo_data,created_at,asc,0,2,122.661,,
f1_v2_branch,v2,agent,intervalo_data,created_at,asc,0,3,113.991,,
f1_v2_branch,v2,agent,intervalo_data,created_at,asc,0,4,111.12,,
f1_v2_branch,v2,agent,intervalo_data,created_at,asc,0,5,114.977,,
f1_v2_branch,v2,agent,intervalo_data,created_at,asc,0,6,115.623,,
f1_v2_branch,v2,agent,intervalo_data,created_at,desc,0,1,116.252,,
f1_v2_branch,v2,agent,intervalo_data,created_at,desc,0,2,125.021,,
f1_v2_branch,v2,agent,intervalo_data,created_at,desc,0,3,113.761,,
f1_v2_branch,v2,agent,intervalo_data,created_at,desc,0,4,114.689,,
f1_v2_branch,v2,agent,intervalo_data,created_at,desc,0,5,110.506,,
f1_v2_branch,v2,agent,intervalo_data,created_at,desc,0,6,116.887,,
f1_v2_branch,v2,agent,intervalo_data,company,asc,0,1,121.262,,
f1_v2_branch,v2,agent,intervalo_data,company,asc,0,2,117.006,,
f1_v2_branch,v2,agent,intervalo_data,company,asc,0,3,111.385,,
f1_v2_branch,v2,agent,intervalo_data,company,asc,0,4,115.06,,
f1_v2_branch,v2,agent,intervalo_data,company,asc,0,5,120.85,,
f1_v2_branch,v2,agent,intervalo_data,company,asc,0,6,123.85,,
f1_v2_branch,v2,agent,intervalo_data,company,desc,0,1,116.273,,
f1_v2_branch,v2,agent,intervalo_data,company,desc,0,2,115.891,,
f1_v2_branch,v2,agent,intervalo_data,company,desc,0,3,119.127,,
f1_v2_branch,v2,agent,intervalo_data,company,desc,0,4,123.358,,
f1_v2_branch,v2,agent,intervalo_data,company,desc,0,5,117.986,,
f1_v2_branch,v2,agent,intervalo_data,company,desc,0,6,116.086,,
f1_v2_branch,v2,agent,combinado,name,asc,0,1,6.799,,
f1_v2_branch,v2,agent,combinado,name,asc,0,2,6.148,,
f1_v2_branch,v2,agent,combinado,name,asc,0,3,8.853,,
f1_v2_branch,v2,agent,combinado,name,asc,0,4,6.801,,
f1_v2_branch,v2,agent,combinado,name,asc,0,5,6.099,,
f1_v2_branch,v2,agent,combinado,name,asc,0,6,7.136,,
f1_v2_branch,v2,agent,combinado,name,desc,0,1,7.15,,
f1_v2_branch,v2,agent,combinado,name,desc,0,2,6.714,,
f1_v2_branch,v2,agent,combinado,name,desc,0,3,6.34,,
f1_v2_branch,v2,agent,combinado,name,desc,0,4,6.826,,
f1_v2_branch,v2,agent,combinado,name,desc,0,5,7.592,,
f1_v2_branch,v2,agent,combinado,name,desc,0,6,6.345,,
f1_v2_branch,v2,agent,combinado,created_at,asc,0,1,6.727,,
f1_v2_branch,v2,agent,combinado,created_at,asc,0,2,6.271,,
f1_v2_branch,v2,agent,combinado,created_at,asc,0,3,6.747,,
f1_v2_branch,v2,agent,combinado,created_at,asc,0,4,6.173,,
f1_v2_branch,v2,agent,combinado,created_at,asc,0,5,6.012,,
f1_v2_branch,v2,agent,combinado,created_at,asc,0,6,7.572,,
f1_v2_branch,v2,agent,combinado,created_at,desc,0,1,6.399,,
f1_v2_branch,v2,agent,combinado,created_at,desc,0,2,7.195,,
f1_v2_branch,v2,agent,combinado,created_at,desc,0,3,6.271,,
f1_v2_branch,v2,agent,combinado,created_at,desc,0,4,6.766,,
f1_v2_branch,v2,agent,combinado,created_at,desc,0,5,7.455,,
f1_v2_branch,v2,agent,combinado,created_at,desc,0,6,6.707,,
f1_v2_branch,v2,agent,combinado,company,asc,0,1,8.247,,
f1_v2_branch,v2,agent,combinado,company,asc,0,2,6.397,,
f1_v2_branch,v2,agent,combinado,company,asc,0,3,5.499,,
f1_v2_branch,v2,agent,combinado,company,asc,0,4,6.654,,
f1_v2_branch,v2,agent,combinado,company,asc,0,5,5.258,,
f1_v2_branch,v2,agent,combinado,company,asc,0,6,4.372,,
f1_v2_branch,v2,agent,combinado,company,desc,0,1,5.953,,
f1_v2_branch,v2,agent,combinado,company,desc,0,2,5.192,,
f1_v2_branch,v2,agent,combinado,company,desc,0,3,4.52,,
f1_v2_branch,v2,agent,combinado,company,desc,0,4,6.164,,
f1_v2_branch,v2,agent,combinado,company,desc,0,5,5.201,,
f1_v2_branch,v2,agent,combinado,company,desc,0,6,5.033,,
f2_v0_idx1,v0,agent,__overhead_wrapper__,-,-,-1,0,0.181,0,0
f2_v0_idx1,v0,agent,sem_filtro,name,asc,0,1,557.189,,
f2_v0_idx1,v0,agent,sem_filtro,name,asc,0,2,583.289,,
f2_v0_idx1,v0,agent,sem_filtro,name,asc,0,3,536.874,,
f2_v0_idx1,v0,agent,sem_filtro,name,asc,0,4,558.9,,
f2_v0_idx1,v0,agent,sem_filtro,name,asc,0,5,534.486,,
f2_v0_idx1,v0,agent,sem_filtro,name,asc,0,6,534.792,,
f2_v0_idx1,v0,agent,sem_filtro,name,asc,500,1,540.109,,
f2_v0_idx1,v0,agent,sem_filtro,name,asc,500,2,532.386,,
f2_v0_idx1,v0,agent,sem_filtro,name,asc,500,3,578.687,,
f2_v0_idx1,v0,agent,sem_filtro,name,asc,500,4,553.057,,
f2_v0_idx1,v0,agent,sem_filtro,name,asc,500,5,593.074,,
f2_v0_idx1,v0,agent,sem_filtro,name,asc,500,6,622.949,,
f2_v0_idx1,v0,agent,sem_filtro,name,desc,0,1,578.045,,
f2_v0_idx1,v0,agent,sem_filtro,name,desc,0,2,601.212,,
f2_v0_idx1,v0,agent,sem_filtro,name,desc,0,3,563.849,,
f2_v0_idx1,v0,agent,sem_filtro,name,desc,0,4,616.532,,
f2_v0_idx1,v0,agent,sem_filtro,name,desc,0,5,599.036,,
f2_v0_idx1,v0,agent,sem_filtro,name,desc,0,6,571.53,,
f2_v0_idx1,v0,agent,sem_filtro,name,desc,500,1,593.836,,
f2_v0_idx1,v0,agent,sem_filtro,name,desc,500,2,569.473,,
f2_v0_idx1,v0,agent,sem_filtro,name,desc,500,3,583.821,,
f2_v0_idx1,v0,agent,sem_filtro,name,desc,500,4,571.925,,
f2_v0_idx1,v0,agent,sem_filtro,name,desc,500,5,581.386,,
f2_v0_idx1,v0,agent,sem_filtro,name,desc,500,6,592.438,,
f2_v0_idx1,v0,agent,sem_filtro,created_at,asc,0,1,513.972,,
f2_v0_idx1,v0,agent,sem_filtro,created_at,asc,0,2,551.174,,
f2_v0_idx1,v0,agent,sem_filtro,created_at,asc,0,3,575.413,,
f2_v0_idx1,v0,agent,sem_filtro,created_at,asc,0,4,545.874,,
f2_v0_idx1,v0,agent,sem_filtro,created_at,asc,0,5,537.979,,
f2_v0_idx1,v0,agent,sem_filtro,created_at,asc,0,6,565.668,,
f2_v0_idx1,v0,agent,sem_filtro,created_at,asc,500,1,545.587,,
f2_v0_idx1,v0,agent,sem_filtro,created_at,asc,500,2,555.001,,
f2_v0_idx1,v0,agent,sem_filtro,created_at,asc,500,3,530.151,,
f2_v0_idx1,v0,agent,sem_filtro,created_at,asc,500,4,530.33,,
f2_v0_idx1,v0,agent,sem_filtro,created_at,asc,500,5,508.386,,
f2_v0_idx1,v0,agent,sem_filtro,created_at,asc,500,6,535.571,,
f2_v0_idx1,v0,agent,sem_filtro,created_at,desc,0,1,541.976,,
f2_v0_idx1,v0,agent,sem_filtro,created_at,desc,0,2,539.97,,
f2_v0_idx1,v0,agent,sem_filtro,created_at,desc,0,3,594.85,,
f2_v0_idx1,v0,agent,sem_filtro,created_at,desc,0,4,531.14,,
f2_v0_idx1,v0,agent,sem_filtro,created_at,desc,0,5,559.634,,
f2_v0_idx1,v0,agent,sem_filtro,created_at,desc,0,6,580.699,,
f2_v0_idx1,v0,agent,sem_filtro,created_at,desc,500,1,628.312,,
f2_v0_idx1,v0,agent,sem_filtro,created_at,desc,500,2,609.68,,
f2_v0_idx1,v0,agent,sem_filtro,created_at,desc,500,3,550.88,,
f2_v0_idx1,v0,agent,sem_filtro,created_at,desc,500,4,559.912,,
f2_v0_idx1,v0,agent,sem_filtro,created_at,desc,500,5,611.224,,
f2_v0_idx1,v0,agent,sem_filtro,created_at,desc,500,6,631.402,,
f2_v0_idx1,v0,agent,sem_filtro,company,asc,0,1,610.896,,
f2_v0_idx1,v0,agent,sem_filtro,company,asc,0,2,647.223,,
f2_v0_idx1,v0,agent,sem_filtro,company,asc,0,3,703.501,,
f2_v0_idx1,v0,agent,sem_filtro,company,asc,0,4,599.059,,
f2_v0_idx1,v0,agent,sem_filtro,company,asc,0,5,566.209,,
f2_v0_idx1,v0,agent,sem_filtro,company,asc,0,6,582.276,,
f2_v0_idx1,v0,agent,sem_filtro,company,asc,500,1,599.271,,
f2_v0_idx1,v0,agent,sem_filtro,company,asc,500,2,550.78,,
f2_v0_idx1,v0,agent,sem_filtro,company,asc,500,3,548.002,,
f2_v0_idx1,v0,agent,sem_filtro,company,asc,500,4,589.492,,
f2_v0_idx1,v0,agent,sem_filtro,company,asc,500,5,609.511,,
f2_v0_idx1,v0,agent,sem_filtro,company,asc,500,6,584.062,,
f2_v0_idx1,v0,agent,sem_filtro,company,desc,0,1,581.648,,
f2_v0_idx1,v0,agent,sem_filtro,company,desc,0,2,642.87,,
f2_v0_idx1,v0,agent,sem_filtro,company,desc,0,3,597.225,,
f2_v0_idx1,v0,agent,sem_filtro,company,desc,0,4,596.786,,
f2_v0_idx1,v0,agent,sem_filtro,company,desc,0,5,612.594,,
f2_v0_idx1,v0,agent,sem_filtro,company,desc,0,6,625.897,,
f2_v0_idx1,v0,agent,sem_filtro,company,desc,500,1,720.456,,
f2_v0_idx1,v0,agent,sem_filtro,company,desc,500,2,663.763,,
f2_v0_idx1,v0,agent,sem_filtro,company,desc,500,3,596.923,,
f2_v0_idx1,v0,agent,sem_filtro,company,desc,500,4,597.898,,
f2_v0_idx1,v0,agent,sem_filtro,company,desc,500,5,694.689,,
f2_v0_idx1,v0,agent,sem_filtro,company,desc,500,6,726.774,,
f2_v0_idx1,v0,agent,termo_nome_5ch,name,asc,0,1,268.204,,
f2_v0_idx1,v0,agent,termo_nome_5ch,name,asc,0,2,283.538,,
f2_v0_idx1,v0,agent,termo_nome_5ch,name,asc,0,3,252.686,,
f2_v0_idx1,v0,agent,termo_nome_5ch,name,asc,0,4,245.069,,
f2_v0_idx1,v0,agent,termo_nome_5ch,name,asc,0,5,240.91,,
f2_v0_idx1,v0,agent,termo_nome_5ch,name,asc,0,6,255.007,,
f2_v0_idx1,v0,agent,termo_nome_5ch,name,asc,500,1,228.09,,
f2_v0_idx1,v0,agent,termo_nome_5ch,name,asc,500,2,265.298,,
f2_v0_idx1,v0,agent,termo_nome_5ch,name,asc,500,3,239.422,,
f2_v0_idx1,v0,agent,termo_nome_5ch,name,asc,500,4,217.255,,
f2_v0_idx1,v0,agent,termo_nome_5ch,name,asc,500,5,241.282,,
f2_v0_idx1,v0,agent,termo_nome_5ch,name,asc,500,6,227.842,,
f2_v0_idx1,v0,agent,termo_nome_5ch,name,desc,0,1,287.067,,
f2_v0_idx1,v0,agent,termo_nome_5ch,name,desc,0,2,245.047,,
f2_v0_idx1,v0,agent,termo_nome_5ch,name,desc,0,3,242.865,,
f2_v0_idx1,v0,agent,termo_nome_5ch,name,desc,0,4,236.302,,
f2_v0_idx1,v0,agent,termo_nome_5ch,name,desc,0,5,228.061,,
f2_v0_idx1,v0,agent,termo_nome_5ch,name,desc,0,6,237.235,,
f2_v0_idx1,v0,agent,termo_nome_5ch,name,desc,500,1,215.53,,
f2_v0_idx1,v0,agent,termo_nome_5ch,name,desc,500,2,203.443,,
f2_v0_idx1,v0,agent,termo_nome_5ch,name,desc,500,3,195.242,,
f2_v0_idx1,v0,agent,termo_nome_5ch,name,desc,500,4,216.579,,
f2_v0_idx1,v0,agent,termo_nome_5ch,name,desc,500,5,229.705,,
f2_v0_idx1,v0,agent,termo_nome_5ch,name,desc,500,6,215.066,,
f2_v0_idx1,v0,agent,termo_nome_5ch,created_at,asc,0,1,199.099,,
f2_v0_idx1,v0,agent,termo_nome_5ch,created_at,asc,0,2,200.553,,
f2_v0_idx1,v0,agent,termo_nome_5ch,created_at,asc,0,3,219.384,,
f2_v0_idx1,v0,agent,termo_nome_5ch,created_at,asc,0,4,226.381,,
f2_v0_idx1,v0,agent,termo_nome_5ch,created_at,asc,0,5,236.754,,
f2_v0_idx1,v0,agent,termo_nome_5ch,created_at,asc,0,6,234.534,,
f2_v0_idx1,v0,agent,termo_nome_5ch,created_at,asc,500,1,226.539,,
f2_v0_idx1,v0,agent,termo_nome_5ch,created_at,asc,500,2,228.844,,
f2_v0_idx1,v0,agent,termo_nome_5ch,created_at,asc,500,3,227.911,,
f2_v0_idx1,v0,agent,termo_nome_5ch,created_at,asc,500,4,206.877,,
f2_v0_idx1,v0,agent,termo_nome_5ch,created_at,asc,500,5,216.903,,
f2_v0_idx1,v0,agent,termo_nome_5ch,created_at,asc,500,6,223.29,,
f2_v0_idx1,v0,agent,termo_nome_5ch,created_at,desc,0,1,196.048,,
f2_v0_idx1,v0,agent,termo_nome_5ch,created_at,desc,0,2,205.308,,
f2_v0_idx1,v0,agent,termo_nome_5ch,created_at,desc,0,3,226.165,,
f2_v0_idx1,v0,agent,termo_nome_5ch,created_at,desc,0,4,202.877,,
f2_v0_idx1,v0,agent,termo_nome_5ch,created_at,desc,0,5,206.136,,
f2_v0_idx1,v0,agent,termo_nome_5ch,created_at,desc,0,6,199.998,,
f2_v0_idx1,v0,agent,termo_nome_5ch,created_at,desc,500,1,222.729,,
f2_v0_idx1,v0,agent,termo_nome_5ch,created_at,desc,500,2,216.92,,
f2_v0_idx1,v0,agent,termo_nome_5ch,created_at,desc,500,3,201.553,,
f2_v0_idx1,v0,agent,termo_nome_5ch,created_at,desc,500,4,208.919,,
f2_v0_idx1,v0,agent,termo_nome_5ch,created_at,desc,500,5,202.027,,
f2_v0_idx1,v0,agent,termo_nome_5ch,created_at,desc,500,6,201.417,,
f2_v0_idx1,v0,agent,termo_nome_5ch,company,asc,0,1,206.654,,
f2_v0_idx1,v0,agent,termo_nome_5ch,company,asc,0,2,213.043,,
f2_v0_idx1,v0,agent,termo_nome_5ch,company,asc,0,3,195.312,,
f2_v0_idx1,v0,agent,termo_nome_5ch,company,asc,0,4,198.062,,
f2_v0_idx1,v0,agent,termo_nome_5ch,company,asc,0,5,209.051,,
f2_v0_idx1,v0,agent,termo_nome_5ch,company,asc,0,6,185.543,,
f2_v0_idx1,v0,agent,termo_nome_5ch,company,asc,500,1,216.221,,
f2_v0_idx1,v0,agent,termo_nome_5ch,company,asc,500,2,204.399,,
f2_v0_idx1,v0,agent,termo_nome_5ch,company,asc,500,3,192.498,,
f2_v0_idx1,v0,agent,termo_nome_5ch,company,asc,500,4,201.514,,
f2_v0_idx1,v0,agent,termo_nome_5ch,company,asc,500,5,186.149,,
f2_v0_idx1,v0,agent,termo_nome_5ch,company,asc,500,6,193.497,,
f2_v0_idx1,v0,agent,termo_nome_5ch,company,desc,0,1,198.032,,
f2_v0_idx1,v0,agent,termo_nome_5ch,company,desc,0,2,189.778,,
f2_v0_idx1,v0,agent,termo_nome_5ch,company,desc,0,3,186.591,,
f2_v0_idx1,v0,agent,termo_nome_5ch,company,desc,0,4,188.213,,
f2_v0_idx1,v0,agent,termo_nome_5ch,company,desc,0,5,206.486,,
f2_v0_idx1,v0,agent,termo_nome_5ch,company,desc,0,6,249.689,,
f2_v0_idx1,v0,agent,termo_nome_5ch,company,desc,500,1,226.001,,
f2_v0_idx1,v0,agent,termo_nome_5ch,company,desc,500,2,200.091,,
f2_v0_idx1,v0,agent,termo_nome_5ch,company,desc,500,3,186.909,,
f2_v0_idx1,v0,agent,termo_nome_5ch,company,desc,500,4,205.458,,
f2_v0_idx1,v0,agent,termo_nome_5ch,company,desc,500,5,200.084,,
f2_v0_idx1,v0,agent,termo_nome_5ch,company,desc,500,6,188.542,,
f2_v0_idx1,v0,agent,combinado,name,asc,0,1,5.98,,
f2_v0_idx1,v0,agent,combinado,name,asc,0,2,5.397,,
f2_v0_idx1,v0,agent,combinado,name,asc,0,3,5.686,,
f2_v0_idx1,v0,agent,combinado,name,asc,0,4,5.685,,
f2_v0_idx1,v0,agent,combinado,name,asc,0,5,5.217,,
f2_v0_idx1,v0,agent,combinado,name,asc,0,6,5.333,,
f2_v0_idx1,v0,agent,combinado,name,asc,500,1,5.344,,
f2_v0_idx1,v0,agent,combinado,name,asc,500,2,5.232,,
f2_v0_idx1,v0,agent,combinado,name,asc,500,3,5.09,,
f2_v0_idx1,v0,agent,combinado,name,asc,500,4,5.168,,
f2_v0_idx1,v0,agent,combinado,name,asc,500,5,5.526,,
f2_v0_idx1,v0,agent,combinado,name,asc,500,6,6.214,,
f2_v0_idx1,v0,agent,combinado,name,desc,0,1,6.1,,
f2_v0_idx1,v0,agent,combinado,name,desc,0,2,6.222,,
f2_v0_idx1,v0,agent,combinado,name,desc,0,3,6.01,,
f2_v0_idx1,v0,agent,combinado,name,desc,0,4,6.072,,
f2_v0_idx1,v0,agent,combinado,name,desc,0,5,6.16,,
f2_v0_idx1,v0,agent,combinado,name,desc,0,6,5.963,,
f2_v0_idx1,v0,agent,combinado,name,desc,500,1,5.765,,
f2_v0_idx1,v0,agent,combinado,name,desc,500,2,5.298,,
f2_v0_idx1,v0,agent,combinado,name,desc,500,3,5.17,,
f2_v0_idx1,v0,agent,combinado,name,desc,500,4,5.915,,
f2_v0_idx1,v0,agent,combinado,name,desc,500,5,5.617,,
f2_v0_idx1,v0,agent,combinado,name,desc,500,6,5.684,,
f2_v0_idx1,v0,agent,combinado,created_at,asc,0,1,5.27,,
f2_v0_idx1,v0,agent,combinado,created_at,asc,0,2,5.461,,
f2_v0_idx1,v0,agent,combinado,created_at,asc,0,3,6.304,,
f2_v0_idx1,v0,agent,combinado,created_at,asc,0,4,5.472,,
f2_v0_idx1,v0,agent,combinado,created_at,asc,0,5,5.976,,
f2_v0_idx1,v0,agent,combinado,created_at,asc,0,6,5.36,,
f2_v0_idx1,v0,agent,combinado,created_at,asc,500,1,5.201,,
f2_v0_idx1,v0,agent,combinado,created_at,asc,500,2,4.511,,
f2_v0_idx1,v0,agent,combinado,created_at,asc,500,3,4.942,,
f2_v0_idx1,v0,agent,combinado,created_at,asc,500,4,5.121,,
f2_v0_idx1,v0,agent,combinado,created_at,asc,500,5,5.118,,
f2_v0_idx1,v0,agent,combinado,created_at,asc,500,6,5.527,,
f2_v0_idx1,v0,agent,combinado,created_at,desc,0,1,5.503,,
f2_v0_idx1,v0,agent,combinado,created_at,desc,0,2,5.352,,
f2_v0_idx1,v0,agent,combinado,created_at,desc,0,3,5.758,,
f2_v0_idx1,v0,agent,combinado,created_at,desc,0,4,5.631,,
f2_v0_idx1,v0,agent,combinado,created_at,desc,0,5,5.741,,
f2_v0_idx1,v0,agent,combinado,created_at,desc,0,6,5.899,,
f2_v0_idx1,v0,agent,combinado,created_at,desc,500,1,5.695,,
f2_v0_idx1,v0,agent,combinado,created_at,desc,500,2,5.296,,
f2_v0_idx1,v0,agent,combinado,created_at,desc,500,3,6.028,,
f2_v0_idx1,v0,agent,combinado,created_at,desc,500,4,5.401,,
f2_v0_idx1,v0,agent,combinado,created_at,desc,500,5,4.714,,
f2_v0_idx1,v0,agent,combinado,created_at,desc,500,6,5.969,,
f2_v0_idx1,v0,agent,combinado,company,asc,0,1,5.379,,
f2_v0_idx1,v0,agent,combinado,company,asc,0,2,5.224,,
f2_v0_idx1,v0,agent,combinado,company,asc,0,3,5.812,,
f2_v0_idx1,v0,agent,combinado,company,asc,0,4,5.364,,
f2_v0_idx1,v0,agent,combinado,company,asc,0,5,5.136,,
f2_v0_idx1,v0,agent,combinado,company,asc,0,6,6.927,,
f2_v0_idx1,v0,agent,combinado,company,asc,500,1,5.692,,
f2_v0_idx1,v0,agent,combinado,company,asc,500,2,5.506,,
f2_v0_idx1,v0,agent,combinado,company,asc,500,3,5.357,,
f2_v0_idx1,v0,agent,combinado,company,asc,500,4,5.46,,
f2_v0_idx1,v0,agent,combinado,company,asc,500,5,4.535,,
f2_v0_idx1,v0,agent,combinado,company,asc,500,6,5.155,,
f2_v0_idx1,v0,agent,combinado,company,desc,0,1,5.426,,
f2_v0_idx1,v0,agent,combinado,company,desc,0,2,5.826,,
f2_v0_idx1,v0,agent,combinado,company,desc,0,3,6.136,,
f2_v0_idx1,v0,agent,combinado,company,desc,0,4,6.343,,
f2_v0_idx1,v0,agent,combinado,company,desc,0,5,5.677,,
f2_v0_idx1,v0,agent,combinado,company,desc,0,6,6.234,,
f2_v0_idx1,v0,agent,combinado,company,desc,500,1,6.295,,
f2_v0_idx1,v0,agent,combinado,company,desc,500,2,6.262,,
f2_v0_idx1,v0,agent,combinado,company,desc,500,3,6.348,,
f2_v0_idx1,v0,agent,combinado,company,desc,500,4,5.184,,
f2_v0_idx1,v0,agent,combinado,company,desc,500,5,5.583,,
f2_v0_idx1,v0,agent,combinado,company,desc,500,6,5.293,,
f3_v0_idx2,v0,agent,__overhead_wrapper__,-,-,-1,0,0.266,0,0
f3_v0_idx2,v0,agent,sem_filtro,name,asc,0,1,632.59,,
f3_v0_idx2,v0,agent,sem_filtro,name,asc,0,2,588.382,,
f3_v0_idx2,v0,agent,sem_filtro,name,asc,0,3,602.994,,
f3_v0_idx2,v0,agent,sem_filtro,name,asc,0,4,571.108,,
f3_v0_idx2,v0,agent,sem_filtro,name,asc,0,5,610.883,,
f3_v0_idx2,v0,agent,sem_filtro,name,asc,0,6,611.352,,
f3_v0_idx2,v0,agent,sem_filtro,name,asc,500,1,603.549,,
f3_v0_idx2,v0,agent,sem_filtro,name,asc,500,2,632.718,,
f3_v0_idx2,v0,agent,sem_filtro,name,asc,500,3,586.262,,
f3_v0_idx2,v0,agent,sem_filtro,name,asc,500,4,565.414,,
f3_v0_idx2,v0,agent,sem_filtro,name,asc,500,5,569.812,,
f3_v0_idx2,v0,agent,sem_filtro,name,asc,500,6,622.203,,
f3_v0_idx2,v0,agent,sem_filtro,name,desc,0,1,630.088,,
f3_v0_idx2,v0,agent,sem_filtro,name,desc,0,2,551.167,,
f3_v0_idx2,v0,agent,sem_filtro,name,desc,0,3,573.503,,
f3_v0_idx2,v0,agent,sem_filtro,name,desc,0,4,555.806,,
f3_v0_idx2,v0,agent,sem_filtro,name,desc,0,5,582.007,,
f3_v0_idx2,v0,agent,sem_filtro,name,desc,0,6,545.594,,
f3_v0_idx2,v0,agent,sem_filtro,name,desc,500,1,539.049,,
f3_v0_idx2,v0,agent,sem_filtro,name,desc,500,2,603.113,,
f3_v0_idx2,v0,agent,sem_filtro,name,desc,500,3,662.715,,
f3_v0_idx2,v0,agent,sem_filtro,name,desc,500,4,621.955,,
f3_v0_idx2,v0,agent,sem_filtro,name,desc,500,5,609.392,,
f3_v0_idx2,v0,agent,sem_filtro,name,desc,500,6,559.894,,
f3_v0_idx2,v0,agent,sem_filtro,created_at,asc,0,1,581.934,,
f3_v0_idx2,v0,agent,sem_filtro,created_at,asc,0,2,594.456,,
f3_v0_idx2,v0,agent,sem_filtro,created_at,asc,0,3,546.492,,
f3_v0_idx2,v0,agent,sem_filtro,created_at,asc,0,4,541.988,,
f3_v0_idx2,v0,agent,sem_filtro,created_at,asc,0,5,560.154,,
f3_v0_idx2,v0,agent,sem_filtro,created_at,asc,0,6,552.397,,
f3_v0_idx2,v0,agent,sem_filtro,created_at,asc,500,1,552.672,,
f3_v0_idx2,v0,agent,sem_filtro,created_at,asc,500,2,565.01,,
f3_v0_idx2,v0,agent,sem_filtro,created_at,asc,500,3,559.182,,
f3_v0_idx2,v0,agent,sem_filtro,created_at,asc,500,4,625.598,,
f3_v0_idx2,v0,agent,sem_filtro,created_at,asc,500,5,543.726,,
f3_v0_idx2,v0,agent,sem_filtro,created_at,asc,500,6,547.632,,
f3_v0_idx2,v0,agent,sem_filtro,created_at,desc,0,1,544.375,,
f3_v0_idx2,v0,agent,sem_filtro,created_at,desc,0,2,553.364,,
f3_v0_idx2,v0,agent,sem_filtro,created_at,desc,0,3,567.996,,
f3_v0_idx2,v0,agent,sem_filtro,created_at,desc,0,4,597.797,,
f3_v0_idx2,v0,agent,sem_filtro,created_at,desc,0,5,576.067,,
f3_v0_idx2,v0,agent,sem_filtro,created_at,desc,0,6,560.545,,
f3_v0_idx2,v0,agent,sem_filtro,created_at,desc,500,1,578.469,,
f3_v0_idx2,v0,agent,sem_filtro,created_at,desc,500,2,561.591,,
f3_v0_idx2,v0,agent,sem_filtro,created_at,desc,500,3,537.961,,
f3_v0_idx2,v0,agent,sem_filtro,created_at,desc,500,4,549.958,,
f3_v0_idx2,v0,agent,sem_filtro,created_at,desc,500,5,639.029,,
f3_v0_idx2,v0,agent,sem_filtro,created_at,desc,500,6,657.467,,
f3_v0_idx2,v0,agent,sem_filtro,company,asc,0,1,594.187,,
f3_v0_idx2,v0,agent,sem_filtro,company,asc,0,2,576.457,,
f3_v0_idx2,v0,agent,sem_filtro,company,asc,0,3,577.838,,
f3_v0_idx2,v0,agent,sem_filtro,company,asc,0,4,604.525,,
f3_v0_idx2,v0,agent,sem_filtro,company,asc,0,5,624.479,,
f3_v0_idx2,v0,agent,sem_filtro,company,asc,0,6,643.127,,
f3_v0_idx2,v0,agent,sem_filtro,company,asc,500,1,700.113,,
f3_v0_idx2,v0,agent,sem_filtro,company,asc,500,2,663.882,,
f3_v0_idx2,v0,agent,sem_filtro,company,asc,500,3,658.832,,
f3_v0_idx2,v0,agent,sem_filtro,company,asc,500,4,598.807,,
f3_v0_idx2,v0,agent,sem_filtro,company,asc,500,5,573.312,,
f3_v0_idx2,v0,agent,sem_filtro,company,asc,500,6,591.39,,
f3_v0_idx2,v0,agent,sem_filtro,company,desc,0,1,565.567,,
f3_v0_idx2,v0,agent,sem_filtro,company,desc,0,2,574.393,,
f3_v0_idx2,v0,agent,sem_filtro,company,desc,0,3,576.845,,
f3_v0_idx2,v0,agent,sem_filtro,company,desc,0,4,574.602,,
f3_v0_idx2,v0,agent,sem_filtro,company,desc,0,5,618.47,,
f3_v0_idx2,v0,agent,sem_filtro,company,desc,0,6,584.291,,
f3_v0_idx2,v0,agent,sem_filtro,company,desc,500,1,605.298,,
f3_v0_idx2,v0,agent,sem_filtro,company,desc,500,2,700.168,,
f3_v0_idx2,v0,agent,sem_filtro,company,desc,500,3,602.998,,
f3_v0_idx2,v0,agent,sem_filtro,company,desc,500,4,644.427,,
f3_v0_idx2,v0,agent,sem_filtro,company,desc,500,5,623.883,,
f3_v0_idx2,v0,agent,sem_filtro,company,desc,500,6,573.654,,
f3_v0_idx2,v0,agent,termo_nome_5ch,name,asc,0,1,79.674,,
f3_v0_idx2,v0,agent,termo_nome_5ch,name,asc,0,2,85.266,,
f3_v0_idx2,v0,agent,termo_nome_5ch,name,asc,0,3,82.31,,
f3_v0_idx2,v0,agent,termo_nome_5ch,name,asc,0,4,80.224,,
f3_v0_idx2,v0,agent,termo_nome_5ch,name,asc,0,5,79.716,,
f3_v0_idx2,v0,agent,termo_nome_5ch,name,asc,0,6,86.01,,
f3_v0_idx2,v0,agent,termo_nome_5ch,name,asc,500,1,97.079,,
f3_v0_idx2,v0,agent,termo_nome_5ch,name,asc,500,2,93.44,,
f3_v0_idx2,v0,agent,termo_nome_5ch,name,asc,500,3,87.248,,
f3_v0_idx2,v0,agent,termo_nome_5ch,name,asc,500,4,89.599,,
f3_v0_idx2,v0,agent,termo_nome_5ch,name,asc,500,5,84.214,,
f3_v0_idx2,v0,agent,termo_nome_5ch,name,asc,500,6,76.513,,
f3_v0_idx2,v0,agent,termo_nome_5ch,name,desc,0,1,74.724,,
f3_v0_idx2,v0,agent,termo_nome_5ch,name,desc,0,2,79.871,,
f3_v0_idx2,v0,agent,termo_nome_5ch,name,desc,0,3,86.242,,
f3_v0_idx2,v0,agent,termo_nome_5ch,name,desc,0,4,80.587,,
f3_v0_idx2,v0,agent,termo_nome_5ch,name,desc,0,5,80.099,,
f3_v0_idx2,v0,agent,termo_nome_5ch,name,desc,0,6,74.862,,
f3_v0_idx2,v0,agent,termo_nome_5ch,name,desc,500,1,78.819,,
f3_v0_idx2,v0,agent,termo_nome_5ch,name,desc,500,2,85.095,,
f3_v0_idx2,v0,agent,termo_nome_5ch,name,desc,500,3,75.709,,
f3_v0_idx2,v0,agent,termo_nome_5ch,name,desc,500,4,85.683,,
f3_v0_idx2,v0,agent,termo_nome_5ch,name,desc,500,5,77.695,,
f3_v0_idx2,v0,agent,termo_nome_5ch,name,desc,500,6,77.943,,
f3_v0_idx2,v0,agent,termo_nome_5ch,created_at,asc,0,1,75.492,,
f3_v0_idx2,v0,agent,termo_nome_5ch,created_at,asc,0,2,78.556,,
f3_v0_idx2,v0,agent,termo_nome_5ch,created_at,asc,0,3,77.025,,
f3_v0_idx2,v0,agent,termo_nome_5ch,created_at,asc,0,4,78.937,,
f3_v0_idx2,v0,agent,termo_nome_5ch,created_at,asc,0,5,77.79,,
f3_v0_idx2,v0,agent,termo_nome_5ch,created_at,asc,0,6,86.367,,
f3_v0_idx2,v0,agent,termo_nome_5ch,created_at,asc,500,1,85.983,,
f3_v0_idx2,v0,agent,termo_nome_5ch,created_at,asc,500,2,87.788,,
f3_v0_idx2,v0,agent,termo_nome_5ch,created_at,asc,500,3,84.219,,
f3_v0_idx2,v0,agent,termo_nome_5ch,created_at,asc,500,4,78.363,,
f3_v0_idx2,v0,agent,termo_nome_5ch,created_at,asc,500,5,78.023,,
f3_v0_idx2,v0,agent,termo_nome_5ch,created_at,asc,500,6,83.177,,
f3_v0_idx2,v0,agent,termo_nome_5ch,created_at,desc,0,1,80.217,,
f3_v0_idx2,v0,agent,termo_nome_5ch,created_at,desc,0,2,83.272,,
f3_v0_idx2,v0,agent,termo_nome_5ch,created_at,desc,0,3,78.963,,
f3_v0_idx2,v0,agent,termo_nome_5ch,created_at,desc,0,4,81.678,,
f3_v0_idx2,v0,agent,termo_nome_5ch,created_at,desc,0,5,81.934,,
f3_v0_idx2,v0,agent,termo_nome_5ch,created_at,desc,0,6,83.333,,
f3_v0_idx2,v0,agent,termo_nome_5ch,created_at,desc,500,1,105.714,,
f3_v0_idx2,v0,agent,termo_nome_5ch,created_at,desc,500,2,98.181,,
f3_v0_idx2,v0,agent,termo_nome_5ch,created_at,desc,500,3,97.745,,
f3_v0_idx2,v0,agent,termo_nome_5ch,created_at,desc,500,4,90.739,,
f3_v0_idx2,v0,agent,termo_nome_5ch,created_at,desc,500,5,88.21,,
f3_v0_idx2,v0,agent,termo_nome_5ch,created_at,desc,500,6,81.41,,
f3_v0_idx2,v0,agent,termo_nome_5ch,company,asc,0,1,85.697,,
f3_v0_idx2,v0,agent,termo_nome_5ch,company,asc,0,2,82.658,,
f3_v0_idx2,v0,agent,termo_nome_5ch,company,asc,0,3,80.581,,
f3_v0_idx2,v0,agent,termo_nome_5ch,company,asc,0,4,83.426,,
f3_v0_idx2,v0,agent,termo_nome_5ch,company,asc,0,5,84.183,,
f3_v0_idx2,v0,agent,termo_nome_5ch,company,asc,0,6,82.409,,
f3_v0_idx2,v0,agent,termo_nome_5ch,company,asc,500,1,80.61,,
f3_v0_idx2,v0,agent,termo_nome_5ch,company,asc,500,2,80.597,,
f3_v0_idx2,v0,agent,termo_nome_5ch,company,asc,500,3,75.682,,
f3_v0_idx2,v0,agent,termo_nome_5ch,company,asc,500,4,80.153,,
f3_v0_idx2,v0,agent,termo_nome_5ch,company,asc,500,5,85.319,,
f3_v0_idx2,v0,agent,termo_nome_5ch,company,asc,500,6,79.846,,
f3_v0_idx2,v0,agent,termo_nome_5ch,company,desc,0,1,72.615,,
f3_v0_idx2,v0,agent,termo_nome_5ch,company,desc,0,2,75.562,,
f3_v0_idx2,v0,agent,termo_nome_5ch,company,desc,0,3,85.691,,
f3_v0_idx2,v0,agent,termo_nome_5ch,company,desc,0,4,84.473,,
f3_v0_idx2,v0,agent,termo_nome_5ch,company,desc,0,5,82.572,,
f3_v0_idx2,v0,agent,termo_nome_5ch,company,desc,0,6,81.054,,
f3_v0_idx2,v0,agent,termo_nome_5ch,company,desc,500,1,86.343,,
f3_v0_idx2,v0,agent,termo_nome_5ch,company,desc,500,2,82.688,,
f3_v0_idx2,v0,agent,termo_nome_5ch,company,desc,500,3,86.799,,
f3_v0_idx2,v0,agent,termo_nome_5ch,company,desc,500,4,91.897,,
f3_v0_idx2,v0,agent,termo_nome_5ch,company,desc,500,5,91.363,,
f3_v0_idx2,v0,agent,termo_nome_5ch,company,desc,500,6,87.97,,
f3_v0_idx2,v0,agent,combinado,name,asc,0,1,5.825,,
f3_v0_idx2,v0,agent,combinado,name,asc,0,2,5.273,,
f3_v0_idx2,v0,agent,combinado,name,asc,0,3,5.048,,
f3_v0_idx2,v0,agent,combinado,name,asc,0,4,5.559,,
f3_v0_idx2,v0,agent,combinado,name,asc,0,5,4.94,,
f3_v0_idx2,v0,agent,combinado,name,asc,0,6,4.534,,
f3_v0_idx2,v0,agent,combinado,name,asc,500,1,5.173,,
f3_v0_idx2,v0,agent,combinado,name,asc,500,2,5.317,,
f3_v0_idx2,v0,agent,combinado,name,asc,500,3,4.879,,
f3_v0_idx2,v0,agent,combinado,name,asc,500,4,4.718,,
f3_v0_idx2,v0,agent,combinado,name,asc,500,5,5.471,,
f3_v0_idx2,v0,agent,combinado,name,asc,500,6,4.758,,
f3_v0_idx2,v0,agent,combinado,name,desc,0,1,4.238,,
f3_v0_idx2,v0,agent,combinado,name,desc,0,2,5.265,,
f3_v0_idx2,v0,agent,combinado,name,desc,0,3,4.679,,
f3_v0_idx2,v0,agent,combinado,name,desc,0,4,4.069,,
f3_v0_idx2,v0,agent,combinado,name,desc,0,5,4.206,,
f3_v0_idx2,v0,agent,combinado,name,desc,0,6,4.95,,
f3_v0_idx2,v0,agent,combinado,name,desc,500,1,4.51,,
f3_v0_idx2,v0,agent,combinado,name,desc,500,2,4.041,,
f3_v0_idx2,v0,agent,combinado,name,desc,500,3,4.705,,
f3_v0_idx2,v0,agent,combinado,name,desc,500,4,4.875,,
f3_v0_idx2,v0,agent,combinado,name,desc,500,5,4.619,,
f3_v0_idx2,v0,agent,combinado,name,desc,500,6,3.977,,
f3_v0_idx2,v0,agent,combinado,created_at,asc,0,1,4.627,,
f3_v0_idx2,v0,agent,combinado,created_at,asc,0,2,4.708,,
f3_v0_idx2,v0,agent,combinado,created_at,asc,0,3,4.155,,
f3_v0_idx2,v0,agent,combinado,created_at,asc,0,4,4.584,,
f3_v0_idx2,v0,agent,combinado,created_at,asc,0,5,4.793,,
f3_v0_idx2,v0,agent,combinado,created_at,asc,0,6,4.786,,
f3_v0_idx2,v0,agent,combinado,created_at,asc,500,1,4.068,,
f3_v0_idx2,v0,agent,combinado,created_at,asc,500,2,4.874,,
f3_v0_idx2,v0,agent,combinado,created_at,asc,500,3,5.357,,
f3_v0_idx2,v0,agent,combinado,created_at,asc,500,4,4.304,,
f3_v0_idx2,v0,agent,combinado,created_at,asc,500,5,3.897,,
f3_v0_idx2,v0,agent,combinado,created_at,asc,500,6,5.041,,
f3_v0_idx2,v0,agent,combinado,created_at,desc,0,1,4.989,,
f3_v0_idx2,v0,agent,combinado,created_at,desc,0,2,4.146,,
f3_v0_idx2,v0,agent,combinado,created_at,desc,0,3,5.358,,
f3_v0_idx2,v0,agent,combinado,created_at,desc,0,4,4.849,,
f3_v0_idx2,v0,agent,combinado,created_at,desc,0,5,4.262,,
f3_v0_idx2,v0,agent,combinado,created_at,desc,0,6,3.893,,
f3_v0_idx2,v0,agent,combinado,created_at,desc,500,1,4.773,,
f3_v0_idx2,v0,agent,combinado,created_at,desc,500,2,4.763,,
f3_v0_idx2,v0,agent,combinado,created_at,desc,500,3,4.549,,
f3_v0_idx2,v0,agent,combinado,created_at,desc,500,4,4.195,,
f3_v0_idx2,v0,agent,combinado,created_at,desc,500,5,4.84,,
f3_v0_idx2,v0,agent,combinado,created_at,desc,500,6,4.742,,
f3_v0_idx2,v0,agent,combinado,company,asc,0,1,4.321,,
f3_v0_idx2,v0,agent,combinado,company,asc,0,2,4.614,,
f3_v0_idx2,v0,agent,combinado,company,asc,0,3,5.172,,
f3_v0_idx2,v0,agent,combinado,company,asc,0,4,4.426,,
f3_v0_idx2,v0,agent,combinado,company,asc,0,5,4.253,,
f3_v0_idx2,v0,agent,combinado,company,asc,0,6,5.543,,
f3_v0_idx2,v0,agent,combinado,company,asc,500,1,4.654,,
f3_v0_idx2,v0,agent,combinado,company,asc,500,2,4.221,,
f3_v0_idx2,v0,agent,combinado,company,asc,500,3,6.195,,
f3_v0_idx2,v0,agent,combinado,company,asc,500,4,5.253,,
f3_v0_idx2,v0,agent,combinado,company,asc,500,5,4.618,,
f3_v0_idx2,v0,agent,combinado,company,asc,500,6,5.21,,
f3_v0_idx2,v0,agent,combinado,company,desc,0,1,5.892,,
f3_v0_idx2,v0,agent,combinado,company,desc,0,2,5.095,,
f3_v0_idx2,v0,agent,combinado,company,desc,0,3,5.007,,
f3_v0_idx2,v0,agent,combinado,company,desc,0,4,5.56,,
f3_v0_idx2,v0,agent,combinado,company,desc,0,5,4.748,,
f3_v0_idx2,v0,agent,combinado,company,desc,0,6,4.081,,
f3_v0_idx2,v0,agent,combinado,company,desc,500,1,5.048,,
f3_v0_idx2,v0,agent,combinado,company,desc,500,2,4.952,,
f3_v0_idx2,v0,agent,combinado,company,desc,500,3,4.032,,
f3_v0_idx2,v0,agent,combinado,company,desc,500,4,5.07,,
f3_v0_idx2,v0,agent,combinado,company,desc,500,5,4.719,,
f3_v0_idx2,v0,agent,combinado,company,desc,500,6,4.829,,
f4_v0_idx3,v0,agent,__overhead_wrapper__,-,-,-1,0,0.225,0,0
f4_v0_idx3,v0,agent,sem_filtro,name,asc,0,1,572.881,,
f4_v0_idx3,v0,agent,sem_filtro,name,asc,0,2,572.215,,
f4_v0_idx3,v0,agent,sem_filtro,name,asc,0,3,607.295,,
f4_v0_idx3,v0,agent,sem_filtro,name,asc,0,4,543.674,,
f4_v0_idx3,v0,agent,sem_filtro,name,asc,0,5,576.689,,
f4_v0_idx3,v0,agent,sem_filtro,name,asc,0,6,550.721,,
f4_v0_idx3,v0,agent,sem_filtro,name,asc,500,1,588.059,,
f4_v0_idx3,v0,agent,sem_filtro,name,asc,500,2,620.212,,
f4_v0_idx3,v0,agent,sem_filtro,name,asc,500,3,638.387,,
f4_v0_idx3,v0,agent,sem_filtro,name,asc,500,4,588.434,,
f4_v0_idx3,v0,agent,sem_filtro,name,asc,500,5,569.242,,
f4_v2_idx3,v2,agent,__overhead_wrapper__,-,-,-1,0,0.234,0,0
f4_v2_idx3,v2,agent,sem_filtro,name,asc,0,1,559.76,,
f4_v2_idx3,v2,agent,sem_filtro,name,asc,0,2,537.958,,
f4_v2_idx3,v2,agent,sem_filtro,name,asc,0,3,535.124,,
f4_v2_idx3,v2,agent,sem_filtro,name,asc,0,4,528.892,,
f4_v2_idx3,v2,agent,sem_filtro,name,asc,0,5,549.45,,
f4_v2_idx3,v2,agent,sem_filtro,name,asc,0,6,602.539,,
f4_v2_idx3,v2,agent,sem_filtro,name,desc,0,1,525.271,,
f4_v2_idx3,v2,agent,sem_filtro,name,desc,0,2,625.395,,
f4_v2_idx3,v2,agent,sem_filtro,name,desc,0,3,579.161,,
f4_v2_idx3,v2,agent,sem_filtro,name,desc,0,4,541.012,,
f4_v2_idx3,v2,agent,sem_filtro,name,desc,0,5,559.488,,
f4_v2_idx3,v2,agent,sem_filtro,name,desc,0,6,509.131,,
f4_v2_idx3,v2,agent,sem_filtro,created_at,asc,0,1,502.448,,
f4_v2_idx3,v2,agent,sem_filtro,created_at,asc,0,2,509.325,,
f4_v2_idx3,v2,agent,sem_filtro,created_at,asc,0,3,507.928,,
f4_v2_idx3,v2,agent,sem_filtro,created_at,asc,0,4,542.578,,
f4_v2_idx3,v2,agent,sem_filtro,created_at,asc,0,5,524.13,,
f4_v2_idx3,v2,agent,sem_filtro,created_at,asc,0,6,503.853,,
f4_v2_idx3,v2,agent,sem_filtro,created_at,desc,0,1,564.638,,
f4_v2_idx3,v2,agent,sem_filtro,created_at,desc,0,2,533.088,,
f4_v2_idx3,v2,agent,sem_filtro,created_at,desc,0,3,524.675,,
f4_v2_idx3,v2,agent,sem_filtro,created_at,desc,0,4,518.883,,
f4_v2_idx3,v2,agent,sem_filtro,created_at,desc,0,5,498.012,,
f4_v2_idx3,v2,agent,sem_filtro,created_at,desc,0,6,508.95,,
f4_v2_idx3,v2,agent,sem_filtro,company,asc,0,1,583.329,,
f4_v2_idx3,v2,agent,sem_filtro,company,asc,0,2,528.071,,
f4_v2_idx3,v2,agent,sem_filtro,company,asc,0,3,519.849,,
f4_v2_idx3,v2,agent,sem_filtro,company,asc,0,4,506.114,,
f4_v2_idx3,v2,agent,sem_filtro,company,asc,0,5,527.605,,
f4_v2_idx3,v2,agent,sem_filtro,company,asc,0,6,512.748,,
f4_v2_idx3,v2,agent,sem_filtro,company,desc,0,1,519.921,,
f4_v2_idx3,v2,agent,sem_filtro,company,desc,0,2,498.703,,
f4_v2_idx3,v2,agent,sem_filtro,company,desc,0,3,512.268,,
f4_v2_idx3,v2,agent,sem_filtro,company,desc,0,4,489.257,,
f4_v2_idx3,v2,agent,sem_filtro,company,desc,0,5,495.994,,
f4_v2_idx3,v2,agent,sem_filtro,company,desc,0,6,489.096,,
f4_v2_idx3,v2,agent,termo_nome_5ch,name,asc,0,3,73.628,,
f4_v2_idx3,v2,agent,termo_nome_5ch,name,asc,0,4,73.149,,
f4_v2_idx3,v2,agent,termo_nome_5ch,name,asc,0,5,78.474,,
f4_v2_idx3,v2,agent,termo_nome_5ch,name,asc,0,6,78.23,,
f4_v2_idx3,v2,agent,termo_nome_5ch,name,desc,0,1,87.28,,
f4_v2_idx3,v2,agent,termo_nome_5ch,name,desc,0,2,95.439,,
f4_v2_idx3,v2,agent,termo_nome_5ch,name,desc,0,3,80.506,,
f4_v2_idx3,v2,agent,termo_nome_5ch,name,desc,0,4,76.155,,
f4_v2_idx3,v2,agent,termo_nome_5ch,name,desc,0,5,71.793,,
f4_v2_idx3,v2,agent,termo_nome_5ch,name,desc,0,6,71.854,,
f4_v2_idx3,v2,agent,termo_nome_5ch,created_at,asc,0,1,72.025,,
f4_v2_idx3,v2,agent,termo_nome_5ch,created_at,asc,0,2,66.86,,
f4_v2_idx3,v2,agent,termo_nome_5ch,created_at,asc,0,3,67.87,,
f4_v2_idx3,v2,agent,termo_nome_5ch,created_at,asc,0,4,68.825,,
f4_v2_idx3,v2,agent,termo_nome_5ch,created_at,asc,0,5,68.488,,
f4_v2_idx3,v2,agent,termo_nome_5ch,created_at,asc,0,6,71.351,,
f4_v2_idx3,v2,agent,termo_nome_5ch,created_at,desc,0,1,69.81,,
f4_v2_idx3,v2,agent,termo_nome_5ch,created_at,desc,0,2,69.581,,
f4_v2_idx3,v2,agent,termo_nome_5ch,created_at,desc,0,3,75.004,,
f4_v2_idx3,v2,agent,termo_nome_5ch,created_at,desc,0,4,74.995,,
f4_v2_idx3,v2,agent,termo_nome_5ch,created_at,desc,0,5,73.198,,
f4_v2_idx3,v2,agent,termo_nome_5ch,created_at,desc,0,6,68.639,,
f4_v2_idx3,v2,agent,termo_nome_5ch,company,asc,0,1,68.294,,
f4_v2_idx3,v2,agent,termo_nome_5ch,company,asc,0,2,66.01,,
f4_v2_idx3,v2,agent,termo_nome_5ch,company,asc,0,3,67.69,,
f4_v2_idx3,v2,agent,termo_nome_5ch,company,asc,0,4,65.727,,
f4_v2_idx3,v2,agent,termo_nome_5ch,company,asc,0,5,69.029,,
f4_v2_idx3,v2,agent,termo_nome_5ch,company,asc,0,6,70.328,,
f4_v2_idx3,v2,agent,termo_nome_5ch,company,desc,0,1,74.378,,
f4_v2_idx3,v2,agent,termo_nome_5ch,company,desc,0,2,79.477,,
f4_v2_idx3,v2,agent,termo_nome_5ch,company,desc,0,3,70.169,,
f4_v2_idx3,v2,agent,termo_nome_5ch,company,desc,0,4,69.686,,
f4_v2_idx3,v2,agent,termo_nome_5ch,company,desc,0,5,70.383,,
f4_v2_idx3,v2,agent,termo_nome_5ch,company,desc,0,6,73.511,,
f4_v2_idx3,v2,agent,termo_empresa,name,asc,0,1,69.172,,
f4_v2_idx3,v2,agent,termo_empresa,name,asc,0,2,66.396,,
f4_v2_idx3,v2,agent,termo_empresa,name,asc,0,3,71.723,,
f4_v2_idx3,v2,agent,termo_empresa,name,asc,0,4,66.019,,
f4_v2_idx3,v2,agent,termo_empresa,name,asc,0,5,67.211,,
f4_v2_idx3,v2,agent,termo_empresa,name,asc,0,6,66.256,,
f4_v2_idx3,v2,agent,termo_empresa,name,desc,0,1,67.407,,
f4_v2_idx3,v2,agent,termo_empresa,name,desc,0,2,66.611,,
f4_v2_idx3,v2,agent,termo_empresa,name,desc,0,3,69.966,,
f4_v2_idx3,v2,agent,termo_empresa,name,desc,0,4,67.749,,
f4_v2_idx3,v2,agent,termo_empresa,name,desc,0,5,73.873,,
f4_v2_idx3,v2,agent,termo_empresa,name,desc,0,6,68.369,,
f4_v2_idx3,v2,agent,termo_empresa,created_at,asc,0,1,66.839,,
f4_v2_idx3,v2,agent,termo_empresa,created_at,asc,0,2,65.383,,
f4_v2_idx3,v2,agent,termo_empresa,created_at,asc,0,3,65.879,,
f4_v2_idx3,v2,agent,termo_empresa,created_at,asc,0,4,66.544,,
f4_v2_idx3,v2,agent,termo_empresa,created_at,asc,0,5,69.52,,
f4_v2_idx3,v2,agent,termo_empresa,created_at,asc,0,6,75.367,,
f4_v2_idx3,v2,agent,termo_empresa,created_at,desc,0,1,77.948,,
f4_v2_idx3,v2,agent,termo_empresa,created_at,desc,0,2,70.352,,
f4_v2_idx3,v2,agent,termo_empresa,created_at,desc,0,3,66.882,,
f4_v2_idx3,v2,agent,termo_empresa,created_at,desc,0,4,67.303,,
f4_v2_idx3,v2,agent,termo_empresa,created_at,desc,0,5,71.351,,
f4_v2_idx3,v2,agent,termo_empresa,created_at,desc,0,6,71.454,,
f4_v2_idx3,v2,agent,termo_empresa,company,asc,0,1,71.47,,
f4_v2_idx3,v2,agent,termo_empresa,company,asc,0,2,72.389,,
f4_v2_idx3,v2,agent,termo_empresa,company,asc,0,3,72.908,,
f4_v2_idx3,v2,agent,termo_empresa,company,asc,0,4,66.544,,
f4_v2_idx3,v2,agent,termo_empresa,company,asc,0,5,65.085,,
f4_v2_idx3,v2,agent,termo_empresa,company,asc,0,6,67.08,,
f4_v2_idx3,v2,agent,termo_empresa,company,desc,0,1,67.853,,
f4_v2_idx3,v2,agent,termo_empresa,company,desc,0,2,68.807,,
f4_v2_idx3,v2,agent,termo_empresa,company,desc,0,3,66.739,,
f4_v2_idx3,v2,agent,termo_empresa,company,desc,0,4,66.459,,
f4_v2_idx3,v2,agent,termo_empresa,company,desc,0,5,67.821,,
f4_v2_idx3,v2,agent,termo_empresa,company,desc,0,6,67.804,,
f4_v2_idx3,v2,agent,filtro_tipo,name,asc,0,1,112.838,,
f4_v2_idx3,v2,agent,filtro_tipo,name,asc,0,2,102.937,,
f4_v2_idx3,v2,agent,filtro_tipo,name,asc,0,3,108.517,,
f4_v2_idx3,v2,agent,filtro_tipo,name,asc,0,4,108.673,,
f4_v2_idx3,v2,agent,filtro_tipo,name,asc,0,5,106.68,,
f4_v2_idx3,v2,agent,filtro_tipo,name,asc,0,6,101.681,,
f4_v2_idx3,v2,agent,filtro_tipo,name,desc,0,1,101.968,,
f4_v2_idx3,v2,agent,filtro_tipo,name,desc,0,2,111.94,,
f4_v2_idx3,v2,agent,filtro_tipo,name,desc,0,3,105.437,,
f4_v2_idx3,v2,agent,filtro_tipo,name,desc,0,4,104.2,,
f4_v2_idx3,v2,agent,filtro_tipo,name,desc,0,5,103.028,,
f4_v2_idx3,v2,agent,filtro_tipo,name,desc,0,6,108.427,,
f4_v2_idx3,v2,agent,filtro_tipo,created_at,asc,0,1,112.748,,
f4_v2_idx3,v2,agent,filtro_tipo,created_at,asc,0,2,107.737,,
f4_v2_idx3,v2,agent,filtro_tipo,created_at,asc,0,3,108.364,,
f4_v2_idx3,v2,agent,filtro_tipo,created_at,asc,0,4,110.597,,
f4_v2_idx3,v2,agent,filtro_tipo,created_at,asc,0,5,103.153,,
f4_v2_idx3,v2,agent,filtro_tipo,created_at,asc,0,6,102.292,,
f4_v2_idx3,v2,agent,filtro_tipo,created_at,desc,0,1,107.903,,
f4_v2_idx3,v2,agent,filtro_tipo,created_at,desc,0,2,102.145,,
f4_v2_idx3,v2,agent,filtro_tipo,created_at,desc,0,3,112.646,,
f4_v2_idx3,v2,agent,filtro_tipo,created_at,desc,0,4,109.976,,
f4_v2_idx3,v2,agent,filtro_tipo,created_at,desc,0,5,102.706,,
f4_v2_idx3,v2,agent,filtro_tipo,created_at,desc,0,6,106.969,,
f4_v2_idx3,v2,agent,filtro_tipo,company,asc,0,1,105.389,,
f4_v2_idx3,v2,agent,filtro_tipo,company,asc,0,2,100.375,,
f4_v2_idx3,v2,agent,filtro_tipo,company,asc,0,3,105.309,,
f4_v2_idx3,v2,agent,filtro_tipo,company,asc,0,4,122.097,,
f4_v2_idx3,v2,agent,filtro_tipo,company,asc,0,5,115.06,,
f4_v2_idx3,v2,agent,filtro_tipo,company,asc,0,6,110.369,,
f4_v2_idx3,v2,agent,filtro_tipo,company,desc,0,1,107.364,,
f4_v2_idx3,v2,agent,filtro_tipo,company,desc,0,2,100.096,,
f4_v2_idx3,v2,agent,filtro_tipo,company,desc,0,3,110.423,,
f4_v2_idx3,v2,agent,filtro_tipo,company,desc,0,4,101.336,,
f4_v2_idx3,v2,agent,filtro_tipo,company,desc,0,5,108.069,,
f4_v2_idx3,v2,agent,filtro_tipo,company,desc,0,6,106.11,,
f4_v2_idx3,v2,agent,filtro_tag,name,asc,0,1,65.596,,
f4_v2_idx3,v2,agent,filtro_tag,name,asc,0,2,67.617,,
f4_v2_idx3,v2,agent,filtro_tag,name,asc,0,3,68.553,,
f4_v2_idx3,v2,agent,filtro_tag,name,asc,0,4,69.704,,
f4_v2_idx3,v2,agent,filtro_tag,name,asc,0,5,66.392,,
f4_v2_idx3,v2,agent,filtro_tag,name,asc,0,6,62.797,,
f4_v2_idx3,v2,agent,filtro_tag,name,desc,0,1,65.242,,
f4_v2_idx3,v2,agent,filtro_tag,name,desc,0,2,62.586,,
f4_v2_idx3,v2,agent,filtro_tag,name,desc,0,3,60.084,,
f4_v2_idx3,v2,agent,filtro_tag,name,desc,0,4,59.724,,
f4_v2_idx3,v2,agent,filtro_tag,name,desc,0,5,63.515,,
f4_v2_idx3,v2,agent,filtro_tag,name,desc,0,6,60.629,,
f4_v2_idx3,v2,agent,filtro_tag,created_at,asc,0,1,57.118,,
f4_v2_idx3,v2,agent,filtro_tag,created_at,asc,0,2,56.098,,
f4_v2_idx3,v2,agent,filtro_tag,created_at,asc,0,3,60.753,,
f4_v2_idx3,v2,agent,filtro_tag,created_at,asc,0,4,56.098,,
f4_v2_idx3,v2,agent,filtro_tag,created_at,asc,0,5,56.571,,
f4_v2_idx3,v2,agent,filtro_tag,created_at,asc,0,6,56.963,,
f4_v2_idx3,v2,agent,filtro_tag,created_at,desc,0,1,59.892,,
f4_v2_idx3,v2,agent,filtro_tag,created_at,desc,0,2,55.813,,
f4_v2_idx3,v2,agent,filtro_tag,created_at,desc,0,3,55.151,,
f4_v2_idx3,v2,agent,filtro_tag,created_at,desc,0,4,57.489,,
f4_v2_idx3,v2,agent,filtro_tag,created_at,desc,0,5,58.348,,
f4_v2_idx3,v2,agent,filtro_tag,created_at,desc,0,6,58.464,,
f4_v2_idx3,v2,agent,filtro_tag,company,asc,0,1,56.78,,
f4_v2_idx3,v2,agent,filtro_tag,company,asc,0,2,57.034,,
f4_v2_idx3,v2,agent,filtro_tag,company,asc,0,3,56.003,,
f4_v2_idx3,v2,agent,filtro_tag,company,asc,0,4,58.746,,
f4_v2_idx3,v2,agent,filtro_tag,company,asc,0,5,61.157,,
f4_v2_idx3,v2,agent,filtro_tag,company,asc,0,6,71.59,,
f4_v2_idx3,v2,agent,filtro_tag,company,desc,0,1,72.676,,
f4_v2_idx3,v2,agent,filtro_tag,company,desc,0,2,67.749,,
f4_v2_idx3,v2,agent,filtro_tag,company,desc,0,3,61.523,,
f4_v2_idx3,v2,agent,filtro_tag,company,desc,0,4,58.142,,
f4_v2_idx3,v2,agent,filtro_tag,company,desc,0,5,56.13,,
f4_v2_idx3,v2,agent,filtro_tag,company,desc,0,6,56.601,,
f4_v2_idx3,v2,agent,intervalo_data,name,asc,0,1,105.908,,
f4_v2_idx3,v2,agent,intervalo_data,name,asc,0,2,104.922,,
f4_v2_idx3,v2,agent,intervalo_data,name,asc,0,3,110.759,,
f4_v2_idx3,v2,agent,intervalo_data,name,asc,0,4,113.075,,
f4_v2_idx3,v2,agent,intervalo_data,name,asc,0,5,121.234,,
f4_v2_idx3,v2,agent,intervalo_data,name,asc,0,6,112.462,,
f4_v2_idx3,v2,agent,intervalo_data,name,desc,0,1,116.219,,
f4_v2_idx3,v2,agent,intervalo_data,name,desc,0,2,115.425,,
f4_v2_idx3,v2,agent,intervalo_data,name,desc,0,3,115.846,,
f4_v2_idx3,v2,agent,intervalo_data,name,desc,0,4,112.605,,
f4_v2_idx3,v2,agent,intervalo_data,name,desc,0,5,115.784,,
f4_v2_idx3,v2,agent,intervalo_data,name,desc,0,6,111.843,,
f4_v2_idx3,v2,agent,intervalo_data,created_at,asc,0,1,125.266,,
f4_v2_idx3,v2,agent,intervalo_data,created_at,asc,0,2,115.083,,
f4_v2_idx3,v2,agent,intervalo_data,created_at,asc,0,3,109.304,,
f4_v2_idx3,v2,agent,intervalo_data,created_at,asc,0,4,111.091,,
f4_v2_idx3,v2,agent,intervalo_data,created_at,asc,0,5,133.609,,
f4_v2_idx3,v2,agent,intervalo_data,created_at,asc,0,6,110.927,,
f4_v2_idx3,v2,agent,intervalo_data,created_at,desc,0,1,109.688,,
f4_v2_idx3,v2,agent,intervalo_data,created_at,desc,0,2,108.324,,
f4_v2_idx3,v2,agent,intervalo_data,created_at,desc,0,3,111.905,,
f4_v2_idx3,v2,agent,intervalo_data,created_at,desc,0,4,106.059,,
f4_v2_idx3,v2,agent,intervalo_data,created_at,desc,0,5,109.824,,
f4_v2_idx3,v2,agent,intervalo_data,created_at,desc,0,6,145.094,,
f4_v2_idx3,v2,agent,intervalo_data,company,asc,0,1,131.15,,
f4_v2_idx3,v2,agent,intervalo_data,company,asc,0,2,121.905,,
f4_v2_idx3,v2,agent,intervalo_data,company,asc,0,3,115.659,,
f4_v2_idx3,v2,agent,intervalo_data,company,asc,0,4,116.234,,
f4_v2_idx3,v2,agent,intervalo_data,company,asc,0,5,111.806,,
f4_v2_idx3,v2,agent,intervalo_data,company,asc,0,6,106.153,,
f4_v2_idx3,v2,agent,intervalo_data,company,desc,0,1,107.102,,
f4_v2_idx3,v2,agent,intervalo_data,company,desc,0,2,105.812,,
f4_v2_idx3,v2,agent,intervalo_data,company,desc,0,3,112.497,,
f4_v2_idx3,v2,agent,intervalo_data,company,desc,0,4,108.188,,
f4_v2_idx3,v2,agent,intervalo_data,company,desc,0,5,108.402,,
f4_v2_idx3,v2,agent,intervalo_data,company,desc,0,6,105.298,,
f4_v2_idx3,v2,agent,combinado,name,asc,0,1,4.311,,
f4_v2_idx3,v2,agent,combinado,name,asc,0,2,4.193,,
f4_v2_idx3,v2,agent,combinado,name,asc,0,3,3.783,,
f4_v2_idx3,v2,agent,combinado,name,asc,0,4,3.612,,
f4_v2_idx3,v2,agent,combinado,name,asc,0,5,3.529,,
f4_v2_idx3,v2,agent,combinado,name,asc,0,6,4.26,,
f4_v2_idx3,v2,agent,combinado,name,desc,0,1,3.709,,
f4_v2_idx3,v2,agent,combinado,name,desc,0,2,3.617,,
f4_v2_idx3,v2,agent,combinado,name,desc,0,3,3.572,,
f4_v2_idx3,v2,agent,combinado,name,desc,0,4,4.033,,
f4_v2_idx3,v2,agent,combinado,name,desc,0,5,4.02,,
f4_v2_idx3,v2,agent,combinado,name,desc,0,6,3.59,,
f4_v2_idx3,v2,agent,combinado,created_at,asc,0,1,3.373,,
f4_v2_idx3,v2,agent,combinado,created_at,asc,0,2,3.551,,
f4_v2_idx3,v2,agent,combinado,created_at,asc,0,3,4.042,,
f4_v2_idx3,v2,agent,combinado,created_at,asc,0,4,3.923,,
f4_v2_idx3,v2,agent,combinado,created_at,asc,0,5,3.677,,
f4_v2_idx3,v2,agent,combinado,created_at,asc,0,6,3.739,,
f4_v2_idx3,v2,agent,combinado,created_at,desc,0,1,3.57,,
f4_v2_idx3,v2,agent,combinado,created_at,desc,0,2,3.671,,
f4_v2_idx3,v2,agent,combinado,created_at,desc,0,3,3.512,,
f4_v2_idx3,v2,agent,combinado,created_at,desc,0,4,3.683,,
f4_v2_idx3,v2,agent,combinado,created_at,desc,0,5,4.157,,
f4_v2_idx3,v2,agent,combinado,created_at,desc,0,6,4.297,,
f4_v2_idx3,v2,agent,combinado,company,asc,0,1,3.872,,
f4_v2_idx3,v2,agent,combinado,company,asc,0,2,3.553,,
f4_v2_idx3,v2,agent,combinado,company,asc,0,3,3.836,,
f4_v2_idx3,v2,agent,combinado,company,asc,0,4,4.451,,
f4_v2_idx3,v2,agent,combinado,company,asc,0,5,4.027,,
f4_v2_idx3,v2,agent,combinado,company,asc,0,6,3.687,,
f4_v2_idx3,v2,agent,combinado,company,desc,0,1,3.478,,
f4_v2_idx3,v2,agent,combinado,company,desc,0,2,4.035,,
f4_v2_idx3,v2,agent,combinado,company,desc,0,3,4.092,,
f4_v2_idx3,v2,agent,combinado,company,desc,0,4,3.776,,
f4_v2_idx3,v2,agent,combinado,company,desc,0,5,3.6,,
f4_v2_idx3,v2,agent,combinado,company,desc,0,6,3.886,,
f4_v3_idx3,v3,agent,__overhead_wrapper__,-,-,-1,0,0.174,0,0
f4_v3_idx3,v3,agent,sem_filtro,name,asc,0,1,485.607,,
f4_v3_idx3,v3,agent,sem_filtro,name,asc,0,2,529.959,,
f4_v3_idx3,v3,agent,sem_filtro,name,asc,0,3,507.493,,
f4_v3_idx3,v3,agent,sem_filtro,name,asc,0,4,502.277,,
f4_v3_idx3,v3,agent,sem_filtro,name,asc,0,5,583.151,,
f4_v3_idx3,v3,agent,sem_filtro,name,asc,0,6,490.537,,
f4_v3_idx3,v3,agent,sem_filtro,name,asc,500,1,530.093,,
f4_v3_idx3,v3,agent,sem_filtro,name,asc,500,2,502.351,,
f4_v3_idx3,v3,agent,sem_filtro,name,asc,500,3,493.997,,
f4_v3_idx3,v3,agent,sem_filtro,name,asc,500,4,532.423,,
f4_v3_idx3,v3,agent,sem_filtro,name,asc,500,5,534.438,,
f4_v3_idx3,v3,agent,sem_filtro,name,asc,500,6,532.809,,
f4_v3_idx3,v3,agent,sem_filtro,name,desc,0,1,1084.464,,
f4_v3_idx3,v3,agent,sem_filtro,name,desc,0,2,997.722,,
f4_v3_idx3,v3,agent,sem_filtro,name,desc,0,3,1008.413,,
f4_v3_idx3,v3,agent,sem_filtro,name,desc,0,4,946.458,,
f4_v3_idx3,v3,agent,sem_filtro,name,desc,0,5,994.425,,
f4_v3_idx3,v3,agent,sem_filtro,name,desc,0,6,951.286,,
f4_v3_idx3,v3,agent,sem_filtro,name,desc,500,1,1066.446,,
f4_v3_idx3,v3,agent,sem_filtro,name,desc,500,2,979.356,,
f4_v3_idx3,v3,agent,sem_filtro,name,desc,500,3,1023.358,,
f4_v3_idx3,v3,agent,sem_filtro,name,desc,500,4,1026.361,,
f4_v3_idx3,v3,agent,sem_filtro,name,desc,500,5,997.42,,
f4_v3_idx3,v3,agent,sem_filtro,name,desc,500,6,985.161,,
f4_v3_idx3,v3,agent,sem_filtro,created_at,asc,0,1,537.084,,
f4_v3_idx3,v3,agent,sem_filtro,created_at,asc,0,2,480.051,,
f4_v3_idx3,v3,agent,sem_filtro,created_at,asc,0,3,510.44,,
f4_v3_idx3,v3,agent,sem_filtro,created_at,asc,0,4,463.723,,
f4_v3_idx3,v3,agent,sem_filtro,created_at,asc,0,5,474.551,,
f4_v3_idx3,v3,agent,sem_filtro,created_at,asc,0,6,485.095,,
f4_v3_idx3,v3,agent,sem_filtro,created_at,asc,500,1,496.003,,
f4_v3_idx3,v3,agent,sem_filtro,created_at,asc,500,2,510.062,,
f4_v3_idx3,v3,agent,sem_filtro,created_at,asc,500,3,480.679,,
f4_v3_idx3,v3,agent,sem_filtro,created_at,asc,500,4,487.599,,
f4_v3_idx3,v3,agent,sem_filtro,created_at,asc,500,5,496.512,,
f4_v3_idx3,v3,agent,sem_filtro,created_at,asc,500,6,502.95,,
f4_v3_idx3,v3,agent,sem_filtro,created_at,desc,0,1,973.862,,
f4_v3_idx3,v3,agent,sem_filtro,created_at,desc,0,2,956.243,,
f4_v3_idx3,v3,agent,sem_filtro,created_at,desc,0,3,1005.45,,
f4_v3_idx3,v3,agent,sem_filtro,created_at,desc,0,4,1027.038,,
f4_v3_idx3,v3,agent,sem_filtro,created_at,desc,0,5,1068.96,,
f4_v3_idx3,v3,agent,sem_filtro,created_at,desc,0,6,1117.548,,
f4_v3_idx3,v3,agent,sem_filtro,created_at,desc,500,1,1082.222,,
f4_v3_idx3,v3,agent,sem_filtro,created_at,desc,500,2,1073.273,,
f4_v3_idx3,v3,agent,sem_filtro,created_at,desc,500,3,1050.923,,
f4_v3_idx3,v3,agent,sem_filtro,created_at,desc,500,4,1050.438,,
f4_v3_idx3,v3,agent,sem_filtro,created_at,desc,500,5,1044.465,,
f4_v3_idx3,v3,agent,sem_filtro,created_at,desc,500,6,1033.855,,
f4_v3_idx3,v3,agent,sem_filtro,company,asc,0,1,581.498,,
f4_v3_idx3,v3,agent,sem_filtro,company,asc,0,2,580.303,,
f4_v3_idx3,v3,agent,sem_filtro,company,asc,0,3,561.578,,
f4_v3_idx3,v3,agent,sem_filtro,company,asc,0,4,552.895,,
f4_v3_idx3,v3,agent,sem_filtro,company,asc,0,5,579.2,,
f4_v3_idx3,v3,agent,sem_filtro,company,asc,0,6,570.495,,
f4_v3_idx3,v3,agent,sem_filtro,company,asc,500,1,570.678,,
f4_v3_idx3,v3,agent,sem_filtro,company,asc,500,2,591.898,,
f4_v3_idx3,v3,agent,sem_filtro,company,asc,500,3,579.101,,
f4_v3_idx3,v3,agent,sem_filtro,company,asc,500,4,555.047,,
f4_v3_idx3,v3,agent,sem_filtro,company,asc,500,5,555.645,,
f4_v3_idx3,v3,agent,sem_filtro,company,asc,500,6,557.334,,
f4_v3_idx3,v3,agent,sem_filtro,company,desc,0,1,1045.982,,
f4_v3_idx3,v3,agent,sem_filtro,company,desc,0,2,1015.924,,
f4_v3_idx3,v3,agent,sem_filtro,company,desc,0,3,1044.243,,
f4_v3_idx3,v3,agent,sem_filtro,company,desc,0,4,1052.235,,
f4_v3_idx3,v3,agent,sem_filtro,company,desc,0,5,1039.559,,
f4_v3_idx3,v3,agent,sem_filtro,company,desc,0,6,1220.879,,
f4_v3_idx3,v3,agent,sem_filtro,company,desc,500,1,1158.601,,
f4_v3_idx3,v3,agent,sem_filtro,company,desc,500,2,1091.431,,
f4_v3_idx3,v3,agent,sem_filtro,company,desc,500,3,997.365,,
f4_v3_idx3,v3,agent,sem_filtro,company,desc,500,4,1062.086,,
f4_v3_idx3,v3,agent,sem_filtro,company,desc,500,5,1029.083,,
f4_v3_idx3,v3,agent,sem_filtro,company,desc,500,6,1101.332,,
f4_v3_idx3,v3,agent,termo_nome_5ch,name,asc,0,1,96.689,,
f4_v3_idx3,v3,agent,termo_nome_5ch,name,asc,0,2,94.517,,
f4_v3_idx3,v3,agent,termo_nome_5ch,name,asc,0,3,100.442,,
f4_v3_idx3,v3,agent,termo_nome_5ch,name,asc,0,4,88.967,,
f4_v3_idx3,v3,agent,termo_nome_5ch,name,asc,0,5,87.109,,
f4_v3_idx3,v3,agent,termo_nome_5ch,name,asc,0,6,90.109,,
f4_v3_idx3,v3,agent,termo_nome_5ch,name,asc,500,1,131.519,,
f4_v3_idx3,v3,agent,termo_nome_5ch,name,asc,500,2,137.368,,
f4_v3_idx3,v3,agent,termo_nome_5ch,name,asc,500,3,150.467,,
f4_v3_idx3,v3,agent,termo_nome_5ch,name,asc,500,4,130.824,,
f4_v3_idx3,v3,agent,termo_nome_5ch,name,asc,500,5,134.903,,
f4_v3_idx3,v3,agent,termo_nome_5ch,name,asc,500,6,126.531,,
f4_v3_idx3,v3,agent,termo_nome_5ch,name,desc,0,1,154.788,,
f4_v3_idx3,v3,agent,termo_nome_5ch,name,desc,0,2,148.778,,
f4_v3_idx3,v3,agent,termo_nome_5ch,name,desc,0,3,149.487,,
f4_v3_idx3,v3,agent,termo_nome_5ch,name,desc,0,4,146.79,,
f4_v3_idx3,v3,agent,termo_nome_5ch,name,desc,0,5,144.194,,
f4_v3_idx3,v3,agent,termo_nome_5ch,name,desc,0,6,149.98,,
f4_v3_idx3,v3,agent,termo_nome_5ch,name,desc,500,1,144.735,,
f4_v3_idx3,v3,agent,termo_nome_5ch,name,desc,500,2,154.562,,
f4_v3_idx3,v3,agent,termo_nome_5ch,name,desc,500,3,149.531,,
f4_v3_idx3,v3,agent,termo_nome_5ch,name,desc,500,4,148.739,,
f4_v3_idx3,v3,agent,termo_nome_5ch,name,desc,500,5,144.497,,
f4_v3_idx3,v3,agent,termo_nome_5ch,name,desc,500,6,158.998,,
f4_v3_idx3,v3,agent,termo_nome_5ch,created_at,asc,0,1,77.614,,
f4_v3_idx3,v3,agent,termo_nome_5ch,created_at,asc,0,2,76.909,,
f4_v3_idx3,v3,agent,termo_nome_5ch,created_at,asc,0,3,79.48,,
f4_v3_idx3,v3,agent,termo_nome_5ch,created_at,asc,0,4,83.102,,
f4_v3_idx3,v3,agent,termo_nome_5ch,created_at,asc,0,5,87.256,,
f4_v3_idx3,v3,agent,termo_nome_5ch,created_at,asc,0,6,85.217,,
f4_v3_idx3,v3,agent,termo_nome_5ch,created_at,asc,500,1,127.601,,
f4_v3_idx3,v3,agent,termo_nome_5ch,created_at,asc,500,2,118.504,,
f4_v3_idx3,v3,agent,termo_nome_5ch,created_at,asc,500,3,113.732,,
f4_v3_idx3,v3,agent,termo_nome_5ch,created_at,asc,500,4,110.541,,
f4_v3_idx3,v3,agent,termo_nome_5ch,created_at,asc,500,5,118.901,,
f4_v3_idx3,v3,agent,termo_nome_5ch,created_at,asc,500,6,111.357,,
f4_v3_idx3,v3,agent,termo_nome_5ch,created_at,desc,0,1,157.094,,
f4_v3_idx3,v3,agent,termo_nome_5ch,created_at,desc,0,2,173.797,,
f4_v3_idx3,v3,agent,termo_nome_5ch,created_at,desc,0,3,182.221,,
f4_v3_idx3,v3,agent,termo_nome_5ch,created_at,desc,0,4,150.266,,
f4_v3_idx3,v3,agent,termo_nome_5ch,created_at,desc,0,5,146.942,,
f4_v3_idx3,v3,agent,termo_nome_5ch,created_at,desc,0,6,140.576,,
f4_v3_idx3,v3,agent,termo_nome_5ch,created_at,desc,500,1,145.391,,
f4_v3_idx3,v3,agent,termo_nome_5ch,created_at,desc,500,2,151.428,,
f4_v3_idx3,v3,agent,termo_nome_5ch,created_at,desc,500,3,159.013,,
f4_v3_idx3,v3,agent,termo_nome_5ch,created_at,desc,500,4,191.132,,
f4_v3_idx3,v3,agent,termo_nome_5ch,created_at,desc,500,5,154.51,,
f4_v3_idx3,v3,agent,termo_nome_5ch,created_at,desc,500,6,184.149,,
f4_v3_idx3,v3,agent,termo_nome_5ch,company,asc,0,1,99.58,,
f4_v3_idx3,v3,agent,termo_nome_5ch,company,asc,0,2,98.921,,
f4_v3_idx3,v3,agent,termo_nome_5ch,company,asc,0,3,97.9,,
f4_v3_idx3,v3,agent,termo_nome_5ch,company,asc,0,4,102.569,,
f4_v3_idx3,v3,agent,termo_nome_5ch,company,asc,0,5,111,,
f4_v3_idx3,v3,agent,termo_nome_5ch,company,asc,0,6,120.223,,
f4_v3_idx3,v3,agent,termo_nome_5ch,company,asc,500,1,141.931,,
f4_v3_idx3,v3,agent,termo_nome_5ch,company,asc,500,2,158.49,,
f4_v3_idx3,v3,agent,termo_nome_5ch,company,asc,500,3,134.801,,
f4_v3_idx3,v3,agent,termo_nome_5ch,company,asc,500,4,122.776,,
f4_v3_idx3,v3,agent,termo_nome_5ch,company,asc,500,5,132.779,,
f4_v3_idx3,v3,agent,termo_nome_5ch,company,asc,500,6,126.297,,
f4_v3_idx3,v3,agent,termo_nome_5ch,company,desc,0,1,150.145,,
f4_v3_idx3,v3,agent,termo_nome_5ch,company,desc,0,2,155.262,,
f4_v3_idx3,v3,agent,termo_nome_5ch,company,desc,0,3,144.497,,
f4_v3_idx3,v3,agent,termo_nome_5ch,company,desc,0,4,145.899,,
f4_v3_idx3,v3,agent,termo_nome_5ch,company,desc,0,5,144.286,,
f4_v3_idx3,v3,agent,termo_nome_5ch,company,desc,0,6,142.117,,
f4_v3_idx3,v3,agent,termo_nome_5ch,company,desc,500,1,148.172,,
f4_v3_idx3,v3,agent,termo_nome_5ch,company,desc,500,2,141.924,,
f4_v3_idx3,v3,agent,termo_nome_5ch,company,desc,500,3,146.441,,
f4_v3_idx3,v3,agent,termo_nome_5ch,company,desc,500,4,144.118,,
f4_v3_idx3,v3,agent,termo_nome_5ch,company,desc,500,5,160.391,,
f4_v3_idx3,v3,agent,termo_nome_5ch,company,desc,500,6,143.323,,
f4_v3_idx3,v3,agent,combinado,name,asc,0,1,11.099,,
f4_v3_idx3,v3,agent,combinado,name,asc,0,2,8.336,,
f4_v3_idx3,v3,agent,combinado,name,asc,0,3,8.607,,
f4_v3_idx3,v3,agent,combinado,name,asc,0,4,8.143,,
f4_v3_idx3,v3,agent,combinado,name,asc,0,5,9.165,,
f4_v3_idx3,v3,agent,combinado,name,asc,0,6,9.551,,
f4_v3_idx3,v3,agent,combinado,name,asc,500,1,9.231,,
f4_v3_idx3,v3,agent,combinado,name,asc,500,2,9.631,,
f4_v3_idx3,v3,agent,combinado,name,asc,500,3,9.104,,
f4_v3_idx3,v3,agent,combinado,name,asc,500,4,9.468,,
f4_v3_idx3,v3,agent,combinado,name,asc,500,5,9.456,,
f4_v3_idx3,v3,agent,combinado,name,asc,500,6,9.624,,
f4_v3_idx3,v3,agent,combinado,name,desc,0,1,10.288,,
f4_v3_idx3,v3,agent,combinado,name,desc,0,2,9.463,,
f4_v3_idx3,v3,agent,combinado,name,desc,0,3,9.628,,
f4_v3_idx3,v3,agent,combinado,name,desc,0,4,8.614,,
f4_v3_idx3,v3,agent,combinado,name,desc,0,5,9.71,,
f4_v3_idx3,v3,agent,combinado,name,desc,0,6,9.516,,
f4_v3_idx3,v3,agent,combinado,name,desc,500,1,8.651,,
f4_v3_idx3,v3,agent,combinado,name,desc,500,2,9.113,,
f4_v3_idx3,v3,agent,combinado,name,desc,500,3,8.663,,
f4_v3_idx3,v3,agent,combinado,name,desc,500,4,8.739,,
f4_v3_idx3,v3,agent,combinado,name,desc,500,5,8.39,,
f4_v3_idx3,v3,agent,combinado,name,desc,500,6,8.765,,
f4_v3_idx3,v3,agent,combinado,created_at,asc,0,1,8.593,,
f4_v3_idx3,v3,agent,combinado,created_at,asc,0,2,9.698,,
f4_v3_idx3,v3,agent,combinado,created_at,asc,0,3,8.839,,
f4_v3_idx3,v3,agent,combinado,created_at,asc,0,4,8.96,,
f4_v3_idx3,v3,agent,combinado,created_at,asc,0,5,9.071,,
f4_v3_idx3,v3,agent,combinado,created_at,asc,0,6,8.951,,
f4_v3_idx3,v3,agent,combinado,created_at,asc,500,1,9.201,,
f4_v3_idx3,v3,agent,combinado,created_at,asc,500,2,8.818,,
f4_v3_idx3,v3,agent,combinado,created_at,asc,500,3,8.71,,
f4_v3_idx3,v3,agent,combinado,created_at,asc,500,4,8.753,,
f4_v3_idx3,v3,agent,combinado,created_at,asc,500,5,8.136,,
f4_v3_idx3,v3,agent,combinado,created_at,asc,500,6,8.322,,
f4_v3_idx3,v3,agent,combinado,created_at,desc,0,1,8.273,,
f4_v3_idx3,v3,agent,combinado,created_at,desc,0,2,8.874,,
f4_v3_idx3,v3,agent,combinado,created_at,desc,0,3,8.465,,
f4_v3_idx3,v3,agent,combinado,created_at,desc,0,4,8.252,,
f4_v3_idx3,v3,agent,combinado,created_at,desc,0,5,9.057,,
f4_v3_idx3,v3,agent,combinado,created_at,desc,0,6,8.416,,
f4_v3_idx3,v3,agent,combinado,created_at,desc,500,1,8.18,,
f4_v3_idx3,v3,agent,combinado,created_at,desc,500,2,8.678,,
f4_v3_idx3,v3,agent,combinado,created_at,desc,500,3,9.142,,
f4_v3_idx3,v3,agent,combinado,created_at,desc,500,4,9.548,,
f4_v3_idx3,v3,agent,combinado,created_at,desc,500,5,10.271,,
f4_v3_idx3,v3,agent,combinado,created_at,desc,500,6,8.895,,
f4_v3_idx3,v3,agent,combinado,company,asc,0,1,8.932,,
f4_v3_idx3,v3,agent,combinado,company,asc,0,2,8.19,,
f4_v3_idx3,v3,agent,combinado,company,asc,0,3,8.278,,
f4_v3_idx3,v3,agent,combinado,company,asc,0,4,8.251,,
f4_v3_idx3,v3,agent,combinado,company,asc,0,5,8.102,,
f4_v3_idx3,v3,agent,combinado,company,asc,0,6,7.555,,
f4_v3_idx3,v3,agent,combinado,company,asc,500,1,8.469,,
f4_v3_idx3,v3,agent,combinado,company,asc,500,2,7.592,,
f4_v3_idx3,v3,agent,combinado,company,asc,500,3,9.155,,
f4_v3_idx3,v3,agent,combinado,company,asc,500,4,8.425,,
f4_v3_idx3,v3,agent,combinado,company,asc,500,5,8.677,,
f4_v3_idx3,v3,agent,combinado,company,asc,500,6,7.987,,
f4_v3_idx3,v3,agent,combinado,company,desc,0,1,8.952,,
f4_v3_idx3,v3,agent,combinado,company,desc,0,2,9.324,,
f4_v3_idx3,v3,agent,combinado,company,desc,0,3,8.101,,
f4_v3_idx3,v3,agent,combinado,company,desc,0,4,9.982,,
f4_v3_idx3,v3,agent,combinado,company,desc,0,5,8.198,,
f4_v3_idx3,v3,agent,combinado,company,desc,0,6,9.465,,
f4_v3_idx3,v3,agent,combinado,company,desc,500,1,8.032,,
f4_v3_idx3,v3,agent,combinado,company,desc,500,2,8.583,,
f4_v3_idx3,v3,agent,combinado,company,desc,500,3,10.218,,
f4_v3_idx3,v3,agent,combinado,company,desc,500,4,9.901,,
f4_v3_idx3,v3,agent,combinado,company,desc,500,5,9.949,,
f4_v3_idx3,v3,agent,combinado,company,desc,500,6,10.957,,
