phase,variant,caller,scenario,sort_field,sort_dir,page_offset,run,ms,rows_out,total_count
f1_v0_base,v0,agent,__overhead_wrapper__,-,-,-1,0,0.222,0,0
f1_v0_base,v0,agent,sem_filtro,name,asc,0,1,54.099,50,2886
f1_v0_base,v0,agent,sem_filtro,name,asc,0,2,56.548,50,2886
f1_v0_base,v0,agent,sem_filtro,name,asc,0,3,55.446,50,2886
f1_v0_base,v0,agent,sem_filtro,name,asc,0,4,55.196,50,2886
f1_v0_base,v0,agent,sem_filtro,name,asc,0,5,55.274,50,2886
f1_v0_base,v0,agent,sem_filtro,name,asc,0,6,57.377,50,2886
f1_v0_base,v0,agent,sem_filtro,name,asc,500,1,60.972,50,2886
f1_v0_base,v0,agent,sem_filtro,name,asc,500,2,61.816,50,2886
f1_v0_base,v0,agent,sem_filtro,name,asc,500,3,62.221,50,2886
f1_v0_base,v0,agent,sem_filtro,name,asc,500,4,58.544,50,2886
f1_v0_base,v0,agent,sem_filtro,name,asc,500,5,59.438,50,2886
f1_v0_base,v0,agent,sem_filtro,name,asc,500,6,58.014,50,2886
f1_v0_base,v0,agent,sem_filtro,name,desc,0,1,62.009,50,2886
f1_v0_base,v0,agent,sem_filtro,name,desc,0,2,58.729,50,2886
f1_v0_base,v0,agent,sem_filtro,name,desc,0,3,59.664,50,2886
f1_v0_base,v0,agent,sem_filtro,name,desc,0,4,58.863,50,2886
f1_v0_base,v0,agent,sem_filtro,name,desc,0,5,58.099,50,2886
f1_v0_base,v0,agent,sem_filtro,name,desc,0,6,55.767,50,2886
f1_v0_base,v0,agent,sem_filtro,name,desc,500,1,67.884,50,2886
f1_v0_base,v0,agent,sem_filtro,name,desc,500,2,66.782,50,2886
f1_v0_base,v0,agent,sem_filtro,name,desc,500,3,58.325,50,2886
f1_v0_base,v0,agent,sem_filtro,name,desc,500,4,60.69,50,2886
f1_v0_base,v0,agent,sem_filtro,name,desc,500,5,60.767,50,2886
f1_v0_base,v0,agent,sem_filtro,name,desc,500,6,57.696,50,2886
f1_v0_base,v0,agent,sem_filtro,created_at,asc,0,1,64.404,50,2886
f1_v0_base,v0,agent,sem_filtro,created_at,asc,0,2,67.292,50,2886
f1_v0_base,v0,agent,sem_filtro,created_at,asc,0,3,64.634,50,2886
f1_v0_base,v0,agent,sem_filtro,created_at,asc,0,4,63.156,50,2886
f1_v0_base,v0,agent,sem_filtro,created_at,asc,0,5,59.701,50,2886
f1_v0_base,v0,agent,sem_filtro,created_at,asc,0,6,58.484,50,2886
f1_v0_base,v0,agent,sem_filtro,created_at,asc,500,1,58.207,50,2886
f1_v0_base,v0,agent,sem_filtro,created_at,asc,500,2,56.944,50,2886
f1_v0_base,v0,agent,sem_filtro,created_at,asc,500,3,61.611,50,2886
f1_v0_base,v0,agent,sem_filtro,created_at,asc,500,4,55.876,50,2886
f1_v0_base,v0,agent,sem_filtro,created_at,asc,500,5,56.021,50,2886
f1_v0_base,v0,agent,sem_filtro,created_at,asc,500,6,54.411,50,2886
f1_v0_base,v0,agent,sem_filtro,created_at,desc,0,1,56.951,50,2886
f1_v0_base,v0,agent,sem_filtro,created_at,desc,0,2,57.882,50,2886
f1_v0_base,v0,agent,sem_filtro,created_at,desc,0,3,57.318,50,2886
f1_v0_base,v0,agent,sem_filtro,created_at,desc,0,4,54.97,50,2886
f1_v0_base,v0,agent,sem_filtro,created_at,desc,0,5,57.462,50,2886
f1_v0_base,v0,agent,sem_filtro,created_at,desc,0,6,58.57,50,2886
f1_v0_base,v0,agent,sem_filtro,created_at,desc,500,1,56.652,50,2886
f1_v0_base,v0,agent,sem_filtro,created_at,desc,500,2,61.956,50,2886
f1_v0_base,v0,agent,sem_filtro,created_at,desc,500,3,57.218,50,2886
f1_v0_base,v0,agent,sem_filtro,created_at,desc,500,4,57.443,50,2886
f1_v0_base,v0,agent,sem_filtro,created_at,desc,500,5,56.702,50,2886
f1_v0_base,v0,agent,sem_filtro,created_at,desc,500,6,54.98,50,2886
f1_v0_base,v0,agent,sem_filtro,company,asc,0,1,64.083,50,2886
f1_v0_base,v0,agent,sem_filtro,company,asc,0,2,63.711,50,2886
f1_v0_base,v0,agent,sem_filtro,company,asc,0,3,63.563,50,2886
f1_v0_base,v0,agent,sem_filtro,company,asc,0,4,69.72,50,2886
f1_v0_base,v0,agent,sem_filtro,company,asc,0,5,71.058,50,2886
f1_v0_base,v0,agent,sem_filtro,company,asc,0,6,68.38,50,2886
f1_v0_base,v0,agent,sem_filtro,company,asc,500,1,64.689,50,2886
f1_v0_base,v0,agent,sem_filtro,company,asc,500,2,68.229,50,2886
f1_v0_base,v0,agent,sem_filtro,company,asc,500,3,68.125,50,2886
f1_v0_base,v0,agent,sem_filtro,company,asc,500,4,64.703,50,2886
f1_v0_base,v0,agent,sem_filtro,company,asc,500,5,61.559,50,2886
f1_v0_base,v0,agent,sem_filtro,company,asc,500,6,57.908,50,2886
f1_v0_base,v0,agent,sem_filtro,company,desc,0,1,60.02,50,2886
f1_v0_base,v0,agent,sem_filtro,company,desc,0,2,59.453,50,2886
f1_v0_base,v0,agent,sem_filtro,company,desc,0,3,57.687,50,2886
f1_v0_base,v0,agent,sem_filtro,company,desc,0,4,56.834,50,2886
f1_v0_base,v0,agent,sem_filtro,company,desc,0,5,53.631,50,2886
f1_v0_base,v0,agent,sem_filtro,company,desc,0,6,67.253,50,2886
f1_v0_base,v0,agent,sem_filtro,company,desc,500,1,54.239,50,2886
f1_v0_base,v0,agent,sem_filtro,company,desc,500,2,55.244,50,2886
f1_v0_base,v0,agent,sem_filtro,company,desc,500,3,56.425,50,2886
f1_v0_base,v0,agent,sem_filtro,company,desc,500,4,66.174,50,2886
f1_v0_base,v0,agent,sem_filtro,company,desc,500,5,61.357,50,2886
f1_v0_base,v0,agent,sem_filtro,company,desc,500,6,60.146,50,2886
f1_v0_base,v0,agent,termo_nome_5ch,name,asc,0,1,27.725,50,380
f1_v0_base,v0,agent,termo_nome_5ch,name,asc,0,2,30.026,50,380
f1_v0_base,v0,agent,termo_nome_5ch,name,asc,0,3,26.36,50,380
f1_v0_base,v0,agent,termo_nome_5ch,name,asc,0,4,25.789,50,380
f1_v0_base,v0,agent,termo_nome_5ch,name,asc,0,5,26.605,50,380
f1_v0_base,v0,agent,termo_nome_5ch,name,asc,0,6,27.069,50,380
f1_v0_base,v0,agent,termo_nome_5ch,name,asc,500,1,26.02,0,
f1_v0_base,v0,agent,termo_nome_5ch,name,asc,500,2,24.248,0,
f1_v0_base,v0,agent,termo_nome_5ch,name,asc,500,3,24.258,0,
f1_v0_base,v0,agent,termo_nome_5ch,name,asc,500,4,23.211,0,
f1_v0_base,v0,agent,termo_nome_5ch,name,asc,500,5,24.436,0,
f1_v0_base,v0,agent,termo_nome_5ch,name,asc,500,6,26.617,0,
f1_v0_base,v0,agent,termo_nome_5ch,name,desc,0,1,21.78,50,380
f1_v0_base,v0,agent,termo_nome_5ch,name,desc,0,2,23.522,50,380
f1_v0_base,v0,agent,termo_nome_5ch,name,desc,0,3,23.234,50,380
f1_v0_base,v0,agent,termo_nome_5ch,name,desc,0,4,22.955,50,380
f1_v0_base,v0,agent,termo_nome_5ch,name,desc,0,5,21.562,50,380
f1_v0_base,v0,agent,termo_nome_5ch,name,desc,0,6,21.938,50,380
f1_v0_base,v0,agent,termo_nome_5ch,name,desc,500,1,21.553,0,
f1_v0_base,v0,agent,termo_nome_5ch,name,desc,500,2,20.99,0,
f1_v0_base,v0,agent,termo_nome_5ch,name,desc,500,3,22.296,0,
f1_v0_base,v0,agent,termo_nome_5ch,name,desc,500,4,22.246,0,
f1_v0_base,v0,agent,termo_nome_5ch,name,desc,500,5,22.115,0,
f1_v0_base,v0,agent,termo_nome_5ch,name,desc,500,6,21.466,0,
f1_v0_base,v0,agent,termo_nome_5ch,created_at,asc,0,1,22.639,50,380
f1_v0_base,v0,agent,termo_nome_5ch,created_at,asc,0,2,24.813,50,380
f1_v0_base,v0,agent,termo_nome_5ch,created_at,asc,0,3,22.702,50,380
f1_v0_base,v0,agent,termo_nome_5ch,created_at,asc,0,4,22.152,50,380
f1_v0_base,v0,agent,termo_nome_5ch,created_at,asc,0,5,23.112,50,380
f1_v0_base,v0,agent,termo_nome_5ch,created_at,asc,0,6,22.087,50,380
f1_v0_base,v0,agent,termo_nome_5ch,created_at,asc,500,1,23.246,0,
f1_v0_base,v0,agent,termo_nome_5ch,created_at,asc,500,2,23.835,0,
f1_v0_base,v0,agent,termo_nome_5ch,created_at,asc,500,3,21.727,0,
f1_v0_base,v0,agent,termo_nome_5ch,created_at,asc,500,4,22.01,0,
f1_v0_base,v0,agent,termo_nome_5ch,created_at,asc,500,5,22.728,0,
f1_v0_base,v0,agent,termo_nome_5ch,created_at,asc,500,6,22.752,0,
f1_v0_base,v0,agent,termo_nome_5ch,created_at,desc,0,1,22.888,50,380
f1_v0_base,v0,agent,termo_nome_5ch,created_at,desc,0,2,25.635,50,380
f1_v0_base,v0,agent,termo_nome_5ch,created_at,desc,0,3,24.976,50,380
f1_v0_base,v0,agent,termo_nome_5ch,created_at,desc,0,4,25.149,50,380
f1_v0_base,v0,agent,termo_nome_5ch,created_at,desc,0,5,24.743,50,380
f1_v0_base,v0,agent,termo_nome_5ch,created_at,desc,0,6,24.366,50,380
f1_v0_base,v0,agent,termo_nome_5ch,created_at,desc,500,1,27.451,0,
f1_v0_base,v0,agent,termo_nome_5ch,created_at,desc,500,2,26.195,0,
f1_v0_base,v0,agent,termo_nome_5ch,created_at,desc,500,3,27.952,0,
f1_v0_base,v0,agent,termo_nome_5ch,created_at,desc,500,4,26.864,0,
f1_v0_base,v0,agent,termo_nome_5ch,created_at,desc,500,5,25.287,0,
f1_v0_base,v0,agent,termo_nome_5ch,created_at,desc,500,6,26.599,0,
f1_v0_base,v0,agent,termo_nome_5ch,company,asc,0,1,23.638,50,380
f1_v0_base,v0,agent,termo_nome_5ch,company,asc,0,2,25.395,50,380
f1_v0_base,v0,agent,termo_nome_5ch,company,asc,0,3,22.166,50,380
f1_v0_base,v0,agent,termo_nome_5ch,company,asc,0,4,21.693,50,380
f1_v0_base,v0,agent,termo_nome_5ch,company,asc,0,5,23.389,50,380
f1_v0_base,v0,agent,termo_nome_5ch,company,asc,0,6,21.154,50,380
f1_v0_base,v0,agent,termo_nome_5ch,company,asc,500,1,20.547,0,
f1_v0_base,v0,agent,termo_nome_5ch,company,asc,500,2,20.313,0,
f1_v0_base,v0,agent,termo_nome_5ch,company,asc,500,3,21.098,0,
f1_v0_base,v0,agent,termo_nome_5ch,company,asc,500,4,22.209,0,
f1_v0_base,v0,agent,termo_nome_5ch,company,asc,500,5,20.777,0,
f1_v0_base,v0,agent,termo_nome_5ch,company,asc,500,6,20.301,0,
f1_v0_base,v0,agent,termo_nome_5ch,company,desc,0,1,23.342,50,380
f1_v0_base,v0,agent,termo_nome_5ch,company,desc,0,2,22.305,50,380
f1_v0_base,v0,agent,termo_nome_5ch,company,desc,0,3,24.303,50,380
f1_v0_base,v0,agent,termo_nome_5ch,company,desc,0,4,23.482,50,380
f1_v0_base,v0,agent,termo_nome_5ch,company,desc,0,5,23.068,50,380
f1_v0_base,v0,agent,termo_nome_5ch,company,desc,0,6,22.753,50,380
f1_v0_base,v0,agent,termo_nome_5ch,company,desc,500,1,21.71,0,
f1_v0_base,v0,agent,termo_nome_5ch,company,desc,500,2,27.158,0,
f1_v0_base,v0,agent,termo_nome_5ch,company,desc,500,3,27.748,0,
f1_v0_base,v0,agent,termo_nome_5ch,company,desc,500,4,27.393,0,
f1_v0_base,v0,agent,termo_nome_5ch,company,desc,500,5,29.739,0,
f1_v0_base,v0,agent,termo_nome_5ch,company,desc,500,6,26.634,0,
f1_v0_base,v0,agent,termo_empresa,name,asc,0,1,24.255,50,290
f1_v0_base,v0,agent,termo_empresa,name,asc,0,2,21.495,50,290
f1_v0_base,v0,agent,termo_empresa,name,asc,0,3,21.082,50,290
f1_v0_base,v0,agent,termo_empresa,name,asc,0,4,19.812,50,290
f1_v0_base,v0,agent,termo_empresa,name,asc,0,5,20.684,50,290
f1_v0_base,v0,agent,termo_empresa,name,asc,0,6,19.886,50,290
f1_v0_base,v0,agent,termo_empresa,name,asc,500,1,20.37,0,
f1_v0_base,v0,agent,termo_empresa,name,asc,500,2,21.864,0,
f1_v0_base,v0,agent,termo_empresa,name,asc,500,3,20.898,0,
f1_v0_base,v0,agent,termo_empresa,name,asc,500,4,21.225,0,
f1_v0_base,v0,agent,termo_empresa,name,asc,500,5,20.999,0,
f1_v0_base,v0,agent,termo_empresa,name,asc,500,6,21.816,0,
f1_v0_base,v0,agent,termo_empresa,name,desc,0,1,20.949,50,290
f1_v0_base,v0,agent,termo_empresa,name,desc,0,2,21.74,50,290
f1_v0_base,v0,agent,termo_empresa,name,desc,0,3,21.762,50,290
f1_v0_base,v0,agent,termo_empresa,name,desc,0,4,22.306,50,290
f1_v0_base,v0,agent,termo_empresa,name,desc,0,5,21.561,50,290
f1_v0_base,v0,agent,termo_empresa,name,desc,0,6,20.497,50,290
f1_v0_base,v0,agent,termo_empresa,name,desc,500,1,21.686,0,
f1_v0_base,v0,agent,termo_empresa,name,desc,500,2,20.341,0,
f1_v0_base,v0,agent,termo_empresa,name,desc,500,3,21.829,0,
f1_v0_base,v0,agent,termo_empresa,name,desc,500,4,20.5,0,
f1_v0_base,v0,agent,termo_empresa,name,desc,500,5,20.755,0,
f1_v0_base,v0,agent,termo_empresa,name,desc,500,6,21.2,0,
f1_v0_base,v0,agent,termo_empresa,created_at,asc,0,1,20.342,50,290
f1_v0_base,v0,agent,termo_empresa,created_at,asc,0,2,20.198,50,290
f1_v0_base,v0,agent,termo_empresa,created_at,asc,0,3,19.304,50,290
f1_v0_base,v0,agent,termo_empresa,created_at,asc,0,4,21.059,50,290
f1_v0_base,v0,agent,termo_empresa,created_at,asc,0,5,19.692,50,290
f1_v0_base,v0,agent,termo_empresa,created_at,asc,0,6,20.37,50,290
f1_v0_base,v0,agent,termo_empresa,created_at,asc,500,1,21.204,0,
f1_v0_base,v0,agent,termo_empresa,created_at,asc,500,2,20.461,0,
f1_v0_base,v0,agent,termo_empresa,created_at,asc,500,3,20.042,0,
f1_v0_base,v0,agent,termo_empresa,created_at,asc,500,4,18.964,0,
f1_v0_base,v0,agent,termo_empresa,created_at,asc,500,5,20.216,0,
f1_v0_base,v0,agent,termo_empresa,created_at,asc,500,6,19.634,0,
f1_v0_base,v0,agent,termo_empresa,created_at,desc,0,1,20.048,50,290
f1_v0_base,v0,agent,termo_empresa,created_at,desc,0,2,19.663,50,290
f1_v0_base,v0,agent,termo_empresa,created_at,desc,0,3,18.938,50,290
f1_v0_base,v0,agent,termo_empresa,created_at,desc,0,4,19.665,50,290
f1_v0_base,v0,agent,termo_empresa,created_at,desc,0,5,19.755,50,290
f1_v0_base,v0,agent,termo_empresa,created_at,desc,0,6,19.385,50,290
f1_v0_base,v0,agent,termo_empresa,created_at,desc,500,1,19.492,0,
f1_v0_base,v0,agent,termo_empresa,created_at,desc,500,2,18.806,0,
f1_v0_base,v0,agent,termo_empresa,created_at,desc,500,3,20.038,0,
f1_v0_base,v0,agent,termo_empresa,created_at,desc,500,4,19.282,0,
f1_v0_base,v0,agent,termo_empresa,created_at,desc,500,5,19.711,0,
f1_v0_base,v0,agent,termo_empresa,created_at,desc,500,6,20.323,0,
f1_v0_base,v0,agent,termo_empresa,company,asc,0,1,19.687,50,290
f1_v0_base,v0,agent,termo_empresa,company,asc,0,2,21.122,50,290
f1_v0_base,v0,agent,termo_empresa,company,asc,0,3,20.355,50,290
f1_v0_base,v0,agent,termo_empresa,company,asc,0,4,20.274,50,290
f1_v0_base,v0,agent,termo_empresa,company,asc,0,5,19.669,50,290
f1_v0_base,v0,agent,termo_empresa,company,asc,0,6,20.916,50,290
f1_v0_base,v0,agent,termo_empresa,company,asc,500,1,20.912,0,
f1_v0_base,v0,agent,termo_empresa,company,asc,500,2,19.534,0,
f1_v0_base,v0,agent,termo_empresa,company,asc,500,3,19.907,0,
f1_v0_base,v0,agent,termo_empresa,company,asc,500,4,19.981,0,
f1_v0_base,v0,agent,termo_empresa,company,asc,500,5,20.324,0,
f1_v0_base,v0,agent,termo_empresa,company,asc,500,6,19.53,0,
f1_v0_base,v0,agent,termo_empresa,company,desc,0,1,21.146,50,290
f1_v0_base,v0,agent,termo_empresa,company,desc,0,2,19.589,50,290
f1_v0_base,v0,agent,termo_empresa,company,desc,0,3,21.253,50,290
f1_v0_base,v0,agent,termo_empresa,company,desc,0,4,21.573,50,290
f1_v0_base,v0,agent,termo_empresa,company,desc,0,5,20.447,50,290
f1_v0_base,v0,agent,termo_empresa,company,desc,0,6,20.309,50,290
f1_v0_base,v0,agent,termo_empresa,company,desc,500,1,22.272,0,
f1_v0_base,v0,agent,termo_empresa,company,desc,500,2,20.319,0,
f1_v0_base,v0,agent,termo_empresa,company,desc,500,3,28.514,0,
f1_v0_base,v0,agent,termo_empresa,company,desc,500,4,28.256,0,
f1_v0_base,v0,agent,termo_empresa,company,desc,500,5,23.872,0,
f1_v0_base,v0,agent,termo_empresa,company,desc,500,6,24.781,0,
f1_v0_base,v0,agent,filtro_tipo,name,asc,0,1,14.289,50,536
f1_v0_base,v0,agent,filtro_tipo,name,asc,0,2,13.49,50,536
f1_v0_base,v0,agent,filtro_tipo,name,asc,0,3,13.819,50,536
f1_v0_base,v0,agent,filtro_tipo,name,asc,0,4,12.871,50,536
f1_v0_base,v0,agent,filtro_tipo,name,asc,0,5,14.104,50,536
f1_v0_base,v0,agent,filtro_tipo,name,asc,0,6,12.59,50,536
f1_v0_base,v0,agent,filtro_tipo,name,asc,500,1,12.75,36,536
f1_v0_base,v0,agent,filtro_tipo,name,asc,500,2,12.411,36,536
f1_v0_base,v0,agent,filtro_tipo,name,asc,500,3,12.595,36,536
f1_v0_base,v0,agent,filtro_tipo,name,asc,500,4,14.034,36,536
f1_v0_base,v0,agent,filtro_tipo,name,asc,500,5,13.536,36,536
f1_v0_base,v0,agent,filtro_tipo,name,asc,500,6,12.554,36,536
f1_v0_base,v0,agent,filtro_tipo,name,desc,0,1,14.226,50,536
f1_v0_base,v0,agent,filtro_tipo,name,desc,0,2,13.19,50,536
f1_v0_base,v0,agent,filtro_tipo,name,desc,0,3,13.539,50,536
f1_v0_base,v0,agent,filtro_tipo,name,desc,0,4,13.674,50,536
f1_v0_base,v0,agent,filtro_tipo,name,desc,0,5,14.117,50,536
f1_v0_base,v0,agent,filtro_tipo,name,desc,0,6,13.115,50,536
f1_v0_base,v0,agent,filtro_tipo,name,desc,500,1,13.179,36,536
f1_v0_base,v0,agent,filtro_tipo,name,desc,500,2,13.555,36,536
f1_v0_base,v0,agent,filtro_tipo,name,desc,500,3,12.888,36,536
f1_v0_base,v0,agent,filtro_tipo,name,desc,500,4,12.967,36,536
f1_v0_base,v0,agent,filtro_tipo,name,desc,500,5,12.151,36,536
f1_v0_base,v0,agent,filtro_tipo,name,desc,500,6,11.926,36,536
f1_v0_base,v0,agent,filtro_tipo,created_at,asc,0,1,15.263,50,536
f1_v0_base,v0,agent,filtro_tipo,created_at,asc,0,2,13.636,50,536
f1_v0_base,v0,agent,filtro_tipo,created_at,asc,0,3,12.06,50,536
f1_v0_base,v0,agent,filtro_tipo,created_at,asc,0,4,12.377,50,536
f1_v0_base,v0,agent,filtro_tipo,created_at,asc,0,5,12.083,50,536
f1_v0_base,v0,agent,filtro_tipo,created_at,asc,0,6,12.783,50,536
f1_v0_base,v0,agent,filtro_tipo,created_at,asc,500,1,12.393,36,536
f1_v0_base,v0,agent,filtro_tipo,created_at,asc,500,2,13.033,36,536
f1_v0_base,v0,agent,filtro_tipo,created_at,asc,500,3,12.947,36,536
f1_v0_base,v0,agent,filtro_tipo,created_at,asc,500,4,11.977,36,536
f1_v0_base,v0,agent,filtro_tipo,created_at,asc,500,5,12.067,36,536
f1_v0_base,v0,agent,filtro_tipo,created_at,asc,500,6,13.239,36,536
f1_v0_base,v0,agent,filtro_tipo,created_at,desc,0,1,11.941,50,536
f1_v0_base,v0,agent,filtro_tipo,created_at,desc,0,2,11.987,50,536
f1_v0_base,v0,agent,filtro_tipo,created_at,desc,0,3,12.1,50,536
f1_v0_base,v0,agent,filtro_tipo,created_at,desc,0,4,14.711,50,536
f1_v0_base,v0,agent,filtro_tipo,created_at,desc,0,5,12.192,50,536
f1_v0_base,v0,agent,filtro_tipo,created_at,desc,0,6,12.099,50,536
f1_v0_base,v0,agent,filtro_tipo,created_at,desc,500,1,11.655,36,536
f1_v0_base,v0,agent,filtro_tipo,created_at,desc,500,2,13.119,36,536
f1_v0_base,v0,agent,filtro_tipo,created_at,desc,500,3,12.155,36,536
f1_v0_base,v0,agent,filtro_tipo,created_at,desc,500,4,12.342,36,536
f1_v0_base,v0,agent,filtro_tipo,created_at,desc,500,5,12.259,36,536
f1_v0_base,v0,agent,filtro_tipo,created_at,desc,500,6,12.295,36,536
f1_v0_base,v0,agent,filtro_tipo,company,asc,0,1,13.078,50,536
f1_v0_base,v0,agent,filtro_tipo,company,asc,0,2,12.413,50,536
f1_v0_base,v0,agent,filtro_tipo,company,asc,0,3,12.511,50,536
f1_v0_base,v0,agent,filtro_tipo,company,asc,0,4,12,50,536
f1_v0_base,v0,agent,filtro_tipo,company,asc,0,5,11.209,50,536
f1_v0_base,v0,agent,filtro_tipo,company,asc,0,6,12.326,50,536
f1_v0_base,v0,agent,filtro_tipo,company,asc,500,1,12.666,36,536
f1_v0_base,v0,agent,filtro_tipo,company,asc,500,2,13.091,36,536
f1_v0_base,v0,agent,filtro_tipo,company,asc,500,3,12.526,36,536
f1_v0_base,v0,agent,filtro_tipo,company,asc,500,4,11.372,36,536
f1_v0_base,v0,agent,filtro_tipo,company,asc,500,5,11.659,36,536
f1_v0_base,v0,agent,filtro_tipo,company,asc,500,6,12.871,36,536
f1_v0_base,v0,agent,filtro_tipo,company,desc,0,1,11.545,50,536
f1_v0_base,v0,agent,filtro_tipo,company,desc,0,2,12.585,50,536
f1_v0_base,v0,agent,filtro_tipo,company,desc,0,3,11.934,50,536
f1_v0_base,v0,agent,filtro_tipo,company,desc,0,4,11.457,50,536
f1_v0_base,v0,agent,filtro_tipo,company,desc,0,5,11.566,50,536
f1_v0_base,v0,agent,filtro_tipo,company,desc,0,6,12.26,50,536
f1_v0_base,v0,agent,filtro_tipo,company,desc,500,1,12.389,36,536
f1_v0_base,v0,agent,filtro_tipo,company,desc,500,2,12.245,36,536
f1_v0_base,v0,agent,filtro_tipo,company,desc,500,3,12.293,36,536
f1_v0_base,v0,agent,filtro_tipo,company,desc,500,4,12.359,36,536
f1_v0_base,v0,agent,filtro_tipo,company,desc,500,5,12.689,36,536
f1_v0_base,v0,agent,filtro_tipo,company,desc,500,6,11.887,36,536
f1_v0_base,v0,agent,filtro_tag,name,asc,0,1,7.564,50,241
f1_v0_base,v0,agent,filtro_tag,name,asc,0,2,7.543,50,241
f1_v0_base,v0,agent,filtro_tag,name,asc,0,3,6.98,50,241
f1_v0_base,v0,agent,filtro_tag,name,asc,0,4,7.209,50,241
f1_v0_base,v0,agent,filtro_tag,name,asc,0,5,7.272,50,241
f1_v0_base,v0,agent,filtro_tag,name,asc,0,6,7.934,50,241
f1_v0_base,v0,agent,filtro_tag,name,asc,500,1,7.276,0,
f1_v0_base,v0,agent,filtro_tag,name,asc,500,2,7.376,0,
f1_v0_base,v0,agent,filtro_tag,name,asc,500,3,8.482,0,
f1_v0_base,v0,agent,filtro_tag,name,asc,500,4,7.389,0,
f1_v0_base,v0,agent,filtro_tag,name,asc,500,5,6.81,0,
f1_v0_base,v0,agent,filtro_tag,name,asc,500,6,6.663,0,
f1_v0_base,v0,agent,filtro_tag,name,desc,0,1,7.692,50,241
f1_v0_base,v0,agent,filtro_tag,name,desc,0,2,8.135,50,241
f1_v0_base,v0,agent,filtro_tag,name,desc,0,3,7.296,50,241
f1_v0_base,v0,agent,filtro_tag,name,desc,0,4,7.11,50,241
f1_v0_base,v0,agent,filtro_tag,name,desc,0,5,7.417,50,241
f1_v0_base,v0,agent,filtro_tag,name,desc,0,6,7.3,50,241
f1_v0_base,v0,agent,filtro_tag,name,desc,500,1,7.741,0,
f1_v0_base,v0,agent,filtro_tag,name,desc,500,2,6.898,0,
f1_v0_base,v0,agent,filtro_tag,name,desc,500,3,8.366,0,
f1_v0_base,v0,agent,filtro_tag,name,desc,500,4,7.259,0,
f1_v0_base,v0,agent,filtro_tag,name,desc,500,5,7.589,0,
f1_v0_base,v0,agent,filtro_tag,name,desc,500,6,7.536,0,
f1_v0_base,v0,agent,filtro_tag,created_at,asc,0,1,6.729,50,241
f1_v0_base,v0,agent,filtro_tag,created_at,asc,0,2,6.903,50,241
f1_v0_base,v0,agent,filtro_tag,created_at,asc,0,3,7.449,50,241
f1_v0_base,v0,agent,filtro_tag,created_at,asc,0,4,8.445,50,241
f1_v0_base,v0,agent,filtro_tag,created_at,asc,0,5,7.877,50,241
f1_v0_base,v0,agent,filtro_tag,created_at,asc,0,6,8.074,50,241
f1_v0_base,v0,agent,filtro_tag,created_at,asc,500,1,6.837,0,
f1_v0_base,v0,agent,filtro_tag,created_at,asc,500,2,7.254,0,
f1_v0_base,v0,agent,filtro_tag,created_at,asc,500,3,7.1,0,
f1_v0_base,v0,agent,filtro_tag,created_at,asc,500,4,7.722,0,
f1_v0_base,v0,agent,filtro_tag,created_at,asc,500,5,6.922,0,
f1_v0_base,v0,agent,filtro_tag,created_at,asc,500,6,7.182,0,
f1_v0_base,v0,agent,filtro_tag,created_at,desc,0,1,7.62,50,241
f1_v0_base,v0,agent,filtro_tag,created_at,desc,0,2,7.044,50,241
f1_v0_base,v0,agent,filtro_tag,created_at,desc,0,3,8.196,50,241
f1_v0_base,v0,agent,filtro_tag,created_at,desc,0,4,6.662,50,241
f1_v0_base,v0,agent,filtro_tag,created_at,desc,0,5,7.318,50,241
f1_v0_base,v0,agent,filtro_tag,created_at,desc,0,6,7.888,50,241
f1_v0_base,v0,agent,filtro_tag,created_at,desc,500,1,7.451,0,
f1_v0_base,v0,agent,filtro_tag,created_at,desc,500,2,7.057,0,
f1_v0_base,v0,agent,filtro_tag,created_at,desc,500,3,7.62,0,
f1_v0_base,v0,agent,filtro_tag,created_at,desc,500,4,7.166,0,
f1_v0_base,v0,agent,filtro_tag,created_at,desc,500,5,7.458,0,
f1_v0_base,v0,agent,filtro_tag,created_at,desc,500,6,7.386,0,
f1_v0_base,v0,agent,filtro_tag,company,asc,0,1,7.278,50,241
f1_v0_base,v0,agent,filtro_tag,company,asc,0,2,7.709,50,241
f1_v0_base,v0,agent,filtro_tag,company,asc,0,3,7.899,50,241
f1_v0_base,v0,agent,filtro_tag,company,asc,0,4,8.524,50,241
f1_v0_base,v0,agent,filtro_tag,company,asc,0,5,8.09,50,241
f1_v0_base,v0,agent,filtro_tag,company,asc,0,6,7.509,50,241
f1_v0_base,v0,agent,filtro_tag,company,asc,500,1,8.931,0,
f1_v0_base,v0,agent,filtro_tag,company,asc,500,2,7.247,0,
f1_v0_base,v0,agent,filtro_tag,company,asc,500,3,7.793,0,
f1_v0_base,v0,agent,filtro_tag,company,asc,500,4,7.658,0,
f1_v0_base,v0,agent,filtro_tag,company,asc,500,5,8.362,0,
f1_v0_base,v0,agent,filtro_tag,company,asc,500,6,7.734,0,
f1_v0_base,v0,agent,filtro_tag,company,desc,0,1,7.277,50,241
f1_v0_base,v0,agent,filtro_tag,company,desc,0,2,8.226,50,241
f1_v0_base,v0,agent,filtro_tag,company,desc,0,3,8.026,50,241
f1_v0_base,v0,agent,filtro_tag,company,desc,0,4,7.592,50,241
f1_v0_base,v0,agent,filtro_tag,company,desc,0,5,8.066,50,241
f1_v0_base,v0,agent,filtro_tag,company,desc,0,6,7.488,50,241
f1_v0_base,v0,agent,filtro_tag,company,desc,500,1,6.874,0,
f1_v0_base,v0,agent,filtro_tag,company,desc,500,2,7.493,0,
f1_v0_base,v0,agent,filtro_tag,company,desc,500,3,7.341,0,
f1_v0_base,v0,agent,filtro_tag,company,desc,500,4,7.255,0,
f1_v0_base,v0,agent,filtro_tag,company,desc,500,5,7.175,0,
f1_v0_base,v0,agent,filtro_tag,company,desc,500,6,7.074,0,
f1_v0_base,v0,agent,intervalo_data,name,asc,0,1,13.247,50,640
f1_v0_base,v0,agent,intervalo_data,name,asc,0,2,12.97,50,640
f1_v0_base,v0,agent,intervalo_data,name,asc,0,3,14.184,50,640
f1_v0_base,v0,agent,intervalo_data,name,asc,0,4,14.206,50,640
f1_v0_base,v0,agent,intervalo_data,name,asc,0,5,13.701,50,640
f1_v0_base,v0,agent,intervalo_data,name,asc,0,6,13.079,50,640
f1_v0_base,v0,agent,intervalo_data,name,asc,500,1,14.756,50,640
f1_v0_base,v0,agent,intervalo_data,name,asc,500,2,13.89,50,640
f1_v0_base,v0,agent,intervalo_data,name,asc,500,3,14.109,50,640
f1_v0_base,v0,agent,intervalo_data,name,asc,500,4,13.595,50,640
f1_v0_base,v0,agent,intervalo_data,name,asc,500,5,13.058,50,640
f1_v0_base,v0,agent,intervalo_data,name,asc,500,6,13.633,50,640
f1_v0_base,v0,agent,intervalo_data,name,desc,0,1,13.119,50,640
f1_v0_base,v0,agent,intervalo_data,name,desc,0,2,13.889,50,640
f1_v0_base,v0,agent,intervalo_data,name,desc,0,3,12.87,50,640
f1_v0_base,v0,agent,intervalo_data,name,desc,0,4,12.619,50,640
f1_v0_base,v0,agent,intervalo_data,name,desc,0,5,13.432,50,640
f1_v0_base,v0,agent,intervalo_data,name,desc,0,6,13.632,50,640
f1_v0_base,v0,agent,intervalo_data,name,desc,500,1,14.368,50,640
f1_v0_base,v0,agent,intervalo_data,name,desc,500,2,14.931,50,640
f1_v0_base,v0,agent,intervalo_data,name,desc,500,3,13.468,50,640
f1_v0_base,v0,agent,intervalo_data,name,desc,500,4,13.901,50,640
f1_v0_base,v0,agent,intervalo_data,name,desc,500,5,13.675,50,640
f1_v0_base,v0,agent,intervalo_data,name,desc,500,6,13.254,50,640
f1_v0_base,v0,agent,intervalo_data,created_at,asc,0,1,12.091,50,640
f1_v0_base,v0,agent,intervalo_data,created_at,asc,0,2,12.574,50,640
f1_v0_base,v0,agent,intervalo_data,created_at,asc,0,3,13.044,50,640
f1_v0_base,v0,agent,intervalo_data,created_at,asc,0,4,12.873,50,640
f1_v0_base,v0,agent,intervalo_data,created_at,asc,0,5,12.665,50,640
f1_v0_base,v0,agent,intervalo_data,created_at,asc,0,6,13.369,50,640
f1_v0_base,v0,agent,intervalo_data,created_at,asc,500,1,13.326,50,640
f1_v0_base,v0,agent,intervalo_data,created_at,asc,500,2,14.203,50,640
f1_v0_base,v0,agent,intervalo_data,created_at,asc,500,3,14.657,50,640
f1_v0_base,v0,agent,intervalo_data,created_at,asc,500,4,13.294,50,640
f1_v0_base,v0,agent,intervalo_data,created_at,asc,500,5,14.413,50,640
f1_v0_base,v0,agent,intervalo_data,created_at,asc,500,6,13.128,50,640
f1_v0_base,v0,agent,intervalo_data,created_at,desc,0,1,13.52,50,640
f1_v0_base,v0,agent,intervalo_data,created_at,desc,0,2,12.785,50,640
f1_v0_base,v0,agent,intervalo_data,created_at,desc,0,3,12.403,50,640
f1_v0_base,v0,agent,intervalo_data,created_at,desc,0,4,14.299,50,640
f1_v0_base,v0,agent,intervalo_data,created_at,desc,0,5,14.391,50,640
f1_v0_base,v0,agent,intervalo_data,created_at,desc,0,6,12.546,50,640
f1_v0_base,v0,agent,intervalo_data,created_at,desc,500,1,12.467,50,640
f1_v0_base,v0,agent,intervalo_data,created_at,desc,500,2,12.692,50,640
f1_v0_base,v0,agent,intervalo_data,created_at,desc,500,3,12.932,50,640
f1_v0_base,v0,agent,intervalo_data,created_at,desc,500,4,12.624,50,640
f1_v0_base,v0,agent,intervalo_data,created_at,desc,500,5,12.229,50,640
f1_v0_base,v0,agent,intervalo_data,created_at,desc,500,6,14.646,50,640
f1_v0_base,v0,agent,intervalo_data,company,asc,0,1,13.748,50,640
f1_v0_base,v0,agent,intervalo_data,company,asc,0,2,13.394,50,640
f1_v0_base,v0,agent,intervalo_data,company,asc,0,3,14.514,50,640
f1_v0_base,v0,agent,intervalo_data,company,asc,0,4,13.041,50,640
f1_v0_base,v0,agent,intervalo_data,company,asc,0,5,13.166,50,640
f1_v0_base,v0,agent,intervalo_data,company,asc,0,6,14.352,50,640
f1_v0_base,v0,agent,intervalo_data,company,asc,500,1,14.882,50,640
f1_v0_base,v0,agent,intervalo_data,company,asc,500,2,13.891,50,640
f1_v0_base,v0,agent,intervalo_data,company,asc,500,3,13.681,50,640
f1_v0_base,v0,agent,intervalo_data,company,asc,500,4,13.107,50,640
f1_v0_base,v0,agent,intervalo_data,company,asc,500,5,13.459,50,640
f1_v0_base,v0,agent,intervalo_data,company,asc,500,6,14.485,50,640
f1_v0_base,v0,agent,intervalo_data,company,desc,0,1,13.105,50,640
f1_v0_base,v0,agent,intervalo_data,company,desc,0,2,12.986,50,640
f1_v0_base,v0,agent,intervalo_data,company,desc,0,3,13.573,50,640
f1_v0_base,v0,agent,intervalo_data,company,desc,0,4,14.909,50,640
f1_v0_base,v0,agent,intervalo_data,company,desc,0,5,14.763,50,640
f1_v0_base,v0,agent,intervalo_data,company,desc,0,6,13.321,50,640
f1_v0_base,v0,agent,intervalo_data,company,desc,500,1,14.115,50,640
f1_v0_base,v0,agent,intervalo_data,company,desc,500,2,13.43,50,640
f1_v0_base,v0,agent,intervalo_data,company,desc,500,3,14.337,50,640
f1_v0_base,v0,agent,intervalo_data,company,desc,500,4,13.843,50,640
f1_v0_base,v0,agent,intervalo_data,company,desc,500,5,13.501,50,640
f1_v0_base,v0,agent,intervalo_data,company,desc,500,6,14.094,50,640
f1_v0_base,v0,agent,combinado,name,asc,0,1,1.298,1,1
f1_v0_base,v0,agent,combinado,name,asc,0,2,0.967,1,1
f1_v0_base,v0,agent,combinado,name,asc,0,3,0.946,1,1
f1_v0_base,v0,agent,combinado,name,asc,0,4,0.876,1,1
f1_v0_base,v0,agent,combinado,name,asc,0,5,1.121,1,1
f1_v0_base,v0,agent,combinado,name,asc,0,6,0.953,1,1
f1_v0_base,v0,agent,combinado,name,asc,500,1,1.141,0,
f1_v0_base,v0,agent,combinado,name,asc,500,2,0.958,0,
f1_v0_base,v0,agent,combinado,name,asc,500,3,1.014,0,
f1_v0_base,v0,agent,combinado,name,asc,500,4,0.813,0,
f1_v0_base,v0,agent,combinado,name,asc,500,5,0.83,0,
f1_v0_base,v0,agent,combinado,name,asc,500,6,1.085,0,
f1_v0_base,v0,agent,combinado,name,desc,0,1,1.118,1,1
f1_v0_base,v0,agent,combinado,name,desc,0,2,0.948,1,1
f1_v0_base,v0,agent,combinado,name,desc,0,3,0.955,1,1
f1_v0_base,v0,agent,combinado,name,desc,0,4,0.914,1,1
f1_v0_base,v0,agent,combinado,name,desc,0,5,1.398,1,1
f1_v0_base,v0,agent,combinado,name,desc,0,6,1.049,1,1
f1_v0_base,v0,agent,combinado,name,desc,500,1,0.994,0,
f1_v0_base,v0,agent,combinado,name,desc,500,2,0.813,0,
f1_v0_base,v0,agent,combinado,name,desc,500,3,0.754,0,
f1_v0_base,v0,agent,combinado,name,desc,500,4,0.822,0,
f1_v0_base,v0,agent,combinado,name,desc,500,5,0.962,0,
f1_v0_base,v0,agent,combinado,name,desc,500,6,1.093,0,
f1_v0_base,v0,agent,combinado,created_at,asc,0,1,1.047,1,1
f1_v0_base,v0,agent,combinado,created_at,asc,0,2,0.913,1,1
f1_v0_base,v0,agent,combinado,created_at,asc,0,3,1.167,1,1
f1_v0_base,v0,agent,combinado,created_at,asc,0,4,1.154,1,1
f1_v0_base,v0,agent,combinado,created_at,asc,0,5,1.66,1,1
f1_v0_base,v0,agent,combinado,created_at,asc,0,6,1.33,1,1
f1_v0_base,v0,agent,combinado,created_at,asc,500,1,0.859,0,
f1_v0_base,v0,agent,combinado,created_at,asc,500,2,0.858,0,
f1_v0_base,v0,agent,combinado,created_at,asc,500,3,0.984,0,
f1_v0_base,v0,agent,combinado,created_at,asc,500,4,1,0,
f1_v0_base,v0,agent,combinado,created_at,asc,500,5,0.848,0,
f1_v0_base,v0,agent,combinado,created_at,asc,500,6,0.843,0,
f1_v0_base,v0,agent,combinado,created_at,desc,0,1,0.971,1,1
f1_v0_base,v0,agent,combinado,created_at,desc,0,2,0.921,1,1
f1_v0_base,v0,agent,combinado,created_at,desc,0,3,1.222,1,1
f1_v0_base,v0,agent,combinado,created_at,desc,0,4,1.257,1,1
f1_v0_base,v0,agent,combinado,created_at,desc,0,5,1.15,1,1
f1_v0_base,v0,agent,combinado,created_at,desc,0,6,1.057,1,1
f1_v0_base,v0,agent,combinado,created_at,desc,500,1,1.022,0,
f1_v0_base,v0,agent,combinado,created_at,desc,500,2,0.964,0,
f1_v0_base,v0,agent,combinado,created_at,desc,500,3,1.064,0,
f1_v0_base,v0,agent,combinado,created_at,desc,500,4,0.845,0,
f1_v0_base,v0,agent,combinado,created_at,desc,500,5,0.903,0,
f1_v0_base,v0,agent,combinado,created_at,desc,500,6,0.909,0,
f1_v0_base,v0,agent,combinado,company,asc,0,1,0.906,1,1
f1_v0_base,v0,agent,combinado,company,asc,0,2,0.841,1,1
f1_v0_base,v0,agent,combinado,company,asc,0,3,0.961,1,1
f1_v0_base,v0,agent,combinado,company,asc,0,4,1.173,1,1
f1_v0_base,v0,agent,combinado,company,asc,0,5,1.184,1,1
f1_v0_base,v0,agent,combinado,company,asc,0,6,0.919,1,1
f1_v0_base,v0,agent,combinado,company,asc,500,1,1.352,0,
f1_v0_base,v0,agent,combinado,company,asc,500,2,0.939,0,
f1_v0_base,v0,agent,combinado,company,asc,500,3,0.926,0,
f1_v0_base,v0,agent,combinado,company,asc,500,4,0.979,0,
f1_v0_base,v0,agent,combinado,company,asc,500,5,1.215,0,
f1_v0_base,v0,agent,combinado,company,asc,500,6,1.148,0,
f1_v0_base,v0,agent,combinado,company,desc,0,1,1.031,1,1
f1_v0_base,v0,agent,combinado,company,desc,0,2,1.026,1,1
f1_v0_base,v0,agent,combinado,company,desc,0,3,1.089,1,1
f1_v0_base,v0,agent,combinado,company,desc,0,4,1.22,1,1
f1_v0_base,v0,agent,combinado,company,desc,0,5,0.862,1,1
f1_v0_base,v0,agent,combinado,company,desc,0,6,0.87,1,1
f1_v0_base,v0,agent,combinado,company,desc,500,1,0.911,0,
f1_v0_base,v0,agent,combinado,company,desc,500,2,0.83,0,
f1_v0_base,v0,agent,combinado,company,desc,500,3,0.866,0,
f1_v0_base,v0,agent,combinado,company,desc,500,4,0.898,0,
f1_v0_base,v0,agent,combinado,company,desc,500,5,1.17,0,
f1_v0_base,v0,agent,combinado,company,desc,500,6,1.206,0,
f1_v0_base,v0,agent,termo_nome_2ch,name,asc,0,1,24.945,50,587
f1_v0_base,v0,agent,termo_nome_2ch,name,asc,0,2,25.836,50,587
f1_v0_base,v0,agent,termo_nome_2ch,name,asc,0,3,24.156,50,587
f1_v0_base,v0,agent,termo_nome_2ch,name,asc,0,4,26.354,50,587
f1_v0_base,v0,agent,termo_nome_2ch,name,asc,0,5,26.278,50,587
f1_v0_base,v0,agent,termo_nome_2ch,name,asc,0,6,25.144,50,587
f1_v0_base,v0,agent,termo_nome_2ch,name,asc,500,1,27.969,50,587
f1_v0_base,v0,agent,termo_nome_2ch,name,asc,500,2,27.406,50,587
f1_v0_base,v0,agent,termo_nome_2ch,name,asc,500,3,27.094,50,587
f1_v0_base,v0,agent,termo_nome_2ch,name,asc,500,4,25.687,50,587
f1_v0_base,v0,agent,termo_nome_2ch,name,asc,500,5,26.574,50,587
f1_v0_base,v0,agent,termo_nome_2ch,name,asc,500,6,24.44,50,587
f1_v0_base,v0,agent,termo_nome_2ch,name,desc,0,1,26.543,50,587
f1_v0_base,v0,agent,termo_nome_2ch,name,desc,0,2,24.912,50,587
f1_v0_base,v0,agent,termo_nome_2ch,name,desc,0,3,23.769,50,587
f1_v0_base,v0,agent,termo_nome_2ch,name,desc,0,4,24.063,50,587
f1_v0_base,v0,agent,termo_nome_2ch,name,desc,0,5,23.452,50,587
f1_v0_base,v0,agent,termo_nome_2ch,name,desc,0,6,24.472,50,587
f1_v0_base,v0,agent,termo_nome_2ch,name,desc,500,1,23.982,50,587
f1_v0_base,v0,agent,termo_nome_2ch,name,desc,500,2,24.495,50,587
f1_v0_base,v0,agent,termo_nome_2ch,name,desc,500,3,25.474,50,587
f1_v0_base,v0,agent,termo_nome_2ch,name,desc,500,4,24.939,50,587
f1_v0_base,v0,agent,termo_nome_2ch,name,desc,500,5,25.952,50,587
f1_v0_base,v0,agent,termo_nome_2ch,name,desc,500,6,25.019,50,587
f1_v0_base,v0,agent,termo_nome_2ch,created_at,asc,0,1,26.43,50,587
f1_v0_base,v0,agent,termo_nome_2ch,created_at,asc,0,2,28.828,50,587
f1_v0_base,v0,agent,termo_nome_2ch,created_at,asc,0,3,24.443,50,587
f1_v0_base,v0,agent,termo_nome_2ch,created_at,asc,0,4,24.163,50,587
f1_v0_base,v0,agent,termo_nome_2ch,created_at,asc,0,5,27.618,50,587
f1_v0_base,v0,agent,termo_nome_2ch,created_at,asc,0,6,26.117,50,587
f1_v0_base,v0,agent,termo_nome_2ch,created_at,asc,500,1,24.363,50,587
f1_v0_base,v0,agent,termo_nome_2ch,created_at,asc,500,2,24.216,50,587
f1_v0_base,v0,agent,termo_nome_2ch,created_at,asc,500,3,23.437,50,587
f1_v0_base,v0,agent,termo_nome_2ch,created_at,asc,500,4,24.373,50,587
f1_v0_base,v0,agent,termo_nome_2ch,created_at,asc,500,5,27.067,50,587
f1_v0_base,v0,agent,termo_nome_2ch,created_at,asc,500,6,24.748,50,587
f1_v0_base,v0,agent,termo_nome_2ch,created_at,desc,0,1,23.887,50,587
f1_v0_base,v0,agent,termo_nome_2ch,created_at,desc,0,2,23.924,50,587
f1_v0_base,v0,agent,termo_nome_2ch,created_at,desc,0,3,23.797,50,587
f1_v0_base,v0,agent,termo_nome_2ch,created_at,desc,0,4,24.031,50,587
f1_v0_base,v0,agent,termo_nome_2ch,created_at,desc,0,5,24.062,50,587
f1_v0_base,v0,agent,termo_nome_2ch,created_at,desc,0,6,24.493,50,587
f1_v0_base,v0,agent,termo_nome_2ch,created_at,desc,500,1,25.123,50,587
f1_v0_base,v0,agent,termo_nome_2ch,created_at,desc,500,2,26.751,50,587
f1_v0_base,v0,agent,termo_nome_2ch,created_at,desc,500,3,25.963,50,587
f1_v0_base,v0,agent,termo_nome_2ch,created_at,desc,500,4,24.532,50,587
f1_v0_base,v0,agent,termo_nome_2ch,created_at,desc,500,5,23.214,50,587
f1_v0_base,v0,agent,termo_nome_2ch,created_at,desc,500,6,24.084,50,587
f1_v0_base,v0,agent,termo_nome_2ch,company,asc,0,1,24.865,50,587
f1_v0_base,v0,agent,termo_nome_2ch,company,asc,0,2,25.008,50,587
f1_v0_base,v0,agent,termo_nome_2ch,company,asc,0,3,24.165,50,587
f1_v0_base,v0,agent,termo_nome_2ch,company,asc,0,4,23.708,50,587
f1_v0_base,v0,agent,termo_nome_2ch,company,asc,0,5,26.618,50,587
f1_v0_base,v0,agent,termo_nome_2ch,company,asc,0,6,24.719,50,587
f1_v0_base,v0,agent,termo_nome_2ch,company,asc,500,1,25.485,50,587
f1_v0_base,v0,agent,termo_nome_2ch,company,asc,500,2,25.866,50,587
f1_v0_base,v0,agent,termo_nome_2ch,company,asc,500,3,25.769,50,587
f1_v0_base,v0,agent,termo_nome_2ch,company,asc,500,4,25.966,50,587
f1_v0_base,v0,agent,termo_nome_2ch,company,asc,500,5,27.001,50,587
f1_v0_base,v0,agent,termo_nome_2ch,company,asc,500,6,26.954,50,587
f1_v0_base,v0,agent,termo_nome_2ch,company,desc,0,1,24.415,50,587
f1_v0_base,v0,agent,termo_nome_2ch,company,desc,0,2,25.12,50,587
f1_v0_base,v0,agent,termo_nome_2ch,company,desc,0,3,24.917,50,587
f1_v0_base,v0,agent,termo_nome_2ch,company,desc,0,4,26.308,50,587
f1_v0_base,v0,agent,termo_nome_2ch,company,desc,0,5,25.937,50,587
f1_v0_base,v0,agent,termo_nome_2ch,company,desc,0,6,25.135,50,587
f1_v0_base,v0,agent,termo_nome_2ch,company,desc,500,1,32.805,50,587
f1_v0_base,v0,agent,termo_nome_2ch,company,desc,500,2,29.867,50,587
f1_v0_base,v0,agent,termo_nome_2ch,company,desc,500,3,28.496,50,587
f1_v0_base,v0,agent,termo_nome_2ch,company,desc,500,4,26.879,50,587
f1_v0_base,v0,agent,termo_nome_2ch,company,desc,500,5,27.611,50,587
f1_v0_base,v0,agent,termo_nome_2ch,company,desc,500,6,29.316,50,587
f1_v0_base,v0,agent,termo_nome_3ch,name,asc,0,1,27.129,50,428
f1_v0_base,v0,agent,termo_nome_3ch,name,asc,0,2,24.554,50,428
f1_v0_base,v0,agent,termo_nome_3ch,name,asc,0,3,22.28,50,428
f1_v0_base,v0,agent,termo_nome_3ch,name,asc,0,4,23,50,428
f1_v0_base,v0,agent,termo_nome_3ch,name,asc,0,5,22.227,50,428
f1_v0_base,v0,agent,termo_nome_3ch,name,asc,0,6,21.247,50,428
f1_v0_base,v0,agent,termo_nome_3ch,name,asc,500,1,21.707,0,
f1_v0_base,v0,agent,termo_nome_3ch,name,asc,500,2,21.157,0,
f1_v0_base,v0,agent,termo_nome_3ch,name,asc,500,3,23.504,0,
f1_v0_base,v0,agent,termo_nome_3ch,name,asc,500,4,21.671,0,
f1_v0_base,v0,agent,termo_nome_3ch,name,asc,500,5,23.686,0,
f1_v0_base,v0,agent,termo_nome_3ch,name,asc,500,6,21.588,0,
f1_v0_base,v0,agent,termo_nome_3ch,name,desc,0,1,22.844,50,428
f1_v0_base,v0,agent,termo_nome_3ch,name,desc,0,2,21.614,50,428
f1_v0_base,v0,agent,termo_nome_3ch,name,desc,0,3,22.769,50,428
f1_v0_base,v0,agent,termo_nome_3ch,name,desc,0,4,20.461,50,428
f1_v0_base,v0,agent,termo_nome_3ch,name,desc,0,5,21.689,50,428
f1_v0_base,v0,agent,termo_nome_3ch,name,desc,0,6,21.778,50,428
f1_v0_base,v0,agent,termo_nome_3ch,name,desc,500,1,21.843,0,
f1_v0_base,v0,agent,termo_nome_3ch,name,desc,500,2,21.447,0,
f1_v0_base,v0,agent,termo_nome_3ch,name,desc,500,3,21.105,0,
f1_v0_base,v0,agent,termo_nome_3ch,name,desc,500,4,21.125,0,
f1_v0_base,v0,agent,termo_nome_3ch,name,desc,500,5,20.702,0,
f1_v0_base,v0,agent,termo_nome_3ch,name,desc,500,6,21.596,0,
f1_v0_base,v0,agent,termo_nome_3ch,created_at,asc,0,1,21.463,50,428
f1_v0_base,v0,agent,termo_nome_3ch,created_at,asc,0,2,20.626,50,428
f1_v0_base,v0,agent,termo_nome_3ch,created_at,asc,0,3,20.816,50,428
f1_v0_base,v0,agent,termo_nome_3ch,created_at,asc,0,4,21.669,50,428
f1_v0_base,v0,agent,termo_nome_3ch,created_at,asc,0,5,21.182,50,428
f1_v0_base,v0,agent,termo_nome_3ch,created_at,asc,0,6,21.797,50,428
f1_v0_base,v0,agent,termo_nome_3ch,created_at,asc,500,1,20.716,0,
f1_v0_base,v0,agent,termo_nome_3ch,created_at,asc,500,2,20.582,0,
f1_v0_base,v0,agent,termo_nome_3ch,created_at,asc,500,3,19.94,0,
f1_v0_base,v0,agent,termo_nome_3ch,created_at,asc,500,4,19.754,0,
f1_v0_base,v0,agent,termo_nome_3ch,created_at,asc,500,5,20.655,0,
f1_v0_base,v0,agent,termo_nome_3ch,created_at,asc,500,6,20.242,0,
f1_v0_base,v0,agent,termo_nome_3ch,created_at,desc,0,1,22.368,50,428
f1_v0_base,v0,agent,termo_nome_3ch,created_at,desc,0,2,23.366,50,428
f1_v0_base,v0,agent,termo_nome_3ch,created_at,desc,0,3,23.024,50,428
f1_v0_base,v0,agent,termo_nome_3ch,created_at,desc,0,4,22.401,50,428
f1_v0_base,v0,agent,termo_nome_3ch,created_at,desc,0,5,22.821,50,428
f1_v0_base,v0,agent,termo_nome_3ch,created_at,desc,0,6,22.858,50,428
f1_v0_base,v0,agent,termo_nome_3ch,created_at,desc,500,1,24.656,0,
f1_v0_base,v0,agent,termo_nome_3ch,created_at,desc,500,2,21.729,0,
f1_v0_base,v0,agent,termo_nome_3ch,created_at,desc,500,3,22.04,0,
f1_v0_base,v0,agent,termo_nome_3ch,created_at,desc,500,4,23.27,0,
f1_v0_base,v0,agent,termo_nome_3ch,created_at,desc,500,5,21.619,0,
f1_v0_base,v0,agent,termo_nome_3ch,created_at,desc,500,6,22.352,0,
f1_v0_base,v0,agent,termo_nome_3ch,company,asc,0,1,23.329,50,428
f1_v0_base,v0,agent,termo_nome_3ch,company,asc,0,2,22.404,50,428
f1_v0_base,v0,agent,termo_nome_3ch,company,asc,0,3,22.377,50,428
f1_v0_base,v0,agent,termo_nome_3ch,company,asc,0,4,22.295,50,428
f1_v0_base,v0,agent,termo_nome_3ch,company,asc,0,5,21.6,50,428
f1_v0_base,v0,agent,termo_nome_3ch,company,asc,0,6,20.727,50,428
f1_v0_base,v0,agent,termo_nome_3ch,company,asc,500,1,23.978,0,
f1_v0_base,v0,agent,termo_nome_3ch,company,asc,500,2,21.418,0,
f1_v0_base,v0,agent,termo_nome_3ch,company,asc,500,3,21.105,0,
f1_v0_base,v0,agent,termo_nome_3ch,company,asc,500,4,21.473,0,
f1_v0_base,v0,agent,termo_nome_3ch,company,asc,500,5,22.979,0,
f1_v0_base,v0,agent,termo_nome_3ch,company,asc,500,6,21.381,0,
f1_v0_base,v0,agent,termo_nome_3ch,company,desc,0,1,20.951,50,428
f1_v0_base,v0,agent,termo_nome_3ch,company,desc,0,2,20.515,50,428
f1_v0_base,v0,agent,termo_nome_3ch,company,desc,0,3,22.94,50,428
f1_v0_base,v0,agent,termo_nome_3ch,company,desc,0,4,21.572,50,428
f1_v0_base,v0,agent,termo_nome_3ch,company,desc,0,5,20.456,50,428
f1_v0_base,v0,agent,termo_nome_3ch,company,desc,0,6,21.997,50,428
f1_v0_base,v0,agent,termo_nome_3ch,company,desc,500,1,21.477,0,
f1_v0_base,v0,agent,termo_nome_3ch,company,desc,500,2,20.445,0,
f1_v0_base,v0,agent,termo_nome_3ch,company,desc,500,3,21.343,0,
f1_v0_base,v0,agent,termo_nome_3ch,company,desc,500,4,21.544,0,
f1_v0_base,v0,agent,termo_nome_3ch,company,desc,500,5,21.542,0,
f1_v0_base,v0,agent,termo_nome_3ch,company,desc,500,6,22.754,0,
f1_v0_base,v0,agent,termo_telefone,name,asc,0,1,14.732,0,
f1_v0_base,v0,agent,termo_telefone,name,asc,0,2,13.697,0,
f1_v0_base,v0,agent,termo_telefone,name,asc,0,3,13.366,0,
f1_v0_base,v0,agent,termo_telefone,name,asc,0,4,13.917,0,
f1_v0_base,v0,agent,termo_telefone,name,asc,0,5,13.218,0,
f1_v0_base,v0,agent,termo_telefone,name,asc,0,6,13.152,0,
f1_v0_base,v0,agent,termo_telefone,name,asc,500,1,13.829,0,
f1_v0_base,v0,agent,termo_telefone,name,asc,500,2,13.532,0,
f1_v0_base,v0,agent,termo_telefone,name,asc,500,3,13.535,0,
f1_v0_base,v0,agent,termo_telefone,name,asc,500,4,13.361,0,
f1_v0_base,v0,agent,termo_telefone,name,asc,500,5,14.708,0,
f1_v0_base,v0,agent,termo_telefone,name,asc,500,6,14.552,0,
f1_v0_base,v0,agent,termo_telefone,name,desc,0,1,14.195,0,
f1_v0_base,v0,agent,termo_telefone,name,desc,0,2,13.869,0,
f1_v0_base,v0,agent,termo_telefone,name,desc,0,3,14.94,0,
f1_v0_base,v0,agent,termo_telefone,name,desc,0,4,14.764,0,
f1_v0_base,v0,agent,termo_telefone,name,desc,0,5,13.626,0,
f1_v0_base,v0,agent,termo_telefone,name,desc,0,6,14.288,0,
f1_v0_base,v0,agent,termo_telefone,name,desc,500,1,13.835,0,
f1_v0_base,v0,agent,termo_telefone,name,desc,500,2,14.508,0,
f1_v0_base,v0,agent,termo_telefone,name,desc,500,3,15.234,0,
f1_v0_base,v0,agent,termo_telefone,name,desc,500,4,14.609,0,
f1_v0_base,v0,agent,termo_telefone,name,desc,500,5,17.125,0,
f1_v0_base,v0,agent,termo_telefone,name,desc,500,6,17.924,0,
f1_v0_base,v0,agent,termo_telefone,created_at,asc,0,1,15.974,0,
f1_v0_base,v0,agent,termo_telefone,created_at,asc,0,2,16.408,0,
f1_v0_base,v0,agent,termo_telefone,created_at,asc,0,3,17.195,0,
f1_v0_base,v0,agent,termo_telefone,created_at,asc,0,4,16.665,0,
f1_v0_base,v0,agent,termo_telefone,created_at,asc,0,5,16.487,0,
f1_v0_base,v0,agent,termo_telefone,created_at,asc,0,6,16.876,0,
f1_v0_base,v0,agent,termo_telefone,created_at,asc,500,1,15.373,0,
f1_v0_base,v0,agent,termo_telefone,created_at,asc,500,2,14.845,0,
f1_v0_base,v0,agent,termo_telefone,created_at,asc,500,3,17.405,0,
f1_v0_base,v0,agent,termo_telefone,created_at,asc,500,4,17.69,0,
f1_v0_base,v0,agent,termo_telefone,created_at,asc,500,5,14.594,0,
f1_v0_base,v0,agent,termo_telefone,created_at,asc,500,6,15.497,0,
f1_v0_base,v0,agent,termo_telefone,created_at,desc,0,1,15.219,0,
f1_v0_base,v0,agent,termo_telefone,created_at,desc,0,2,14.788,0,
f1_v0_base,v0,agent,termo_telefone,created_at,desc,0,3,14.134,0,
f1_v0_base,v0,agent,termo_telefone,created_at,desc,0,4,14.531,0,
f1_v0_base,v0,agent,termo_telefone,created_at,desc,0,5,13.842,0,
f1_v0_base,v0,agent,termo_telefone,created_at,desc,0,6,14.561,0,
f1_v0_base,v0,agent,termo_telefone,created_at,desc,500,1,13.593,0,
f1_v0_base,v0,agent,termo_telefone,created_at,desc,500,2,14.515,0,
f1_v0_base,v0,agent,termo_telefone,created_at,desc,500,3,14.311,0,
f1_v0_base,v0,agent,termo_telefone,created_at,desc,500,4,15.329,0,
f1_v0_base,v0,agent,termo_telefone,created_at,desc,500,5,16.559,0,
f1_v0_base,v0,agent,termo_telefone,created_at,desc,500,6,16.563,0,
f1_v0_base,v0,agent,termo_telefone,company,asc,0,1,15.455,0,
f1_v0_base,v0,agent,termo_telefone,company,asc,0,2,14.175,0,
f1_v0_base,v0,agent,termo_telefone,company,asc,0,3,15.53,0,
f1_v0_base,v0,agent,termo_telefone,company,asc,0,4,17.805,0,
f1_v0_base,v0,agent,termo_telefone,company,asc,0,5,15.78,0,
f1_v0_base,v0,agent,termo_telefone,company,asc,0,6,18.646,0,
f1_v0_base,v0,agent,termo_telefone,company,asc,500,1,17.288,0,
f1_v0_base,v0,agent,termo_telefone,company,asc,500,2,17.507,0,
f1_v0_base,v0,agent,termo_telefone,company,asc,500,3,18.169,0,
f1_v0_base,v0,agent,termo_telefone,company,asc,500,4,17.289,0,
f1_v0_base,v0,agent,termo_telefone,company,asc,500,5,18.465,0,
f1_v0_base,v0,agent,termo_telefone,company,asc,500,6,18.605,0,
f1_v0_base,v0,agent,termo_telefone,company,desc,0,1,15.215,0,
f1_v0_base,v0,agent,termo_telefone,company,desc,0,2,15.169,0,
f1_v0_base,v0,agent,termo_telefone,company,desc,0,3,15.064,0,
f1_v0_base,v0,agent,termo_telefone,company,desc,0,4,16.438,0,
f1_v0_base,v0,agent,termo_telefone,company,desc,0,5,14.272,0,
f1_v0_base,v0,agent,termo_telefone,company,desc,0,6,13.801,0,
f1_v0_base,v0,agent,termo_telefone,company,desc,500,1,13.631,0,
f1_v0_base,v0,agent,termo_telefone,company,desc,500,2,13.708,0,
f1_v0_base,v0,agent,termo_telefone,company,desc,500,3,14.716,0,
f1_v0_base,v0,agent,termo_telefone,company,desc,500,4,13.4,0,
f1_v0_base,v0,agent,termo_telefone,company,desc,500,5,14.163,0,
f1_v0_base,v0,agent,termo_telefone,company,desc,500,6,14.405,0,
f1_v0_base,v0,agent,empresa_igual,name,asc,0,1,8.464,50,290
f1_v0_base,v0,agent,empresa_igual,name,asc,0,2,7.935,50,290
f1_v0_base,v0,agent,empresa_igual,name,asc,0,3,7.779,50,290
f1_v0_base,v0,agent,empresa_igual,name,asc,0,4,8.111,50,290
f1_v0_base,v0,agent,empresa_igual,name,asc,0,5,7.694,50,290
f1_v0_base,v0,agent,empresa_igual,name,asc,0,6,7.985,50,290
f1_v0_base,v0,agent,empresa_igual,name,asc,500,1,6.983,0,
f1_v0_base,v0,agent,empresa_igual,name,asc,500,2,8.204,0,
f1_v0_base,v0,agent,empresa_igual,name,asc,500,3,7.736,0,
f1_v0_base,v0,agent,empresa_igual,name,asc,500,4,8.447,0,
f1_v0_base,v0,agent,empresa_igual,name,asc,500,5,8.296,0,
f1_v0_base,v0,agent,empresa_igual,name,asc,500,6,8.172,0,
f1_v0_base,v0,agent,empresa_igual,name,desc,0,3,8.372,50,290
f1_v0_base,v0,agent,empresa_igual,name,desc,0,4,7.589,50,290
f1_v0_base,v0,agent,empresa_igual,name,desc,0,1,9.187,50,290
f1_v0_base,v0,agent,empresa_igual,name,desc,0,2,9.18,50,290
f1_v0_base,v0,agent,empresa_igual,name,desc,0,5,8.346,50,290
f1_v0_base,v0,agent,empresa_igual,name,desc,0,6,8.153,50,290
f1_v0_base,v0,agent,empresa_igual,name,desc,500,1,7.598,0,
f1_v0_base,v0,agent,empresa_igual,name,desc,500,2,7.809,0,
f1_v0_base,v0,agent,empresa_igual,name,desc,500,3,7.687,0,
f1_v0_base,v0,agent,empresa_igual,name,desc,500,4,8.025,0,
f1_v0_base,v0,agent,empresa_igual,name,desc,500,5,7.95,0,
f1_v0_base,v0,agent,empresa_igual,name,desc,500,6,8.487,0,
f1_v0_base,v0,agent,empresa_igual,created_at,asc,0,1,7.942,50,290
f1_v0_base,v0,agent,empresa_igual,created_at,asc,0,2,8.53,50,290
f1_v0_base,v0,agent,empresa_igual,created_at,asc,0,3,8.265,50,290
f1_v0_base,v0,agent,empresa_igual,created_at,asc,0,4,8.646,50,290
f1_v0_base,v0,agent,empresa_igual,created_at,asc,0,5,8.177,50,290
f1_v0_base,v0,agent,empresa_igual,created_at,asc,0,6,8.529,50,290
f1_v0_base,v0,agent,empresa_igual,created_at,asc,500,1,8.119,0,
f1_v0_base,v0,agent,empresa_igual,created_at,asc,500,2,8.052,0,
f1_v0_base,v0,agent,empresa_igual,created_at,asc,500,3,7.481,0,
f1_v0_base,v0,agent,empresa_igual,created_at,asc,500,4,8.346,0,
f1_v0_base,v0,agent,empresa_igual,created_at,asc,500,5,8.309,0,
f1_v0_base,v0,agent,empresa_igual,created_at,asc,500,6,7.808,0,
f1_v0_base,v0,agent,empresa_igual,created_at,desc,0,1,7.225,50,290
f1_v0_base,v0,agent,empresa_igual,created_at,desc,0,2,7.555,50,290
f1_v0_base,v0,agent,empresa_igual,created_at,desc,0,3,7.759,50,290
f1_v0_base,v0,agent,empresa_igual,created_at,desc,0,4,7.344,50,290
f1_v0_base,v0,agent,empresa_igual,created_at,desc,0,5,7.483,50,290
f1_v0_base,v0,agent,empresa_igual,created_at,desc,0,6,7.481,50,290
f1_v0_base,v0,agent,empresa_igual,created_at,desc,500,1,7.697,0,
f1_v0_base,v0,agent,empresa_igual,created_at,desc,500,2,7.682,0,
f1_v0_base,v0,agent,empresa_igual,created_at,desc,500,3,7.472,0,
f1_v0_base,v0,agent,empresa_igual,created_at,desc,500,4,7.608,0,
f1_v0_base,v0,agent,empresa_igual,created_at,desc,500,5,7.042,0,
f1_v0_base,v0,agent,empresa_igual,created_at,desc,500,6,8.433,0,
f1_v0_base,v0,agent,empresa_igual,company,asc,0,1,8.34,50,290
f1_v0_base,v0,agent,empresa_igual,company,asc,0,2,7.948,50,290
f1_v0_base,v0,agent,empresa_igual,company,asc,0,3,8.024,50,290
f1_v0_base,v0,agent,empresa_igual,company,asc,0,4,7.774,50,290
f1_v0_base,v0,agent,empresa_igual,company,asc,0,5,7.548,50,290
f1_v0_base,v0,agent,empresa_igual,company,asc,0,6,8.437,50,290
f1_v0_base,v0,agent,empresa_igual,company,asc,500,1,7.986,0,
f1_v0_base,v0,agent,empresa_igual,company,asc,500,2,7.885,0,
f1_v0_base,v0,agent,empresa_igual,company,asc,500,3,8.531,0,
f1_v0_base,v0,agent,empresa_igual,company,asc,500,4,7.556,0,
f1_v0_base,v0,agent,empresa_igual,company,asc,500,5,8.631,0,
f1_v0_base,v0,agent,empresa_igual,company,asc,500,6,8.594,0,
f1_v0_base,v0,agent,empresa_igual,company,desc,0,1,9.177,50,290
f1_v0_base,v0,agent,empresa_igual,company,desc,0,2,7.726,50,290
f1_v0_base,v0,agent,empresa_igual,company,desc,0,3,7.814,50,290
f1_v0_base,v0,agent,empresa_igual,company,desc,0,4,8.032,50,290
f1_v0_base,v0,agent,empresa_igual,company,desc,0,5,7.947,50,290
f1_v0_base,v0,agent,empresa_igual,company,desc,0,6,7.826,50,290
f1_v0_base,v0,agent,empresa_igual,company,desc,500,1,8.29,0,
f1_v0_base,v0,agent,empresa_igual,company,desc,500,2,9.07,0,
f1_v0_base,v0,agent,empresa_igual,company,desc,500,3,8.529,0,
f1_v0_base,v0,agent,empresa_igual,company,desc,500,4,8.233,0,
f1_v0_base,v0,agent,empresa_igual,company,desc,500,5,8.335,0,
f1_v0_base,v0,agent,empresa_igual,company,desc,500,6,8.864,0,
f1_v0_base,v0,agent,cargo_igual,name,asc,0,1,5.304,50,125
f1_v0_base,v0,agent,cargo_igual,name,asc,0,2,6.014,50,125
f1_v0_base,v0,agent,cargo_igual,name,asc,0,3,5.109,50,125
f1_v0_base,v0,agent,cargo_igual,name,asc,0,4,4.529,50,125
f1_v0_base,v0,agent,cargo_igual,name,asc,0,5,5.187,50,125
f1_v0_base,v0,agent,cargo_igual,name,asc,0,6,5.253,50,125
f1_v0_base,v0,agent,cargo_igual,name,asc,500,1,4.756,0,
f1_v0_base,v0,agent,cargo_igual,name,asc,500,2,4.425,0,
f1_v0_base,v0,agent,cargo_igual,name,asc,500,3,4.876,0,
f1_v0_base,v0,agent,cargo_igual,name,asc,500,4,5.917,0,
f1_v0_base,v0,agent,cargo_igual,name,asc,500,5,5.071,0,
f1_v0_base,v0,agent,cargo_igual,name,asc,500,6,4.796,0,
f1_v0_base,v0,agent,cargo_igual,name,desc,0,1,5.585,50,125
f1_v0_base,v0,agent,cargo_igual,name,desc,0,2,4.636,50,125
f1_v0_base,v0,agent,cargo_igual,name,desc,0,3,5.201,50,125
f1_v0_base,v0,agent,cargo_igual,name,desc,0,4,4.829,50,125
f1_v0_base,v0,agent,cargo_igual,name,desc,0,5,5.617,50,125
f1_v0_base,v0,agent,cargo_igual,name,desc,0,6,6.376,50,125
f1_v0_base,v0,agent,cargo_igual,name,desc,500,1,7.997,0,
f1_v0_base,v0,agent,cargo_igual,name,desc,500,2,4.588,0,
f1_v0_base,v0,agent,cargo_igual,name,desc,500,3,4.507,0,
f1_v0_base,v0,agent,cargo_igual,name,desc,500,4,5.615,0,
f1_v0_base,v0,agent,cargo_igual,name,desc,500,5,5.162,0,
f1_v0_base,v0,agent,cargo_igual,name,desc,500,6,4.819,0,
f1_v0_base,v0,agent,cargo_igual,created_at,asc,0,1,5.349,50,125
f1_v0_base,v0,agent,cargo_igual,created_at,asc,0,2,5.084,50,125
f1_v0_base,v0,agent,cargo_igual,created_at,asc,0,3,5.597,50,125
f1_v0_base,v0,agent,cargo_igual,created_at,asc,0,4,4.669,50,125
f1_v0_base,v0,agent,cargo_igual,created_at,asc,0,5,4.716,50,125
f1_v0_base,v0,agent,cargo_igual,created_at,asc,0,6,5.867,50,125
f1_v0_base,v0,agent,cargo_igual,created_at,asc,500,1,5.136,0,
f1_v0_base,v0,agent,cargo_igual,created_at,asc,500,2,4.67,0,
f1_v0_base,v0,agent,cargo_igual,created_at,asc,500,3,5.748,0,
f1_v0_base,v0,agent,cargo_igual,created_at,asc,500,4,6.554,0,
f1_v0_base,v0,agent,cargo_igual,created_at,asc,500,5,5.067,0,
f1_v0_base,v0,agent,cargo_igual,created_at,asc,500,6,5.239,0,
f1_v0_base,v0,agent,cargo_igual,created_at,desc,0,1,5.696,50,125
f1_v0_base,v0,agent,cargo_igual,created_at,desc,0,2,7.521,50,125
f1_v0_base,v0,agent,cargo_igual,created_at,desc,0,3,4.965,50,125
f1_v0_base,v0,agent,cargo_igual,created_at,desc,0,4,5.245,50,125
f1_v0_base,v0,agent,cargo_igual,created_at,desc,0,5,5.568,50,125
f1_v0_base,v0,agent,cargo_igual,created_at,desc,0,6,4.929,50,125
f1_v0_base,v0,agent,cargo_igual,created_at,desc,500,1,4.724,0,
f1_v0_base,v0,agent,cargo_igual,created_at,desc,500,2,4.733,0,
f1_v0_base,v0,agent,cargo_igual,created_at,desc,500,3,5.213,0,
f1_v0_base,v0,agent,cargo_igual,created_at,desc,500,4,5.336,0,
f1_v0_base,v0,agent,cargo_igual,created_at,desc,500,5,5.397,0,
f1_v0_base,v0,agent,cargo_igual,created_at,desc,500,6,5.034,0,
f1_v0_base,v0,agent,cargo_igual,company,asc,0,1,4.04,50,125
f1_v0_base,v0,agent,cargo_igual,company,asc,0,2,4.99,50,125
f1_v0_base,v0,agent,cargo_igual,company,asc,0,3,4.909,50,125
f1_v0_base,v0,agent,cargo_igual,company,asc,0,4,4.518,50,125
f1_v0_base,v0,agent,cargo_igual,company,asc,0,5,5.723,50,125
f1_v0_base,v0,agent,cargo_igual,company,asc,0,6,4.945,50,125
f1_v0_base,v0,agent,cargo_igual,company,asc,500,1,5.981,0,
f1_v0_base,v0,agent,cargo_igual,company,asc,500,2,4.358,0,
f1_v0_base,v0,agent,cargo_igual,company,asc,500,3,4.2,0,
f1_v0_base,v0,agent,cargo_igual,company,asc,500,4,5.425,0,
f1_v0_base,v0,agent,cargo_igual,company,asc,500,5,4.843,0,
f1_v0_base,v0,agent,cargo_igual,company,asc,500,6,5.51,0,
f1_v0_base,v0,agent,cargo_igual,company,desc,0,1,5.494,50,125
f1_v0_base,v0,agent,cargo_igual,company,desc,0,2,8.104,50,125
f1_v0_base,v0,agent,cargo_igual,company,desc,0,3,5.523,50,125
f1_v0_base,v0,agent,cargo_igual,company,desc,0,4,5.422,50,125
f1_v0_base,v0,agent,cargo_igual,company,desc,0,5,5.849,50,125
f1_v0_base,v0,agent,cargo_igual,company,desc,0,6,5.621,50,125
f1_v0_base,v0,agent,cargo_igual,company,desc,500,1,5.286,0,
f1_v0_base,v0,agent,cargo_igual,company,desc,500,2,6.297,0,
f1_v0_base,v0,agent,cargo_igual,company,desc,500,3,4.766,0,
f1_v0_base,v0,agent,cargo_igual,company,desc,500,4,5.136,0,
f1_v0_base,v0,agent,cargo_igual,company,desc,500,5,4.921,0,
f1_v0_base,v0,agent,cargo_igual,company,desc,500,6,4.816,0,
f1_v1_inline,v1,agent,__overhead_wrapper__,-,-,-1,0,0.242,0,0
f1_v1_inline,v1,agent,sem_filtro,name,asc,0,1,26.024,50,2886
f1_v1_inline,v1,agent,sem_filtro,name,asc,0,2,25.815,50,2886
f1_v1_inline,v1,agent,sem_filtro,name,asc,0,3,27.018,50,2886
f1_v1_inline,v1,agent,sem_filtro,name,asc,0,4,26.759,50,2886
f1_v1_inline,v1,agent,sem_filtro,name,asc,0,5,26.148,50,2886
f1_v1_inline,v1,agent,sem_filtro,name,asc,0,6,24.986,50,2886
f1_v1_inline,v1,agent,sem_filtro,name,asc,500,1,26.501,50,2886
f1_v1_inline,v1,agent,sem_filtro,name,asc,500,2,27.543,50,2886
f1_v1_inline,v1,agent,sem_filtro,name,asc,500,3,26.093,50,2886
f1_v1_inline,v1,agent,sem_filtro,name,asc,500,4,28.132,50,2886
f1_v1_inline,v1,agent,sem_filtro,name,asc,500,5,29.26,50,2886
f1_v1_inline,v1,agent,sem_filtro,name,asc,500,6,27.481,50,2886
f1_v1_inline,v1,agent,sem_filtro,name,desc,0,1,25.011,50,2886
f1_v1_inline,v1,agent,sem_filtro,name,desc,0,2,27.434,50,2886
f1_v1_inline,v1,agent,sem_filtro,name,desc,0,3,26.247,50,2886
f1_v1_inline,v1,agent,sem_filtro,name,desc,0,4,26.256,50,2886
f1_v1_inline,v1,agent,sem_filtro,name,desc,0,5,25.99,50,2886
f1_v1_inline,v1,agent,sem_filtro,name,desc,0,6,24.903,50,2886
f1_v1_inline,v1,agent,sem_filtro,name,desc,500,1,26.351,50,2886
f1_v1_inline,v1,agent,sem_filtro,name,desc,500,2,27.04,50,2886
f1_v1_inline,v1,agent,sem_filtro,name,desc,500,3,27.999,50,2886
f1_v1_inline,v1,agent,sem_filtro,name,desc,500,4,26.856,50,2886
f1_v1_inline,v1,agent,sem_filtro,name,desc,500,5,25.84,50,2886
f1_v1_inline,v1,agent,sem_filtro,name,desc,500,6,26.045,50,2886
f1_v1_inline,v1,agent,sem_filtro,created_at,asc,0,1,26.12,50,2886
f1_v1_inline,v1,agent,sem_filtro,created_at,asc,0,2,26.313,50,2886
f1_v1_inline,v1,agent,sem_filtro,created_at,asc,0,3,24.979,50,2886
f1_v1_inline,v1,agent,sem_filtro,created_at,asc,0,4,25.351,50,2886
f1_v1_inline,v1,agent,sem_filtro,created_at,asc,0,5,24.612,50,2886
f1_v1_inline,v1,agent,sem_filtro,created_at,asc,0,6,23.826,50,2886
f1_v1_inline,v1,agent,sem_filtro,created_at,asc,500,1,24.589,50,2886
f1_v1_inline,v1,agent,sem_filtro,created_at,asc,500,2,25.405,50,2886
f1_v1_inline,v1,agent,sem_filtro,created_at,asc,500,3,28.151,50,2886
f1_v1_inline,v1,agent,sem_filtro,created_at,asc,500,4,27.019,50,2886
f1_v1_inline,v1,agent,sem_filtro,created_at,asc,500,5,27.222,50,2886
f1_v1_inline,v1,agent,sem_filtro,created_at,asc,500,6,24.83,50,2886
f1_v1_inline,v1,agent,sem_filtro,created_at,desc,0,1,25.231,50,2886
f1_v1_inline,v1,agent,sem_filtro,created_at,desc,0,2,23.876,50,2886
f1_v1_inline,v1,agent,sem_filtro,created_at,desc,0,3,25.002,50,2886
f1_v1_inline,v1,agent,sem_filtro,created_at,desc,0,4,26.069,50,2886
f1_v1_inline,v1,agent,sem_filtro,created_at,desc,0,5,25.999,50,2886
f1_v1_inline,v1,agent,sem_filtro,created_at,desc,0,6,25.119,50,2886
f1_v1_inline,v1,agent,sem_filtro,created_at,desc,500,1,25.619,50,2886
f1_v1_inline,v1,agent,sem_filtro,created_at,desc,500,2,25.539,50,2886
f1_v1_inline,v1,agent,sem_filtro,created_at,desc,500,3,26.613,50,2886
f1_v1_inline,v1,agent,sem_filtro,created_at,desc,500,4,24.133,50,2886
f1_v1_inline,v1,agent,sem_filtro,created_at,desc,500,5,25.226,50,2886
f1_v1_inline,v1,agent,sem_filtro,created_at,desc,500,6,24.844,50,2886
f1_v1_inline,v1,agent,sem_filtro,company,asc,0,1,25.708,50,2886
f1_v1_inline,v1,agent,sem_filtro,company,asc,0,2,25.235,50,2886
f1_v1_inline,v1,agent,sem_filtro,company,asc,0,3,25.355,50,2886
f1_v1_inline,v1,agent,sem_filtro,company,asc,0,4,25.043,50,2886
f1_v1_inline,v1,agent,sem_filtro,company,asc,0,5,26.827,50,2886
f1_v1_inline,v1,agent,sem_filtro,company,asc,0,6,24.82,50,2886
f1_v1_inline,v1,agent,sem_filtro,company,asc,500,1,26.498,50,2886
f1_v1_inline,v1,agent,sem_filtro,company,asc,500,2,27.353,50,2886
f1_v1_inline,v1,agent,sem_filtro,company,asc,500,3,27.445,50,2886
f1_v1_inline,v1,agent,sem_filtro,company,asc,500,4,27.594,50,2886
f1_v1_inline,v1,agent,sem_filtro,company,asc,500,5,26.394,50,2886
f1_v1_inline,v1,agent,sem_filtro,company,asc,500,6,25.004,50,2886
f1_v1_inline,v1,agent,sem_filtro,company,desc,0,1,25.877,50,2886
f1_v1_inline,v1,agent,sem_filtro,company,desc,0,2,25.957,50,2886
f1_v1_inline,v1,agent,sem_filtro,company,desc,0,3,24.694,50,2886
f1_v1_inline,v1,agent,sem_filtro,company,desc,0,4,25.251,50,2886
f1_v1_inline,v1,agent,sem_filtro,company,desc,0,5,25.998,50,2886
f1_v1_inline,v1,agent,sem_filtro,company,desc,0,6,24.654,50,2886
f1_v1_inline,v1,agent,sem_filtro,company,desc,500,1,26.088,50,2886
f1_v1_inline,v1,agent,sem_filtro,company,desc,500,2,24.669,50,2886
f1_v1_inline,v1,agent,sem_filtro,company,desc,500,3,25.41,50,2886
f1_v1_inline,v1,agent,sem_filtro,company,desc,500,4,25.83,50,2886
f1_v1_inline,v1,agent,sem_filtro,company,desc,500,5,25.738,50,2886
f1_v1_inline,v1,agent,sem_filtro,company,desc,500,6,25.88,50,2886
f1_v1_inline,v1,agent,termo_nome_5ch,name,asc,0,1,16.43,50,380
f1_v1_inline,v1,agent,termo_nome_5ch,name,asc,0,2,15.755,50,380
f1_v1_inline,v1,agent,termo_nome_5ch,name,asc,0,3,17.131,50,380
f1_v1_inline,v1,agent,termo_nome_5ch,name,asc,0,4,16.984,50,380
f1_v1_inline,v1,agent,termo_nome_5ch,name,asc,0,5,15.99,50,380
f1_v1_inline,v1,agent,termo_nome_5ch,name,asc,0,6,16.706,50,380
f1_v1_inline,v1,agent,termo_nome_5ch,name,asc,500,1,18.114,0,
f1_v1_inline,v1,agent,termo_nome_5ch,name,asc,500,2,17.756,0,
f1_v1_inline,v1,agent,termo_nome_5ch,name,asc,500,3,18.636,0,
f1_v1_inline,v1,agent,termo_nome_5ch,name,asc,500,4,17.589,0,
f1_v1_inline,v1,agent,termo_nome_5ch,name,asc,500,5,16.82,0,
f1_v1_inline,v1,agent,termo_nome_5ch,name,asc,500,6,17.256,0,
f1_v1_inline,v1,agent,termo_nome_5ch,name,desc,0,1,16.37,50,380
f1_v1_inline,v1,agent,termo_nome_5ch,name,desc,0,2,18.64,50,380
f1_v1_inline,v1,agent,termo_nome_5ch,name,desc,0,3,16.788,50,380
f1_v1_inline,v1,agent,termo_nome_5ch,name,desc,0,4,16.801,50,380
f1_v1_inline,v1,agent,termo_nome_5ch,name,desc,0,5,16.853,50,380
f1_v1_inline,v1,agent,termo_nome_5ch,name,desc,0,6,16.24,50,380
f1_v1_inline,v1,agent,termo_nome_5ch,name,desc,500,1,16.587,0,
f1_v1_inline,v1,agent,termo_nome_5ch,name,desc,500,2,17.793,0,
f1_v1_inline,v1,agent,termo_nome_5ch,name,desc,500,3,17.82,0,
f1_v1_inline,v1,agent,termo_nome_5ch,name,desc,500,4,15.809,0,
f1_v1_inline,v1,agent,termo_nome_5ch,name,desc,500,5,16.622,0,
f1_v1_inline,v1,agent,termo_nome_5ch,name,desc,500,6,18.472,0,
f1_v1_inline,v1,agent,termo_nome_5ch,created_at,asc,0,1,17.006,50,380
f1_v1_inline,v1,agent,termo_nome_5ch,created_at,asc,0,2,16.599,50,380
f1_v1_inline,v1,agent,termo_nome_5ch,created_at,asc,0,3,17.809,50,380
f1_v1_inline,v1,agent,termo_nome_5ch,created_at,asc,0,4,16.762,50,380
f1_v1_inline,v1,agent,termo_nome_5ch,created_at,asc,0,5,17.079,50,380
f1_v1_inline,v1,agent,termo_nome_5ch,created_at,asc,0,6,16.535,50,380
f1_v1_inline,v1,agent,termo_nome_5ch,created_at,asc,500,1,17.861,0,
f1_v1_inline,v1,agent,termo_nome_5ch,created_at,asc,500,2,15.94,0,
f1_v1_inline,v1,agent,termo_nome_5ch,created_at,asc,500,3,16.224,0,
f1_v1_inline,v1,agent,termo_nome_5ch,created_at,asc,500,4,16.421,0,
f1_v1_inline,v1,agent,termo_nome_5ch,created_at,asc,500,5,16.169,0,
f1_v1_inline,v1,agent,termo_nome_5ch,created_at,asc,500,6,15.701,0,
f1_v1_inline,v1,agent,termo_nome_5ch,created_at,desc,0,1,16.256,50,380
f1_v1_inline,v1,agent,termo_nome_5ch,created_at,desc,0,2,15.508,50,380
f1_v1_inline,v1,agent,termo_nome_5ch,created_at,desc,0,3,16.163,50,380
f1_v1_inline,v1,agent,termo_nome_5ch,created_at,desc,0,4,16.243,50,380
f1_v1_inline,v1,agent,termo_nome_5ch,created_at,desc,0,5,16.233,50,380
f1_v1_inline,v1,agent,termo_nome_5ch,created_at,desc,0,6,15.582,50,380
f1_v1_inline,v1,agent,termo_nome_5ch,created_at,desc,500,1,17.464,0,
f1_v1_inline,v1,agent,termo_nome_5ch,created_at,desc,500,2,16.328,0,
f1_v1_inline,v1,agent,termo_nome_5ch,created_at,desc,500,3,16.407,0,
f1_v1_inline,v1,agent,termo_nome_5ch,created_at,desc,500,4,16.71,0,
f1_v1_inline,v1,agent,termo_nome_5ch,created_at,desc,500,5,16.64,0,
f1_v1_inline,v1,agent,termo_nome_5ch,created_at,desc,500,6,16.071,0,
f1_v1_inline,v1,agent,termo_nome_5ch,company,asc,0,1,16.217,50,380
f1_v1_inline,v1,agent,termo_nome_5ch,company,asc,0,2,17.313,50,380
f1_v1_inline,v1,agent,termo_nome_5ch,company,asc,0,3,16.325,50,380
f1_v1_inline,v1,agent,termo_nome_5ch,company,asc,0,4,16.136,50,380
f1_v1_inline,v1,agent,termo_nome_5ch,company,asc,0,5,17.19,50,380
f1_v1_inline,v1,agent,termo_nome_5ch,company,asc,0,6,16.166,50,380
f1_v1_inline,v1,agent,termo_nome_5ch,company,asc,500,1,18.262,0,
f1_v1_inline,v1,agent,termo_nome_5ch,company,asc,500,2,17.106,0,
f1_v1_inline,v1,agent,termo_nome_5ch,company,asc,500,3,17.018,0,
f1_v1_inline,v1,agent,termo_nome_5ch,company,asc,500,4,16.711,0,
f1_v1_inline,v1,agent,termo_nome_5ch,company,asc,500,5,18.365,0,
f1_v1_inline,v1,agent,termo_nome_5ch,company,asc,500,6,17.061,0,
f1_v1_inline,v1,agent,termo_nome_5ch,company,desc,0,1,19.095,50,380
f1_v1_inline,v1,agent,termo_nome_5ch,company,desc,0,2,17.795,50,380
f1_v1_inline,v1,agent,termo_nome_5ch,company,desc,0,3,17.692,50,380
f1_v1_inline,v1,agent,termo_nome_5ch,company,desc,0,4,17.582,50,380
f1_v1_inline,v1,agent,termo_nome_5ch,company,desc,0,5,18.992,50,380
f1_v1_inline,v1,agent,termo_nome_5ch,company,desc,0,6,19.365,50,380
f1_v1_inline,v1,agent,termo_nome_5ch,company,desc,500,1,20.05,0,
f1_v1_inline,v1,agent,termo_nome_5ch,company,desc,500,2,17.712,0,
f1_v1_inline,v1,agent,termo_nome_5ch,company,desc,500,3,18.266,0,
f1_v1_inline,v1,agent,termo_nome_5ch,company,desc,500,4,18.901,0,
f1_v1_inline,v1,agent,termo_nome_5ch,company,desc,500,5,17.489,0,
f1_v1_inline,v1,agent,termo_nome_5ch,company,desc,500,6,17.784,0,
f1_v1_inline,v1,agent,termo_empresa,name,asc,0,1,23.398,50,290
f1_v1_inline,v1,agent,termo_empresa,name,asc,0,2,18.27,50,290
f1_v1_inline,v1,agent,termo_empresa,name,asc,0,3,18.064,50,290
f1_v1_inline,v1,agent,termo_empresa,name,asc,0,4,21.236,50,290
f1_v1_inline,v1,agent,termo_empresa,name,asc,0,5,20.185,50,290
f1_v1_inline,v1,agent,termo_empresa,name,asc,0,6,19.985,50,290
f1_v1_inline,v1,agent,termo_empresa,name,asc,500,1,19.423,0,
f1_v1_inline,v1,agent,termo_empresa,name,asc,500,2,18.583,0,
f1_v1_inline,v1,agent,termo_empresa,name,asc,500,3,18.573,0,
f1_v1_inline,v1,agent,termo_empresa,name,asc,500,4,21.615,0,
f1_v1_inline,v1,agent,termo_empresa,name,asc,500,5,18.777,0,
f1_v1_inline,v1,agent,termo_empresa,name,asc,500,6,19.127,0,
f1_v1_inline,v1,agent,termo_empresa,name,desc,0,1,19.195,50,290
f1_v1_inline,v1,agent,termo_empresa,name,desc,0,2,18.217,50,290
f1_v1_inline,v1,agent,termo_empresa,name,desc,0,3,18.273,50,290
f1_v1_inline,v1,agent,termo_empresa,name,desc,0,4,19.246,50,290
f1_v1_inline,v1,agent,termo_empresa,name,desc,0,5,21.772,50,290
f1_v1_inline,v1,agent,termo_empresa,name,desc,0,6,19.842,50,290
f1_v1_inline,v1,agent,termo_empresa,name,desc,500,1,23.395,0,
f1_v1_inline,v1,agent,termo_empresa,name,desc,500,2,21.056,0,
f1_v1_inline,v1,agent,termo_empresa,name,desc,500,3,22.912,0,
f1_v1_inline,v1,agent,termo_empresa,name,desc,500,4,19.368,0,
f1_v1_inline,v1,agent,termo_empresa,name,desc,500,5,19.255,0,
f1_v1_inline,v1,agent,termo_empresa,name,desc,500,6,18.362,0,
f1_v1_inline,v1,agent,termo_empresa,created_at,asc,0,1,18.047,50,290
f1_v1_inline,v1,agent,termo_empresa,created_at,asc,0,2,19.222,50,290
f1_v1_inline,v1,agent,termo_empresa,created_at,asc,0,3,19.321,50,290
f1_v1_inline,v1,agent,termo_empresa,created_at,asc,0,4,19.962,50,290
f1_v1_inline,v1,agent,termo_empresa,created_at,asc,0,5,19.671,50,290
f1_v1_inline,v1,agent,termo_empresa,created_at,asc,0,6,19.169,50,290
f1_v1_inline,v1,agent,termo_empresa,created_at,asc,500,1,24.195,0,
f1_v1_inline,v1,agent,termo_empresa,created_at,asc,500,2,26.027,0,
f1_v1_inline,v1,agent,termo_empresa,created_at,asc,500,3,21.5,0,
f1_v1_inline,v1,agent,termo_empresa,created_at,asc,500,4,20.989,0,
f1_v1_inline,v1,agent,termo_empresa,created_at,asc,500,5,24.392,0,
f1_v1_inline,v1,agent,termo_empresa,created_at,asc,500,6,21.122,0,
f1_v1_inline,v1,agent,termo_empresa,created_at,desc,0,1,19.372,50,290
f1_v1_inline,v1,agent,termo_empresa,created_at,desc,0,2,19.871,50,290
f1_v1_inline,v1,agent,termo_empresa,created_at,desc,0,3,20.243,50,290
f1_v1_inline,v1,agent,termo_empresa,created_at,desc,0,4,21.297,50,290
f1_v1_inline,v1,agent,termo_empresa,created_at,desc,0,5,20.59,50,290
f1_v1_inline,v1,agent,termo_empresa,created_at,desc,0,6,19.905,50,290
f1_v1_inline,v1,agent,termo_empresa,created_at,desc,500,1,20.464,0,
f1_v1_inline,v1,agent,termo_empresa,created_at,desc,500,2,19.017,0,
f1_v1_inline,v1,agent,termo_empresa,created_at,desc,500,3,19.361,0,
f1_v1_inline,v1,agent,termo_empresa,created_at,desc,500,4,19.641,0,
f1_v1_inline,v1,agent,termo_empresa,created_at,desc,500,5,26.863,0,
f1_v1_inline,v1,agent,termo_empresa,created_at,desc,500,6,20.929,0,
f1_v1_inline,v1,agent,termo_empresa,company,asc,0,1,19.875,50,290
f1_v1_inline,v1,agent,termo_empresa,company,asc,0,2,21.491,50,290
f1_v1_inline,v1,agent,termo_empresa,company,asc,0,3,18.469,50,290
f1_v1_inline,v1,agent,termo_empresa,company,asc,0,4,18.001,50,290
f1_v1_inline,v1,agent,termo_empresa,company,asc,0,5,18.762,50,290
f1_v1_inline,v1,agent,termo_empresa,company,asc,0,6,23.94,50,290
f1_v1_inline,v1,agent,termo_empresa,company,asc,500,1,19.383,0,
f1_v1_inline,v1,agent,termo_empresa,company,asc,500,2,18.095,0,
f1_v1_inline,v1,agent,termo_empresa,company,asc,500,3,18.291,0,
f1_v1_inline,v1,agent,termo_empresa,company,asc,500,4,19.881,0,
f1_v1_inline,v1,agent,termo_empresa,company,asc,500,5,20.247,0,
f1_v1_inline,v1,agent,termo_empresa,company,asc,500,6,22.877,0,
f1_v1_inline,v1,agent,termo_empresa,company,desc,0,1,22.976,50,290
f1_v1_inline,v1,agent,termo_empresa,company,desc,0,2,24.989,50,290
f1_v1_inline,v1,agent,termo_empresa,company,desc,0,3,19.555,50,290
f1_v1_inline,v1,agent,termo_empresa,company,desc,0,4,22.785,50,290
f1_v1_inline,v1,agent,termo_empresa,company,desc,0,5,20.038,50,290
f1_v1_inline,v1,agent,termo_empresa,company,desc,0,6,21.012,50,290
f1_v1_inline,v1,agent,termo_empresa,company,desc,500,1,19.665,0,
f1_v1_inline,v1,agent,termo_empresa,company,desc,500,2,19.589,0,
f1_v1_inline,v1,agent,termo_empresa,company,desc,500,3,22.487,0,
f1_v1_inline,v1,agent,termo_empresa,company,desc,500,4,17.981,0,
f1_v1_inline,v1,agent,termo_empresa,company,desc,500,5,18.265,0,
f1_v1_inline,v1,agent,termo_empresa,company,desc,500,6,19.607,0,
f1_v1_inline,v1,agent,filtro_tipo,name,asc,0,2,7.62,50,536
f1_v1_inline,v1,agent,filtro_tipo,name,asc,0,1,5.89,50,536
f1_v1_inline,v1,agent,filtro_tipo,name,asc,0,3,9.253,50,536
f1_v1_inline,v1,agent,filtro_tipo,name,asc,0,4,6.517,50,536
f1_v1_inline,v1,agent,filtro_tipo,name,asc,0,5,6.737,50,536
f1_v1_inline,v1,agent,filtro_tipo,name,asc,0,6,8.526,50,536
f1_v1_inline,v1,agent,filtro_tipo,name,asc,500,1,7.451,36,536
f1_v1_inline,v1,agent,filtro_tipo,name,asc,500,2,8.768,36,536
f1_v1_inline,v1,agent,filtro_tipo,name,asc,500,3,9.516,36,536
f1_v1_inline,v1,agent,filtro_tipo,name,asc,500,4,7.573,36,536
f1_v1_inline,v1,agent,filtro_tipo,name,asc,500,5,7.704,36,536
f1_v1_inline,v1,agent,filtro_tipo,name,asc,500,6,8.013,36,536
f1_v1_inline,v1,agent,filtro_tipo,name,desc,0,1,8.884,50,536
f1_v1_inline,v1,agent,filtro_tipo,name,desc,0,2,6.425,50,536
f1_v1_inline,v1,agent,filtro_tipo,name,desc,0,3,6.431,50,536
f1_v1_inline,v1,agent,filtro_tipo,name,desc,0,4,10.766,50,536
f1_v1_inline,v1,agent,filtro_tipo,name,desc,0,5,6.853,50,536
f1_v1_inline,v1,agent,filtro_tipo,name,desc,0,6,6.97,50,536
f1_v1_inline,v1,agent,filtro_tipo,name,desc,500,1,9.824,36,536
f1_v1_inline,v1,agent,filtro_tipo,name,desc,500,2,6.964,36,536
f1_v1_inline,v1,agent,filtro_tipo,name,desc,500,3,6.673,36,536
f1_v1_inline,v1,agent,filtro_tipo,name,desc,500,4,7.439,36,536
f1_v1_inline,v1,agent,filtro_tipo,name,desc,500,5,7.754,36,536
f1_v1_inline,v1,agent,filtro_tipo,name,desc,500,6,7.986,36,536
f1_v1_inline,v1,agent,filtro_tipo,created_at,asc,0,1,6.114,50,536
f1_v1_inline,v1,agent,filtro_tipo,created_at,asc,0,2,6.069,50,536
f1_v1_inline,v1,agent,filtro_tipo,created_at,asc,0,3,7.167,50,536
f1_v1_inline,v1,agent,filtro_tipo,created_at,asc,0,4,6.91,50,536
f1_v1_inline,v1,agent,filtro_tipo,created_at,asc,0,5,6.196,50,536
f1_v1_inline,v1,agent,filtro_tipo,created_at,asc,0,6,6.639,50,536
f1_v1_inline,v1,agent,filtro_tipo,created_at,asc,500,1,6.546,36,536
f1_v1_inline,v1,agent,filtro_tipo,created_at,asc,500,2,6.421,36,536
f1_v1_inline,v1,agent,filtro_tipo,created_at,asc,500,3,6.177,36,536
f1_v1_inline,v1,agent,filtro_tipo,created_at,asc,500,4,5.816,36,536
f1_v1_inline,v1,agent,filtro_tipo,created_at,asc,500,5,5.899,36,536
f1_v1_inline,v1,agent,filtro_tipo,created_at,asc,500,6,6.153,36,536
f1_v1_inline,v1,agent,filtro_tipo,created_at,desc,0,1,6.109,50,536
f1_v1_inline,v1,agent,filtro_tipo,created_at,desc,0,2,5.694,50,536
f1_v1_inline,v1,agent,filtro_tipo,created_at,desc,0,3,6.101,50,536
f1_v1_inline,v1,agent,filtro_tipo,created_at,desc,0,4,5.756,50,536
f1_v1_inline,v1,agent,filtro_tipo,created_at,desc,0,5,6.265,50,536
f1_v1_inline,v1,agent,filtro_tipo,created_at,desc,0,6,7.769,50,536
f1_v1_inline,v1,agent,filtro_tipo,created_at,desc,500,1,5.738,36,536
f1_v1_inline,v1,agent,filtro_tipo,created_at,desc,500,2,7.934,36,536
f1_v1_inline,v1,agent,filtro_tipo,created_at,desc,500,3,6.018,36,536
f1_v1_inline,v1,agent,filtro_tipo,created_at,desc,500,4,5.808,36,536
f1_v1_inline,v1,agent,filtro_tipo,created_at,desc,500,5,6.791,36,536
f1_v1_inline,v1,agent,filtro_tipo,created_at,desc,500,6,7.391,36,536
f1_v1_inline,v1,agent,filtro_tipo,company,asc,0,1,13.561,50,536
f1_v1_inline,v1,agent,filtro_tipo,company,asc,0,2,8.731,50,536
f1_v1_inline,v1,agent,filtro_tipo,company,asc,0,3,8.371,50,536
f1_v1_inline,v1,agent,filtro_tipo,company,asc,0,4,7.212,50,536
f1_v1_inline,v1,agent,filtro_tipo,company,asc,0,5,8.425,50,536
f1_v1_inline,v1,agent,filtro_tipo,company,asc,0,6,7.693,50,536
f1_v1_inline,v1,agent,filtro_tipo,company,asc,500,1,7.26,36,536
f1_v1_inline,v1,agent,filtro_tipo,company,asc,500,2,8.314,36,536
f1_v1_inline,v1,agent,filtro_tipo,company,asc,500,3,7.037,36,536
f1_v1_inline,v1,agent,filtro_tipo,company,asc,500,4,6.56,36,536
f1_v1_inline,v1,agent,filtro_tipo,company,asc,500,5,5.916,36,536
f1_v1_inline,v1,agent,filtro_tipo,company,asc,500,6,5.967,36,536
f1_v1_inline,v1,agent,filtro_tipo,company,desc,0,1,5.106,50,536
f1_v1_inline,v1,agent,filtro_tipo,company,desc,0,2,5.648,50,536
f1_v1_inline,v1,agent,filtro_tipo,company,desc,0,3,5.538,50,536
f1_v1_inline,v1,agent,filtro_tipo,company,desc,0,4,5.375,50,536
f1_v1_inline,v1,agent,filtro_tipo,company,desc,0,5,5.934,50,536
f1_v1_inline,v1,agent,filtro_tipo,company,desc,0,6,5.994,50,536
f1_v1_inline,v1,agent,filtro_tipo,company,desc,500,1,5.59,36,536
f1_v1_inline,v1,agent,filtro_tipo,company,desc,500,2,5.187,36,536
f1_v1_inline,v1,agent,filtro_tipo,company,desc,500,3,5.713,36,536
f1_v1_inline,v1,agent,filtro_tipo,company,desc,500,4,5.666,36,536
f1_v1_inline,v1,agent,filtro_tipo,company,desc,500,5,5.439,36,536
f1_v1_inline,v1,agent,filtro_tipo,company,desc,500,6,6.133,36,536
f1_v1_inline,v1,agent,filtro_tag,name,asc,0,1,4.932,50,241
f1_v1_inline,v1,agent,filtro_tag,name,asc,0,2,4.576,50,241
f1_v1_inline,v1,agent,filtro_tag,name,asc,0,3,4.281,50,241
f1_v1_inline,v1,agent,filtro_tag,name,asc,0,4,4.398,50,241
f1_v1_inline,v1,agent,filtro_tag,name,asc,0,5,4.715,50,241
f1_v1_inline,v1,agent,filtro_tag,name,asc,0,6,4.34,50,241
f1_v1_inline,v1,agent,filtro_tag,name,asc,500,1,4.472,0,
f1_v1_inline,v1,agent,filtro_tag,name,asc,500,2,4.881,0,
f1_v1_inline,v1,agent,filtro_tag,name,asc,500,3,5.142,0,
f1_v1_inline,v1,agent,filtro_tag,name,asc,500,4,4.838,0,
f1_v1_inline,v1,agent,filtro_tag,name,asc,500,5,4.673,0,
f1_v1_inline,v1,agent,filtro_tag,name,asc,500,6,5.202,0,
f1_v1_inline,v1,agent,filtro_tag,name,desc,0,1,4.756,50,241
f1_v1_inline,v1,agent,filtro_tag,name,desc,0,2,4.889,50,241
f1_v1_inline,v1,agent,filtro_tag,name,desc,0,3,4.935,50,241
f1_v1_inline,v1,agent,filtro_tag,name,desc,0,4,4.35,50,241
f1_v1_inline,v1,agent,filtro_tag,name,desc,0,5,4.118,50,241
f1_v1_inline,v1,agent,filtro_tag,name,desc,0,6,4.98,50,241
f1_v1_inline,v1,agent,filtro_tag,name,desc,500,1,5.142,0,
f1_v1_inline,v1,agent,filtro_tag,name,desc,500,2,4.748,0,
f1_v1_inline,v1,agent,filtro_tag,name,desc,500,3,4.687,0,
f1_v1_inline,v1,agent,filtro_tag,name,desc,500,4,4.605,0,
f1_v1_inline,v1,agent,filtro_tag,name,desc,500,5,4.667,0,
f1_v1_inline,v1,agent,filtro_tag,name,desc,500,6,4.916,0,
f1_v1_inline,v1,agent,filtro_tag,created_at,asc,0,1,4.929,50,241
f1_v1_inline,v1,agent,filtro_tag,created_at,asc,0,2,4.624,50,241
f1_v1_inline,v1,agent,filtro_tag,created_at,asc,0,3,5.06,50,241
f1_v1_inline,v1,agent,filtro_tag,created_at,asc,0,4,5.152,50,241
f1_v1_inline,v1,agent,filtro_tag,created_at,asc,0,5,4.715,50,241
f1_v1_inline,v1,agent,filtro_tag,created_at,asc,0,6,4.47,50,241
f1_v1_inline,v1,agent,filtro_tag,created_at,asc,500,1,4.42,0,
f1_v1_inline,v1,agent,filtro_tag,created_at,asc,500,2,4.758,0,
f1_v1_inline,v1,agent,filtro_tag,created_at,asc,500,3,5.83,0,
f1_v1_inline,v1,agent,filtro_tag,created_at,asc,500,4,4.882,0,
f1_v1_inline,v1,agent,filtro_tag,created_at,asc,500,5,4.583,0,
f1_v1_inline,v1,agent,filtro_tag,created_at,asc,500,6,5.159,0,
f1_v1_inline,v1,agent,filtro_tag,created_at,desc,0,1,4.833,50,241
f1_v1_inline,v1,agent,filtro_tag,created_at,desc,0,2,4.161,50,241
f1_v1_inline,v1,agent,filtro_tag,created_at,desc,0,3,4.053,50,241
f1_v1_inline,v1,agent,filtro_tag,created_at,desc,0,4,4.492,50,241
f1_v1_inline,v1,agent,filtro_tag,created_at,desc,0,5,4.207,50,241
f1_v1_inline,v1,agent,filtro_tag,created_at,desc,0,6,4.119,50,241
f1_v1_inline,v1,agent,filtro_tag,created_at,desc,500,1,4.768,0,
f1_v1_inline,v1,agent,filtro_tag,created_at,desc,500,2,4.611,0,
f1_v1_inline,v1,agent,filtro_tag,created_at,desc,500,3,4.461,0,
f1_v1_inline,v1,agent,filtro_tag,created_at,desc,500,4,4.341,0,
f1_v1_inline,v1,agent,filtro_tag,created_at,desc,500,5,4.356,0,
f1_v1_inline,v1,agent,filtro_tag,created_at,desc,500,6,3.88,0,
f1_v1_inline,v1,agent,filtro_tag,company,asc,0,1,4.377,50,241
f1_v1_inline,v1,agent,filtro_tag,company,asc,0,2,4.307,50,241
f1_v1_inline,v1,agent,filtro_tag,company,asc,0,3,4.544,50,241
f1_v1_inline,v1,agent,filtro_tag,company,asc,0,4,4.466,50,241
f1_v1_inline,v1,agent,filtro_tag,company,asc,0,5,4.197,50,241
f1_v1_inline,v1,agent,filtro_tag,company,asc,0,6,5.31,50,241
f1_v1_inline,v1,agent,filtro_tag,company,asc,500,1,4.137,0,
f1_v1_inline,v1,agent,filtro_tag,company,asc,500,2,4.535,0,
f1_v1_inline,v1,agent,filtro_tag,company,asc,500,3,4.424,0,
f1_v1_inline,v1,agent,filtro_tag,company,asc,500,4,4.15,0,
f1_v1_inline,v1,agent,filtro_tag,company,asc,500,5,4.042,0,
f1_v1_inline,v1,agent,filtro_tag,company,asc,500,6,4.252,0,
f1_v1_inline,v1,agent,filtro_tag,company,desc,0,1,4.177,50,241
f1_v1_inline,v1,agent,filtro_tag,company,desc,0,2,4.319,50,241
f1_v1_inline,v1,agent,filtro_tag,company,desc,0,3,4.637,50,241
f1_v1_inline,v1,agent,filtro_tag,company,desc,0,4,4.401,50,241
f1_v1_inline,v1,agent,filtro_tag,company,desc,0,5,4.426,50,241
f1_v1_inline,v1,agent,filtro_tag,company,desc,0,6,4.733,50,241
f1_v1_inline,v1,agent,filtro_tag,company,desc,500,1,4.085,0,
f1_v1_inline,v1,agent,filtro_tag,company,desc,500,2,4.067,0,
f1_v1_inline,v1,agent,filtro_tag,company,desc,500,3,4.65,0,
f1_v1_inline,v1,agent,filtro_tag,company,desc,500,4,4.51,0,
f1_v1_inline,v1,agent,filtro_tag,company,desc,500,5,4.619,0,
f1_v1_inline,v1,agent,filtro_tag,company,desc,500,6,4.718,0,
f1_v1_inline,v1,agent,intervalo_data,name,asc,0,1,6.394,50,640
f1_v1_inline,v1,agent,intervalo_data,name,asc,0,2,6.286,50,640
f1_v1_inline,v1,agent,intervalo_data,name,asc,0,3,7.716,50,640
f1_v1_inline,v1,agent,intervalo_data,name,asc,0,4,7.217,50,640
f1_v1_inline,v1,agent,intervalo_data,name,asc,0,5,10.157,50,640
f1_v1_inline,v1,agent,intervalo_data,name,asc,0,6,7.773,50,640
f1_v1_inline,v1,agent,intervalo_data,name,asc,500,1,7.311,50,640
f1_v1_inline,v1,agent,intervalo_data,name,asc,500,2,7.536,50,640
f1_v1_inline,v1,agent,intervalo_data,name,asc,500,3,7.352,50,640
f1_v1_inline,v1,agent,intervalo_data,name,asc,500,4,7.398,50,640
f1_v1_inline,v1,agent,intervalo_data,name,asc,500,5,7.424,50,640
f1_v1_inline,v1,agent,intervalo_data,name,asc,500,6,7.151,50,640
f1_v1_inline,v1,agent,intervalo_data,name,desc,0,1,7.185,50,640
f1_v1_inline,v1,agent,intervalo_data,name,desc,0,2,6.869,50,640
f1_v1_inline,v1,agent,intervalo_data,name,desc,0,3,7.045,50,640
f1_v1_inline,v1,agent,intervalo_data,name,desc,0,4,6.402,50,640
f1_v1_inline,v1,agent,intervalo_data,name,desc,0,5,7.083,50,640
f1_v1_inline,v1,agent,intervalo_data,name,desc,0,6,6.089,50,640
f1_v1_inline,v1,agent,intervalo_data,name,desc,500,1,6.609,50,640
f1_v1_inline,v1,agent,intervalo_data,name,desc,500,2,7.226,50,640
f1_v1_inline,v1,agent,intervalo_data,name,desc,500,3,6.569,50,640
f1_v1_inline,v1,agent,intervalo_data,name,desc,500,4,6.372,50,640
f1_v1_inline,v1,agent,intervalo_data,name,desc,500,5,8.542,50,640
f1_v1_inline,v1,agent,intervalo_data,name,desc,500,6,7.767,50,640
f1_v1_inline,v1,agent,intervalo_data,created_at,asc,0,1,6.947,50,640
f1_v1_inline,v1,agent,intervalo_data,created_at,asc,0,2,6.478,50,640
f1_v1_inline,v1,agent,intervalo_data,created_at,asc,0,3,6.303,50,640
f1_v1_inline,v1,agent,intervalo_data,created_at,asc,0,4,5.78,50,640
f1_v1_inline,v1,agent,intervalo_data,created_at,asc,0,5,5.908,50,640
f1_v1_inline,v1,agent,intervalo_data,created_at,asc,0,6,6.154,50,640
f1_v1_inline,v1,agent,intervalo_data,created_at,asc,500,1,6.263,50,640
f1_v1_inline,v1,agent,intervalo_data,created_at,asc,500,2,5.958,50,640
f1_v1_inline,v1,agent,intervalo_data,created_at,asc,500,3,6.654,50,640
f1_v1_inline,v1,agent,intervalo_data,created_at,asc,500,4,6.693,50,640
f1_v1_inline,v1,agent,intervalo_data,created_at,asc,500,5,6.923,50,640
f1_v1_inline,v1,agent,intervalo_data,created_at,asc,500,6,6.448,50,640
f1_v1_inline,v1,agent,intervalo_data,created_at,desc,0,1,6.875,50,640
f1_v1_inline,v1,agent,intervalo_data,created_at,desc,0,2,7.464,50,640
f1_v1_inline,v1,agent,intervalo_data,created_at,desc,0,3,7.823,50,640
f1_v1_inline,v1,agent,intervalo_data,created_at,desc,0,4,6.543,50,640
f1_v1_inline,v1,agent,intervalo_data,created_at,desc,0,5,6.439,50,640
f1_v1_inline,v1,agent,intervalo_data,created_at,desc,0,6,6.255,50,640
f1_v1_inline,v1,agent,intervalo_data,created_at,desc,500,1,7.031,50,640
f1_v1_inline,v1,agent,intervalo_data,created_at,desc,500,2,7.039,50,640
f1_v1_inline,v1,agent,intervalo_data,created_at,desc,500,3,6.755,50,640
f1_v1_inline,v1,agent,intervalo_data,created_at,desc,500,4,6.074,50,640
f1_v1_inline,v1,agent,intervalo_data,created_at,desc,500,5,6.292,50,640
f1_v1_inline,v1,agent,intervalo_data,created_at,desc,500,6,6.721,50,640
f1_v1_inline,v1,agent,intervalo_data,company,asc,0,1,7.056,50,640
f1_v1_inline,v1,agent,intervalo_data,company,asc,0,2,6.502,50,640
f1_v1_inline,v1,agent,intervalo_data,company,asc,0,3,6.591,50,640
f1_v1_inline,v1,agent,intervalo_data,company,asc,0,4,6.993,50,640
f1_v1_inline,v1,agent,intervalo_data,company,asc,0,5,6.637,50,640
f1_v1_inline,v1,agent,intervalo_data,company,asc,0,6,6.956,50,640
f1_v1_inline,v1,agent,intervalo_data,company,asc,500,1,6.985,50,640
f1_v1_inline,v1,agent,intervalo_data,company,asc,500,2,6.725,50,640
f1_v1_inline,v1,agent,intervalo_data,company,asc,500,3,7.312,50,640
f1_v1_inline,v1,agent,intervalo_data,company,asc,500,4,7.099,50,640
f1_v1_inline,v1,agent,intervalo_data,company,asc,500,5,8.45,50,640
f1_v1_inline,v1,agent,intervalo_data,company,asc,500,6,7.314,50,640
f1_v1_inline,v1,agent,intervalo_data,company,desc,0,1,7.005,50,640
f1_v1_inline,v1,agent,intervalo_data,company,desc,0,2,6.717,50,640
f1_v1_inline,v1,agent,intervalo_data,company,desc,0,3,6.586,50,640
f1_v1_inline,v1,agent,intervalo_data,company,desc,0,4,6.863,50,640
f1_v1_inline,v1,agent,intervalo_data,company,desc,0,5,7.413,50,640
f1_v1_inline,v1,agent,intervalo_data,company,desc,0,6,6.947,50,640
f1_v1_inline,v1,agent,intervalo_data,company,desc,500,1,6.743,50,640
f1_v1_inline,v1,agent,intervalo_data,company,desc,500,2,6.39,50,640
f1_v1_inline,v1,agent,intervalo_data,company,desc,500,3,6.456,50,640
f1_v1_inline,v1,agent,intervalo_data,company,desc,500,4,8.033,50,640
f1_v1_inline,v1,agent,intervalo_data,company,desc,500,5,7.532,50,640
f1_v1_inline,v1,agent,intervalo_data,company,desc,500,6,7.406,50,640
f1_v1_inline,v1,agent,combinado,name,asc,0,1,1.252,1,1
f1_v1_inline,v1,agent,combinado,name,asc,0,2,1.079,1,1
f1_v1_inline,v1,agent,combinado,name,asc,0,3,0.893,1,1
f1_v1_inline,v1,agent,combinado,name,asc,0,4,1.023,1,1
f1_v1_inline,v1,agent,combinado,name,asc,0,5,0.836,1,1
f1_v1_inline,v1,agent,combinado,name,asc,0,6,0.869,1,1
f1_v1_inline,v1,agent,combinado,name,asc,500,1,1.287,0,
f1_v1_inline,v1,agent,combinado,name,asc,500,2,0.815,0,
f1_v1_inline,v1,agent,combinado,name,asc,500,3,0.984,0,
f1_v1_inline,v1,agent,combinado,name,asc,500,4,0.975,0,
f1_v1_inline,v1,agent,combinado,name,asc,500,5,0.903,0,
f1_v1_inline,v1,agent,combinado,name,asc,500,6,0.812,0,
f1_v1_inline,v1,agent,combinado,name,desc,0,1,0.818,1,1
f1_v1_inline,v1,agent,combinado,name,desc,0,2,0.761,1,1
f1_v1_inline,v1,agent,combinado,name,desc,0,3,0.881,1,1
f1_v1_inline,v1,agent,combinado,name,desc,0,4,1.067,1,1
f1_v1_inline,v1,agent,combinado,name,desc,0,5,0.947,1,1
f1_v1_inline,v1,agent,combinado,name,desc,0,6,0.959,1,1
f1_v1_inline,v1,agent,combinado,name,desc,500,1,0.834,0,
f1_v1_inline,v1,agent,combinado,name,desc,500,2,0.827,0,
f1_v1_inline,v1,agent,combinado,name,desc,500,3,0.928,0,
f1_v1_inline,v1,agent,combinado,name,desc,500,4,1.119,0,
f1_v1_inline,v1,agent,combinado,name,desc,500,5,0.927,0,
f1_v1_inline,v1,agent,combinado,name,desc,500,6,1.086,0,
f1_v1_inline,v1,agent,combinado,created_at,asc,0,1,0.913,1,1
f1_v1_inline,v1,agent,combinado,created_at,asc,0,2,0.884,1,1
f1_v1_inline,v1,agent,combinado,created_at,asc,0,3,1.074,1,1
f1_v1_inline,v1,agent,combinado,created_at,asc,0,4,0.93,1,1
f1_v1_inline,v1,agent,combinado,created_at,asc,0,5,0.786,1,1
f1_v1_inline,v1,agent,combinado,created_at,asc,0,6,0.792,1,1
f1_v1_inline,v1,agent,combinado,created_at,asc,500,1,0.831,0,
f1_v1_inline,v1,agent,combinado,created_at,asc,500,2,0.741,0,
f1_v1_inline,v1,agent,combinado,created_at,asc,500,3,0.733,0,
f1_v1_inline,v1,agent,combinado,created_at,asc,500,4,1.008,0,
f1_v1_inline,v1,agent,combinado,created_at,asc,500,5,1.153,0,
f1_v1_inline,v1,agent,combinado,created_at,asc,500,6,1.074,0,
f1_v1_inline,v1,agent,combinado,created_at,desc,0,1,0.881,1,1
f1_v1_inline,v1,agent,combinado,created_at,desc,0,2,0.948,1,1
f1_v1_inline,v1,agent,combinado,created_at,desc,0,3,0.885,1,1
f1_v1_inline,v1,agent,combinado,created_at,desc,0,4,0.982,1,1
f1_v1_inline,v1,agent,combinado,created_at,desc,0,5,0.859,1,1
f1_v1_inline,v1,agent,combinado,created_at,desc,0,6,0.865,1,1
f1_v1_inline,v1,agent,combinado,created_at,desc,500,1,0.955,0,
f1_v1_inline,v1,agent,combinado,created_at,desc,500,2,0.876,0,
f1_v1_inline,v1,agent,combinado,created_at,desc,500,3,0.862,0,
f1_v1_inline,v1,agent,combinado,created_at,desc,500,4,0.794,0,
f1_v1_inline,v1,agent,combinado,created_at,desc,500,5,0.941,0,
f1_v1_inline,v1,agent,combinado,created_at,desc,500,6,0.856,0,
f1_v1_inline,v1,agent,combinado,company,asc,0,1,1.033,1,1
f1_v1_inline,v1,agent,combinado,company,asc,0,2,0.861,1,1
f1_v1_inline,v1,agent,combinado,company,asc,0,3,1.033,1,1
f1_v1_inline,v1,agent,combinado,company,asc,0,4,0.869,1,1
f1_v1_inline,v1,agent,combinado,company,asc,0,5,1.083,1,1
f1_v1_inline,v1,agent,combinado,company,asc,0,6,0.849,1,1
f1_v1_inline,v1,agent,combinado,company,asc,500,1,0.773,0,
f1_v1_inline,v1,agent,combinado,company,asc,500,2,0.999,0,
f1_v1_inline,v1,agent,combinado,company,asc,500,3,0.938,0,
f1_v1_inline,v1,agent,combinado,company,asc,500,4,0.873,0,
f1_v1_inline,v1,agent,combinado,company,asc,500,5,0.848,0,
f1_v1_inline,v1,agent,combinado,company,asc,500,6,1.438,0,
f1_v1_inline,v1,agent,combinado,company,desc,0,1,0.771,1,1
f1_v1_inline,v1,agent,combinado,company,desc,0,2,0.966,1,1
f1_v1_inline,v1,agent,combinado,company,desc,0,3,0.918,1,1
f1_v1_inline,v1,agent,combinado,company,desc,0,4,0.939,1,1
f1_v1_inline,v1,agent,combinado,company,desc,0,5,0.834,1,1
f1_v1_inline,v1,agent,combinado,company,desc,0,6,0.899,1,1
f1_v1_inline,v1,agent,combinado,company,desc,500,1,0.762,0,
f1_v1_inline,v1,agent,combinado,company,desc,500,2,0.844,0,
f1_v1_inline,v1,agent,combinado,company,desc,500,3,0.88,0,
f1_v1_inline,v1,agent,combinado,company,desc,500,4,0.905,0,
f1_v1_inline,v1,agent,combinado,company,desc,500,5,0.971,0,
f1_v1_inline,v1,agent,combinado,company,desc,500,6,0.938,0,
f1_v2_branch,v2,agent,__overhead_wrapper__,-,-,-1,0,0.232,0,0
f1_v2_branch,v2,agent,sem_filtro,name,asc,0,1,65.935,50,2886
f1_v2_branch,v2,agent,sem_filtro,name,asc,0,2,61.036,50,2886
f1_v2_branch,v2,agent,sem_filtro,name,asc,0,3,60.704,50,2886
f1_v2_branch,v2,agent,sem_filtro,name,asc,0,4,59.865,50,2886
f1_v2_branch,v2,agent,sem_filtro,name,asc,0,5,61.95,50,2886
f1_v2_branch,v2,agent,sem_filtro,name,asc,0,6,57.151,50,2886
f1_v2_branch,v2,agent,sem_filtro,name,asc,500,1,58.404,50,2886
f1_v2_branch,v2,agent,sem_filtro,name,asc,500,2,56.997,50,2886
f1_v2_branch,v2,agent,sem_filtro,name,asc,500,3,59.469,50,2886
f1_v2_branch,v2,agent,sem_filtro,name,asc,500,4,60.808,50,2886
f1_v2_branch,v2,agent,sem_filtro,name,asc,500,5,57.59,50,2886
f1_v2_branch,v2,agent,sem_filtro,name,asc,500,6,57.83,50,2886
f1_v2_branch,v2,agent,sem_filtro,name,desc,0,1,55.79,50,2886
f1_v2_branch,v2,agent,sem_filtro,name,desc,0,2,58.412,50,2886
f1_v2_branch,v2,agent,sem_filtro,name,desc,0,3,59.711,50,2886
f1_v2_branch,v2,agent,sem_filtro,name,desc,0,4,59.933,50,2886
f1_v2_branch,v2,agent,sem_filtro,name,desc,0,5,59.59,50,2886
f1_v2_branch,v2,agent,sem_filtro,name,desc,0,6,55.885,50,2886
f1_v2_branch,v2,agent,sem_filtro,name,desc,500,1,56.08,50,2886
f1_v2_branch,v2,agent,sem_filtro,name,desc,500,2,60.075,50,2886
f1_v2_branch,v2,agent,sem_filtro,name,desc,500,3,56.744,50,2886
f1_v2_branch,v2,agent,sem_filtro,name,desc,500,4,55.86,50,2886
f1_v2_branch,v2,agent,sem_filtro,name,desc,500,5,54.775,50,2886
f1_v2_branch,v2,agent,sem_filtro,name,desc,500,6,60.744,50,2886
f1_v2_branch,v2,agent,sem_filtro,created_at,asc,0,1,60.335,50,2886
f1_v2_branch,v2,agent,sem_filtro,created_at,asc,0,2,61.344,50,2886
f1_v2_branch,v2,agent,sem_filtro,created_at,asc,0,3,63.541,50,2886
f1_v2_branch,v2,agent,sem_filtro,created_at,asc,0,4,70.708,50,2886
f1_v2_branch,v2,agent,sem_filtro,created_at,asc,0,5,59.581,50,2886
f1_v2_branch,v2,agent,sem_filtro,created_at,asc,0,6,57.975,50,2886
f1_v2_branch,v2,agent,sem_filtro,created_at,asc,500,1,61.041,50,2886
f1_v2_branch,v2,agent,sem_filtro,created_at,asc,500,2,57.289,50,2886
f1_v2_branch,v2,agent,sem_filtro,created_at,asc,500,3,58.563,50,2886
f1_v2_branch,v2,agent,sem_filtro,created_at,asc,500,4,57.884,50,2886
f1_v2_branch,v2,agent,sem_filtro,created_at,asc,500,5,56.538,50,2886
f1_v2_branch,v2,agent,sem_filtro,created_at,asc,500,6,60.209,50,2886
f1_v2_branch,v2,agent,sem_filtro,created_at,desc,0,1,62.022,50,2886
f1_v2_branch,v2,agent,sem_filtro,created_at,desc,0,2,62.038,50,2886
f1_v2_branch,v2,agent,sem_filtro,created_at,desc,0,3,54.927,50,2886
f1_v2_branch,v2,agent,sem_filtro,created_at,desc,0,4,66.891,50,2886
f1_v2_branch,v2,agent,sem_filtro,created_at,desc,0,5,68.59,50,2886
f1_v2_branch,v2,agent,sem_filtro,created_at,desc,0,6,72.208,50,2886
f1_v2_branch,v2,agent,sem_filtro,created_at,desc,500,1,62.439,50,2886
f1_v2_branch,v2,agent,sem_filtro,created_at,desc,500,2,60.696,50,2886
f1_v2_branch,v2,agent,sem_filtro,created_at,desc,500,3,60.7,50,2886
f1_v2_branch,v2,agent,sem_filtro,created_at,desc,500,4,57.079,50,2886
f1_v2_branch,v2,agent,sem_filtro,created_at,desc,500,5,58.166,50,2886
f1_v2_branch,v2,agent,sem_filtro,created_at,desc,500,6,55.049,50,2886
f1_v2_branch,v2,agent,sem_filtro,company,asc,0,1,57.984,50,2886
f1_v2_branch,v2,agent,sem_filtro,company,asc,0,2,63.342,50,2886
f1_v2_branch,v2,agent,sem_filtro,company,asc,0,3,55.525,50,2886
f1_v2_branch,v2,agent,sem_filtro,company,asc,0,4,63.059,50,2886
f1_v2_branch,v2,agent,sem_filtro,company,asc,0,5,62.325,50,2886
f1_v2_branch,v2,agent,sem_filtro,company,asc,0,6,59.119,50,2886
f1_v2_branch,v2,agent,sem_filtro,company,asc,500,1,61.436,50,2886
f1_v2_branch,v2,agent,sem_filtro,company,asc,500,2,74.565,50,2886
f1_v2_branch,v2,agent,sem_filtro,company,asc,500,3,74.773,50,2886
f1_v2_branch,v2,agent,sem_filtro,company,asc,500,4,63.406,50,2886
f1_v2_branch,v2,agent,sem_filtro,company,asc,500,5,55.544,50,2886
f1_v2_branch,v2,agent,sem_filtro,company,asc,500,6,56.454,50,2886
f1_v2_branch,v2,agent,sem_filtro,company,desc,0,1,57.81,50,2886
f1_v2_branch,v2,agent,sem_filtro,company,desc,0,2,52.777,50,2886
f1_v2_branch,v2,agent,sem_filtro,company,desc,0,3,53.794,50,2886
f1_v2_branch,v2,agent,sem_filtro,company,desc,0,4,55.234,50,2886
f1_v2_branch,v2,agent,sem_filtro,company,desc,0,5,58.794,50,2886
f1_v2_branch,v2,agent,sem_filtro,company,desc,0,6,57.484,50,2886
f1_v2_branch,v2,agent,sem_filtro,company,desc,500,1,56.875,50,2886
f1_v2_branch,v2,agent,sem_filtro,company,desc,500,2,53.45,50,2886
f1_v2_branch,v2,agent,sem_filtro,company,desc,500,3,53.962,50,2886
f1_v2_branch,v2,agent,sem_filtro,company,desc,500,4,53.702,50,2886
f1_v2_branch,v2,agent,sem_filtro,company,desc,500,5,57.93,50,2886
f1_v2_branch,v2,agent,sem_filtro,company,desc,500,6,57.031,50,2886
f1_v2_branch,v2,agent,termo_nome_5ch,name,asc,0,1,20.058,50,380
f1_v2_branch,v2,agent,termo_nome_5ch,name,asc,0,2,19.941,50,380
f1_v2_branch,v2,agent,termo_nome_5ch,name,asc,0,3,20.082,50,380
f1_v2_branch,v2,agent,termo_nome_5ch,name,asc,0,4,20.173,50,380
f1_v2_branch,v2,agent,termo_nome_5ch,name,asc,0,5,20.299,50,380
f1_v2_branch,v2,agent,termo_nome_5ch,name,asc,0,6,20.01,50,380
f1_v2_branch,v2,agent,termo_nome_5ch,name,asc,500,1,20.493,0,
f1_v2_branch,v2,agent,termo_nome_5ch,name,asc,500,2,20.281,0,
f1_v2_branch,v2,agent,termo_nome_5ch,name,asc,500,3,19.704,0,
f1_v2_branch,v2,agent,termo_nome_5ch,name,asc,500,4,22.122,0,
f1_v2_branch,v2,agent,termo_nome_5ch,name,asc,500,5,20.349,0,
f1_v2_branch,v2,agent,termo_nome_5ch,name,asc,500,6,20.7,0,
f1_v2_branch,v2,agent,termo_nome_5ch,name,desc,0,1,23.034,50,380
f1_v2_branch,v2,agent,termo_nome_5ch,name,desc,0,2,22.25,50,380
f1_v2_branch,v2,agent,termo_nome_5ch,name,desc,0,3,22.751,50,380
f1_v2_branch,v2,agent,termo_nome_5ch,name,desc,0,4,21.822,50,380
f1_v2_branch,v2,agent,termo_nome_5ch,name,desc,0,5,20.994,50,380
f1_v2_branch,v2,agent,termo_nome_5ch,name,desc,0,6,22.305,50,380
f1_v2_branch,v2,agent,termo_nome_5ch,name,desc,500,1,21.114,0,
f1_v2_branch,v2,agent,termo_nome_5ch,name,desc,500,2,22.615,0,
f1_v2_branch,v2,agent,termo_nome_5ch,name,desc,500,3,22.812,0,
f1_v2_branch,v2,agent,termo_nome_5ch,name,desc,500,4,21.86,0,
f1_v2_branch,v2,agent,termo_nome_5ch,name,desc,500,5,23.409,0,
f1_v2_branch,v2,agent,termo_nome_5ch,name,desc,500,6,23.806,0,
f1_v2_branch,v2,agent,termo_nome_5ch,created_at,asc,0,1,21.384,50,380
f1_v2_branch,v2,agent,termo_nome_5ch,created_at,asc,0,2,24.486,50,380
f1_v2_branch,v2,agent,termo_nome_5ch,created_at,asc,0,3,24.034,50,380
f1_v2_branch,v2,agent,termo_nome_5ch,created_at,asc,0,4,22.766,50,380
f1_v2_branch,v2,agent,termo_nome_5ch,created_at,asc,0,5,20.381,50,380
f1_v2_branch,v2,agent,termo_nome_5ch,created_at,asc,0,6,24.727,50,380
f1_v2_branch,v2,agent,termo_nome_5ch,created_at,asc,500,1,20.509,0,
f1_v2_branch,v2,agent,termo_nome_5ch,created_at,asc,500,2,19.738,0,
f1_v2_branch,v2,agent,termo_nome_5ch,created_at,asc,500,3,19.577,0,
f1_v2_branch,v2,agent,termo_nome_5ch,created_at,asc,500,4,19.079,0,
f1_v2_branch,v2,agent,termo_nome_5ch,created_at,asc,500,5,19.132,0,
f1_v2_branch,v2,agent,termo_nome_5ch,created_at,asc,500,6,19.729,0,
f1_v2_branch,v2,agent,termo_nome_5ch,created_at,desc,0,1,20.569,50,380
f1_v2_branch,v2,agent,termo_nome_5ch,created_at,desc,0,2,20.813,50,380
f1_v2_branch,v2,agent,termo_nome_5ch,created_at,desc,0,3,22.645,50,380
f1_v2_branch,v2,agent,termo_nome_5ch,created_at,desc,0,4,24.099,50,380
f1_v2_branch,v2,agent,termo_nome_5ch,created_at,desc,0,5,22.736,50,380
f1_v2_branch,v2,agent,termo_nome_5ch,created_at,desc,0,6,23.008,50,380
f1_v2_branch,v2,agent,termo_nome_5ch,created_at,desc,500,1,25.528,0,
f1_v2_branch,v2,agent,termo_nome_5ch,created_at,desc,500,2,27.247,0,
f1_v2_branch,v2,agent,termo_nome_5ch,created_at,desc,500,3,30.382,0,
f1_v2_branch,v2,agent,termo_nome_5ch,created_at,desc,500,4,24.891,0,
f1_v2_branch,v2,agent,termo_nome_5ch,created_at,desc,500,5,23.384,0,
f1_v2_branch,v2,agent,termo_nome_5ch,created_at,desc,500,6,23.66,0,
f1_v2_branch,v2,agent,termo_nome_5ch,company,asc,0,1,22.27,50,380
f1_v2_branch,v2,agent,termo_nome_5ch,company,asc,0,2,20.534,50,380
f1_v2_branch,v2,agent,termo_nome_5ch,company,asc,0,3,20.937,50,380
f1_v2_branch,v2,agent,termo_nome_5ch,company,asc,0,4,20.808,50,380
f1_v2_branch,v2,agent,termo_nome_5ch,company,asc,0,5,21.629,50,380
f1_v2_branch,v2,agent,termo_nome_5ch,company,asc,0,6,20.442,50,380
f1_v2_branch,v2,agent,termo_nome_5ch,company,asc,500,1,22.035,0,
f1_v2_branch,v2,agent,termo_nome_5ch,company,asc,500,2,19.614,0,
f1_v2_branch,v2,agent,termo_nome_5ch,company,asc,500,3,20.123,0,
f1_v2_branch,v2,agent,termo_nome_5ch,company,asc,500,4,20.077,0,
f1_v2_branch,v2,agent,termo_nome_5ch,company,asc,500,5,20.882,0,
f1_v2_branch,v2,agent,termo_nome_5ch,company,asc,500,6,20.627,0,
f1_v2_branch,v2,agent,termo_nome_5ch,company,desc,0,1,20.294,50,380
f1_v2_branch,v2,agent,termo_nome_5ch,company,desc,0,2,19.928,50,380
f1_v2_branch,v2,agent,termo_nome_5ch,company,desc,0,3,19.597,50,380
f1_v2_branch,v2,agent,termo_nome_5ch,company,desc,0,4,19.176,50,380
f1_v2_branch,v2,agent,termo_nome_5ch,company,desc,0,5,19.505,50,380
f1_v2_branch,v2,agent,termo_nome_5ch,company,desc,0,6,19.341,50,380
f1_v2_branch,v2,agent,termo_nome_5ch,company,desc,500,1,20.22,0,
f1_v2_branch,v2,agent,termo_nome_5ch,company,desc,500,2,20.467,0,
f1_v2_branch,v2,agent,termo_nome_5ch,company,desc,500,3,22.018,0,
f1_v2_branch,v2,agent,termo_nome_5ch,company,desc,500,4,22.13,0,
f1_v2_branch,v2,agent,termo_nome_5ch,company,desc,500,5,20.281,0,
f1_v2_branch,v2,agent,termo_nome_5ch,company,desc,500,6,20.017,0,
f1_v2_branch,v2,agent,termo_empresa,name,asc,0,1,20.584,50,290
f1_v2_branch,v2,agent,termo_empresa,name,asc,0,2,21.152,50,290
f1_v2_branch,v2,agent,termo_empresa,name,asc,0,3,22.013,50,290
f1_v2_branch,v2,agent,termo_empresa,name,asc,0,4,22.544,50,290
f1_v2_branch,v2,agent,termo_empresa,name,asc,0,5,21.552,50,290
f1_v2_branch,v2,agent,termo_empresa,name,asc,0,6,21.647,50,290
f1_v2_branch,v2,agent,termo_empresa,name,asc,500,1,22.197,0,
f1_v2_branch,v2,agent,termo_empresa,name,asc,500,2,25.604,0,
f1_v2_branch,v2,agent,termo_empresa,name,asc,500,3,23.719,0,
f1_v2_branch,v2,agent,termo_empresa,name,asc,500,4,24.224,0,
f1_v2_branch,v2,agent,termo_empresa,name,asc,500,5,22.898,0,
f1_v2_branch,v2,agent,termo_empresa,name,asc,500,6,21.243,0,
f1_v2_branch,v2,agent,termo_empresa,name,desc,0,1,21.786,50,290
f1_v2_branch,v2,agent,termo_empresa,name,desc,0,2,22.337,50,290
f1_v2_branch,v2,agent,termo_empresa,name,desc,0,3,22.723,50,290
f1_v2_branch,v2,agent,termo_empresa,name,desc,0,4,21.937,50,290
f1_v2_branch,v2,agent,termo_empresa,name,desc,0,5,24.664,50,290
f1_v2_branch,v2,agent,termo_empresa,name,desc,0,6,19.605,50,290
f1_v2_branch,v2,agent,termo_empresa,name,desc,500,1,21.561,0,
f1_v2_branch,v2,agent,termo_empresa,name,desc,500,2,19.423,0,
f1_v2_branch,v2,agent,termo_empresa,name,desc,500,3,18.907,0,
f1_v2_branch,v2,agent,termo_empresa,name,desc,500,4,19.926,0,
f1_v2_branch,v2,agent,termo_empresa,name,desc,500,5,22.469,0,
f1_v2_branch,v2,agent,termo_empresa,name,desc,500,6,22.387,0,
f1_v2_branch,v2,agent,termo_empresa,created_at,asc,0,1,23.868,50,290
f1_v2_branch,v2,agent,termo_empresa,created_at,asc,0,2,22.625,50,290
f1_v2_branch,v2,agent,termo_empresa,created_at,asc,0,3,22.441,50,290
f1_v2_branch,v2,agent,termo_empresa,created_at,asc,0,4,23.072,50,290
f1_v2_branch,v2,agent,termo_empresa,created_at,asc,0,5,25.952,50,290
f1_v2_branch,v2,agent,termo_empresa,created_at,asc,0,6,25.075,50,290
f1_v2_branch,v2,agent,termo_empresa,created_at,asc,500,1,21.541,0,
f1_v2_branch,v2,agent,termo_empresa,created_at,asc,500,2,19.82,0,
f1_v2_branch,v2,agent,termo_empresa,created_at,asc,500,3,20.789,0,
f1_v2_branch,v2,agent,termo_empresa,created_at,asc,500,4,21,0,
f1_v2_branch,v2,agent,termo_empresa,created_at,asc,500,5,27.17,0,
f1_v2_branch,v2,agent,termo_empresa,created_at,asc,500,6,29.28,0,
f1_v2_branch,v2,agent,termo_empresa,created_at,desc,0,1,24.338,50,290
f1_v2_branch,v2,agent,termo_empresa,created_at,desc,0,2,21.691,50,290
f1_v2_branch,v2,agent,termo_empresa,created_at,desc,0,3,20.906,50,290
f1_v2_branch,v2,agent,termo_empresa,created_at,desc,0,4,20.417,50,290
f1_v2_branch,v2,agent,termo_empresa,created_at,desc,0,5,21.081,50,290
f1_v2_branch,v2,agent,termo_empresa,created_at,desc,0,6,20.312,50,290
f1_v2_branch,v2,agent,termo_empresa,created_at,desc,500,1,20.508,0,
f1_v2_branch,v2,agent,termo_empresa,created_at,desc,500,2,19.536,0,
f1_v2_branch,v2,agent,termo_empresa,created_at,desc,500,3,21.121,0,
f1_v2_branch,v2,agent,termo_empresa,created_at,desc,500,4,20.418,0,
f1_v2_branch,v2,agent,termo_empresa,created_at,desc,500,5,20.618,0,
f1_v2_branch,v2,agent,termo_empresa,created_at,desc,500,6,20.25,0,
f1_v2_branch,v2,agent,termo_empresa,company,asc,0,1,20.059,50,290
f1_v2_branch,v2,agent,termo_empresa,company,asc,0,2,20.703,50,290
f1_v2_branch,v2,agent,termo_empresa,company,asc,0,3,22.211,50,290
f1_v2_branch,v2,agent,termo_empresa,company,asc,0,4,20.427,50,290
f1_v2_branch,v2,agent,termo_empresa,company,asc,0,5,20.909,50,290
f1_v2_branch,v2,agent,termo_empresa,company,asc,0,6,20.064,50,290
f1_v2_branch,v2,agent,termo_empresa,company,asc,500,1,21.127,0,
f1_v2_branch,v2,agent,termo_empresa,company,asc,500,2,22.107,0,
f1_v2_branch,v2,agent,termo_empresa,company,asc,500,3,20.033,0,
f1_v2_branch,v2,agent,termo_empresa,company,asc,500,4,21.266,0,
f1_v2_branch,v2,agent,termo_empresa,company,asc,500,5,20.249,0,
f1_v2_branch,v2,agent,termo_empresa,company,asc,500,6,20.49,0,
f1_v2_branch,v2,agent,termo_empresa,company,desc,0,1,19.856,50,290
f1_v2_branch,v2,agent,termo_empresa,company,desc,0,2,22.927,50,290
f1_v2_branch,v2,agent,termo_empresa,company,desc,0,3,22.502,50,290
f1_v2_branch,v2,agent,termo_empresa,company,desc,0,4,21.435,50,290
f1_v2_branch,v2,agent,termo_empresa,company,desc,0,5,22.851,50,290
f1_v2_branch,v2,agent,termo_empresa,company,desc,0,6,21.098,50,290
f1_v2_branch,v2,agent,termo_empresa,company,desc,500,1,24.487,0,
f1_v2_branch,v2,agent,termo_empresa,company,desc,500,2,21.898,0,
f1_v2_branch,v2,agent,termo_empresa,company,desc,500,3,21.898,0,
f1_v2_branch,v2,agent,termo_empresa,company,desc,500,4,19.865,0,
f1_v2_branch,v2,agent,termo_empresa,company,desc,500,5,20.14,0,
f1_v2_branch,v2,agent,termo_empresa,company,desc,500,6,21.063,0,
f1_v2_branch,v2,agent,filtro_tipo,name,asc,0,1,11.69,50,536
f1_v2_branch,v2,agent,filtro_tipo,name,asc,0,2,12.269,50,536
f1_v2_branch,v2,agent,filtro_tipo,name,asc,0,3,11.77,50,536
f1_v2_branch,v2,agent,filtro_tipo,name,asc,0,4,11.338,50,536
f1_v2_branch,v2,agent,filtro_tipo,name,asc,0,5,11.286,50,536
f1_v2_branch,v2,agent,filtro_tipo,name,asc,0,6,12.118,50,536
f1_v2_branch,v2,agent,filtro_tipo,name,asc,500,1,11.718,36,536
f1_v2_branch,v2,agent,filtro_tipo,name,asc,500,2,11.111,36,536
f1_v2_branch,v2,agent,filtro_tipo,name,asc,500,3,13.259,36,536
f1_v2_branch,v2,agent,filtro_tipo,name,asc,500,4,11.97,36,536
f1_v2_branch,v2,agent,filtro_tipo,name,asc,500,5,12.057,36,536
f1_v2_branch,v2,agent,filtro_tipo,name,asc,500,6,11.338,36,536
f1_v2_branch,v2,agent,filtro_tipo,name,desc,0,1,12.331,50,536
f1_v2_branch,v2,agent,filtro_tipo,name,desc,0,2,13.106,50,536
f1_v2_branch,v2,agent,filtro_tipo,name,desc,0,3,15.954,50,536
f1_v2_branch,v2,agent,filtro_tipo,name,desc,0,4,12.676,50,536
f1_v2_branch,v2,agent,filtro_tipo,name,desc,0,5,13.911,50,536
f1_v2_branch,v2,agent,filtro_tipo,name,desc,0,6,14.464,50,536
f1_v2_branch,v2,agent,filtro_tipo,name,desc,500,1,13.524,36,536
f1_v2_branch,v2,agent,filtro_tipo,name,desc,500,2,13.738,36,536
f1_v2_branch,v2,agent,filtro_tipo,name,desc,500,3,13.459,36,536
f1_v2_branch,v2,agent,filtro_tipo,name,desc,500,4,12.942,36,536
f1_v2_branch,v2,agent,filtro_tipo,name,desc,500,5,14.423,36,536
f1_v2_branch,v2,agent,filtro_tipo,name,desc,500,6,13.279,36,536
f1_v2_branch,v2,agent,filtro_tipo,created_at,asc,0,1,11.737,50,536
f1_v2_branch,v2,agent,filtro_tipo,created_at,asc,0,2,12.541,50,536
f1_v2_branch,v2,agent,filtro_tipo,created_at,asc,0,3,12.461,50,536
f1_v2_branch,v2,agent,filtro_tipo,created_at,asc,0,4,12.686,50,536
f1_v2_branch,v2,agent,filtro_tipo,created_at,asc,0,5,11.176,50,536
f1_v2_branch,v2,agent,filtro_tipo,created_at,asc,0,6,11.936,50,536
f1_v2_branch,v2,agent,filtro_tipo,created_at,asc,500,1,13.473,36,536
f1_v2_branch,v2,agent,filtro_tipo,created_at,asc,500,2,12.253,36,536
f1_v2_branch,v2,agent,filtro_tipo,created_at,asc,500,3,12.439,36,536
f1_v2_branch,v2,agent,filtro_tipo,created_at,asc,500,4,11.606,36,536
f1_v2_branch,v2,agent,filtro_tipo,created_at,asc,500,5,13.093,36,536
f1_v2_branch,v2,agent,filtro_tipo,created_at,asc,500,6,13.492,36,536
f1_v2_branch,v2,agent,filtro_tipo,created_at,desc,0,1,13.217,50,536
f1_v2_branch,v2,agent,filtro_tipo,created_at,desc,0,2,13.044,50,536
f1_v2_branch,v2,agent,filtro_tipo,created_at,desc,0,3,12.453,50,536
f1_v2_branch,v2,agent,filtro_tipo,created_at,desc,0,4,11.72,50,536
f1_v2_branch,v2,agent,filtro_tipo,created_at,desc,0,5,11.707,50,536
f1_v2_branch,v2,agent,filtro_tipo,created_at,desc,0,6,11.71,50,536
f1_v2_branch,v2,agent,filtro_tipo,created_at,desc,500,1,13.936,36,536
f1_v2_branch,v2,agent,filtro_tipo,created_at,desc,500,2,12.482,36,536
f1_v2_branch,v2,agent,filtro_tipo,created_at,desc,500,3,12.65,36,536
f1_v2_branch,v2,agent,filtro_tipo,created_at,desc,500,4,12.86,36,536
f1_v2_branch,v2,agent,filtro_tipo,created_at,desc,500,5,13.035,36,536
f1_v2_branch,v2,agent,filtro_tipo,created_at,desc,500,6,13.033,36,536
f1_v2_branch,v2,agent,filtro_tipo,company,asc,0,1,12.79,50,536
f1_v2_branch,v2,agent,filtro_tipo,company,asc,0,2,12.416,50,536
f1_v2_branch,v2,agent,filtro_tipo,company,asc,0,3,13.392,50,536
f1_v2_branch,v2,agent,filtro_tipo,company,asc,0,4,12.968,50,536
f1_v2_branch,v2,agent,filtro_tipo,company,asc,0,5,12.279,50,536
f1_v2_branch,v2,agent,filtro_tipo,company,asc,0,6,12.138,50,536
f1_v2_branch,v2,agent,filtro_tipo,company,asc,500,1,13.472,36,536
f1_v2_branch,v2,agent,filtro_tipo,company,asc,500,2,14.477,36,536
f1_v2_branch,v2,agent,filtro_tipo,company,asc,500,3,14.124,36,536
f1_v2_branch,v2,agent,filtro_tipo,company,asc,500,4,14.346,36,536
f1_v2_branch,v2,agent,filtro_tipo,company,asc,500,5,13.224,36,536
f1_v2_branch,v2,agent,filtro_tipo,company,asc,500,6,13.051,36,536
f1_v2_branch,v2,agent,filtro_tipo,company,desc,0,1,14.048,50,536
f1_v2_branch,v2,agent,filtro_tipo,company,desc,0,2,12.648,50,536
f1_v2_branch,v2,agent,filtro_tipo,company,desc,0,3,13.535,50,536
f1_v2_branch,v2,agent,filtro_tipo,company,desc,0,4,13.467,50,536
f1_v2_branch,v2,agent,filtro_tipo,company,desc,0,5,12.951,50,536
f1_v2_branch,v2,agent,filtro_tipo,company,desc,0,6,13.144,50,536
f1_v2_branch,v2,agent,filtro_tipo,company,desc,500,1,12.95,36,536
f1_v2_branch,v2,agent,filtro_tipo,company,desc,500,2,13.946,36,536
f1_v2_branch,v2,agent,filtro_tipo,company,desc,500,3,13.769,36,536
f1_v2_branch,v2,agent,filtro_tipo,company,desc,500,4,13.611,36,536
f1_v2_branch,v2,agent,filtro_tipo,company,desc,500,5,13.557,36,536
f1_v2_branch,v2,agent,filtro_tipo,company,desc,500,6,13.706,36,536
f1_v2_branch,v2,agent,filtro_tag,name,asc,0,5,7.203,50,241
f1_v2_branch,v2,agent,filtro_tag,name,asc,0,1,7.207,50,241
f1_v2_branch,v2,agent,filtro_tag,name,asc,0,2,7.244,50,241
f1_v2_branch,v2,agent,filtro_tag,name,asc,0,3,7.518,50,241
f1_v2_branch,v2,agent,filtro_tag,name,asc,0,4,8.353,50,241
f1_v2_branch,v2,agent,filtro_tag,name,asc,0,6,7.773,50,241
f1_v2_branch,v2,agent,filtro_tag,name,asc,500,1,7.92,0,
f1_v2_branch,v2,agent,filtro_tag,name,asc,500,2,7.053,0,
f1_v2_branch,v2,agent,filtro_tag,name,asc,500,3,6.991,0,
f1_v2_branch,v2,agent,filtro_tag,name,asc,500,4,6.775,0,
f1_v2_branch,v2,agent,filtro_tag,name,asc,500,5,6.76,0,
f1_v2_branch,v2,agent,filtro_tag,name,asc,500,6,6.429,0,
f1_v2_branch,v2,agent,filtro_tag,name,desc,0,1,6.742,50,241
f1_v2_branch,v2,agent,filtro_tag,name,desc,0,2,6.485,50,241
f1_v2_branch,v2,agent,filtro_tag,name,desc,0,3,6.947,50,241
f1_v2_branch,v2,agent,filtro_tag,name,desc,0,4,6.812,50,241
f1_v2_branch,v2,agent,filtro_tag,name,desc,0,5,6.71,50,241
f1_v2_branch,v2,agent,filtro_tag,name,desc,0,6,6.471,50,241
f1_v2_branch,v2,agent,filtro_tag,name,desc,500,1,6.882,0,
f1_v2_branch,v2,agent,filtro_tag,name,desc,500,2,6.813,0,
f1_v2_branch,v2,agent,filtro_tag,name,desc,500,3,7.221,0,
f1_v2_branch,v2,agent,filtro_tag,name,desc,500,4,6.733,0,
f1_v2_branch,v2,agent,filtro_tag,name,desc,500,5,7.291,0,
f1_v2_branch,v2,agent,filtro_tag,name,desc,500,6,6.806,0,
f1_v2_branch,v2,agent,filtro_tag,created_at,asc,0,1,6.652,50,241
f1_v2_branch,v2,agent,filtro_tag,created_at,asc,0,2,6.346,50,241
f1_v2_branch,v2,agent,filtro_tag,created_at,asc,0,3,6.444,50,241
f1_v2_branch,v2,agent,filtro_tag,created_at,asc,0,4,6.42,50,241
f1_v2_branch,v2,agent,filtro_tag,created_at,asc,0,5,6.497,50,241
f1_v2_branch,v2,agent,filtro_tag,created_at,asc,0,6,6.462,50,241
f1_v2_branch,v2,agent,filtro_tag,created_at,asc,500,1,6.262,0,
f1_v2_branch,v2,agent,filtro_tag,created_at,asc,500,2,6.693,0,
f1_v2_branch,v2,agent,filtro_tag,created_at,asc,500,3,6.082,0,
f1_v2_branch,v2,agent,filtro_tag,created_at,asc,500,4,6.331,0,
f1_v2_branch,v2,agent,filtro_tag,created_at,asc,500,5,6.494,0,
f1_v2_branch,v2,agent,filtro_tag,created_at,asc,500,6,6.758,0,
f1_v2_branch,v2,agent,filtro_tag,created_at,desc,0,1,6.694,50,241
f1_v2_branch,v2,agent,filtro_tag,created_at,desc,0,2,6.703,50,241
f1_v2_branch,v2,agent,filtro_tag,created_at,desc,0,3,6.656,50,241
f1_v2_branch,v2,agent,filtro_tag,created_at,desc,0,4,6.986,50,241
f1_v2_branch,v2,agent,filtro_tag,created_at,desc,0,5,6.485,50,241
f1_v2_branch,v2,agent,filtro_tag,created_at,desc,0,6,6.642,50,241
f1_v2_branch,v2,agent,filtro_tag,created_at,desc,500,1,6.429,0,
f1_v2_branch,v2,agent,filtro_tag,created_at,desc,500,2,6.527,0,
f1_v2_branch,v2,agent,filtro_tag,created_at,desc,500,3,6.741,0,
f1_v2_branch,v2,agent,filtro_tag,created_at,desc,500,4,6.45,0,
f1_v2_branch,v2,agent,filtro_tag,created_at,desc,500,5,6.942,0,
f1_v2_branch,v2,agent,filtro_tag,created_at,desc,500,6,6.721,0,
f1_v2_branch,v2,agent,filtro_tag,company,asc,0,1,6.624,50,241
f1_v2_branch,v2,agent,filtro_tag,company,asc,0,2,6.309,50,241
f1_v2_branch,v2,agent,filtro_tag,company,asc,0,3,6.273,50,241
f1_v2_branch,v2,agent,filtro_tag,company,asc,0,4,6.579,50,241
f1_v2_branch,v2,agent,filtro_tag,company,asc,0,5,7.347,50,241
f1_v2_branch,v2,agent,filtro_tag,company,asc,0,6,10.381,50,241
f1_v2_branch,v2,agent,filtro_tag,company,asc,500,1,7.997,0,
f1_v2_branch,v2,agent,filtro_tag,company,asc,500,2,8.595,0,
f1_v2_branch,v2,agent,filtro_tag,company,asc,500,3,7.657,0,
f1_v2_branch,v2,agent,filtro_tag,company,asc,500,4,7.994,0,
f1_v2_branch,v2,agent,filtro_tag,company,asc,500,5,7.004,0,
f1_v2_branch,v2,agent,filtro_tag,company,asc,500,6,7.522,0,
f1_v2_branch,v2,agent,filtro_tag,company,desc,0,1,6.75,50,241
f1_v2_branch,v2,agent,filtro_tag,company,desc,0,2,7.638,50,241
f1_v2_branch,v2,agent,filtro_tag,company,desc,0,3,7.425,50,241
f1_v2_branch,v2,agent,filtro_tag,company,desc,0,4,8.033,50,241
f1_v2_branch,v2,agent,filtro_tag,company,desc,0,5,9.176,50,241
f1_v2_branch,v2,agent,filtro_tag,company,desc,0,6,7.293,50,241
f1_v2_branch,v2,agent,filtro_tag,company,desc,500,1,7.74,0,
f1_v2_branch,v2,agent,filtro_tag,company,desc,500,2,7.065,0,
f1_v2_branch,v2,agent,filtro_tag,company,desc,500,3,7.322,0,
f1_v2_branch,v2,agent,filtro_tag,company,desc,500,4,6.923,0,
f1_v2_branch,v2,agent,filtro_tag,company,desc,500,5,7.486,0,
f1_v2_branch,v2,agent,filtro_tag,company,desc,500,6,7.306,0,
f1_v2_branch,v2,agent,intervalo_data,name,asc,0,1,14.691,50,640
f1_v2_branch,v2,agent,intervalo_data,name,asc,0,2,15.302,50,640
f1_v2_branch,v2,agent,intervalo_data,name,asc,0,3,14.572,50,640
f1_v2_branch,v2,agent,intervalo_data,name,asc,0,4,15.543,50,640
f1_v2_branch,v2,agent,intervalo_data,name,asc,0,5,14.244,50,640
f1_v2_branch,v2,agent,intervalo_data,name,asc,0,6,14.473,50,640
f1_v2_branch,v2,agent,intervalo_data,name,asc,500,1,14.565,50,640
f1_v2_branch,v2,agent,intervalo_data,name,asc,500,2,15.991,50,640
f1_v2_branch,v2,agent,intervalo_data,name,asc,500,3,14.646,50,640
f1_v2_branch,v2,agent,intervalo_data,name,asc,500,4,14.382,50,640
f1_v2_branch,v2,agent,intervalo_data,name,asc,500,5,13.018,50,640
f1_v2_branch,v2,agent,intervalo_data,name,asc,500,6,13.264,50,640
f1_v2_branch,v2,agent,intervalo_data,name,desc,0,1,13.586,50,640
f1_v2_branch,v2,agent,intervalo_data,name,desc,0,2,12.747,50,640
f1_v2_branch,v2,agent,intervalo_data,name,desc,0,3,12.691,50,640
f1_v2_branch,v2,agent,intervalo_data,name,desc,0,4,11.733,50,640
f1_v2_branch,v2,agent,intervalo_data,name,desc,0,5,12.831,50,640
f1_v2_branch,v2,agent,intervalo_data,name,desc,0,6,12.021,50,640
f1_v2_branch,v2,agent,intervalo_data,name,desc,500,1,13.101,50,640
f1_v2_branch,v2,agent,intervalo_data,name,desc,500,2,13.64,50,640
f1_v2_branch,v2,agent,intervalo_data,name,desc,500,3,12.899,50,640
f1_v2_branch,v2,agent,intervalo_data,name,desc,500,4,13.399,50,640
f1_v2_branch,v2,agent,intervalo_data,name,desc,500,5,14.402,50,640
f1_v2_branch,v2,agent,intervalo_data,name,desc,500,6,13.74,50,640
f1_v2_branch,v2,agent,intervalo_data,created_at,asc,0,1,13.081,50,640
f1_v2_branch,v2,agent,intervalo_data,created_at,asc,0,2,14.796,50,640
f1_v2_branch,v2,agent,intervalo_data,created_at,asc,0,3,13.313,50,640
f1_v2_branch,v2,agent,intervalo_data,created_at,asc,0,4,14.015,50,640
f1_v2_branch,v2,agent,intervalo_data,created_at,asc,0,5,13.238,50,640
f1_v2_branch,v2,agent,intervalo_data,created_at,asc,0,6,12.907,50,640
f1_v2_branch,v2,agent,intervalo_data,created_at,asc,500,1,13.832,50,640
f1_v2_branch,v2,agent,intervalo_data,created_at,asc,500,2,12.381,50,640
f1_v2_branch,v2,agent,intervalo_data,created_at,asc,500,3,12.864,50,640
f1_v2_branch,v2,agent,intervalo_data,created_at,asc,500,4,12.882,50,640
f1_v2_branch,v2,agent,intervalo_data,created_at,asc,500,5,12.467,50,640
f1_v2_branch,v2,agent,intervalo_data,created_at,asc,500,6,13.017,50,640
f1_v2_branch,v2,agent,intervalo_data,created_at,desc,0,1,12.676,50,640
f1_v2_branch,v2,agent,intervalo_data,created_at,desc,0,2,12.205,50,640
f1_v2_branch,v2,agent,intervalo_data,created_at,desc,0,3,13.04,50,640
f1_v2_branch,v2,agent,intervalo_data,created_at,desc,0,4,12.764,50,640
f1_v2_branch,v2,agent,intervalo_data,created_at,desc,0,5,13.064,50,640
f1_v2_branch,v2,agent,intervalo_data,created_at,desc,0,6,12.896,50,640
f1_v2_branch,v2,agent,intervalo_data,created_at,desc,500,1,12.165,50,640
f1_v2_branch,v2,agent,intervalo_data,created_at,desc,500,2,12.37,50,640
f1_v2_branch,v2,agent,intervalo_data,created_at,desc,500,3,14.416,50,640
f1_v2_branch,v2,agent,intervalo_data,created_at,desc,500,4,13.106,50,640
f1_v2_branch,v2,agent,intervalo_data,created_at,desc,500,5,13.051,50,640
f1_v2_branch,v2,agent,intervalo_data,created_at,desc,500,6,12.888,50,640
f1_v2_branch,v2,agent,intervalo_data,company,asc,0,1,13.669,50,640
f1_v2_branch,v2,agent,intervalo_data,company,asc,0,2,13.347,50,640
f1_v2_branch,v2,agent,intervalo_data,company,asc,0,3,12.966,50,640
f1_v2_branch,v2,agent,intervalo_data,company,asc,0,4,13.284,50,640
f1_v2_branch,v2,agent,intervalo_data,company,asc,0,5,13.163,50,640
f1_v2_branch,v2,agent,intervalo_data,company,asc,0,6,12.722,50,640
f1_v2_branch,v2,agent,intervalo_data,company,asc,500,1,13.126,50,640
f1_v2_branch,v2,agent,intervalo_data,company,asc,500,2,12.585,50,640
f1_v2_branch,v2,agent,intervalo_data,company,asc,500,3,14.38,50,640
f1_v2_branch,v2,agent,intervalo_data,company,asc,500,4,14.616,50,640
f1_v2_branch,v2,agent,intervalo_data,company,asc,500,5,13.641,50,640
f1_v2_branch,v2,agent,intervalo_data,company,asc,500,6,14.57,50,640
f1_v2_branch,v2,agent,intervalo_data,company,desc,0,1,12.517,50,640
f1_v2_branch,v2,agent,intervalo_data,company,desc,0,2,11.837,50,640
f1_v2_branch,v2,agent,intervalo_data,company,desc,0,3,13.47,50,640
f1_v2_branch,v2,agent,intervalo_data,company,desc,0,4,13.117,50,640
f1_v2_branch,v2,agent,intervalo_data,company,desc,0,5,13.515,50,640
f1_v2_branch,v2,agent,intervalo_data,company,desc,0,6,12.713,50,640
f1_v2_branch,v2,agent,intervalo_data,company,desc,500,1,13.063,50,640
f1_v2_branch,v2,agent,intervalo_data,company,desc,500,2,12.722,50,640
f1_v2_branch,v2,agent,intervalo_data,company,desc,500,3,12.97,50,640
f1_v2_branch,v2,agent,intervalo_data,company,desc,500,4,11.79,50,640
f1_v2_branch,v2,agent,intervalo_data,company,desc,500,5,11.825,50,640
f1_v2_branch,v2,agent,intervalo_data,company,desc,500,6,11.959,50,640
f1_v2_branch,v2,agent,combinado,name,asc,0,1,0.861,1,1
f1_v2_branch,v2,agent,combinado,name,asc,0,2,0.937,1,1
f1_v2_branch,v2,agent,combinado,name,asc,0,3,0.784,1,1
f1_v2_branch,v2,agent,combinado,name,asc,0,4,0.703,1,1
f1_v2_branch,v2,agent,combinado,name,asc,0,5,0.713,1,1
f1_v2_branch,v2,agent,combinado,name,asc,0,6,0.815,1,1
f1_v2_branch,v2,agent,combinado,name,asc,500,1,0.728,0,
f1_v2_branch,v2,agent,combinado,name,asc,500,2,0.768,0,
f1_v2_branch,v2,agent,combinado,name,asc,500,3,0.752,0,
f1_v2_branch,v2,agent,combinado,name,asc,500,4,0.894,0,
f1_v2_branch,v2,agent,combinado,name,asc,500,5,0.886,0,
f1_v2_branch,v2,agent,combinado,name,asc,500,6,0.893,0,
f1_v2_branch,v2,agent,combinado,name,desc,0,1,0.893,1,1
f1_v2_branch,v2,agent,combinado,name,desc,0,2,0.814,1,1
f1_v2_branch,v2,agent,combinado,name,desc,0,3,0.864,1,1
f1_v2_branch,v2,agent,combinado,name,desc,0,4,1.024,1,1
f1_v2_branch,v2,agent,combinado,name,desc,0,5,0.94,1,1
f1_v2_branch,v2,agent,combinado,name,desc,0,6,0.822,1,1
f1_v2_branch,v2,agent,combinado,name,desc,500,1,0.935,0,
f1_v2_branch,v2,agent,combinado,name,desc,500,2,0.758,0,
f1_v2_branch,v2,agent,combinado,name,desc,500,3,0.672,0,
f1_v2_branch,v2,agent,combinado,name,desc,500,4,0.697,0,
f1_v2_branch,v2,agent,combinado,name,desc,500,5,0.73,0,
f1_v2_branch,v2,agent,combinado,name,desc,500,6,1.006,0,
f1_v2_branch,v2,agent,combinado,created_at,asc,0,1,0.837,1,1
f1_v2_branch,v2,agent,combinado,created_at,asc,0,2,0.815,1,1
f1_v2_branch,v2,agent,combinado,created_at,asc,0,3,0.811,1,1
f1_v2_branch,v2,agent,combinado,created_at,asc,0,4,0.756,1,1
f1_v2_branch,v2,agent,combinado,created_at,asc,0,5,0.701,1,1
f1_v2_branch,v2,agent,combinado,created_at,asc,0,6,0.723,1,1
f1_v2_branch,v2,agent,combinado,created_at,asc,500,1,0.732,0,
f1_v2_branch,v2,agent,combinado,created_at,asc,500,2,0.73,0,
f1_v2_branch,v2,agent,combinado,created_at,asc,500,3,0.71,0,
f1_v2_branch,v2,agent,combinado,created_at,asc,500,4,0.83,0,
f1_v2_branch,v2,agent,combinado,created_at,asc,500,5,0.86,0,
f1_v2_branch,v2,agent,combinado,created_at,asc,500,6,0.79,0,
f1_v2_branch,v2,agent,combinado,created_at,desc,0,1,0.757,1,1
f1_v2_branch,v2,agent,combinado,created_at,desc,0,2,0.79,1,1
f1_v2_branch,v2,agent,combinado,created_at,desc,0,3,0.755,1,1
f1_v2_branch,v2,agent,combinado,created_at,desc,0,4,0.688,1,1
f1_v2_branch,v2,agent,combinado,created_at,desc,0,5,0.671,1,1
f1_v2_branch,v2,agent,combinado,created_at,desc,0,6,0.798,1,1
f1_v2_branch,v2,agent,combinado,created_at,desc,500,1,0.745,0,
f1_v2_branch,v2,agent,combinado,created_at,desc,500,2,0.779,0,
f1_v2_branch,v2,agent,combinado,created_at,desc,500,3,1.056,0,
f1_v2_branch,v2,agent,combinado,created_at,desc,500,4,0.842,0,
f1_v2_branch,v2,agent,combinado,created_at,desc,500,5,0.908,0,
f1_v2_branch,v2,agent,combinado,created_at,desc,500,6,0.891,0,
f1_v2_branch,v2,agent,combinado,company,asc,0,1,0.791,1,1
f1_v2_branch,v2,agent,combinado,company,asc,0,2,0.762,1,1
f1_v2_branch,v2,agent,combinado,company,asc,0,3,0.677,1,1
f1_v2_branch,v2,agent,combinado,company,asc,0,4,0.699,1,1
f1_v2_branch,v2,agent,combinado,company,asc,0,5,0.903,1,1
f1_v2_branch,v2,agent,combinado,company,asc,0,6,0.998,1,1
f1_v2_branch,v2,agent,combinado,company,asc,500,1,0.887,0,
f1_v2_branch,v2,agent,combinado,company,asc,500,2,0.812,0,
f1_v2_branch,v2,agent,combinado,company,asc,500,3,0.731,0,
f1_v2_branch,v2,agent,combinado,company,asc,500,4,0.744,0,
f1_v2_branch,v2,agent,combinado,company,asc,500,5,0.724,0,
f1_v2_branch,v2,agent,combinado,company,asc,500,6,0.808,0,
f1_v2_branch,v2,agent,combinado,company,desc,0,1,0.732,1,1
f1_v2_branch,v2,agent,combinado,company,desc,0,2,0.733,1,1
f1_v2_branch,v2,agent,combinado,company,desc,0,3,0.781,1,1
f1_v2_branch,v2,agent,combinado,company,desc,0,4,0.802,1,1
f1_v2_branch,v2,agent,combinado,company,desc,0,5,0.775,1,1
f1_v2_branch,v2,agent,combinado,company,desc,0,6,0.727,1,1
f1_v2_branch,v2,agent,combinado,company,desc,500,1,0.796,0,
f1_v2_branch,v2,agent,combinado,company,desc,500,2,0.918,0,
f1_v2_branch,v2,agent,combinado,company,desc,500,3,0.949,0,
f1_v2_branch,v2,agent,combinado,company,desc,500,4,0.796,0,
f1_v2_branch,v2,agent,combinado,company,desc,500,5,1.056,0,
f1_v2_branch,v2,agent,combinado,company,desc,500,6,0.822,0,
f1_v0_admin,v0,admin,__overhead_wrapper__,-,-,-1,0,0.254,0,0
f1_v0_admin,v0,admin,sem_filtro,name,asc,0,1,54.588,50,9521
f1_v0_admin,v0,admin,sem_filtro,name,asc,0,2,58.327,50,9521
f1_v0_admin,v0,admin,sem_filtro,name,asc,0,3,4485.026,50,9521
f1_v0_admin,v0,admin,sem_filtro,name,asc,0,4,50.806,50,9521
f1_v0_admin,v0,admin,sem_filtro,name,asc,0,5,49.811,50,9521
f1_v0_admin,v0,admin,sem_filtro,name,asc,0,6,47.151,50,9521
f1_v0_admin,v0,admin,sem_filtro,name,asc,500,1,50.325,50,9521
f1_v0_admin,v0,admin,sem_filtro,name,asc,500,2,53.872,50,9521
f1_v0_admin,v0,admin,sem_filtro,name,asc,500,3,52.062,50,9521
f1_v0_admin,v0,admin,sem_filtro,name,asc,500,4,49.199,50,9521
f1_v0_admin,v0,admin,sem_filtro,name,asc,500,5,51.286,50,9521
f1_v0_admin,v0,admin,sem_filtro,name,asc,500,6,50.821,50,9521
f1_v0_admin,v0,admin,sem_filtro,name,desc,0,1,48.401,50,9521
f1_v0_admin,v0,admin,sem_filtro,name,desc,0,2,47.608,50,9521
f1_v0_admin,v0,admin,sem_filtro,name,desc,0,3,54.224,50,9521
f1_v0_admin,v0,admin,sem_filtro,name,desc,0,4,50.859,50,9521
f1_v0_admin,v0,admin,sem_filtro,name,desc,0,5,50.09,50,9521
f1_v0_admin,v0,admin,sem_filtro,name,desc,0,6,53.79,50,9521
f1_v0_admin,v0,admin,sem_filtro,name,desc,500,1,56.491,50,9521
f1_v0_admin,v0,admin,sem_filtro,name,desc,500,2,56.17,50,9521
f1_v0_admin,v0,admin,sem_filtro,name,desc,500,3,53.351,50,9521
f1_v0_admin,v0,admin,sem_filtro,name,desc,500,4,53.224,50,9521
f1_v0_admin,v0,admin,sem_filtro,name,desc,500,5,51.005,50,9521
f1_v0_admin,v0,admin,sem_filtro,name,desc,500,6,52.216,50,9521
f1_v0_admin,v0,admin,sem_filtro,created_at,asc,0,1,48.057,50,9521
f1_v0_admin,v0,admin,sem_filtro,created_at,asc,0,2,48.942,50,9521
f1_v0_admin,v0,admin,sem_filtro,created_at,asc,0,3,50.245,50,9521
f1_v0_admin,v0,admin,sem_filtro,created_at,asc,0,4,47.704,50,9521
f1_v0_admin,v0,admin,sem_filtro,created_at,asc,0,5,47.781,50,9521
f1_v0_admin,v0,admin,sem_filtro,created_at,asc,0,6,47.524,50,9521
f1_v0_admin,v0,admin,sem_filtro,created_at,asc,500,1,56.156,50,9521
f1_v0_admin,v0,admin,sem_filtro,created_at,asc,500,2,52.149,50,9521
f1_v0_admin,v0,admin,sem_filtro,created_at,asc,500,3,52.041,50,9521
f1_v0_admin,v0,admin,sem_filtro,created_at,asc,500,4,57.216,50,9521
f1_v0_admin,v0,admin,sem_filtro,created_at,asc,500,5,54.411,50,9521
f1_v0_admin,v0,admin,sem_filtro,created_at,asc,500,6,50.388,50,9521
f1_v0_admin,v0,admin,sem_filtro,created_at,desc,0,1,50.571,50,9521
f1_v0_admin,v0,admin,sem_filtro,created_at,desc,0,2,48.538,50,9521
f1_v0_admin,v0,admin,sem_filtro,created_at,desc,0,3,49.574,50,9521
f1_v0_admin,v0,admin,sem_filtro,created_at,desc,0,4,51.78,50,9521
f1_v0_admin,v0,admin,sem_filtro,created_at,desc,0,5,50.772,50,9521
f1_v0_admin,v0,admin,sem_filtro,created_at,desc,0,6,48.719,50,9521
f1_v0_admin,v0,admin,sem_filtro,created_at,desc,500,1,50.224,50,9521
f1_v0_admin,v0,admin,sem_filtro,created_at,desc,500,2,48.432,50,9521
f1_v0_admin,v0,admin,sem_filtro,created_at,desc,500,3,48.329,50,9521
f1_v0_admin,v0,admin,sem_filtro,created_at,desc,500,4,48.845,50,9521
f1_v0_admin,v0,admin,sem_filtro,created_at,desc,500,5,48.287,50,9521
f1_v0_admin,v0,admin,sem_filtro,created_at,desc,500,6,47.438,50,9521
f1_v0_admin,v0,admin,sem_filtro,company,asc,0,1,54.77,50,9521
f1_v0_admin,v0,admin,sem_filtro,company,asc,0,2,64.013,50,9521
f1_v0_admin,v0,admin,sem_filtro,company,asc,0,3,67.322,50,9521
f1_v0_admin,v0,admin,sem_filtro,company,asc,0,4,55.483,50,9521
f1_v0_admin,v0,admin,sem_filtro,company,asc,0,5,52.285,50,9521
f1_v0_admin,v0,admin,sem_filtro,company,asc,0,6,57.257,50,9521
f1_v0_admin,v0,admin,sem_filtro,company,asc,500,1,61.127,50,9521
f1_v0_admin,v0,admin,sem_filtro,company,asc,500,2,58.443,50,9521
f1_v0_admin,v0,admin,sem_filtro,company,asc,500,3,55.334,50,9521
f1_v0_admin,v0,admin,sem_filtro,company,asc,500,4,51.596,50,9521
f1_v0_admin,v0,admin,sem_filtro,company,asc,500,5,51.133,50,9521
f1_v0_admin,v0,admin,sem_filtro,company,asc,500,6,50.94,50,9521
f1_v0_admin,v0,admin,sem_filtro,company,desc,0,1,54.16,50,9521
f1_v0_admin,v0,admin,sem_filtro,company,desc,0,2,56.075,50,9521
f1_v0_admin,v0,admin,sem_filtro,company,desc,0,3,54.543,50,9521
f1_v0_admin,v0,admin,sem_filtro,company,desc,0,4,58.03,50,9521
f1_v0_admin,v0,admin,sem_filtro,company,desc,0,5,60.538,50,9521
f1_v0_admin,v0,admin,sem_filtro,company,desc,0,6,53.811,50,9521
f1_v0_admin,v0,admin,sem_filtro,company,desc,500,1,60.993,50,9521
f1_v0_admin,v0,admin,sem_filtro,company,desc,500,2,62.364,50,9521
f1_v0_admin,v0,admin,sem_filtro,company,desc,500,3,62.749,50,9521
f1_v0_admin,v0,admin,sem_filtro,company,desc,500,4,67.35,50,9521
f1_v0_admin,v0,admin,sem_filtro,company,desc,500,5,63.882,50,9521
f1_v0_admin,v0,admin,sem_filtro,company,desc,500,6,61.573,50,9521
f1_v0_admin,v0,admin,termo_nome_5ch,name,asc,0,1,32.057,50,1135
f1_v0_admin,v0,admin,termo_nome_5ch,name,asc,0,2,22.697,50,1135
f1_v0_admin,v0,admin,termo_nome_5ch,name,asc,0,3,21.184,50,1135
f1_v0_admin,v0,admin,termo_nome_5ch,name,asc,0,4,20.175,50,1135
f1_v0_admin,v0,admin,termo_nome_5ch,name,asc,0,5,20.382,50,1135
f1_v0_admin,v0,admin,termo_nome_5ch,name,asc,0,6,19.876,50,1135
f1_v0_admin,v0,admin,termo_nome_5ch,name,asc,500,1,20.844,50,1135
f1_v0_admin,v0,admin,termo_nome_5ch,name,asc,500,2,19.644,50,1135
f1_v0_admin,v0,admin,termo_nome_5ch,name,asc,500,3,19.704,50,1135
f1_v0_admin,v0,admin,termo_nome_5ch,name,asc,500,4,20.265,50,1135
f1_v0_admin,v0,admin,termo_nome_5ch,name,asc,500,5,19.734,50,1135
f1_v0_admin,v0,admin,termo_nome_5ch,name,asc,500,6,20.179,50,1135
f1_v0_admin,v0,admin,termo_nome_5ch,name,desc,0,1,22.097,50,1135
f1_v0_admin,v0,admin,termo_nome_5ch,name,desc,0,2,21.682,50,1135
f1_v0_admin,v0,admin,termo_nome_5ch,name,desc,0,3,21.169,50,1135
f1_v0_admin,v0,admin,termo_nome_5ch,name,desc,0,4,21.709,50,1135
f1_v0_admin,v0,admin,termo_nome_5ch,name,desc,0,5,22.369,50,1135
f1_v0_admin,v0,admin,termo_nome_5ch,name,desc,0,6,21.615,50,1135
f1_v0_admin,v0,admin,termo_nome_5ch,name,desc,500,1,22.864,50,1135
f1_v0_admin,v0,admin,termo_nome_5ch,name,desc,500,2,22.953,50,1135
f1_v0_admin,v0,admin,termo_nome_5ch,name,desc,500,3,22.569,50,1135
f1_v0_admin,v0,admin,termo_nome_5ch,name,desc,500,4,22.623,50,1135
f1_v0_admin,v0,admin,termo_nome_5ch,name,desc,500,5,23.576,50,1135
f1_v0_admin,v0,admin,termo_nome_5ch,name,desc,500,6,22.68,50,1135
f1_v0_admin,v0,admin,termo_nome_5ch,created_at,asc,0,1,20.439,50,1135
f1_v0_admin,v0,admin,termo_nome_5ch,created_at,asc,0,2,20.781,50,1135
f1_v0_admin,v0,admin,termo_nome_5ch,created_at,asc,0,3,20.654,50,1135
f1_v0_admin,v0,admin,termo_nome_5ch,created_at,asc,0,4,20.685,50,1135
f1_v0_admin,v0,admin,termo_nome_5ch,created_at,asc,0,5,20.544,50,1135
f1_v0_admin,v0,admin,termo_nome_5ch,created_at,asc,0,6,21.094,50,1135
f1_v0_admin,v0,admin,termo_nome_5ch,created_at,asc,500,1,22.816,50,1135
f1_v0_admin,v0,admin,termo_nome_5ch,created_at,asc,500,2,23.64,50,1135
f1_v0_admin,v0,admin,termo_nome_5ch,created_at,asc,500,3,22.357,50,1135
f1_v0_admin,v0,admin,termo_nome_5ch,created_at,asc,500,4,21.731,50,1135
f1_v0_admin,v0,admin,termo_nome_5ch,created_at,asc,500,5,19.495,50,1135
f1_v0_admin,v0,admin,termo_nome_5ch,created_at,asc,500,6,20.039,50,1135
f1_v0_admin,v0,admin,termo_nome_5ch,created_at,desc,0,1,20.062,50,1135
f1_v0_admin,v0,admin,termo_nome_5ch,created_at,desc,0,2,20.256,50,1135
f1_v0_admin,v0,admin,termo_nome_5ch,created_at,desc,0,3,21.032,50,1135
f1_v0_admin,v0,admin,termo_nome_5ch,created_at,desc,0,4,20.995,50,1135
f1_v0_admin,v0,admin,termo_nome_5ch,created_at,desc,0,5,21.642,50,1135
f1_v0_admin,v0,admin,termo_nome_5ch,created_at,desc,0,6,19.696,50,1135
f1_v0_admin,v0,admin,termo_nome_5ch,created_at,desc,500,1,21.306,50,1135
f1_v0_admin,v0,admin,termo_nome_5ch,created_at,desc,500,2,21.383,50,1135
f1_v0_admin,v0,admin,termo_nome_5ch,created_at,desc,500,3,20.348,50,1135
f1_v0_admin,v0,admin,termo_nome_5ch,created_at,desc,500,4,20.025,50,1135
f1_v0_admin,v0,admin,termo_nome_5ch,created_at,desc,500,5,20.808,50,1135
f1_v0_admin,v0,admin,termo_nome_5ch,created_at,desc,500,6,19.704,50,1135
f1_v0_admin,v0,admin,termo_nome_5ch,company,asc,0,1,19.544,50,1135
f1_v0_admin,v0,admin,termo_nome_5ch,company,asc,0,2,19.583,50,1135
f1_v0_admin,v0,admin,termo_nome_5ch,company,asc,0,3,19.207,50,1135
f1_v0_admin,v0,admin,termo_nome_5ch,company,asc,0,4,19.142,50,1135
f1_v0_admin,v0,admin,termo_nome_5ch,company,asc,0,5,18.66,50,1135
f1_v0_admin,v0,admin,termo_nome_5ch,company,asc,0,6,18.356,50,1135
f1_v0_admin,v0,admin,termo_nome_5ch,company,asc,500,1,22.256,50,1135
f1_v0_admin,v0,admin,termo_nome_5ch,company,asc,500,2,20.77,50,1135
f1_v0_admin,v0,admin,termo_nome_5ch,company,asc,500,3,19.058,50,1135
f1_v0_admin,v0,admin,termo_nome_5ch,company,asc,500,4,18.583,50,1135
f1_v0_admin,v0,admin,termo_nome_5ch,company,asc,500,5,18.348,50,1135
f1_v0_admin,v0,admin,termo_nome_5ch,company,asc,500,6,19.103,50,1135
f1_v0_admin,v0,admin,termo_nome_5ch,company,desc,0,1,18.545,50,1135
f1_v0_admin,v0,admin,termo_nome_5ch,company,desc,0,2,18.357,50,1135
f1_v0_admin,v0,admin,termo_nome_5ch,company,desc,0,3,18.324,50,1135
f1_v0_admin,v0,admin,termo_nome_5ch,company,desc,0,4,18.326,50,1135
f1_v0_admin,v0,admin,termo_nome_5ch,company,desc,0,5,20.065,50,1135
f1_v0_admin,v0,admin,termo_nome_5ch,company,desc,0,6,23.782,50,1135
f1_v0_admin,v0,admin,termo_nome_5ch,company,desc,500,1,24.672,50,1135
f1_v0_admin,v0,admin,termo_nome_5ch,company,desc,500,2,19.574,50,1135
f1_v0_admin,v0,admin,termo_nome_5ch,company,desc,500,3,19.65,50,1135
f1_v0_admin,v0,admin,termo_nome_5ch,company,desc,500,4,19.053,50,1135
f1_v0_admin,v0,admin,termo_nome_5ch,company,desc,500,5,20.857,50,1135
f1_v0_admin,v0,admin,termo_nome_5ch,company,desc,500,6,20.047,50,1135
f1_v0_admin,v0,admin,combinado,name,asc,0,1,1.203,5,5
f1_v0_admin,v0,admin,combinado,name,asc,0,2,0.99,5,5
f1_v0_admin,v0,admin,combinado,name,asc,0,3,1.222,5,5
f1_v0_admin,v0,admin,combinado,name,asc,0,4,0.857,5,5
f1_v0_admin,v0,admin,combinado,name,asc,0,5,0.961,5,5
f1_v0_admin,v0,admin,combinado,name,asc,0,6,0.967,5,5
f1_v0_admin,v0,admin,combinado,name,asc,500,1,0.881,0,
f1_v0_admin,v0,admin,combinado,name,asc,500,2,0.877,0,
f1_v0_admin,v0,admin,combinado,name,asc,500,3,1.552,0,
f1_v0_admin,v0,admin,combinado,name,asc,500,4,1.082,0,
f1_v0_admin,v0,admin,combinado,name,asc,500,5,0.874,0,
f1_v0_admin,v0,admin,combinado,name,asc,500,6,1.142,0,
f1_v0_admin,v0,admin,combinado,name,desc,0,1,1.05,5,5
f1_v0_admin,v0,admin,combinado,name,desc,0,2,1.084,5,5
f1_v0_admin,v0,admin,combinado,name,desc,0,3,1.271,5,5
f1_v0_admin,v0,admin,combinado,name,desc,0,4,0.965,5,5
f1_v0_admin,v0,admin,combinado,name,desc,0,5,0.952,5,5
f1_v0_admin,v0,admin,combinado,name,desc,0,6,0.93,5,5
f1_v0_admin,v0,admin,combinado,name,desc,500,1,0.835,0,
f1_v0_admin,v0,admin,combinado,name,desc,500,2,1.041,0,
f1_v0_admin,v0,admin,combinado,name,desc,500,3,0.969,0,
f1_v0_admin,v0,admin,combinado,name,desc,500,4,0.844,0,
f1_v0_admin,v0,admin,combinado,name,desc,500,5,0.952,0,
f1_v0_admin,v0,admin,combinado,name,desc,500,6,1.415,0,
f1_v0_admin,v0,admin,combinado,created_at,asc,0,1,1.037,5,5
f1_v0_admin,v0,admin,combinado,created_at,asc,0,2,0.862,5,5
f1_v0_admin,v0,admin,combinado,created_at,asc,0,3,0.877,5,5
f1_v0_admin,v0,admin,combinado,created_at,asc,0,4,0.906,5,5
f1_v0_admin,v0,admin,combinado,created_at,asc,0,5,1.034,5,5
f1_v0_admin,v0,admin,combinado,created_at,asc,0,6,1.089,5,5
f1_v0_admin,v0,admin,combinado,created_at,asc,500,1,1.028,0,
f1_v0_admin,v0,admin,combinado,created_at,asc,500,2,0.823,0,
f1_v0_admin,v0,admin,combinado,created_at,asc,500,3,0.786,0,
f1_v0_admin,v0,admin,combinado,created_at,asc,500,4,0.812,0,
f1_v0_admin,v0,admin,combinado,created_at,asc,500,5,1.59,0,
f1_v0_admin,v0,admin,combinado,created_at,asc,500,6,1.164,0,
f1_v0_admin,v0,admin,combinado,created_at,desc,0,1,0.984,5,5
f1_v0_admin,v0,admin,combinado,created_at,desc,0,2,1.075,5,5
f1_v0_admin,v0,admin,combinado,created_at,desc,0,3,0.992,5,5
f1_v0_admin,v0,admin,combinado,created_at,desc,0,4,1.045,5,5
f1_v0_admin,v0,admin,combinado,created_at,desc,0,5,0.914,5,5
f1_v0_admin,v0,admin,combinado,created_at,desc,0,6,0.859,5,5
f1_v0_admin,v0,admin,combinado,created_at,desc,500,1,0.817,0,
f1_v0_admin,v0,admin,combinado,created_at,desc,500,2,0.846,0,
f1_v0_admin,v0,admin,combinado,created_at,desc,500,3,0.922,0,
f1_v0_admin,v0,admin,combinado,created_at,desc,500,4,1.247,0,
f1_v0_admin,v0,admin,combinado,created_at,desc,500,5,1.104,0,
f1_v0_admin,v0,admin,combinado,created_at,desc,500,6,1.035,0,
f1_v0_admin,v0,admin,combinado,company,asc,0,1,0.978,5,5
f1_v0_admin,v0,admin,combinado,company,asc,0,2,0.916,5,5
f1_v0_admin,v0,admin,combinado,company,asc,0,3,1.038,5,5
f1_v0_admin,v0,admin,combinado,company,asc,0,4,0.984,5,5
f1_v0_admin,v0,admin,combinado,company,asc,0,5,0.878,5,5
f1_v0_admin,v0,admin,combinado,company,asc,0,6,0.816,5,5
f1_v0_admin,v0,admin,combinado,company,asc,500,1,1.012,0,
f1_v0_admin,v0,admin,combinado,company,asc,500,2,1.14,0,
f1_v0_admin,v0,admin,combinado,company,asc,500,3,1.112,0,
f1_v0_admin,v0,admin,combinado,company,asc,500,4,1.232,0,
f1_v0_admin,v0,admin,combinado,company,asc,500,5,1.437,0,
f1_v0_admin,v0,admin,combinado,company,asc,500,6,1.43,0,
f1_v0_admin,v0,admin,combinado,company,desc,0,1,1.312,5,5
f1_v0_admin,v0,admin,combinado,company,desc,0,2,1.158,5,5
f1_v0_admin,v0,admin,combinado,company,desc,0,3,1.071,5,5
f1_v0_admin,v0,admin,combinado,company,desc,0,4,1.193,5,5
f1_v0_admin,v0,admin,combinado,company,desc,0,5,1.107,5,5
f1_v0_admin,v0,admin,combinado,company,desc,0,6,0.954,5,5
f1_v0_admin,v0,admin,combinado,company,desc,500,1,1.007,0,
f1_v0_admin,v0,admin,combinado,company,desc,500,2,0.894,0,
f1_v0_admin,v0,admin,combinado,company,desc,500,3,1.164,0,
f1_v0_admin,v0,admin,combinado,company,desc,500,4,1.153,0,
f1_v0_admin,v0,admin,combinado,company,desc,500,5,1.435,0,
f1_v0_admin,v0,admin,combinado,company,desc,500,6,1.3,0,
