phase,variant,caller,scenario,sort_field,sort_dir,page_offset,run,ms,rows_out,total_count
f1_v0_base,v0,agent,__overhead_wrapper__,-,-,-1,0,0.279,0,0
f1_v0_base,v0,agent,sem_filtro,name,asc,0,1,23.573,50,861
f1_v0_base,v0,agent,sem_filtro,name,asc,0,2,24.007,50,861
f1_v0_base,v0,agent,sem_filtro,name,asc,0,3,22.169,50,861
f1_v0_base,v0,agent,sem_filtro,name,asc,0,4,22.775,50,861
f1_v0_base,v0,agent,sem_filtro,name,asc,0,5,19.843,50,861
f1_v0_base,v0,agent,sem_filtro,name,asc,0,6,22.804,50,861
f1_v0_base,v0,agent,sem_filtro,name,asc,500,1,20.814,50,861
f1_v0_base,v0,agent,sem_filtro,name,asc,500,2,20.997,50,861
f1_v0_base,v0,agent,sem_filtro,name,asc,500,3,20.182,50,861
f1_v0_base,v0,agent,sem_filtro,name,asc,500,4,20.884,50,861
f1_v0_base,v0,agent,sem_filtro,name,asc,500,5,20.528,50,861
f1_v0_base,v0,agent,sem_filtro,name,asc,500,6,21.909,50,861
f1_v0_base,v0,agent,sem_filtro,name,desc,0,1,20.196,50,861
f1_v0_base,v0,agent,sem_filtro,name,desc,0,2,20.954,50,861
f1_v0_base,v0,agent,sem_filtro,name,desc,0,3,20.989,50,861
f1_v0_base,v0,agent,sem_filtro,name,desc,0,4,21.372,50,861
f1_v0_base,v0,agent,sem_filtro,name,desc,0,5,21.222,50,861
f1_v0_base,v0,agent,sem_filtro,name,desc,0,6,21.862,50,861
f1_v0_base,v0,agent,sem_filtro,name,desc,500,1,20.659,50,861
f1_v0_base,v0,agent,sem_filtro,name,desc,500,2,20.623,50,861
f1_v0_base,v0,agent,sem_filtro,name,desc,500,3,19.195,50,861
f1_v0_base,v0,agent,sem_filtro,name,desc,500,4,19.685,50,861
f1_v0_base,v0,agent,sem_filtro,name,desc,500,5,20.123,50,861
f1_v0_base,v0,agent,sem_filtro,name,desc,500,6,19.141,50,861
f1_v0_base,v0,agent,sem_filtro,created_at,asc,0,1,22.709,50,861
f1_v0_base,v0,agent,sem_filtro,created_at,asc,0,2,20.559,50,861
f1_v0_base,v0,agent,sem_filtro,created_at,asc,0,3,19.537,50,861
f1_v0_base,v0,agent,sem_filtro,created_at,asc,0,4,19.114,50,861
f1_v0_base,v0,agent,sem_filtro,created_at,asc,0,5,19.101,50,861
f1_v0_base,v0,agent,sem_filtro,created_at,asc,0,6,19.969,50,861
f1_v0_base,v0,agent,sem_filtro,created_at,asc,500,1,20.804,50,861
f1_v0_base,v0,agent,sem_filtro,created_at,asc,500,2,23.999,50,861
f1_v0_base,v0,agent,sem_filtro,created_at,asc,500,3,21.489,50,861
f1_v0_base,v0,agent,sem_filtro,created_at,asc,500,4,26.057,50,861
f1_v0_base,v0,agent,sem_filtro,created_at,asc,500,5,23.313,50,861
f1_v0_base,v0,agent,sem_filtro,created_at,asc,500,6,22.923,50,861
f1_v0_base,v0,agent,sem_filtro,created_at,desc,0,1,22.151,50,861
f1_v0_base,v0,agent,sem_filtro,created_at,desc,0,2,24.381,50,861
f1_v0_base,v0,agent,sem_filtro,created_at,desc,0,3,21.137,50,861
f1_v0_base,v0,agent,sem_filtro,created_at,desc,0,4,22.591,50,861
f1_v0_base,v0,agent,sem_filtro,created_at,desc,0,5,20.92,50,861
f1_v0_base,v0,agent,sem_filtro,created_at,desc,0,6,20.469,50,861
f1_v0_base,v0,agent,sem_filtro,created_at,desc,500,1,22.076,50,861
f1_v0_base,v0,agent,sem_filtro,created_at,desc,500,2,22.211,50,861
f1_v0_base,v0,agent,sem_filtro,created_at,desc,500,3,21.364,50,861
f1_v0_base,v0,agent,sem_filtro,created_at,desc,500,4,18.964,50,861
f1_v0_base,v0,agent,sem_filtro,created_at,desc,500,5,19.393,50,861
f1_v0_base,v0,agent,sem_filtro,created_at,desc,500,6,19.51,50,861
f1_v0_base,v0,agent,sem_filtro,company,asc,0,1,20.97,50,861
f1_v0_base,v0,agent,sem_filtro,company,asc,0,2,20.869,50,861
f1_v0_base,v0,agent,sem_filtro,company,asc,0,3,22.82,50,861
f1_v0_base,v0,agent,sem_filtro,company,asc,0,4,20.162,50,861
f1_v0_base,v0,agent,sem_filtro,company,asc,0,5,20.074,50,861
f1_v0_base,v0,agent,sem_filtro,company,asc,0,6,20.746,50,861
f1_v0_base,v0,agent,sem_filtro,company,asc,500,1,20.704,50,861
f1_v0_base,v0,agent,sem_filtro,company,asc,500,2,21.184,50,861
f1_v0_base,v0,agent,sem_filtro,company,asc,500,3,21.485,50,861
f1_v0_base,v0,agent,sem_filtro,company,asc,500,4,25.687,50,861
f1_v0_base,v0,agent,sem_filtro,company,asc,500,5,23.482,50,861
f1_v0_base,v0,agent,sem_filtro,company,asc,500,6,26.095,50,861
f1_v0_base,v0,agent,sem_filtro,company,desc,0,1,24.962,50,861
f1_v0_base,v0,agent,sem_filtro,company,desc,0,2,23.629,50,861
f1_v0_base,v0,agent,sem_filtro,company,desc,0,3,28.679,50,861
f1_v0_base,v0,agent,sem_filtro,company,desc,0,4,24.623,50,861
f1_v0_base,v0,agent,sem_filtro,company,desc,0,5,22.174,50,861
f1_v0_base,v0,agent,sem_filtro,company,desc,0,6,21.126,50,861
f1_v0_base,v0,agent,sem_filtro,company,desc,500,1,19.126,50,861
f1_v0_base,v0,agent,sem_filtro,company,desc,500,2,21.461,50,861
f1_v0_base,v0,agent,sem_filtro,company,desc,500,3,21.044,50,861
f1_v0_base,v0,agent,sem_filtro,company,desc,500,4,20.935,50,861
f1_v0_base,v0,agent,sem_filtro,company,desc,500,5,20.594,50,861
f1_v0_base,v0,agent,sem_filtro,company,desc,500,6,20.979,50,861
f1_v0_base,v0,agent,termo_nome_5ch,name,asc,0,1,8.663,50,109
f1_v0_base,v0,agent,termo_nome_5ch,name,asc,0,2,8.642,50,109
f1_v0_base,v0,agent,termo_nome_5ch,name,asc,0,3,7.92,50,109
f1_v0_base,v0,agent,termo_nome_5ch,name,asc,0,4,10.174,50,109
f1_v0_base,v0,agent,termo_nome_5ch,name,asc,0,5,7.836,50,109
f1_v0_base,v0,agent,termo_nome_5ch,name,asc,0,6,7.64,50,109
f1_v0_base,v0,agent,termo_nome_5ch,name,asc,500,1,8.179,0,
f1_v0_base,v0,agent,termo_nome_5ch,name,asc,500,2,7.565,0,
f1_v0_base,v0,agent,termo_nome_5ch,name,asc,500,3,8.87,0,
f1_v0_base,v0,agent,termo_nome_5ch,name,asc,500,4,7.664,0,
f1_v0_base,v0,agent,termo_nome_5ch,name,asc,500,5,10.066,0,
f1_v0_base,v0,agent,termo_nome_5ch,name,asc,500,6,7.446,0,
f1_v0_base,v0,agent,termo_nome_5ch,name,desc,0,1,9.323,50,109
f1_v0_base,v0,agent,termo_nome_5ch,name,desc,0,2,8.965,50,109
f1_v0_base,v0,agent,termo_nome_5ch,name,desc,0,3,9.185,50,109
f1_v0_base,v0,agent,termo_nome_5ch,name,desc,0,4,9.175,50,109
f1_v0_base,v0,agent,termo_nome_5ch,name,desc,0,5,10.04,50,109
f1_v0_base,v0,agent,termo_nome_5ch,name,desc,0,6,9.6,50,109
f1_v0_base,v0,agent,termo_nome_5ch,name,desc,500,1,9.766,0,
f1_v0_base,v0,agent,termo_nome_5ch,name,desc,500,2,9.401,0,
f1_v0_base,v0,agent,termo_nome_5ch,name,desc,500,3,9.546,0,
f1_v0_base,v0,agent,termo_nome_5ch,name,desc,500,4,9.496,0,
f1_v0_base,v0,agent,termo_nome_5ch,name,desc,500,5,10.952,0,
f1_v0_base,v0,agent,termo_nome_5ch,name,desc,500,6,8.551,0,
f1_v0_base,v0,agent,termo_nome_5ch,created_at,asc,0,1,8.638,50,109
f1_v0_base,v0,agent,termo_nome_5ch,created_at,asc,0,2,7.259,50,109
f1_v0_base,v0,agent,termo_nome_5ch,created_at,asc,0,3,8.535,50,109
f1_v0_base,v0,agent,termo_nome_5ch,created_at,asc,0,4,7.234,50,109
f1_v0_base,v0,agent,termo_nome_5ch,created_at,asc,0,5,8.885,50,109
f1_v0_base,v0,agent,termo_nome_5ch,created_at,asc,0,6,7.717,50,109
f1_v0_base,v0,agent,termo_nome_5ch,created_at,asc,500,1,7.91,0,
f1_v0_base,v0,agent,termo_nome_5ch,created_at,asc,500,2,7.334,0,
f1_v0_base,v0,agent,termo_nome_5ch,created_at,asc,500,3,7.509,0,
f1_v0_base,v0,agent,termo_nome_5ch,created_at,asc,500,4,7.16,0,
f1_v0_base,v0,agent,termo_nome_5ch,created_at,asc,500,5,7.899,0,
f1_v0_base,v0,agent,termo_nome_5ch,created_at,asc,500,6,7.059,0,
f1_v0_base,v0,agent,termo_nome_5ch,created_at,desc,0,1,8.047,50,109
f1_v0_base,v0,agent,termo_nome_5ch,created_at,desc,0,2,8.036,50,109
f1_v0_base,v0,agent,termo_nome_5ch,created_at,desc,0,3,7.479,50,109
f1_v0_base,v0,agent,termo_nome_5ch,created_at,desc,0,4,7.799,50,109
f1_v0_base,v0,agent,termo_nome_5ch,created_at,desc,0,5,7.222,50,109
f1_v0_base,v0,agent,termo_nome_5ch,created_at,desc,0,6,7.449,50,109
f1_v0_base,v0,agent,termo_nome_5ch,created_at,desc,500,1,7.393,0,
f1_v0_base,v0,agent,termo_nome_5ch,created_at,desc,500,2,7.477,0,
f1_v0_base,v0,agent,termo_nome_5ch,created_at,desc,500,3,7.967,0,
f1_v0_base,v0,agent,termo_nome_5ch,created_at,desc,500,4,6.56,0,
f1_v0_base,v0,agent,termo_nome_5ch,created_at,desc,500,5,7.652,0,
f1_v0_base,v0,agent,termo_nome_5ch,created_at,desc,500,6,6.922,0,
f1_v0_base,v0,agent,termo_nome_5ch,company,asc,0,1,6.973,50,109
f1_v0_base,v0,agent,termo_nome_5ch,company,asc,0,2,7.227,50,109
f1_v0_base,v0,agent,termo_nome_5ch,company,asc,0,3,6.651,50,109
f1_v0_base,v0,agent,termo_nome_5ch,company,asc,0,4,6.866,50,109
f1_v0_base,v0,agent,termo_nome_5ch,company,asc,0,5,6.832,50,109
f1_v0_base,v0,agent,termo_nome_5ch,company,asc,0,6,7.038,50,109
f1_v0_base,v0,agent,termo_nome_5ch,company,asc,500,1,6.933,0,
f1_v0_base,v0,agent,termo_nome_5ch,company,asc,500,2,6.985,0,
f1_v0_base,v0,agent,termo_nome_5ch,company,asc,500,3,7.553,0,
f1_v0_base,v0,agent,termo_nome_5ch,company,asc,500,4,6.974,0,
f1_v0_base,v0,agent,termo_nome_5ch,company,asc,500,5,7.619,0,
f1_v0_base,v0,agent,termo_nome_5ch,company,asc,500,6,6.962,0,
f1_v0_base,v0,agent,termo_nome_5ch,company,desc,0,1,7.244,50,109
f1_v0_base,v0,agent,termo_nome_5ch,company,desc,0,2,8.826,50,109
f1_v0_base,v0,agent,termo_nome_5ch,company,desc,0,3,9.324,50,109
f1_v0_base,v0,agent,termo_nome_5ch,company,desc,0,4,9.057,50,109
f1_v0_base,v0,agent,termo_nome_5ch,company,desc,0,5,7.385,50,109
f1_v0_base,v0,agent,termo_nome_5ch,company,desc,0,6,7.669,50,109
f1_v0_base,v0,agent,termo_nome_5ch,company,desc,500,1,7.538,0,
f1_v0_base,v0,agent,termo_nome_5ch,company,desc,500,2,8.254,0,
f1_v0_base,v0,agent,termo_nome_5ch,company,desc,500,3,7.681,0,
f1_v0_base,v0,agent,termo_nome_5ch,company,desc,500,4,8.448,0,
f1_v0_base,v0,agent,termo_nome_5ch,company,desc,500,5,7.213,0,
f1_v0_base,v0,agent,termo_nome_5ch,company,desc,500,6,7.43,0,
f1_v0_base,v0,agent,termo_empresa,name,asc,0,1,7.485,50,88
f1_v0_base,v0,agent,termo_empresa,name,asc,0,2,6.997,50,88
f1_v0_base,v0,agent,termo_empresa,name,asc,0,3,7.332,50,88
f1_v0_base,v0,agent,termo_empresa,name,asc,0,4,7.028,50,88
f1_v0_base,v0,agent,termo_empresa,name,asc,0,5,8.913,50,88
f1_v0_base,v0,agent,termo_empresa,name,asc,0,6,9.193,50,88
f1_v0_base,v0,agent,termo_empresa,name,asc,500,1,7.658,0,
f1_v0_base,v0,agent,termo_empresa,name,asc,500,2,8.754,0,
f1_v0_base,v0,agent,termo_empresa,name,asc,500,3,7.819,0,
f1_v0_base,v0,agent,termo_empresa,name,asc,500,4,9.11,0,
f1_v0_base,v0,agent,termo_empresa,name,asc,500,5,7.858,0,
f1_v0_base,v0,agent,termo_empresa,name,asc,500,6,8.875,0,
f1_v0_base,v0,agent,termo_empresa,name,desc,0,1,7.875,50,88
f1_v0_base,v0,agent,termo_empresa,name,desc,0,2,8.783,50,88
f1_v0_base,v0,agent,termo_empresa,name,desc,0,3,8.76,50,88
f1_v0_base,v0,agent,termo_empresa,name,desc,0,4,7.608,50,88
f1_v0_base,v0,agent,termo_empresa,name,desc,0,5,7.554,50,88
f1_v0_base,v0,agent,termo_empresa,name,desc,0,6,7.565,50,88
f1_v0_base,v0,agent,termo_empresa,name,desc,500,1,7.116,0,
f1_v0_base,v0,agent,termo_empresa,name,desc,500,2,7.469,0,
f1_v0_base,v0,agent,termo_empresa,name,desc,500,3,7.027,0,
f1_v0_base,v0,agent,termo_empresa,name,desc,500,4,7.064,0,
f1_v0_base,v0,agent,termo_empresa,name,desc,500,5,7.371,0,
f1_v0_base,v0,agent,termo_empresa,name,desc,500,6,6.568,0,
f1_v0_base,v0,agent,termo_empresa,created_at,asc,0,1,6.941,50,88
f1_v0_base,v0,agent,termo_empresa,created_at,asc,0,2,7.061,50,88
f1_v0_base,v0,agent,termo_empresa,created_at,asc,0,3,7.05,50,88
f1_v0_base,v0,agent,termo_empresa,created_at,asc,0,4,7.084,50,88
f1_v0_base,v0,agent,termo_empresa,created_at,asc,0,5,6.5,50,88
f1_v0_base,v0,agent,termo_empresa,created_at,asc,0,6,6.753,50,88
f1_v0_base,v0,agent,termo_empresa,created_at,asc,500,1,7.37,0,
f1_v0_base,v0,agent,termo_empresa,created_at,asc,500,2,7.154,0,
f1_v0_base,v0,agent,termo_empresa,created_at,asc,500,3,8.149,0,
f1_v0_base,v0,agent,termo_empresa,created_at,asc,500,4,6.627,0,
f1_v0_base,v0,agent,termo_empresa,created_at,asc,500,5,7.751,0,
f1_v0_base,v0,agent,termo_empresa,created_at,asc,500,6,7.585,0,
f1_v0_base,v0,agent,termo_empresa,created_at,desc,0,1,7.523,50,88
f1_v0_base,v0,agent,termo_empresa,created_at,desc,0,2,7.331,50,88
f1_v0_base,v0,agent,termo_empresa,created_at,desc,0,3,9.113,50,88
f1_v0_base,v0,agent,termo_empresa,created_at,desc,0,4,8.923,50,88
f1_v0_base,v0,agent,termo_empresa,created_at,desc,0,5,8.417,50,88
f1_v0_base,v0,agent,termo_empresa,created_at,desc,0,6,7.902,50,88
f1_v0_base,v0,agent,termo_empresa,created_at,desc,500,1,7.608,0,
f1_v0_base,v0,agent,termo_empresa,created_at,desc,500,2,7.919,0,
f1_v0_base,v0,agent,termo_empresa,created_at,desc,500,3,7.731,0,
f1_v0_base,v0,agent,termo_empresa,created_at,desc,500,4,8.447,0,
f1_v0_base,v0,agent,termo_empresa,created_at,desc,500,5,7.559,0,
f1_v0_base,v0,agent,termo_empresa,created_at,desc,500,6,8.326,0,
f1_v0_base,v0,agent,termo_empresa,company,asc,0,1,7.67,50,88
f1_v0_base,v0,agent,termo_empresa,company,asc,0,2,8.056,50,88
f1_v0_base,v0,agent,termo_empresa,company,asc,0,3,8.377,50,88
f1_v0_base,v0,agent,termo_empresa,company,asc,0,4,7.667,50,88
f1_v0_base,v0,agent,termo_empresa,company,asc,0,5,7.21,50,88
f1_v0_base,v0,agent,termo_empresa,company,asc,0,6,6.985,50,88
f1_v0_base,v0,agent,termo_empresa,company,asc,500,1,7.202,0,
f1_v0_base,v0,agent,termo_empresa,company,asc,500,2,6.911,0,
f1_v0_base,v0,agent,termo_empresa,company,asc,500,3,7.776,0,
f1_v0_base,v0,agent,termo_empresa,company,asc,500,4,7.027,0,
f1_v0_base,v0,agent,termo_empresa,company,asc,500,5,8.456,0,
f1_v0_base,v0,agent,termo_empresa,company,asc,500,6,7.48,0,
f1_v0_base,v0,agent,termo_empresa,company,desc,0,1,8.074,50,88
f1_v0_base,v0,agent,termo_empresa,company,desc,0,2,7.763,50,88
f1_v0_base,v0,agent,termo_empresa,company,desc,0,3,7.025,50,88
f1_v0_base,v0,agent,termo_empresa,company,desc,0,4,7.498,50,88
f1_v0_base,v0,agent,termo_empresa,company,desc,0,5,7.543,50,88
f1_v0_base,v0,agent,termo_empresa,company,desc,0,6,7.739,50,88
f1_v0_base,v0,agent,termo_empresa,company,desc,500,1,7.438,0,
f1_v0_base,v0,agent,termo_empresa,company,desc,500,2,7.605,0,
f1_v0_base,v0,agent,termo_empresa,company,desc,500,3,7.11,0,
f1_v0_base,v0,agent,termo_empresa,company,desc,500,4,7.787,0,
f1_v0_base,v0,agent,termo_empresa,company,desc,500,5,7.149,0,
f1_v0_base,v0,agent,termo_empresa,company,desc,500,6,7.406,0,
f1_v0_base,v0,agent,filtro_tipo,name,asc,0,1,5.483,50,158
f1_v0_base,v0,agent,filtro_tipo,name,asc,0,2,5.13,50,158
f1_v0_base,v0,agent,filtro_tipo,name,asc,0,3,4.387,50,158
f1_v0_base,v0,agent,filtro_tipo,name,asc,0,4,4.258,50,158
f1_v0_base,v0,agent,filtro_tipo,name,asc,0,5,4.875,50,158
f1_v0_base,v0,agent,filtro_tipo,name,asc,0,6,5.397,50,158
f1_v0_base,v0,agent,filtro_tipo,name,asc,500,1,4.849,0,
f1_v0_base,v0,agent,filtro_tipo,name,asc,500,2,4.647,0,
f1_v0_base,v0,agent,filtro_tipo,name,asc,500,3,4.711,0,
f1_v0_base,v0,agent,filtro_tipo,name,asc,500,4,5.29,0,
f1_v0_base,v0,agent,filtro_tipo,name,asc,500,5,4.755,0,
f1_v0_base,v0,agent,filtro_tipo,name,asc,500,6,4.567,0,
f1_v0_base,v0,agent,filtro_tipo,name,desc,0,1,4.237,50,158
f1_v0_base,v0,agent,filtro_tipo,name,desc,0,2,5.219,50,158
f1_v0_base,v0,agent,filtro_tipo,name,desc,0,3,5.216,50,158
f1_v0_base,v0,agent,filtro_tipo,name,desc,0,4,4.569,50,158
f1_v0_base,v0,agent,filtro_tipo,name,desc,0,5,6.31,50,158
f1_v0_base,v0,agent,filtro_tipo,name,desc,0,6,7.173,50,158
f1_v0_base,v0,agent,filtro_tipo,name,desc,500,1,5.56,0,
f1_v0_base,v0,agent,filtro_tipo,name,desc,500,2,6.283,0,
f1_v0_base,v0,agent,filtro_tipo,name,desc,500,3,5.422,0,
f1_v0_base,v0,agent,filtro_tipo,name,desc,500,4,5.123,0,
f1_v0_base,v0,agent,filtro_tipo,name,desc,500,5,6.866,0,
f1_v0_base,v0,agent,filtro_tipo,name,desc,500,6,5.355,0,
f1_v0_base,v0,agent,filtro_tipo,created_at,asc,0,1,4.976,50,158
f1_v0_base,v0,agent,filtro_tipo,created_at,asc,0,2,4.553,50,158
f1_v0_base,v0,agent,filtro_tipo,created_at,asc,0,3,4.516,50,158
f1_v0_base,v0,agent,filtro_tipo,created_at,asc,0,4,4.491,50,158
f1_v0_base,v0,agent,filtro_tipo,created_at,asc,0,5,5.093,50,158
f1_v0_base,v0,agent,filtro_tipo,created_at,asc,0,6,4.596,50,158
f1_v0_base,v0,agent,filtro_tipo,created_at,asc,500,1,4.792,0,
f1_v0_base,v0,agent,filtro_tipo,created_at,asc,500,2,4.685,0,
f1_v0_base,v0,agent,filtro_tipo,created_at,asc,500,3,4.551,0,
f1_v0_base,v0,agent,filtro_tipo,created_at,asc,500,4,4.719,0,
f1_v0_base,v0,agent,filtro_tipo,created_at,asc,500,5,4.238,0,
f1_v0_base,v0,agent,filtro_tipo,created_at,asc,500,6,4.729,0,
f1_v0_base,v0,agent,filtro_tipo,created_at,desc,0,1,5.018,50,158
f1_v0_base,v0,agent,filtro_tipo,created_at,desc,0,2,5.113,50,158
f1_v0_base,v0,agent,filtro_tipo,created_at,desc,0,3,4.86,50,158
f1_v0_base,v0,agent,filtro_tipo,created_at,desc,0,4,5.278,50,158
f1_v0_base,v0,agent,filtro_tipo,created_at,desc,0,5,4.996,50,158
f1_v0_base,v0,agent,filtro_tipo,created_at,desc,0,6,4.667,50,158
f1_v0_base,v0,agent,filtro_tipo,created_at,desc,500,1,4.545,0,
f1_v0_base,v0,agent,filtro_tipo,created_at,desc,500,2,4.208,0,
f1_v0_base,v0,agent,filtro_tipo,created_at,desc,500,3,4.441,0,
f1_v0_base,v0,agent,filtro_tipo,created_at,desc,500,4,3.961,0,
f1_v0_base,v0,agent,filtro_tipo,created_at,desc,500,5,4.39,0,
f1_v0_base,v0,agent,filtro_tipo,created_at,desc,500,6,4.208,0,
f1_v0_base,v0,agent,filtro_tipo,company,asc,0,1,5.08,50,158
f1_v0_base,v0,agent,filtro_tipo,company,asc,0,2,4.776,50,158
f1_v0_base,v0,agent,filtro_tipo,company,asc,0,3,4.147,50,158
f1_v0_base,v0,agent,filtro_tipo,company,asc,0,4,5.13,50,158
f1_v0_base,v0,agent,filtro_tipo,company,asc,0,5,4.598,50,158
f1_v0_base,v0,agent,filtro_tipo,company,asc,0,6,4.565,50,158
f1_v0_base,v0,agent,filtro_tipo,company,asc,500,1,4.749,0,
f1_v0_base,v0,agent,filtro_tipo,company,asc,500,2,4.237,0,
f1_v0_base,v0,agent,filtro_tipo,company,asc,500,3,4.42,0,
f1_v0_base,v0,agent,filtro_tipo,company,asc,500,4,5.092,0,
f1_v0_base,v0,agent,filtro_tipo,company,asc,500,5,4.028,0,
f1_v0_base,v0,agent,filtro_tipo,company,asc,500,6,4.123,0,
f1_v0_base,v0,agent,filtro_tipo,company,desc,0,1,4.444,50,158
f1_v0_base,v0,agent,filtro_tipo,company,desc,0,2,4.156,50,158
f1_v0_base,v0,agent,filtro_tipo,company,desc,0,3,4.42,50,158
f1_v0_base,v0,agent,filtro_tipo,company,desc,0,4,4.454,50,158
f1_v0_base,v0,agent,filtro_tipo,company,desc,0,5,4.173,50,158
f1_v0_base,v0,agent,filtro_tipo,company,desc,0,6,4.35,50,158
f1_v0_base,v0,agent,filtro_tipo,company,desc,500,1,4.125,0,
f1_v0_base,v0,agent,filtro_tipo,company,desc,500,2,3.87,0,
f1_v0_base,v0,agent,filtro_tipo,company,desc,500,3,5.115,0,
f1_v0_base,v0,agent,filtro_tipo,company,desc,500,4,4.2,0,
f1_v0_base,v0,agent,filtro_tipo,company,desc,500,5,3.986,0,
f1_v0_base,v0,agent,filtro_tipo,company,desc,500,6,4.749,0,
f1_v0_base,v0,agent,filtro_tag,name,asc,0,1,2.579,50,71
f1_v0_base,v0,agent,filtro_tag,name,asc,0,2,2.57,50,71
f1_v0_base,v0,agent,filtro_tag,name,asc,0,3,2.878,50,71
f1_v0_base,v0,agent,filtro_tag,name,asc,0,4,3.212,50,71
f1_v0_base,v0,agent,filtro_tag,name,asc,0,5,2.698,50,71
f1_v0_base,v0,agent,filtro_tag,name,asc,0,6,2.753,50,71
f1_v0_base,v0,agent,filtro_tag,name,asc,500,1,2.995,0,
f1_v0_base,v0,agent,filtro_tag,name,asc,500,2,3.232,0,
f1_v0_base,v0,agent,filtro_tag,name,asc,500,3,2.609,0,
f1_v0_base,v0,agent,filtro_tag,name,asc,500,4,2.665,0,
f1_v0_base,v0,agent,filtro_tag,name,asc,500,5,2.598,0,
f1_v0_base,v0,agent,filtro_tag,name,asc,500,6,2.494,0,
f1_v0_base,v0,agent,filtro_tag,name,desc,0,1,2.678,50,71
f1_v0_base,v0,agent,filtro_tag,name,desc,0,2,2.646,50,71
f1_v0_base,v0,agent,filtro_tag,name,desc,0,3,2.365,50,71
f1_v0_base,v0,agent,filtro_tag,name,desc,0,4,2.259,50,71
f1_v0_base,v0,agent,filtro_tag,name,desc,0,5,2.37,50,71
f1_v0_base,v0,agent,filtro_tag,name,desc,0,6,2.636,50,71
f1_v0_base,v0,agent,filtro_tag,name,desc,500,1,2.365,0,
f1_v0_base,v0,agent,filtro_tag,name,desc,500,2,2.359,0,
f1_v0_base,v0,agent,filtro_tag,name,desc,500,3,2.412,0,
f1_v0_base,v0,agent,filtro_tag,name,desc,500,4,2.898,0,
f1_v0_base,v0,agent,filtro_tag,name,desc,500,5,2.6,0,
f1_v0_base,v0,agent,filtro_tag,name,desc,500,6,2.532,0,
f1_v0_base,v0,agent,filtro_tag,created_at,asc,0,1,2.675,50,71
f1_v0_base,v0,agent,filtro_tag,created_at,asc,0,2,2.835,50,71
f1_v0_base,v0,agent,filtro_tag,created_at,asc,0,3,2.98,50,71
f1_v0_base,v0,agent,filtro_tag,created_at,asc,0,4,2.439,50,71
f1_v0_base,v0,agent,filtro_tag,created_at,asc,0,5,2.384,50,71
f1_v0_base,v0,agent,filtro_tag,created_at,asc,0,6,2.339,50,71
f1_v0_base,v0,agent,filtro_tag,created_at,asc,500,1,2.826,0,
f1_v0_base,v0,agent,filtro_tag,created_at,asc,500,2,2.321,0,
f1_v0_base,v0,agent,filtro_tag,created_at,asc,500,3,2.634,0,
f1_v0_base,v0,agent,filtro_tag,created_at,asc,500,4,2.574,0,
f1_v0_base,v0,agent,filtro_tag,created_at,asc,500,5,2.275,0,
f1_v0_base,v0,agent,filtro_tag,created_at,asc,500,6,2.998,0,
f1_v0_base,v0,agent,filtro_tag,created_at,desc,0,1,2.768,50,71
f1_v0_base,v0,agent,filtro_tag,created_at,desc,0,2,2.58,50,71
f1_v0_base,v0,agent,filtro_tag,created_at,desc,0,3,2.33,50,71
f1_v0_base,v0,agent,filtro_tag,created_at,desc,0,4,2.848,50,71
f1_v0_base,v0,agent,filtro_tag,created_at,desc,0,5,2.992,50,71
f1_v0_base,v0,agent,filtro_tag,created_at,desc,0,6,3.175,50,71
f1_v0_base,v0,agent,filtro_tag,created_at,desc,500,1,2.672,0,
f1_v0_base,v0,agent,filtro_tag,created_at,desc,500,2,3.747,0,
f1_v0_base,v0,agent,filtro_tag,created_at,desc,500,3,2.987,0,
f1_v0_base,v0,agent,filtro_tag,created_at,desc,500,4,2.728,0,
f1_v0_base,v0,agent,filtro_tag,created_at,desc,500,5,2.642,0,
f1_v0_base,v0,agent,filtro_tag,created_at,desc,500,6,2.491,0,
f1_v0_base,v0,agent,filtro_tag,company,asc,0,1,2.782,50,71
f1_v0_base,v0,agent,filtro_tag,company,asc,0,2,2.8,50,71
f1_v0_base,v0,agent,filtro_tag,company,asc,0,3,2.561,50,71
f1_v0_base,v0,agent,filtro_tag,company,asc,0,4,2.45,50,71
f1_v0_base,v0,agent,filtro_tag,company,asc,0,5,2.424,50,71
f1_v0_base,v0,agent,filtro_tag,company,asc,0,6,2.909,50,71
f1_v0_base,v0,agent,filtro_tag,company,asc,500,1,2.326,0,
f1_v0_base,v0,agent,filtro_tag,company,asc,500,2,2.272,0,
f1_v0_base,v0,agent,filtro_tag,company,asc,500,3,1.95,0,
f1_v0_base,v0,agent,filtro_tag,company,asc,500,4,2.534,0,
f1_v0_base,v0,agent,filtro_tag,company,asc,500,5,3.636,0,
f1_v0_base,v0,agent,filtro_tag,company,asc,500,6,2.48,0,
f1_v0_base,v0,agent,filtro_tag,company,desc,0,1,2.381,50,71
f1_v0_base,v0,agent,filtro_tag,company,desc,0,2,2.54,50,71
f1_v0_base,v0,agent,filtro_tag,company,desc,0,3,2.998,50,71
f1_v0_base,v0,agent,filtro_tag,company,desc,0,4,2.515,50,71
f1_v0_base,v0,agent,filtro_tag,company,desc,0,5,2.47,50,71
f1_v0_base,v0,agent,filtro_tag,company,desc,0,6,2.609,50,71
f1_v0_base,v0,agent,filtro_tag,company,desc,500,1,2.693,0,
f1_v0_base,v0,agent,filtro_tag,company,desc,500,2,2.665,0,
f1_v0_base,v0,agent,filtro_tag,company,desc,500,3,2.57,0,
f1_v0_base,v0,agent,filtro_tag,company,desc,500,4,2.309,0,
f1_v0_base,v0,agent,filtro_tag,company,desc,500,5,2.415,0,
f1_v0_base,v0,agent,filtro_tag,company,desc,500,6,2.515,0,
f1_v0_base,v0,agent,intervalo_data,name,asc,0,1,4.881,50,207
f1_v0_base,v0,agent,intervalo_data,name,asc,0,2,4.535,50,207
f1_v0_base,v0,agent,intervalo_data,name,asc,0,3,4.832,50,207
f1_v0_base,v0,agent,intervalo_data,name,asc,0,4,4.682,50,207
f1_v0_base,v0,agent,intervalo_data,name,asc,0,5,4.512,50,207
f1_v0_base,v0,agent,intervalo_data,name,asc,0,6,5.568,50,207
f1_v0_base,v0,agent,intervalo_data,name,asc,500,1,5.529,0,
f1_v0_base,v0,agent,intervalo_data,name,asc,500,2,5.751,0,
f1_v0_base,v0,agent,intervalo_data,name,asc,500,3,5.351,0,
f1_v0_base,v0,agent,intervalo_data,name,asc,500,4,5.737,0,
f1_v0_base,v0,agent,intervalo_data,name,asc,500,5,5.564,0,
f1_v0_base,v0,agent,intervalo_data,name,asc,500,6,5.643,0,
f1_v0_base,v0,agent,intervalo_data,name,desc,0,1,4.983,50,207
f1_v0_base,v0,agent,intervalo_data,name,desc,0,2,5.92,50,207
f1_v0_base,v0,agent,intervalo_data,name,desc,0,3,5.066,50,207
f1_v0_base,v0,agent,intervalo_data,name,desc,0,4,5.73,50,207
f1_v0_base,v0,agent,intervalo_data,name,desc,0,5,5.665,50,207
f1_v0_base,v0,agent,intervalo_data,name,desc,0,6,5.531,50,207
f1_v0_base,v0,agent,intervalo_data,name,desc,500,1,5.489,0,
f1_v0_base,v0,agent,intervalo_data,name,desc,500,2,5.298,0,
f1_v0_base,v0,agent,intervalo_data,name,desc,500,3,5.427,0,
f1_v0_base,v0,agent,intervalo_data,name,desc,500,4,5.871,0,
f1_v0_base,v0,agent,intervalo_data,name,desc,500,5,5.666,0,
f1_v0_base,v0,agent,intervalo_data,name,desc,500,6,6.362,0,
f1_v0_base,v0,agent,intervalo_data,created_at,asc,0,1,6.361,50,207
f1_v0_base,v0,agent,intervalo_data,created_at,asc,0,2,5.703,50,207
f1_v0_base,v0,agent,intervalo_data,created_at,asc,0,3,5.634,50,207
f1_v0_base,v0,agent,intervalo_data,created_at,asc,0,4,6.546,50,207
f1_v0_base,v0,agent,intervalo_data,created_at,asc,0,5,6.48,50,207
f1_v0_base,v0,agent,intervalo_data,created_at,asc,0,6,5.847,50,207
f1_v0_base,v0,agent,intervalo_data,created_at,asc,500,1,5.95,0,
f1_v0_base,v0,agent,intervalo_data,created_at,asc,500,2,5.561,0,
f1_v0_base,v0,agent,intervalo_data,created_at,asc,500,3,5.716,0,
f1_v0_base,v0,agent,intervalo_data,created_at,asc,500,4,6.019,0,
f1_v0_base,v0,agent,intervalo_data,created_at,asc,500,5,4.943,0,
f1_v0_base,v0,agent,intervalo_data,created_at,asc,500,6,5.431,0,
f1_v0_base,v0,agent,intervalo_data,created_at,desc,0,1,5.095,50,207
f1_v0_base,v0,agent,intervalo_data,created_at,desc,0,2,5.535,50,207
f1_v0_base,v0,agent,intervalo_data,created_at,desc,0,3,5.475,50,207
f1_v0_base,v0,agent,intervalo_data,created_at,desc,0,4,5.527,50,207
f1_v0_base,v0,agent,intervalo_data,created_at,desc,0,5,5.644,50,207
f1_v0_base,v0,agent,intervalo_data,created_at,desc,0,6,5.135,50,207
f1_v0_base,v0,agent,intervalo_data,created_at,desc,500,1,5.246,0,
f1_v0_base,v0,agent,intervalo_data,created_at,desc,500,2,5.647,0,
f1_v0_base,v0,agent,intervalo_data,created_at,desc,500,3,5.78,0,
f1_v0_base,v0,agent,intervalo_data,created_at,desc,500,4,5.575,0,
f1_v0_base,v0,agent,intervalo_data,created_at,desc,500,5,6.007,0,
f1_v0_base,v0,agent,intervalo_data,created_at,desc,500,6,6.799,0,
f1_v0_base,v0,agent,intervalo_data,company,asc,0,1,5.741,50,207
f1_v0_base,v0,agent,intervalo_data,company,asc,0,2,5.155,50,207
f1_v0_base,v0,agent,intervalo_data,company,asc,0,3,5.675,50,207
f1_v0_base,v0,agent,intervalo_data,company,asc,0,4,5.596,50,207
f1_v0_base,v0,agent,intervalo_data,company,asc,0,5,5.317,50,207
f1_v0_base,v0,agent,intervalo_data,company,asc,0,6,5.879,50,207
f1_v0_base,v0,agent,intervalo_data,company,asc,500,1,5.525,0,
f1_v0_base,v0,agent,intervalo_data,company,asc,500,2,6.034,0,
f1_v0_base,v0,agent,intervalo_data,company,asc,500,3,5.149,0,
f1_v0_base,v0,agent,intervalo_data,company,asc,500,4,5.183,0,
f1_v0_base,v0,agent,intervalo_data,company,asc,500,5,4.968,0,
f1_v0_base,v0,agent,intervalo_data,company,asc,500,6,5.359,0,
f1_v0_base,v0,agent,intervalo_data,company,desc,0,1,5.379,50,207
f1_v0_base,v0,agent,intervalo_data,company,desc,0,2,5.558,50,207
f1_v0_base,v0,agent,intervalo_data,company,desc,0,3,6.182,50,207
f1_v0_base,v0,agent,intervalo_data,company,desc,0,4,4.87,50,207
f1_v0_base,v0,agent,intervalo_data,company,desc,0,5,5.413,50,207
f1_v0_base,v0,agent,intervalo_data,company,desc,0,6,5.176,50,207
f1_v0_base,v0,agent,intervalo_data,company,desc,500,1,5.244,0,
f1_v0_base,v0,agent,intervalo_data,company,desc,500,2,5.703,0,
f1_v0_base,v0,agent,intervalo_data,company,desc,500,3,5.78,0,
f1_v0_base,v0,agent,intervalo_data,company,desc,500,4,5.552,0,
f1_v0_base,v0,agent,intervalo_data,company,desc,500,5,5.209,0,
f1_v0_base,v0,agent,intervalo_data,company,desc,500,6,5.205,0,
f1_v0_base,v0,agent,combinado,name,asc,0,1,0.916,1,1
f1_v0_base,v0,agent,combinado,name,asc,0,2,0.841,1,1
f1_v0_base,v0,agent,combinado,name,asc,0,3,1.118,1,1
f1_v0_base,v0,agent,combinado,name,asc,0,4,0.893,1,1
f1_v0_base,v0,agent,combinado,name,asc,0,5,0.944,1,1
f1_v0_base,v0,agent,combinado,name,asc,0,6,0.871,1,1
f1_v0_base,v0,agent,combinado,name,asc,500,1,0.884,0,
f1_v0_base,v0,agent,combinado,name,asc,500,2,0.932,0,
f1_v0_base,v0,agent,combinado,name,asc,500,3,1.143,0,
f1_v0_base,v0,agent,combinado,name,asc,500,4,0.849,0,
f1_v0_base,v0,agent,combinado,name,asc,500,5,0.855,0,
f1_v0_base,v0,agent,combinado,name,asc,500,6,0.818,0,
f1_v0_base,v0,agent,combinado,name,desc,0,1,0.846,1,1
f1_v0_base,v0,agent,combinado,name,desc,0,2,0.845,1,1
f1_v0_base,v0,agent,combinado,name,desc,0,3,0.896,1,1
f1_v0_base,v0,agent,combinado,name,desc,0,4,0.903,1,1
f1_v0_base,v0,agent,combinado,name,desc,0,5,0.805,1,1
f1_v0_base,v0,agent,combinado,name,desc,0,6,0.834,1,1
f1_v0_base,v0,agent,combinado,name,desc,500,1,0.805,0,
f1_v0_base,v0,agent,combinado,name,desc,500,2,0.857,0,
f1_v0_base,v0,agent,combinado,name,desc,500,3,0.85,0,
f1_v0_base,v0,agent,combinado,name,desc,500,4,0.79,0,
f1_v0_base,v0,agent,combinado,name,desc,500,5,1.158,0,
f1_v0_base,v0,agent,combinado,name,desc,500,6,0.874,0,
f1_v0_base,v0,agent,combinado,created_at,asc,0,1,1.344,1,1
f1_v0_base,v0,agent,combinado,created_at,asc,0,2,0.848,1,1
f1_v0_base,v0,agent,combinado,created_at,asc,0,3,0.925,1,1
f1_v0_base,v0,agent,combinado,created_at,asc,0,4,0.887,1,1
f1_v0_base,v0,agent,combinado,created_at,asc,0,5,0.951,1,1
f1_v0_base,v0,agent,combinado,created_at,asc,0,6,0.775,1,1
f1_v0_base,v0,agent,combinado,created_at,asc,500,1,0.699,0,
f1_v0_base,v0,agent,combinado,created_at,asc,500,2,0.818,0,
f1_v0_base,v0,agent,combinado,created_at,asc,500,3,0.758,0,
f1_v0_base,v0,agent,combinado,created_at,asc,500,4,0.74,0,
f1_v0_base,v0,agent,combinado,created_at,asc,500,5,0.783,0,
f1_v0_base,v0,agent,combinado,created_at,asc,500,6,0.715,0,
f1_v0_base,v0,agent,combinado,created_at,desc,0,1,0.818,1,1
f1_v0_base,v0,agent,combinado,created_at,desc,0,2,0.712,1,1
f1_v0_base,v0,agent,combinado,created_at,desc,0,3,0.723,1,1
f1_v0_base,v0,agent,combinado,created_at,desc,0,4,0.852,1,1
f1_v0_base,v0,agent,combinado,created_at,desc,0,5,0.739,1,1
f1_v0_base,v0,agent,combinado,created_at,desc,0,6,0.694,1,1
f1_v0_base,v0,agent,combinado,created_at,desc,500,1,0.9,0,
f1_v0_base,v0,agent,combinado,created_at,desc,500,2,0.727,0,
f1_v0_base,v0,agent,combinado,created_at,desc,500,3,0.693,0,
f1_v0_base,v0,agent,combinado,created_at,desc,500,4,0.699,0,
f1_v0_base,v0,agent,combinado,created_at,desc,500,5,0.665,0,
f1_v0_base,v0,agent,combinado,created_at,desc,500,6,0.76,0,
f1_v0_base,v0,agent,combinado,company,asc,0,1,0.715,1,1
f1_v0_base,v0,agent,combinado,company,asc,0,2,0.706,1,1
f1_v0_base,v0,agent,combinado,company,asc,0,3,0.787,1,1
f1_v0_base,v0,agent,combinado,company,asc,0,4,0.833,1,1
f1_v0_base,v0,agent,combinado,company,asc,0,5,0.796,1,1
f1_v0_base,v0,agent,combinado,company,asc,0,6,0.773,1,1
f1_v0_base,v0,agent,combinado,company,asc,500,1,0.779,0,
f1_v0_base,v0,agent,combinado,company,asc,500,2,0.728,0,
f1_v0_base,v0,agent,combinado,company,asc,500,3,0.714,0,
f1_v0_base,v0,agent,combinado,company,asc,500,4,0.681,0,
f1_v0_base,v0,agent,combinado,company,asc,500,5,0.675,0,
f1_v0_base,v0,agent,combinado,company,asc,500,6,1.046,0,
f1_v0_base,v0,agent,combinado,company,desc,0,1,0.712,1,1
f1_v0_base,v0,agent,combinado,company,desc,0,2,1.012,1,1
f1_v0_base,v0,agent,combinado,company,desc,0,3,0.766,1,1
f1_v0_base,v0,agent,combinado,company,desc,0,4,0.816,1,1
f1_v0_base,v0,agent,combinado,company,desc,0,5,0.809,1,1
f1_v0_base,v0,agent,combinado,company,desc,0,6,0.845,1,1
f1_v0_base,v0,agent,combinado,company,desc,500,1,0.858,0,
f1_v0_base,v0,agent,combinado,company,desc,500,2,0.788,0,
f1_v0_base,v0,agent,combinado,company,desc,500,3,0.979,0,
f1_v0_base,v0,agent,combinado,company,desc,500,4,0.794,0,
f1_v0_base,v0,agent,combinado,company,desc,500,5,0.806,0,
f1_v0_base,v0,agent,combinado,company,desc,500,6,0.717,0,
f1_v0_base,v0,agent,termo_nome_2ch,name,asc,0,1,8.906,50,168
f1_v0_base,v0,agent,termo_nome_2ch,name,asc,0,2,8.577,50,168
f1_v0_base,v0,agent,termo_nome_2ch,name,asc,0,3,8.696,50,168
f1_v0_base,v0,agent,termo_nome_2ch,name,asc,0,4,8.795,50,168
f1_v0_base,v0,agent,termo_nome_2ch,name,asc,0,5,8.626,50,168
f1_v0_base,v0,agent,termo_nome_2ch,name,asc,0,6,9.614,50,168
f1_v0_base,v0,agent,termo_nome_2ch,name,asc,500,1,9.179,0,
f1_v0_base,v0,agent,termo_nome_2ch,name,asc,500,2,9.221,0,
f1_v0_base,v0,agent,termo_nome_2ch,name,asc,500,3,9.288,0,
f1_v0_base,v0,agent,termo_nome_2ch,name,asc,500,4,9.019,0,
f1_v0_base,v0,agent,termo_nome_2ch,name,asc,500,5,8.395,0,
f1_v0_base,v0,agent,termo_nome_2ch,name,asc,500,6,9.39,0,
f1_v0_base,v0,agent,termo_nome_2ch,name,desc,0,1,8.636,50,168
f1_v0_base,v0,agent,termo_nome_2ch,name,desc,0,2,8.268,50,168
f1_v0_base,v0,agent,termo_nome_2ch,name,desc,0,3,8.945,50,168
f1_v0_base,v0,agent,termo_nome_2ch,name,desc,0,4,8.746,50,168
f1_v0_base,v0,agent,termo_nome_2ch,name,desc,0,5,8.792,50,168
f1_v0_base,v0,agent,termo_nome_2ch,name,desc,0,6,8.874,50,168
f1_v0_base,v0,agent,termo_nome_2ch,name,desc,500,1,8.698,0,
f1_v0_base,v0,agent,termo_nome_2ch,name,desc,500,2,8.356,0,
f1_v0_base,v0,agent,termo_nome_2ch,name,desc,500,3,9.571,0,
f1_v0_base,v0,agent,termo_nome_2ch,name,desc,500,4,8.355,0,
f1_v0_base,v0,agent,termo_nome_2ch,name,desc,500,5,8.495,0,
f1_v0_base,v0,agent,termo_nome_2ch,name,desc,500,6,8.701,0,
f1_v0_base,v0,agent,termo_nome_2ch,created_at,asc,0,1,8.449,50,168
f1_v0_base,v0,agent,termo_nome_2ch,created_at,asc,0,2,8.839,50,168
f1_v0_base,v0,agent,termo_nome_2ch,created_at,asc,0,3,8.469,50,168
f1_v0_base,v0,agent,termo_nome_2ch,created_at,asc,0,4,8.727,50,168
f1_v0_base,v0,agent,termo_nome_2ch,created_at,asc,0,5,8.405,50,168
f1_v0_base,v0,agent,termo_nome_2ch,created_at,asc,0,6,10.518,50,168
f1_v0_base,v0,agent,termo_nome_2ch,created_at,asc,500,1,8.526,0,
f1_v0_base,v0,agent,termo_nome_2ch,created_at,asc,500,2,9.059,0,
f1_v0_base,v0,agent,termo_nome_2ch,created_at,asc,500,3,9.09,0,
f1_v0_base,v0,agent,termo_nome_2ch,created_at,asc,500,4,10.609,0,
f1_v0_base,v0,agent,termo_nome_2ch,created_at,asc,500,5,8.543,0,
f1_v0_base,v0,agent,termo_nome_2ch,created_at,asc,500,6,8.708,0,
f1_v0_base,v0,agent,termo_nome_2ch,created_at,desc,0,1,8.911,50,168
f1_v0_base,v0,agent,termo_nome_2ch,created_at,desc,0,2,8.938,50,168
f1_v0_base,v0,agent,termo_nome_2ch,created_at,desc,0,3,9.608,50,168
f1_v0_base,v0,agent,termo_nome_2ch,created_at,desc,0,4,9.089,50,168
f1_v0_base,v0,agent,termo_nome_2ch,created_at,desc,0,5,9.617,50,168
f1_v0_base,v0,agent,termo_nome_2ch,created_at,desc,0,6,8.701,50,168
f1_v0_base,v0,agent,termo_nome_2ch,created_at,desc,500,1,9.069,0,
f1_v0_base,v0,agent,termo_nome_2ch,created_at,desc,500,2,8.501,0,
f1_v0_base,v0,agent,termo_nome_2ch,created_at,desc,500,3,8.772,0,
f1_v0_base,v0,agent,termo_nome_2ch,created_at,desc,500,4,8.468,0,
f1_v0_base,v0,agent,termo_nome_2ch,created_at,desc,500,5,8.085,0,
f1_v0_base,v0,agent,termo_nome_2ch,created_at,desc,500,6,8.853,0,
f1_v0_base,v0,agent,termo_nome_2ch,company,asc,0,1,9.129,50,168
f1_v0_base,v0,agent,termo_nome_2ch,company,asc,0,2,9.272,50,168
f1_v0_base,v0,agent,termo_nome_2ch,company,asc,0,3,8.896,50,168
f1_v0_base,v0,agent,termo_nome_2ch,company,asc,0,4,9.564,50,168
f1_v0_base,v0,agent,termo_nome_2ch,company,asc,0,5,9.073,50,168
f1_v0_base,v0,agent,termo_nome_2ch,company,asc,0,6,9.581,50,168
f1_v0_base,v0,agent,termo_nome_2ch,company,asc,500,1,9.715,0,
f1_v0_base,v0,agent,termo_nome_2ch,company,asc,500,2,10.207,0,
f1_v0_base,v0,agent,termo_nome_2ch,company,asc,500,3,8.922,0,
f1_v0_base,v0,agent,termo_nome_2ch,company,asc,500,4,8.263,0,
f1_v0_base,v0,agent,termo_nome_2ch,company,asc,500,5,9.151,0,
f1_v0_base,v0,agent,termo_nome_2ch,company,asc,500,6,10.127,0,
f1_v0_base,v0,agent,termo_nome_2ch,company,desc,0,1,8.294,50,168
f1_v0_base,v0,agent,termo_nome_2ch,company,desc,0,2,8.636,50,168
f1_v0_base,v0,agent,termo_nome_2ch,company,desc,0,3,8.204,50,168
f1_v0_base,v0,agent,termo_nome_2ch,company,desc,0,4,8.685,50,168
f1_v0_base,v0,agent,termo_nome_2ch,company,desc,0,5,8.718,50,168
f1_v0_base,v0,agent,termo_nome_2ch,company,desc,0,6,8.569,50,168
f1_v0_base,v0,agent,termo_nome_2ch,company,desc,500,1,8.906,0,
f1_v0_base,v0,agent,termo_nome_2ch,company,desc,500,2,8.524,0,
f1_v0_base,v0,agent,termo_nome_2ch,company,desc,500,3,9.276,0,
f1_v0_base,v0,agent,termo_nome_2ch,company,desc,500,4,8.492,0,
f1_v0_base,v0,agent,termo_nome_2ch,company,desc,500,5,8.109,0,
f1_v0_base,v0,agent,termo_nome_2ch,company,desc,500,6,8.637,0,
f1_v0_base,v0,agent,termo_nome_3ch,name,asc,0,1,8.106,50,127
f1_v0_base,v0,agent,termo_nome_3ch,name,asc,0,2,7.516,50,127
f1_v0_base,v0,agent,termo_nome_3ch,name,asc,0,3,7.407,50,127
f1_v0_base,v0,agent,termo_nome_3ch,name,asc,0,4,7.63,50,127
f1_v0_base,v0,agent,termo_nome_3ch,name,asc,0,5,7.143,50,127
f1_v0_base,v0,agent,termo_nome_3ch,name,asc,0,6,10.191,50,127
f1_v0_base,v0,agent,termo_nome_3ch,name,asc,500,1,9.625,0,
f1_v0_base,v0,agent,termo_nome_3ch,name,asc,500,2,8.497,0,
f1_v0_base,v0,agent,termo_nome_3ch,name,asc,500,3,9.775,0,
f1_v0_base,v0,agent,termo_nome_3ch,name,asc,500,4,8.72,0,
f1_v0_base,v0,agent,termo_nome_3ch,name,asc,500,5,8.843,0,
f1_v0_base,v0,agent,termo_nome_3ch,name,asc,500,6,8.171,0,
f1_v0_base,v0,agent,termo_nome_3ch,name,desc,0,1,8.331,50,127
f1_v0_base,v0,agent,termo_nome_3ch,name,desc,0,2,8.737,50,127
f1_v0_base,v0,agent,termo_nome_3ch,name,desc,0,3,8.761,50,127
f1_v0_base,v0,agent,termo_nome_3ch,name,desc,0,4,10.425,50,127
f1_v0_base,v0,agent,termo_nome_3ch,name,desc,0,5,9.003,50,127
f1_v0_base,v0,agent,termo_nome_3ch,name,desc,0,6,8.331,50,127
f1_v0_base,v0,agent,termo_nome_3ch,name,desc,500,1,10.759,0,
f1_v0_base,v0,agent,termo_nome_3ch,name,desc,500,2,8.287,0,
f1_v0_base,v0,agent,termo_nome_3ch,name,desc,500,3,9.469,0,
f1_v0_base,v0,agent,termo_nome_3ch,name,desc,500,4,8.298,0,
f1_v0_base,v0,agent,termo_nome_3ch,name,desc,500,5,9.004,0,
f1_v0_base,v0,agent,termo_nome_3ch,name,desc,500,6,8.576,0,
f1_v0_base,v0,agent,termo_nome_3ch,created_at,asc,0,1,8.694,50,127
f1_v0_base,v0,agent,termo_nome_3ch,created_at,asc,0,2,8.716,50,127
f1_v0_base,v0,agent,termo_nome_3ch,created_at,asc,0,3,8.249,50,127
f1_v0_base,v0,agent,termo_nome_3ch,created_at,asc,0,4,8.076,50,127
f1_v0_base,v0,agent,termo_nome_3ch,created_at,asc,0,5,8.179,50,127
f1_v0_base,v0,agent,termo_nome_3ch,created_at,asc,0,6,8.615,50,127
f1_v0_base,v0,agent,termo_nome_3ch,created_at,asc,500,1,7.642,0,
f1_v0_base,v0,agent,termo_nome_3ch,created_at,asc,500,2,7.397,0,
f1_v0_base,v0,agent,termo_nome_3ch,created_at,asc,500,3,7.983,0,
f1_v0_base,v0,agent,termo_nome_3ch,created_at,asc,500,4,8.183,0,
f1_v0_base,v0,agent,termo_nome_3ch,created_at,asc,500,5,7.998,0,
f1_v0_base,v0,agent,termo_nome_3ch,created_at,asc,500,6,8.562,0,
f1_v0_base,v0,agent,termo_nome_3ch,created_at,desc,0,1,7.701,50,127
f1_v0_base,v0,agent,termo_nome_3ch,created_at,desc,0,2,7.921,50,127
f1_v0_base,v0,agent,termo_nome_3ch,created_at,desc,0,3,8.109,50,127
f1_v0_base,v0,agent,termo_nome_3ch,created_at,desc,0,4,7.717,50,127
f1_v0_base,v0,agent,termo_nome_3ch,created_at,desc,0,5,8.136,50,127
f1_v0_base,v0,agent,termo_nome_3ch,created_at,desc,0,6,7.398,50,127
f1_v0_base,v0,agent,termo_nome_3ch,created_at,desc,500,1,7.817,0,
f1_v0_base,v0,agent,termo_nome_3ch,created_at,desc,500,2,7.737,0,
f1_v0_base,v0,agent,termo_nome_3ch,created_at,desc,500,3,8.049,0,
f1_v0_base,v0,agent,termo_nome_3ch,created_at,desc,500,4,7.793,0,
f1_v0_base,v0,agent,termo_nome_3ch,created_at,desc,500,5,8.443,0,
f1_v0_base,v0,agent,termo_nome_3ch,created_at,desc,500,6,7.96,0,
f1_v0_base,v0,agent,termo_nome_3ch,company,asc,0,1,8.831,50,127
f1_v0_base,v0,agent,termo_nome_3ch,company,asc,0,2,8.093,50,127
f1_v0_base,v0,agent,termo_nome_3ch,company,asc,0,3,8.184,50,127
f1_v0_base,v0,agent,termo_nome_3ch,company,asc,0,4,7.945,50,127
f1_v0_base,v0,agent,termo_nome_3ch,company,asc,0,5,9.02,50,127
f1_v0_base,v0,agent,termo_nome_3ch,company,asc,0,6,8.144,50,127
f1_v0_base,v0,agent,termo_nome_3ch,company,asc,500,1,9.286,0,
f1_v0_base,v0,agent,termo_nome_3ch,company,asc,500,2,8.052,0,
f1_v0_base,v0,agent,termo_nome_3ch,company,asc,500,3,8.42,0,
f1_v0_base,v0,agent,termo_nome_3ch,company,asc,500,4,8.285,0,
f1_v0_base,v0,agent,termo_nome_3ch,company,asc,500,5,7.869,0,
f1_v0_base,v0,agent,termo_nome_3ch,company,asc,500,6,8.079,0,
f1_v0_base,v0,agent,termo_nome_3ch,company,desc,0,1,8.31,50,127
f1_v0_base,v0,agent,termo_nome_3ch,company,desc,0,2,8.015,50,127
f1_v0_base,v0,agent,termo_nome_3ch,company,desc,0,3,10.853,50,127
f1_v0_base,v0,agent,termo_nome_3ch,company,desc,0,4,9.011,50,127
f1_v0_base,v0,agent,termo_nome_3ch,company,desc,0,5,10.142,50,127
f1_v0_base,v0,agent,termo_nome_3ch,company,desc,0,6,10.967,50,127
f1_v0_base,v0,agent,termo_nome_3ch,company,desc,500,1,8.584,0,
f1_v0_base,v0,agent,termo_nome_3ch,company,desc,500,2,8.46,0,
f1_v0_base,v0,agent,termo_nome_3ch,company,desc,500,3,8.262,0,
f1_v0_base,v0,agent,termo_nome_3ch,company,desc,500,4,8.855,0,
f1_v0_base,v0,agent,termo_nome_3ch,company,desc,500,5,8.984,0,
f1_v0_base,v0,agent,termo_nome_3ch,company,desc,500,6,8.62,0,
f1_v0_base,v0,agent,termo_telefone,name,asc,0,1,5.196,0,
f1_v0_base,v0,agent,termo_telefone,name,asc,0,2,5.134,0,
f1_v0_base,v0,agent,termo_telefone,name,asc,0,3,5.794,0,
f1_v0_base,v0,agent,termo_telefone,name,asc,0,4,5.464,0,
f1_v0_base,v0,agent,termo_telefone,name,asc,0,5,5.532,0,
f1_v0_base,v0,agent,termo_telefone,name,asc,0,6,5.662,0,
f1_v0_base,v0,agent,termo_telefone,name,asc,500,1,5.805,0,
f1_v0_base,v0,agent,termo_telefone,name,asc,500,2,5.404,0,
f1_v0_base,v0,agent,termo_telefone,name,asc,500,3,5.415,0,
f1_v0_base,v0,agent,termo_telefone,name,asc,500,4,5.63,0,
f1_v0_base,v0,agent,termo_telefone,name,asc,500,5,7.668,0,
f1_v0_base,v0,agent,termo_telefone,name,asc,500,6,8.094,0,
f1_v0_base,v0,agent,termo_telefone,name,desc,0,1,5.925,0,
f1_v0_base,v0,agent,termo_telefone,name,desc,0,2,5.436,0,
f1_v0_base,v0,agent,termo_telefone,name,desc,0,3,4.975,0,
f1_v0_base,v0,agent,termo_telefone,name,desc,0,4,5.513,0,
f1_v0_base,v0,agent,termo_telefone,name,desc,0,5,4.863,0,
f1_v0_base,v0,agent,termo_telefone,name,desc,0,6,5.017,0,
f1_v0_base,v0,agent,termo_telefone,name,desc,500,1,5.446,0,
f1_v0_base,v0,agent,termo_telefone,name,desc,500,2,5.568,0,
f1_v0_base,v0,agent,termo_telefone,name,desc,500,3,5.407,0,
f1_v0_base,v0,agent,termo_telefone,name,desc,500,4,4.794,0,
f1_v0_base,v0,agent,termo_telefone,name,desc,500,5,5.064,0,
f1_v0_base,v0,agent,termo_telefone,name,desc,500,6,5.266,0,
f1_v0_base,v0,agent,termo_telefone,created_at,asc,0,1,5.268,0,
f1_v0_base,v0,agent,termo_telefone,created_at,asc,0,2,5.478,0,
f1_v0_base,v0,agent,termo_telefone,created_at,asc,0,3,4.953,0,
f1_v0_base,v0,agent,termo_telefone,created_at,asc,0,4,5.371,0,
f1_v0_base,v0,agent,termo_telefone,created_at,asc,0,5,5.021,0,
f1_v0_base,v0,agent,termo_telefone,created_at,asc,0,6,5.023,0,
f1_v0_base,v0,agent,termo_telefone,created_at,asc,500,1,5.125,0,
f1_v0_base,v0,agent,termo_telefone,created_at,asc,500,2,5.589,0,
f1_v0_base,v0,agent,termo_telefone,created_at,asc,500,3,5.156,0,
f1_v0_base,v0,agent,termo_telefone,created_at,asc,500,4,5.287,0,
f1_v0_base,v0,agent,termo_telefone,created_at,asc,500,5,6.926,0,
f1_v0_base,v0,agent,termo_telefone,created_at,asc,500,6,5.065,0,
f1_v0_base,v0,agent,termo_telefone,created_at,desc,0,1,5.665,0,
f1_v0_base,v0,agent,termo_telefone,created_at,desc,0,2,5.395,0,
f1_v0_base,v0,agent,termo_telefone,created_at,desc,0,3,7.618,0,
f1_v0_base,v0,agent,termo_telefone,created_at,desc,0,4,5.3,0,
f1_v0_base,v0,agent,termo_telefone,created_at,desc,0,5,5.533,0,
f1_v0_base,v0,agent,termo_telefone,created_at,desc,0,6,5.543,0,
f1_v0_base,v0,agent,termo_telefone,created_at,desc,500,1,6.104,0,
f1_v0_base,v0,agent,termo_telefone,created_at,desc,500,2,5.107,0,
f1_v0_base,v0,agent,termo_telefone,created_at,desc,500,3,5.018,0,
f1_v0_base,v0,agent,termo_telefone,created_at,desc,500,4,5.048,0,
f1_v0_base,v0,agent,termo_telefone,created_at,desc,500,5,4.938,0,
f1_v0_base,v0,agent,termo_telefone,created_at,desc,500,6,4.93,0,
f1_v0_base,v0,agent,termo_telefone,company,asc,0,1,5.29,0,
f1_v0_base,v0,agent,termo_telefone,company,asc,0,2,5.19,0,
f1_v0_base,v0,agent,termo_telefone,company,asc,0,3,4.997,0,
f1_v0_base,v0,agent,termo_telefone,company,asc,0,4,4.943,0,
f1_v0_base,v0,agent,termo_telefone,company,asc,0,5,5.489,0,
f1_v0_base,v0,agent,termo_telefone,company,asc,0,6,5.05,0,
f1_v0_base,v0,agent,termo_telefone,company,asc,500,1,5.087,0,
f1_v0_base,v0,agent,termo_telefone,company,asc,500,2,4.922,0,
f1_v0_base,v0,agent,termo_telefone,company,asc,500,3,6.303,0,
f1_v0_base,v0,agent,termo_telefone,company,asc,500,4,5.095,0,
f1_v0_base,v0,agent,termo_telefone,company,asc,500,5,5.427,0,
f1_v0_base,v0,agent,termo_telefone,company,asc,500,6,5.793,0,
f1_v0_base,v0,agent,termo_telefone,company,desc,0,1,5.012,0,
f1_v0_base,v0,agent,termo_telefone,company,desc,0,2,4.919,0,
f1_v0_base,v0,agent,termo_telefone,company,desc,0,3,4.828,0,
f1_v0_base,v0,agent,termo_telefone,company,desc,0,4,4.636,0,
f1_v0_base,v0,agent,termo_telefone,company,desc,0,5,5.103,0,
f1_v0_base,v0,agent,termo_telefone,company,desc,0,6,5.017,0,
f1_v0_base,v0,agent,termo_telefone,company,desc,500,1,4.83,0,
f1_v0_base,v0,agent,termo_telefone,company,desc,500,2,4.561,0,
f1_v0_base,v0,agent,termo_telefone,company,desc,500,3,4.975,0,
f1_v0_base,v0,agent,termo_telefone,company,desc,500,4,5.262,0,
f1_v0_base,v0,agent,termo_telefone,company,desc,500,5,4.675,0,
f1_v0_base,v0,agent,termo_telefone,company,desc,500,6,4.538,0,
f1_v0_base,v0,agent,empresa_igual,name,asc,0,1,2.99,50,88
f1_v0_base,v0,agent,empresa_igual,name,asc,0,2,3.026,50,88
f1_v0_base,v0,agent,empresa_igual,name,asc,0,3,2.618,50,88
f1_v0_base,v0,agent,empresa_igual,name,asc,0,4,3.376,50,88
f1_v0_base,v0,agent,empresa_igual,name,asc,0,5,3.719,50,88
f1_v0_base,v0,agent,empresa_igual,name,asc,0,6,3.212,50,88
f1_v0_base,v0,agent,empresa_igual,name,asc,500,1,2.705,0,
f1_v0_base,v0,agent,empresa_igual,name,asc,500,2,2.971,0,
f1_v0_base,v0,agent,empresa_igual,name,asc,500,3,2.723,0,
f1_v0_base,v0,agent,empresa_igual,name,asc,500,4,2.422,0,
f1_v0_base,v0,agent,empresa_igual,name,asc,500,5,2.495,0,
f1_v0_base,v0,agent,empresa_igual,name,asc,500,6,2.325,0,
f1_v0_base,v0,agent,empresa_igual,name,desc,0,3,3.196,50,88
f1_v0_base,v0,agent,empresa_igual,name,desc,0,4,2.786,50,88
f1_v0_base,v0,agent,empresa_igual,name,desc,0,1,2.662,50,88
f1_v0_base,v0,agent,empresa_igual,name,desc,0,2,2.514,50,88
f1_v0_base,v0,agent,empresa_igual,name,desc,0,5,2.728,50,88
f1_v0_base,v0,agent,empresa_igual,name,desc,0,6,2.846,50,88
f1_v0_base,v0,agent,empresa_igual,name,desc,500,1,2.916,0,
f1_v0_base,v0,agent,empresa_igual,name,desc,500,2,2.919,0,
f1_v0_base,v0,agent,empresa_igual,name,desc,500,3,3.1,0,
f1_v0_base,v0,agent,empresa_igual,name,desc,500,4,3.061,0,
f1_v0_base,v0,agent,empresa_igual,name,desc,500,5,2.768,0,
f1_v0_base,v0,agent,empresa_igual,name,desc,500,6,3.035,0,
f1_v0_base,v0,agent,empresa_igual,created_at,asc,0,1,3.08,50,88
f1_v0_base,v0,agent,empresa_igual,created_at,asc,0,2,2.802,50,88
f1_v0_base,v0,agent,empresa_igual,created_at,asc,0,3,2.96,50,88
f1_v0_base,v0,agent,empresa_igual,created_at,asc,0,4,2.797,50,88
f1_v0_base,v0,agent,empresa_igual,created_at,asc,0,5,2.6,50,88
f1_v0_base,v0,agent,empresa_igual,created_at,asc,0,6,2.824,50,88
f1_v0_base,v0,agent,empresa_igual,created_at,asc,500,1,2.775,0,
f1_v0_base,v0,agent,empresa_igual,created_at,asc,500,2,2.71,0,
f1_v0_base,v0,agent,empresa_igual,created_at,asc,500,3,3.081,0,
f1_v0_base,v0,agent,empresa_igual,created_at,asc,500,4,2.916,0,
f1_v0_base,v0,agent,empresa_igual,created_at,asc,500,5,2.956,0,
f1_v0_base,v0,agent,empresa_igual,created_at,asc,500,6,2.756,0,
f1_v0_base,v0,agent,empresa_igual,created_at,desc,0,1,2.649,50,88
f1_v0_base,v0,agent,empresa_igual,created_at,desc,0,2,3.345,50,88
f1_v0_base,v0,agent,empresa_igual,created_at,desc,0,3,3.1,50,88
f1_v0_base,v0,agent,empresa_igual,created_at,desc,0,4,2.886,50,88
f1_v0_base,v0,agent,empresa_igual,created_at,desc,0,5,2.688,50,88
f1_v0_base,v0,agent,empresa_igual,created_at,desc,0,6,2.526,50,88
f1_v0_base,v0,agent,empresa_igual,created_at,desc,500,1,3.003,0,
f1_v0_base,v0,agent,empresa_igual,created_at,desc,500,2,2.913,0,
f1_v0_base,v0,agent,empresa_igual,created_at,desc,500,3,2.698,0,
f1_v0_base,v0,agent,empresa_igual,created_at,desc,500,4,2.736,0,
f1_v0_base,v0,agent,empresa_igual,created_at,desc,500,5,2.826,0,
f1_v0_base,v0,agent,empresa_igual,created_at,desc,500,6,2.978,0,
f1_v0_base,v0,agent,empresa_igual,company,asc,0,1,3.224,50,88
f1_v0_base,v0,agent,empresa_igual,company,asc,0,2,2.848,50,88
f1_v0_base,v0,agent,empresa_igual,company,asc,0,3,2.855,50,88
f1_v0_base,v0,agent,empresa_igual,company,asc,0,4,2.655,50,88
f1_v0_base,v0,agent,empresa_igual,company,asc,0,5,2.761,50,88
f1_v0_base,v0,agent,empresa_igual,company,asc,0,6,2.742,50,88
f1_v0_base,v0,agent,empresa_igual,company,asc,500,1,3.281,0,
f1_v0_base,v0,agent,empresa_igual,company,asc,500,2,3.208,0,
f1_v0_base,v0,agent,empresa_igual,company,asc,500,3,3.668,0,
f1_v0_base,v0,agent,empresa_igual,company,asc,500,4,3.112,0,
f1_v0_base,v0,agent,empresa_igual,company,asc,500,5,3.754,0,
f1_v0_base,v0,agent,empresa_igual,company,asc,500,6,3.428,0,
f1_v0_base,v0,agent,empresa_igual,company,desc,0,1,2.921,50,88
f1_v0_base,v0,agent,empresa_igual,company,desc,0,2,3.899,50,88
f1_v0_base,v0,agent,empresa_igual,company,desc,0,3,3.892,50,88
f1_v0_base,v0,agent,empresa_igual,company,desc,0,4,3.122,50,88
f1_v0_base,v0,agent,empresa_igual,company,desc,0,5,3.05,50,88
f1_v0_base,v0,agent,empresa_igual,company,desc,0,6,2.791,50,88
f1_v0_base,v0,agent,empresa_igual,company,desc,500,1,3.144,0,
f1_v0_base,v0,agent,empresa_igual,company,desc,500,2,3.092,0,
f1_v0_base,v0,agent,empresa_igual,company,desc,500,3,3.109,0,
f1_v0_base,v0,agent,empresa_igual,company,desc,500,4,3.912,0,
f1_v0_base,v0,agent,empresa_igual,company,desc,500,5,3.503,0,
f1_v0_base,v0,agent,empresa_igual,company,desc,500,6,3.061,0,
f1_v0_base,v0,agent,cargo_igual,name,asc,0,1,2.03,48,48
f1_v0_base,v0,agent,cargo_igual,name,asc,0,2,3.261,48,48
f1_v0_base,v0,agent,cargo_igual,name,asc,0,3,2.56,48,48
f1_v0_base,v0,agent,cargo_igual,name,asc,0,4,2.096,48,48
f1_v0_base,v0,agent,cargo_igual,name,asc,0,5,2.063,48,48
f1_v0_base,v0,agent,cargo_igual,name,asc,0,6,1.993,48,48
f1_v0_base,v0,agent,cargo_igual,name,asc,500,1,1.98,0,
f1_v0_base,v0,agent,cargo_igual,name,asc,500,2,2.459,0,
f1_v0_base,v0,agent,cargo_igual,name,asc,500,3,2.219,0,
f1_v0_base,v0,agent,cargo_igual,name,asc,500,4,1.907,0,
f1_v0_base,v0,agent,cargo_igual,name,asc,500,5,1.723,0,
f1_v0_base,v0,agent,cargo_igual,name,asc,500,6,1.674,0,
f1_v0_base,v0,agent,cargo_igual,name,desc,0,1,1.988,48,48
f1_v0_base,v0,agent,cargo_igual,name,desc,0,2,2.925,48,48
f1_v0_base,v0,agent,cargo_igual,name,desc,0,3,2.232,48,48
f1_v0_base,v0,agent,cargo_igual,name,desc,0,4,2.169,48,48
f1_v0_base,v0,agent,cargo_igual,name,desc,0,5,2.284,48,48
f1_v0_base,v0,agent,cargo_igual,name,desc,0,6,2.303,48,48
f1_v0_base,v0,agent,cargo_igual,name,desc,500,1,2.373,0,
f1_v0_base,v0,agent,cargo_igual,name,desc,500,2,2.528,0,
f1_v0_base,v0,agent,cargo_igual,name,desc,500,3,2.391,0,
f1_v0_base,v0,agent,cargo_igual,name,desc,500,4,2.195,0,
f1_v0_base,v0,agent,cargo_igual,name,desc,500,5,2.171,0,
f1_v0_base,v0,agent,cargo_igual,name,desc,500,6,1.928,0,
f1_v0_base,v0,agent,cargo_igual,created_at,asc,0,1,4.71,48,48
f1_v0_base,v0,agent,cargo_igual,created_at,asc,0,2,2.142,48,48
f1_v0_base,v0,agent,cargo_igual,created_at,asc,0,3,2.144,48,48
f1_v0_base,v0,agent,cargo_igual,created_at,asc,0,4,2.069,48,48
f1_v0_base,v0,agent,cargo_igual,created_at,asc,0,5,2.554,48,48
f1_v0_base,v0,agent,cargo_igual,created_at,asc,0,6,2.279,48,48
f1_v0_base,v0,agent,cargo_igual,created_at,asc,500,1,1.969,0,
f1_v0_base,v0,agent,cargo_igual,created_at,asc,500,2,2.272,0,
f1_v0_base,v0,agent,cargo_igual,created_at,asc,500,3,1.972,0,
f1_v0_base,v0,agent,cargo_igual,created_at,asc,500,4,1.931,0,
f1_v0_base,v0,agent,cargo_igual,created_at,asc,500,5,1.986,0,
f1_v0_base,v0,agent,cargo_igual,created_at,asc,500,6,2.14,0,
f1_v0_base,v0,agent,cargo_igual,created_at,desc,0,1,1.805,48,48
f1_v0_base,v0,agent,cargo_igual,created_at,desc,0,2,2.072,48,48
f1_v0_base,v0,agent,cargo_igual,created_at,desc,0,3,1.863,48,48
f1_v0_base,v0,agent,cargo_igual,created_at,desc,0,4,2.057,48,48
f1_v0_base,v0,agent,cargo_igual,created_at,desc,0,5,1.907,48,48
f1_v0_base,v0,agent,cargo_igual,created_at,desc,0,6,2.019,48,48
f1_v0_base,v0,agent,cargo_igual,created_at,desc,500,1,1.904,0,
f1_v0_base,v0,agent,cargo_igual,created_at,desc,500,2,1.848,0,
f1_v0_base,v0,agent,cargo_igual,created_at,desc,500,3,1.768,0,
f1_v0_base,v0,agent,cargo_igual,created_at,desc,500,4,1.904,0,
f1_v0_base,v0,agent,cargo_igual,created_at,desc,500,5,1.617,0,
f1_v0_base,v0,agent,cargo_igual,created_at,desc,500,6,1.786,0,
f1_v0_base,v0,agent,cargo_igual,company,asc,0,1,1.892,48,48
f1_v0_base,v0,agent,cargo_igual,company,asc,0,2,1.931,48,48
f1_v0_base,v0,agent,cargo_igual,company,asc,0,3,1.94,48,48
f1_v0_base,v0,agent,cargo_igual,company,asc,0,4,1.891,48,48
f1_v0_base,v0,agent,cargo_igual,company,asc,0,5,1.677,48,48
f1_v0_base,v0,agent,cargo_igual,company,asc,0,6,1.842,48,48
f1_v0_base,v0,agent,cargo_igual,company,asc,500,1,2.096,0,
f1_v0_base,v0,agent,cargo_igual,company,asc,500,2,1.804,0,
f1_v0_base,v0,agent,cargo_igual,company,asc,500,3,1.778,0,
f1_v0_base,v0,agent,cargo_igual,company,asc,500,4,1.923,0,
f1_v0_base,v0,agent,cargo_igual,company,asc,500,5,1.837,0,
f1_v0_base,v0,agent,cargo_igual,company,asc,500,6,2.006,0,
f1_v0_base,v0,agent,cargo_igual,company,desc,0,1,2.097,48,48
f1_v0_base,v0,agent,cargo_igual,company,desc,0,2,2.013,48,48
f1_v0_base,v0,agent,cargo_igual,company,desc,0,3,1.945,48,48
f1_v0_base,v0,agent,cargo_igual,company,desc,0,4,1.928,48,48
f1_v0_base,v0,agent,cargo_igual,company,desc,0,5,1.831,48,48
f1_v0_base,v0,agent,cargo_igual,company,desc,0,6,1.818,48,48
f1_v0_base,v0,agent,cargo_igual,company,desc,500,1,2.032,0,
f1_v0_base,v0,agent,cargo_igual,company,desc,500,2,1.856,0,
f1_v0_base,v0,agent,cargo_igual,company,desc,500,3,1.845,0,
f1_v0_base,v0,agent,cargo_igual,company,desc,500,4,1.996,0,
f1_v0_base,v0,agent,cargo_igual,company,desc,500,5,1.928,0,
f1_v0_base,v0,agent,cargo_igual,company,desc,500,6,1.823,0,
f1_v1_inline,v1,agent,__overhead_wrapper__,-,-,-1,0,0.299,0,0
f1_v1_inline,v1,agent,sem_filtro,name,asc,0,1,11.341,50,861
f1_v1_inline,v1,agent,sem_filtro,name,asc,0,2,9.997,50,861
f1_v1_inline,v1,agent,sem_filtro,name,asc,0,3,9.387,50,861
f1_v1_inline,v1,agent,sem_filtro,name,asc,0,4,10.155,50,861
f1_v1_inline,v1,agent,sem_filtro,name,asc,0,5,9.826,50,861
f1_v1_inline,v1,agent,sem_filtro,name,asc,0,6,10.071,50,861
f1_v1_inline,v1,agent,sem_filtro,name,asc,500,1,9.932,50,861
f1_v1_inline,v1,agent,sem_filtro,name,asc,500,2,10.576,50,861
f1_v1_inline,v1,agent,sem_filtro,name,asc,500,3,10.283,50,861
f1_v1_inline,v1,agent,sem_filtro,name,asc,500,4,9.957,50,861
f1_v1_inline,v1,agent,sem_filtro,name,asc,500,5,9.953,50,861
f1_v1_inline,v1,agent,sem_filtro,name,asc,500,6,11.154,50,861
f1_v1_inline,v1,agent,sem_filtro,name,desc,0,1,9.035,50,861
f1_v1_inline,v1,agent,sem_filtro,name,desc,0,2,8.623,50,861
f1_v1_inline,v1,agent,sem_filtro,name,desc,0,3,9.306,50,861
f1_v1_inline,v1,agent,sem_filtro,name,desc,0,4,8.679,50,861
f1_v1_inline,v1,agent,sem_filtro,name,desc,0,5,8.674,50,861
f1_v1_inline,v1,agent,sem_filtro,name,desc,0,6,8.845,50,861
f1_v1_inline,v1,agent,sem_filtro,name,desc,500,1,9.657,50,861
f1_v1_inline,v1,agent,sem_filtro,name,desc,500,2,9.509,50,861
f1_v1_inline,v1,agent,sem_filtro,name,desc,500,3,9.131,50,861
f1_v1_inline,v1,agent,sem_filtro,name,desc,500,4,8.599,50,861
f1_v1_inline,v1,agent,sem_filtro,name,desc,500,5,8.392,50,861
f1_v1_inline,v1,agent,sem_filtro,name,desc,500,6,9.671,50,861
f1_v1_inline,v1,agent,sem_filtro,created_at,asc,0,1,8.96,50,861
f1_v1_inline,v1,agent,sem_filtro,created_at,asc,0,2,8.44,50,861
f1_v1_inline,v1,agent,sem_filtro,created_at,asc,0,3,8.826,50,861
f1_v1_inline,v1,agent,sem_filtro,created_at,asc,0,4,8.725,50,861
f1_v1_inline,v1,agent,sem_filtro,created_at,asc,0,5,8.348,50,861
f1_v1_inline,v1,agent,sem_filtro,created_at,asc,0,6,8.68,50,861
f1_v1_inline,v1,agent,sem_filtro,created_at,asc,500,1,8.6,50,861
f1_v1_inline,v1,agent,sem_filtro,created_at,asc,500,2,9.699,50,861
f1_v1_inline,v1,agent,sem_filtro,created_at,asc,500,3,8.815,50,861
f1_v1_inline,v1,agent,sem_filtro,created_at,asc,500,4,8.722,50,861
f1_v1_inline,v1,agent,sem_filtro,created_at,asc,500,5,8.273,50,861
f1_v1_inline,v1,agent,sem_filtro,created_at,asc,500,6,8.371,50,861
f1_v1_inline,v1,agent,sem_filtro,created_at,desc,0,1,8.523,50,861
f1_v1_inline,v1,agent,sem_filtro,created_at,desc,0,2,8.978,50,861
f1_v1_inline,v1,agent,sem_filtro,created_at,desc,0,3,8.099,50,861
f1_v1_inline,v1,agent,sem_filtro,created_at,desc,0,4,7.728,50,861
f1_v1_inline,v1,agent,sem_filtro,created_at,desc,0,5,8.234,50,861
f1_v1_inline,v1,agent,sem_filtro,created_at,desc,0,6,8.225,50,861
f1_v1_inline,v1,agent,sem_filtro,created_at,desc,500,1,8.767,50,861
f1_v1_inline,v1,agent,sem_filtro,created_at,desc,500,2,8.644,50,861
f1_v1_inline,v1,agent,sem_filtro,created_at,desc,500,3,8.589,50,861
f1_v1_inline,v1,agent,sem_filtro,created_at,desc,500,4,8.83,50,861
f1_v1_inline,v1,agent,sem_filtro,created_at,desc,500,5,11.798,50,861
f1_v1_inline,v1,agent,sem_filtro,created_at,desc,500,6,9.054,50,861
f1_v1_inline,v1,agent,sem_filtro,company,asc,0,1,8.727,50,861
f1_v1_inline,v1,agent,sem_filtro,company,asc,0,2,9.344,50,861
f1_v1_inline,v1,agent,sem_filtro,company,asc,0,3,9.335,50,861
f1_v1_inline,v1,agent,sem_filtro,company,asc,0,4,9.23,50,861
f1_v1_inline,v1,agent,sem_filtro,company,asc,0,5,9.196,50,861
f1_v1_inline,v1,agent,sem_filtro,company,asc,0,6,8.924,50,861
f1_v1_inline,v1,agent,sem_filtro,company,asc,500,1,10.221,50,861
f1_v1_inline,v1,agent,sem_filtro,company,asc,500,2,13.208,50,861
f1_v1_inline,v1,agent,sem_filtro,company,asc,500,3,11.471,50,861
f1_v1_inline,v1,agent,sem_filtro,company,asc,500,4,13.099,50,861
f1_v1_inline,v1,agent,sem_filtro,company,asc,500,5,12.638,50,861
f1_v1_inline,v1,agent,sem_filtro,company,asc,500,6,10.73,50,861
f1_v1_inline,v1,agent,sem_filtro,company,desc,0,1,9.939,50,861
f1_v1_inline,v1,agent,sem_filtro,company,desc,0,2,9.966,50,861
f1_v1_inline,v1,agent,sem_filtro,company,desc,0,3,10.031,50,861
f1_v1_inline,v1,agent,sem_filtro,company,desc,0,4,11.093,50,861
f1_v1_inline,v1,agent,sem_filtro,company,desc,0,5,10.201,50,861
f1_v1_inline,v1,agent,sem_filtro,company,desc,0,6,10.785,50,861
f1_v1_inline,v1,agent,sem_filtro,company,desc,500,1,11.563,50,861
f1_v1_inline,v1,agent,sem_filtro,company,desc,500,2,11.519,50,861
f1_v1_inline,v1,agent,sem_filtro,company,desc,500,3,15.778,50,861
f1_v1_inline,v1,agent,sem_filtro,company,desc,500,4,14.633,50,861
f1_v1_inline,v1,agent,sem_filtro,company,desc,500,5,10.854,50,861
f1_v1_inline,v1,agent,sem_filtro,company,desc,500,6,13.183,50,861
f1_v1_inline,v1,agent,termo_nome_5ch,name,asc,0,1,12.073,50,109
f1_v1_inline,v1,agent,termo_nome_5ch,name,asc,0,2,8.332,50,109
f1_v1_inline,v1,agent,termo_nome_5ch,name,asc,0,3,8.597,50,109
f1_v1_inline,v1,agent,termo_nome_5ch,name,asc,0,4,7.314,50,109
f1_v1_inline,v1,agent,termo_nome_5ch,name,asc,0,5,6.902,50,109
f1_v1_inline,v1,agent,termo_nome_5ch,name,asc,0,6,7.331,50,109
f1_v1_inline,v1,agent,termo_nome_5ch,name,asc,500,1,7.061,0,
f1_v1_inline,v1,agent,termo_nome_5ch,name,asc,500,2,7.097,0,
f1_v1_inline,v1,agent,termo_nome_5ch,name,asc,500,3,6.423,0,
f1_v1_inline,v1,agent,termo_nome_5ch,name,asc,500,4,6.644,0,
f1_v1_inline,v1,agent,termo_nome_5ch,name,asc,500,5,6.447,0,
f1_v1_inline,v1,agent,termo_nome_5ch,name,asc,500,6,6.524,0,
f1_v1_inline,v1,agent,termo_nome_5ch,name,desc,0,1,9.093,50,109
f1_v1_inline,v1,agent,termo_nome_5ch,name,desc,0,2,6.492,50,109
f1_v1_inline,v1,agent,termo_nome_5ch,name,desc,0,3,7.352,50,109
f1_v1_inline,v1,agent,termo_nome_5ch,name,desc,0,4,6.835,50,109
f1_v1_inline,v1,agent,termo_nome_5ch,name,desc,0,5,6.625,50,109
f1_v1_inline,v1,agent,termo_nome_5ch,name,desc,0,6,6.959,50,109
f1_v1_inline,v1,agent,termo_nome_5ch,name,desc,500,1,6.474,0,
f1_v1_inline,v1,agent,termo_nome_5ch,name,desc,500,2,6.536,0,
f1_v1_inline,v1,agent,termo_nome_5ch,name,desc,500,3,6.793,0,
f1_v1_inline,v1,agent,termo_nome_5ch,name,desc,500,4,6.41,0,
f1_v1_inline,v1,agent,termo_nome_5ch,name,desc,500,5,6.753,0,
f1_v1_inline,v1,agent,termo_nome_5ch,name,desc,500,6,7.075,0,
f1_v1_inline,v1,agent,termo_nome_5ch,created_at,asc,0,1,6.939,50,109
f1_v1_inline,v1,agent,termo_nome_5ch,created_at,asc,0,2,6.746,50,109
f1_v1_inline,v1,agent,termo_nome_5ch,created_at,asc,0,3,6.687,50,109
f1_v1_inline,v1,agent,termo_nome_5ch,created_at,asc,0,4,6.25,50,109
f1_v1_inline,v1,agent,termo_nome_5ch,created_at,asc,0,5,6.374,50,109
f1_v1_inline,v1,agent,termo_nome_5ch,created_at,asc,0,6,6.564,50,109
f1_v1_inline,v1,agent,termo_nome_5ch,created_at,asc,500,1,7.172,0,
f1_v1_inline,v1,agent,termo_nome_5ch,created_at,asc,500,2,6.296,0,
f1_v1_inline,v1,agent,termo_nome_5ch,created_at,asc,500,3,6.163,0,
f1_v1_inline,v1,agent,termo_nome_5ch,created_at,asc,500,4,7.1,0,
f1_v1_inline,v1,agent,termo_nome_5ch,created_at,asc,500,5,6.29,0,
f1_v1_inline,v1,agent,termo_nome_5ch,created_at,asc,500,6,7.792,0,
f1_v1_inline,v1,agent,termo_nome_5ch,created_at,desc,0,1,7.038,50,109
f1_v1_inline,v1,agent,termo_nome_5ch,created_at,desc,0,2,6.21,50,109
f1_v1_inline,v1,agent,termo_nome_5ch,created_at,desc,0,3,6.496,50,109
f1_v1_inline,v1,agent,termo_nome_5ch,created_at,desc,0,4,7.282,50,109
f1_v1_inline,v1,agent,termo_nome_5ch,created_at,desc,0,5,6.05,50,109
f1_v1_inline,v1,agent,termo_nome_5ch,created_at,desc,0,6,7.385,50,109
f1_v1_inline,v1,agent,termo_nome_5ch,created_at,desc,500,1,6.394,0,
f1_v1_inline,v1,agent,termo_nome_5ch,created_at,desc,500,2,6.011,0,
f1_v1_inline,v1,agent,termo_nome_5ch,created_at,desc,500,3,6.283,0,
f1_v1_inline,v1,agent,termo_nome_5ch,created_at,desc,500,4,6.365,0,
f1_v1_inline,v1,agent,termo_nome_5ch,created_at,desc,500,5,5.865,0,
f1_v1_inline,v1,agent,termo_nome_5ch,created_at,desc,500,6,6.914,0,
f1_v1_inline,v1,agent,termo_nome_5ch,company,asc,0,1,5.439,50,109
f1_v1_inline,v1,agent,termo_nome_5ch,company,asc,0,2,5.462,50,109
f1_v1_inline,v1,agent,termo_nome_5ch,company,asc,0,3,5.871,50,109
f1_v1_inline,v1,agent,termo_nome_5ch,company,asc,0,4,5.95,50,109
f1_v1_inline,v1,agent,termo_nome_5ch,company,asc,0,5,6.066,50,109
f1_v1_inline,v1,agent,termo_nome_5ch,company,asc,0,6,6.271,50,109
f1_v1_inline,v1,agent,termo_nome_5ch,company,asc,500,1,6.018,0,
f1_v1_inline,v1,agent,termo_nome_5ch,company,asc,500,2,5.559,0,
f1_v1_inline,v1,agent,termo_nome_5ch,company,asc,500,3,5.131,0,
f1_v1_inline,v1,agent,termo_nome_5ch,company,asc,500,4,6.672,0,
f1_v1_inline,v1,agent,termo_nome_5ch,company,asc,500,5,5.859,0,
f1_v1_inline,v1,agent,termo_nome_5ch,company,asc,500,6,6.355,0,
f1_v1_inline,v1,agent,termo_nome_5ch,company,desc,0,1,6.27,50,109
f1_v1_inline,v1,agent,termo_nome_5ch,company,desc,0,2,5.76,50,109
f1_v1_inline,v1,agent,termo_nome_5ch,company,desc,0,3,5.292,50,109
f1_v1_inline,v1,agent,termo_nome_5ch,company,desc,0,4,6.584,50,109
f1_v1_inline,v1,agent,termo_nome_5ch,company,desc,0,5,5.58,50,109
f1_v1_inline,v1,agent,termo_nome_5ch,company,desc,0,6,5.956,50,109
f1_v1_inline,v1,agent,termo_nome_5ch,company,desc,500,1,5.632,0,
f1_v1_inline,v1,agent,termo_nome_5ch,company,desc,500,2,6.115,0,
f1_v1_inline,v1,agent,termo_nome_5ch,company,desc,500,3,5.653,0,
f1_v1_inline,v1,agent,termo_nome_5ch,company,desc,500,4,6.638,0,
f1_v1_inline,v1,agent,termo_nome_5ch,company,desc,500,5,7.012,0,
f1_v1_inline,v1,agent,termo_nome_5ch,company,desc,500,6,5.592,0,
f1_v1_inline,v1,agent,termo_empresa,name,asc,0,1,5.955,50,88
f1_v1_inline,v1,agent,termo_empresa,name,asc,0,2,6.559,50,88
f1_v1_inline,v1,agent,termo_empresa,name,asc,0,3,6.197,50,88
f1_v1_inline,v1,agent,termo_empresa,name,asc,0,4,10.223,50,88
f1_v1_inline,v1,agent,termo_empresa,name,asc,0,5,6.151,50,88
f1_v1_inline,v1,agent,termo_empresa,name,asc,0,6,6.238,50,88
f1_v1_inline,v1,agent,termo_empresa,name,asc,500,1,6.758,0,
f1_v1_inline,v1,agent,termo_empresa,name,asc,500,2,6.232,0,
f1_v1_inline,v1,agent,termo_empresa,name,asc,500,3,6.181,0,
f1_v1_inline,v1,agent,termo_empresa,name,asc,500,4,6.722,0,
f1_v1_inline,v1,agent,termo_empresa,name,asc,500,5,6.277,0,
f1_v1_inline,v1,agent,termo_empresa,name,asc,500,6,6.475,0,
f1_v1_inline,v1,agent,termo_empresa,name,desc,0,1,6.065,50,88
f1_v1_inline,v1,agent,termo_empresa,name,desc,0,2,6.147,50,88
f1_v1_inline,v1,agent,termo_empresa,name,desc,0,3,6.334,50,88
f1_v1_inline,v1,agent,termo_empresa,name,desc,0,4,6.253,50,88
f1_v1_inline,v1,agent,termo_empresa,name,desc,0,5,6.431,50,88
f1_v1_inline,v1,agent,termo_empresa,name,desc,0,6,6.831,50,88
f1_v1_inline,v1,agent,termo_empresa,name,desc,500,1,6.257,0,
f1_v1_inline,v1,agent,termo_empresa,name,desc,500,2,6.017,0,
f1_v1_inline,v1,agent,termo_empresa,name,desc,500,3,7.333,0,
f1_v1_inline,v1,agent,termo_empresa,name,desc,500,4,6.38,0,
f1_v1_inline,v1,agent,termo_empresa,name,desc,500,5,6.363,0,
f1_v1_inline,v1,agent,termo_empresa,name,desc,500,6,6.815,0,
f1_v1_inline,v1,agent,termo_empresa,created_at,asc,0,1,6.508,50,88
f1_v1_inline,v1,agent,termo_empresa,created_at,asc,0,2,6.065,50,88
f1_v1_inline,v1,agent,termo_empresa,created_at,asc,0,3,6.389,50,88
f1_v1_inline,v1,agent,termo_empresa,created_at,asc,0,4,6.384,50,88
f1_v1_inline,v1,agent,termo_empresa,created_at,asc,0,5,6.904,50,88
f1_v1_inline,v1,agent,termo_empresa,created_at,asc,0,6,6.394,50,88
f1_v1_inline,v1,agent,termo_empresa,created_at,asc,500,1,6.175,0,
f1_v1_inline,v1,agent,termo_empresa,created_at,asc,500,2,6.1,0,
f1_v1_inline,v1,agent,termo_empresa,created_at,asc,500,3,6.444,0,
f1_v1_inline,v1,agent,termo_empresa,created_at,asc,500,4,6.503,0,
f1_v1_inline,v1,agent,termo_empresa,created_at,asc,500,5,6.417,0,
f1_v1_inline,v1,agent,termo_empresa,created_at,asc,500,6,5.948,0,
f1_v1_inline,v1,agent,termo_empresa,created_at,desc,0,1,6.404,50,88
f1_v1_inline,v1,agent,termo_empresa,created_at,desc,0,2,6.623,50,88
f1_v1_inline,v1,agent,termo_empresa,created_at,desc,0,3,6.235,50,88
f1_v1_inline,v1,agent,termo_empresa,created_at,desc,0,4,6.095,50,88
f1_v1_inline,v1,agent,termo_empresa,created_at,desc,0,5,6.613,50,88
f1_v1_inline,v1,agent,termo_empresa,created_at,desc,0,6,6.352,50,88
f1_v1_inline,v1,agent,termo_empresa,created_at,desc,500,1,6.374,0,
f1_v1_inline,v1,agent,termo_empresa,created_at,desc,500,2,7.724,0,
f1_v1_inline,v1,agent,termo_empresa,created_at,desc,500,3,6.582,0,
f1_v1_inline,v1,agent,termo_empresa,created_at,desc,500,4,6.307,0,
f1_v1_inline,v1,agent,termo_empresa,created_at,desc,500,5,6.794,0,
f1_v1_inline,v1,agent,termo_empresa,created_at,desc,500,6,6.417,0,
f1_v1_inline,v1,agent,termo_empresa,company,asc,0,1,6.986,50,88
f1_v1_inline,v1,agent,termo_empresa,company,asc,0,2,6.399,50,88
f1_v1_inline,v1,agent,termo_empresa,company,asc,0,3,6.54,50,88
f1_v1_inline,v1,agent,termo_empresa,company,asc,0,4,7.272,50,88
f1_v1_inline,v1,agent,termo_empresa,company,asc,0,5,6.091,50,88
f1_v1_inline,v1,agent,termo_empresa,company,asc,0,6,7.876,50,88
f1_v1_inline,v1,agent,termo_empresa,company,asc,500,1,6.612,0,
f1_v1_inline,v1,agent,termo_empresa,company,asc,500,2,6.606,0,
f1_v1_inline,v1,agent,termo_empresa,company,asc,500,3,7.661,0,
f1_v1_inline,v1,agent,termo_empresa,company,asc,500,4,8.244,0,
f1_v1_inline,v1,agent,termo_empresa,company,asc,500,5,6.528,0,
f1_v1_inline,v1,agent,termo_empresa,company,asc,500,6,6.673,0,
f1_v1_inline,v1,agent,termo_empresa,company,desc,0,1,6.75,50,88
f1_v1_inline,v1,agent,termo_empresa,company,desc,0,2,6.571,50,88
f1_v1_inline,v1,agent,termo_empresa,company,desc,0,3,6.152,50,88
f1_v1_inline,v1,agent,termo_empresa,company,desc,0,4,6.55,50,88
f1_v1_inline,v1,agent,termo_empresa,company,desc,0,5,6.633,50,88
f1_v1_inline,v1,agent,termo_empresa,company,desc,0,6,6.233,50,88
f1_v1_inline,v1,agent,termo_empresa,company,desc,500,1,6.374,0,
f1_v1_inline,v1,agent,termo_empresa,company,desc,500,2,6.585,0,
f1_v1_inline,v1,agent,termo_empresa,company,desc,500,3,6.2,0,
f1_v1_inline,v1,agent,termo_empresa,company,desc,500,4,6.954,0,
f1_v1_inline,v1,agent,termo_empresa,company,desc,500,5,7.665,0,
f1_v1_inline,v1,agent,termo_empresa,company,desc,500,6,6.452,0,
f1_v1_inline,v1,agent,filtro_tipo,name,asc,0,2,5.881,50,158
f1_v1_inline,v1,agent,filtro_tipo,name,asc,0,1,2.494,50,158
f1_v1_inline,v1,agent,filtro_tipo,name,asc,0,3,2.661,50,158
f1_v1_inline,v1,agent,filtro_tipo,name,asc,0,4,2.589,50,158
f1_v1_inline,v1,agent,filtro_tipo,name,asc,0,5,2.444,50,158
f1_v1_inline,v1,agent,filtro_tipo,name,asc,0,6,2.367,50,158
f1_v1_inline,v1,agent,filtro_tipo,name,asc,500,1,3.775,0,
f1_v1_inline,v1,agent,filtro_tipo,name,asc,500,2,2.819,0,
f1_v1_inline,v1,agent,filtro_tipo,name,asc,500,3,2.592,0,
f1_v1_inline,v1,agent,filtro_tipo,name,asc,500,4,2.509,0,
f1_v1_inline,v1,agent,filtro_tipo,name,asc,500,5,2.419,0,
f1_v1_inline,v1,agent,filtro_tipo,name,asc,500,6,3.104,0,
f1_v1_inline,v1,agent,filtro_tipo,name,desc,0,1,2.454,50,158
f1_v1_inline,v1,agent,filtro_tipo,name,desc,0,2,3.568,50,158
f1_v1_inline,v1,agent,filtro_tipo,name,desc,0,3,3.009,50,158
f1_v1_inline,v1,agent,filtro_tipo,name,desc,0,4,2.687,50,158
f1_v1_inline,v1,agent,filtro_tipo,name,desc,0,5,2.415,50,158
f1_v1_inline,v1,agent,filtro_tipo,name,desc,0,6,3.042,50,158
f1_v1_inline,v1,agent,filtro_tipo,name,desc,500,1,2.966,0,
f1_v1_inline,v1,agent,filtro_tipo,name,desc,500,2,2.696,0,
f1_v1_inline,v1,agent,filtro_tipo,name,desc,500,3,2.446,0,
f1_v1_inline,v1,agent,filtro_tipo,name,desc,500,4,2.755,0,
f1_v1_inline,v1,agent,filtro_tipo,name,desc,500,5,2.391,0,
f1_v1_inline,v1,agent,filtro_tipo,name,desc,500,6,2.535,0,
f1_v1_inline,v1,agent,filtro_tipo,created_at,asc,0,1,2.482,50,158
f1_v1_inline,v1,agent,filtro_tipo,created_at,asc,0,2,2.533,50,158
f1_v1_inline,v1,agent,filtro_tipo,created_at,asc,0,3,2.497,50,158
f1_v1_inline,v1,agent,filtro_tipo,created_at,asc,0,4,2.517,50,158
f1_v1_inline,v1,agent,filtro_tipo,created_at,asc,0,5,2.881,50,158
f1_v1_inline,v1,agent,filtro_tipo,created_at,asc,0,6,3.377,50,158
f1_v1_inline,v1,agent,filtro_tipo,created_at,asc,500,1,2.496,0,
f1_v1_inline,v1,agent,filtro_tipo,created_at,asc,500,2,2.993,0,
f1_v1_inline,v1,agent,filtro_tipo,created_at,asc,500,3,3.008,0,
f1_v1_inline,v1,agent,filtro_tipo,created_at,asc,500,4,3.644,0,
f1_v1_inline,v1,agent,filtro_tipo,created_at,asc,500,5,2.679,0,
f1_v1_inline,v1,agent,filtro_tipo,created_at,asc,500,6,2.477,0,
f1_v1_inline,v1,agent,filtro_tipo,created_at,desc,0,1,3.923,50,158
f1_v1_inline,v1,agent,filtro_tipo,created_at,desc,0,2,3.669,50,158
f1_v1_inline,v1,agent,filtro_tipo,created_at,desc,0,3,2.495,50,158
f1_v1_inline,v1,agent,filtro_tipo,created_at,desc,0,4,2.352,50,158
f1_v1_inline,v1,agent,filtro_tipo,created_at,desc,0,5,2.376,50,158
f1_v1_inline,v1,agent,filtro_tipo,created_at,desc,0,6,2.391,50,158
f1_v1_inline,v1,agent,filtro_tipo,created_at,desc,500,1,2.534,0,
f1_v1_inline,v1,agent,filtro_tipo,created_at,desc,500,2,2.426,0,
f1_v1_inline,v1,agent,filtro_tipo,created_at,desc,500,3,2.49,0,
f1_v1_inline,v1,agent,filtro_tipo,created_at,desc,500,4,2.662,0,
f1_v1_inline,v1,agent,filtro_tipo,created_at,desc,500,5,2.826,0,
f1_v1_inline,v1,agent,filtro_tipo,created_at,desc,500,6,2.801,0,
f1_v1_inline,v1,agent,filtro_tipo,company,asc,0,1,3.024,50,158
f1_v1_inline,v1,agent,filtro_tipo,company,asc,0,2,2.607,50,158
f1_v1_inline,v1,agent,filtro_tipo,company,asc,0,3,2.636,50,158
f1_v1_inline,v1,agent,filtro_tipo,company,asc,0,4,2.476,50,158
f1_v1_inline,v1,agent,filtro_tipo,company,asc,0,5,2.269,50,158
f1_v1_inline,v1,agent,filtro_tipo,company,asc,0,6,2.17,50,158
f1_v1_inline,v1,agent,filtro_tipo,company,asc,500,1,2.222,0,
f1_v1_inline,v1,agent,filtro_tipo,company,asc,500,2,2.322,0,
f1_v1_inline,v1,agent,filtro_tipo,company,asc,500,3,2.33,0,
f1_v1_inline,v1,agent,filtro_tipo,company,asc,500,4,2.316,0,
f1_v1_inline,v1,agent,filtro_tipo,company,asc,500,5,2.223,0,
f1_v1_inline,v1,agent,filtro_tipo,company,asc,500,6,2.307,0,
f1_v1_inline,v1,agent,filtro_tipo,company,desc,0,1,2.877,50,158
f1_v1_inline,v1,agent,filtro_tipo,company,desc,0,2,2.455,50,158
f1_v1_inline,v1,agent,filtro_tipo,company,desc,0,3,2.271,50,158
f1_v1_inline,v1,agent,filtro_tipo,company,desc,0,4,2.25,50,158
f1_v1_inline,v1,agent,filtro_tipo,company,desc,0,5,2.171,50,158
f1_v1_inline,v1,agent,filtro_tipo,company,desc,0,6,2.927,50,158
f1_v1_inline,v1,agent,filtro_tipo,company,desc,500,1,2.575,0,
f1_v1_inline,v1,agent,filtro_tipo,company,desc,500,2,2.738,0,
f1_v1_inline,v1,agent,filtro_tipo,company,desc,500,3,2.423,0,
f1_v1_inline,v1,agent,filtro_tipo,company,desc,500,4,2.547,0,
f1_v1_inline,v1,agent,filtro_tipo,company,desc,500,5,4.054,0,
f1_v1_inline,v1,agent,filtro_tipo,company,desc,500,6,2.97,0,
f1_v1_inline,v1,agent,filtro_tag,name,asc,0,1,1.818,50,71
f1_v1_inline,v1,agent,filtro_tag,name,asc,0,2,2.001,50,71
f1_v1_inline,v1,agent,filtro_tag,name,asc,0,3,4.089,50,71
f1_v1_inline,v1,agent,filtro_tag,name,asc,0,4,2.566,50,71
f1_v1_inline,v1,agent,filtro_tag,name,asc,0,5,2.072,50,71
f1_v1_inline,v1,agent,filtro_tag,name,asc,0,6,1.952,50,71
f1_v1_inline,v1,agent,filtro_tag,name,asc,500,1,1.814,0,
f1_v1_inline,v1,agent,filtro_tag,name,asc,500,2,1.981,0,
f1_v1_inline,v1,agent,filtro_tag,name,asc,500,3,2.207,0,
f1_v1_inline,v1,agent,filtro_tag,name,asc,500,4,2.574,0,
f1_v1_inline,v1,agent,filtro_tag,name,asc,500,5,1.954,0,
f1_v1_inline,v1,agent,filtro_tag,name,asc,500,6,1.995,0,
f1_v1_inline,v1,agent,filtro_tag,name,desc,0,1,1.899,50,71
f1_v1_inline,v1,agent,filtro_tag,name,desc,0,2,2.05,50,71
f1_v1_inline,v1,agent,filtro_tag,name,desc,0,3,4.472,50,71
f1_v1_inline,v1,agent,filtro_tag,name,desc,0,4,3.046,50,71
f1_v1_inline,v1,agent,filtro_tag,name,desc,0,5,1.932,50,71
f1_v1_inline,v1,agent,filtro_tag,name,desc,0,6,1.943,50,71
f1_v1_inline,v1,agent,filtro_tag,name,desc,500,1,2.178,0,
f1_v1_inline,v1,agent,filtro_tag,name,desc,500,2,2.132,0,
f1_v1_inline,v1,agent,filtro_tag,name,desc,500,3,1.941,0,
f1_v1_inline,v1,agent,filtro_tag,name,desc,500,4,1.987,0,
f1_v1_inline,v1,agent,filtro_tag,name,desc,500,5,2.016,0,
f1_v1_inline,v1,agent,filtro_tag,name,desc,500,6,1.867,0,
f1_v1_inline,v1,agent,filtro_tag,created_at,asc,0,1,2.121,50,71
f1_v1_inline,v1,agent,filtro_tag,created_at,asc,0,2,2.08,50,71
f1_v1_inline,v1,agent,filtro_tag,created_at,asc,0,3,2.189,50,71
f1_v1_inline,v1,agent,filtro_tag,created_at,asc,0,4,2.43,50,71
f1_v1_inline,v1,agent,filtro_tag,created_at,asc,0,5,2.288,50,71
f1_v1_inline,v1,agent,filtro_tag,created_at,asc,0,6,2.047,50,71
f1_v1_inline,v1,agent,filtro_tag,created_at,asc,500,1,2.208,0,
f1_v1_inline,v1,agent,filtro_tag,created_at,asc,500,2,2.579,0,
f1_v1_inline,v1,agent,filtro_tag,created_at,asc,500,3,2.274,0,
f1_v1_inline,v1,agent,filtro_tag,created_at,asc,500,4,2.004,0,
f1_v1_inline,v1,agent,filtro_tag,created_at,asc,500,5,1.777,0,
f1_v1_inline,v1,agent,filtro_tag,created_at,asc,500,6,2.176,0,
f1_v1_inline,v1,agent,filtro_tag,created_at,desc,0,1,2.152,50,71
f1_v1_inline,v1,agent,filtro_tag,created_at,desc,0,2,1.956,50,71
f1_v1_inline,v1,agent,filtro_tag,created_at,desc,0,3,1.76,50,71
f1_v1_inline,v1,agent,filtro_tag,created_at,desc,0,4,1.814,50,71
f1_v1_inline,v1,agent,filtro_tag,created_at,desc,0,5,1.797,50,71
f1_v1_inline,v1,agent,filtro_tag,created_at,desc,0,6,1.837,50,71
f1_v1_inline,v1,agent,filtro_tag,created_at,desc,500,1,2.033,0,
f1_v1_inline,v1,agent,filtro_tag,created_at,desc,500,2,2.334,0,
f1_v1_inline,v1,agent,filtro_tag,created_at,desc,500,3,1.811,0,
f1_v1_inline,v1,agent,filtro_tag,created_at,desc,500,4,1.608,0,
f1_v1_inline,v1,agent,filtro_tag,created_at,desc,500,5,2.018,0,
f1_v1_inline,v1,agent,filtro_tag,created_at,desc,500,6,1.648,0,
f1_v1_inline,v1,agent,filtro_tag,company,asc,0,1,1.791,50,71
f1_v1_inline,v1,agent,filtro_tag,company,asc,0,2,2.081,50,71
f1_v1_inline,v1,agent,filtro_tag,company,asc,0,3,2.649,50,71
f1_v1_inline,v1,agent,filtro_tag,company,asc,0,4,1.841,50,71
f1_v1_inline,v1,agent,filtro_tag,company,asc,0,5,1.78,50,71
f1_v1_inline,v1,agent,filtro_tag,company,asc,0,6,1.541,50,71
f1_v1_inline,v1,agent,filtro_tag,company,asc,500,1,2.167,0,
f1_v1_inline,v1,agent,filtro_tag,company,asc,500,2,1.939,0,
f1_v1_inline,v1,agent,filtro_tag,company,asc,500,3,2.286,0,
f1_v1_inline,v1,agent,filtro_tag,company,asc,500,4,2.028,0,
f1_v1_inline,v1,agent,filtro_tag,company,asc,500,5,1.879,0,
f1_v1_inline,v1,agent,filtro_tag,company,asc,500,6,1.903,0,
f1_v1_inline,v1,agent,filtro_tag,company,desc,0,1,2.104,50,71
f1_v1_inline,v1,agent,filtro_tag,company,desc,0,2,2.175,50,71
f1_v1_inline,v1,agent,filtro_tag,company,desc,0,3,2.291,50,71
f1_v1_inline,v1,agent,filtro_tag,company,desc,0,4,1.997,50,71
f1_v1_inline,v1,agent,filtro_tag,company,desc,0,5,1.924,50,71
f1_v1_inline,v1,agent,filtro_tag,company,desc,0,6,2.712,50,71
f1_v1_inline,v1,agent,filtro_tag,company,desc,500,1,1.8,0,
f1_v1_inline,v1,agent,filtro_tag,company,desc,500,2,1.807,0,
f1_v1_inline,v1,agent,filtro_tag,company,desc,500,3,2.126,0,
f1_v1_inline,v1,agent,filtro_tag,company,desc,500,4,1.982,0,
f1_v1_inline,v1,agent,filtro_tag,company,desc,500,5,2.07,0,
f1_v1_inline,v1,agent,filtro_tag,company,desc,500,6,1.931,0,
f1_v1_inline,v1,agent,intervalo_data,name,asc,0,1,2.565,50,207
f1_v1_inline,v1,agent,intervalo_data,name,asc,0,2,2.948,50,207
f1_v1_inline,v1,agent,intervalo_data,name,asc,0,3,2.939,50,207
f1_v1_inline,v1,agent,intervalo_data,name,asc,0,4,2.503,50,207
f1_v1_inline,v1,agent,intervalo_data,name,asc,0,5,2.576,50,207
f1_v1_inline,v1,agent,intervalo_data,name,asc,0,6,2.218,50,207
f1_v1_inline,v1,agent,intervalo_data,name,asc,500,1,2.96,0,
f1_v1_inline,v1,agent,intervalo_data,name,asc,500,2,2.528,0,
f1_v1_inline,v1,agent,intervalo_data,name,asc,500,3,2.336,0,
f1_v1_inline,v1,agent,intervalo_data,name,asc,500,4,2.331,0,
f1_v1_inline,v1,agent,intervalo_data,name,asc,500,5,3.356,0,
f1_v1_inline,v1,agent,intervalo_data,name,asc,500,6,3.088,0,
f1_v1_inline,v1,agent,intervalo_data,name,desc,0,1,2.56,50,207
f1_v1_inline,v1,agent,intervalo_data,name,desc,0,2,2.852,50,207
f1_v1_inline,v1,agent,intervalo_data,name,desc,0,3,2.954,50,207
f1_v1_inline,v1,agent,intervalo_data,name,desc,0,4,3.206,50,207
f1_v1_inline,v1,agent,intervalo_data,name,desc,0,5,2.689,50,207
f1_v1_inline,v1,agent,intervalo_data,name,desc,0,6,2.841,50,207
f1_v1_inline,v1,agent,intervalo_data,name,desc,500,1,2.911,0,
f1_v1_inline,v1,agent,intervalo_data,name,desc,500,2,3.288,0,
f1_v1_inline,v1,agent,intervalo_data,name,desc,500,3,2.69,0,
f1_v1_inline,v1,agent,intervalo_data,name,desc,500,4,2.777,0,
f1_v1_inline,v1,agent,intervalo_data,name,desc,500,5,2.754,0,
f1_v1_inline,v1,agent,intervalo_data,name,desc,500,6,2.741,0,
f1_v1_inline,v1,agent,intervalo_data,created_at,asc,0,1,2.76,50,207
f1_v1_inline,v1,agent,intervalo_data,created_at,asc,0,2,2.599,50,207
f1_v1_inline,v1,agent,intervalo_data,created_at,asc,0,3,2.506,50,207
f1_v1_inline,v1,agent,intervalo_data,created_at,asc,0,4,2.853,50,207
f1_v1_inline,v1,agent,intervalo_data,created_at,asc,0,5,3.173,50,207
f1_v1_inline,v1,agent,intervalo_data,created_at,asc,0,6,2.967,50,207
f1_v1_inline,v1,agent,intervalo_data,created_at,asc,500,1,2.388,0,
f1_v1_inline,v1,agent,intervalo_data,created_at,asc,500,2,2.654,0,
f1_v1_inline,v1,agent,intervalo_data,created_at,asc,500,3,2.751,0,
f1_v1_inline,v1,agent,intervalo_data,created_at,asc,500,4,2.903,0,
f1_v1_inline,v1,agent,intervalo_data,created_at,asc,500,5,2.405,0,
f1_v1_inline,v1,agent,intervalo_data,created_at,asc,500,6,2.104,0,
f1_v1_inline,v1,agent,intervalo_data,created_at,desc,0,1,2.646,50,207
f1_v1_inline,v1,agent,intervalo_data,created_at,desc,0,2,2.695,50,207
f1_v1_inline,v1,agent,intervalo_data,created_at,desc,0,3,3.198,50,207
f1_v1_inline,v1,agent,intervalo_data,created_at,desc,0,4,2.718,50,207
f1_v1_inline,v1,agent,intervalo_data,created_at,desc,0,5,2.447,50,207
f1_v1_inline,v1,agent,intervalo_data,created_at,desc,0,6,2.256,50,207
f1_v1_inline,v1,agent,intervalo_data,created_at,desc,500,1,3.767,0,
f1_v1_inline,v1,agent,intervalo_data,created_at,desc,500,2,2.736,0,
f1_v1_inline,v1,agent,intervalo_data,created_at,desc,500,3,2.53,0,
f1_v1_inline,v1,agent,intervalo_data,created_at,desc,500,4,2.501,0,
f1_v1_inline,v1,agent,intervalo_data,created_at,desc,500,5,2.475,0,
f1_v1_inline,v1,agent,intervalo_data,created_at,desc,500,6,5.662,0,
f1_v1_inline,v1,agent,intervalo_data,company,asc,0,1,2.483,50,207
f1_v1_inline,v1,agent,intervalo_data,company,asc,0,2,3.713,50,207
f1_v1_inline,v1,agent,intervalo_data,company,asc,0,3,5.686,50,207
f1_v1_inline,v1,agent,intervalo_data,company,asc,0,4,3.126,50,207
f1_v1_inline,v1,agent,intervalo_data,company,asc,0,5,2.715,50,207
f1_v1_inline,v1,agent,intervalo_data,company,asc,0,6,2.725,50,207
f1_v1_inline,v1,agent,intervalo_data,company,asc,500,1,2.757,0,
f1_v1_inline,v1,agent,intervalo_data,company,asc,500,2,2.695,0,
f1_v1_inline,v1,agent,intervalo_data,company,asc,500,3,2.559,0,
f1_v1_inline,v1,agent,intervalo_data,company,asc,500,4,2.567,0,
f1_v1_inline,v1,agent,intervalo_data,company,asc,500,5,2.909,0,
f1_v1_inline,v1,agent,intervalo_data,company,asc,500,6,3.257,0,
f1_v1_inline,v1,agent,intervalo_data,company,desc,0,1,2.798,50,207
f1_v1_inline,v1,agent,intervalo_data,company,desc,0,2,2.729,50,207
f1_v1_inline,v1,agent,intervalo_data,company,desc,0,3,3.186,50,207
f1_v1_inline,v1,agent,intervalo_data,company,desc,0,4,2.558,50,207
f1_v1_inline,v1,agent,intervalo_data,company,desc,0,5,2.434,50,207
f1_v1_inline,v1,agent,intervalo_data,company,desc,0,6,2.517,50,207
f1_v1_inline,v1,agent,intervalo_data,company,desc,500,1,2.739,0,
f1_v1_inline,v1,agent,intervalo_data,company,desc,500,2,2.639,0,
f1_v1_inline,v1,agent,intervalo_data,company,desc,500,3,2.433,0,
f1_v1_inline,v1,agent,intervalo_data,company,desc,500,4,2.344,0,
f1_v1_inline,v1,agent,intervalo_data,company,desc,500,5,2.494,0,
f1_v1_inline,v1,agent,intervalo_data,company,desc,500,6,2.286,0,
f1_v1_inline,v1,agent,combinado,name,asc,0,1,1.039,1,1
f1_v1_inline,v1,agent,combinado,name,asc,0,2,0.85,1,1
f1_v1_inline,v1,agent,combinado,name,asc,0,3,0.828,1,1
f1_v1_inline,v1,agent,combinado,name,asc,0,4,0.716,1,1
f1_v1_inline,v1,agent,combinado,name,asc,0,5,0.749,1,1
f1_v1_inline,v1,agent,combinado,name,asc,0,6,0.695,1,1
f1_v1_inline,v1,agent,combinado,name,asc,500,1,0.634,0,
f1_v1_inline,v1,agent,combinado,name,asc,500,2,0.885,0,
f1_v1_inline,v1,agent,combinado,name,asc,500,3,0.769,0,
f1_v1_inline,v1,agent,combinado,name,asc,500,4,0.827,0,
f1_v1_inline,v1,agent,combinado,name,asc,500,5,0.724,0,
f1_v1_inline,v1,agent,combinado,name,asc,500,6,0.675,0,
f1_v1_inline,v1,agent,combinado,name,desc,0,1,0.71,1,1
f1_v1_inline,v1,agent,combinado,name,desc,0,2,0.725,1,1
f1_v1_inline,v1,agent,combinado,name,desc,0,3,0.974,1,1
f1_v1_inline,v1,agent,combinado,name,desc,0,4,0.919,1,1
f1_v1_inline,v1,agent,combinado,name,desc,0,5,0.937,1,1
f1_v1_inline,v1,agent,combinado,name,desc,0,6,0.84,1,1
f1_v1_inline,v1,agent,combinado,name,desc,500,1,0.724,0,
f1_v1_inline,v1,agent,combinado,name,desc,500,2,0.744,0,
f1_v1_inline,v1,agent,combinado,name,desc,500,3,0.665,0,
f1_v1_inline,v1,agent,combinado,name,desc,500,4,0.788,0,
f1_v1_inline,v1,agent,combinado,name,desc,500,5,0.834,0,
f1_v1_inline,v1,agent,combinado,name,desc,500,6,0.782,0,
f1_v1_inline,v1,agent,combinado,created_at,asc,0,1,0.628,1,1
f1_v1_inline,v1,agent,combinado,created_at,asc,0,2,0.641,1,1
f1_v1_inline,v1,agent,combinado,created_at,asc,0,3,0.752,1,1
f1_v1_inline,v1,agent,combinado,created_at,asc,0,4,0.91,1,1
f1_v1_inline,v1,agent,combinado,created_at,asc,0,5,0.819,1,1
f1_v1_inline,v1,agent,combinado,created_at,asc,0,6,0.698,1,1
f1_v1_inline,v1,agent,combinado,created_at,asc,500,1,1.678,0,
f1_v1_inline,v1,agent,combinado,created_at,asc,500,2,0.883,0,
f1_v1_inline,v1,agent,combinado,created_at,asc,500,3,0.911,0,
f1_v1_inline,v1,agent,combinado,created_at,asc,500,4,0.726,0,
f1_v1_inline,v1,agent,combinado,created_at,asc,500,5,0.632,0,
f1_v1_inline,v1,agent,combinado,created_at,asc,500,6,0.8,0,
f1_v1_inline,v1,agent,combinado,created_at,desc,0,1,0.711,1,1
f1_v1_inline,v1,agent,combinado,created_at,desc,0,2,0.689,1,1
f1_v1_inline,v1,agent,combinado,created_at,desc,0,3,0.702,1,1
f1_v1_inline,v1,agent,combinado,created_at,desc,0,4,0.723,1,1
f1_v1_inline,v1,agent,combinado,created_at,desc,0,5,0.835,1,1
f1_v1_inline,v1,agent,combinado,created_at,desc,0,6,1.334,1,1
f1_v1_inline,v1,agent,combinado,created_at,desc,500,1,0.719,0,
f1_v1_inline,v1,agent,combinado,created_at,desc,500,2,0.879,0,
f1_v1_inline,v1,agent,combinado,created_at,desc,500,3,1.025,0,
f1_v1_inline,v1,agent,combinado,created_at,desc,500,4,1.211,0,
f1_v1_inline,v1,agent,combinado,created_at,desc,500,5,0.915,0,
f1_v1_inline,v1,agent,combinado,created_at,desc,500,6,1.033,0,
f1_v1_inline,v1,agent,combinado,company,asc,0,1,0.74,1,1
f1_v1_inline,v1,agent,combinado,company,asc,0,2,0.805,1,1
f1_v1_inline,v1,agent,combinado,company,asc,0,3,0.798,1,1
f1_v1_inline,v1,agent,combinado,company,asc,0,4,0.761,1,1
f1_v1_inline,v1,agent,combinado,company,asc,0,5,0.814,1,1
f1_v1_inline,v1,agent,combinado,company,asc,0,6,0.707,1,1
f1_v1_inline,v1,agent,combinado,company,asc,500,1,0.778,0,
f1_v1_inline,v1,agent,combinado,company,asc,500,2,0.763,0,
f1_v1_inline,v1,agent,combinado,company,asc,500,3,0.67,0,
f1_v1_inline,v1,agent,combinado,company,asc,500,4,0.669,0,
f1_v1_inline,v1,agent,combinado,company,asc,500,5,1.034,0,
f1_v1_inline,v1,agent,combinado,company,asc,500,6,0.738,0,
f1_v1_inline,v1,agent,combinado,company,desc,0,1,1.225,1,1
f1_v1_inline,v1,agent,combinado,company,desc,0,2,1.131,1,1
f1_v1_inline,v1,agent,combinado,company,desc,0,3,0.964,1,1
f1_v1_inline,v1,agent,combinado,company,desc,0,4,1.063,1,1
f1_v1_inline,v1,agent,combinado,company,desc,0,5,0.858,1,1
f1_v1_inline,v1,agent,combinado,company,desc,0,6,0.756,1,1
f1_v1_inline,v1,agent,combinado,company,desc,500,1,0.726,0,
f1_v1_inline,v1,agent,combinado,company,desc,500,2,0.687,0,
f1_v1_inline,v1,agent,combinado,company,desc,500,3,0.693,0,
f1_v1_inline,v1,agent,combinado,company,desc,500,4,0.705,0,
f1_v1_inline,v1,agent,combinado,company,desc,500,5,0.733,0,
f1_v1_inline,v1,agent,combinado,company,desc,500,6,0.717,0,
f1_v2_branch,v2,agent,__overhead_wrapper__,-,-,-1,0,0.257,0,0
f1_v2_branch,v2,agent,sem_filtro,name,asc,0,1,20.625,50,861
f1_v2_branch,v2,agent,sem_filtro,name,asc,0,2,19.972,50,861
f1_v2_branch,v2,agent,sem_filtro,name,asc,0,3,19.92,50,861
f1_v2_branch,v2,agent,sem_filtro,name,asc,0,4,28.526,50,861
f1_v2_branch,v2,agent,sem_filtro,name,asc,0,5,25.82,50,861
f1_v2_branch,v2,agent,sem_filtro,name,asc,0,6,24.476,50,861
f1_v2_branch,v2,agent,sem_filtro,name,asc,500,1,22.194,50,861
f1_v2_branch,v2,agent,sem_filtro,name,asc,500,2,22.529,50,861
f1_v2_branch,v2,agent,sem_filtro,name,asc,500,3,21.16,50,861
f1_v2_branch,v2,agent,sem_filtro,name,asc,500,4,21.56,50,861
f1_v2_branch,v2,agent,sem_filtro,name,asc,500,5,21.192,50,861
f1_v2_branch,v2,agent,sem_filtro,name,asc,500,6,21.069,50,861
f1_v2_branch,v2,agent,sem_filtro,name,desc,0,1,18.519,50,861
f1_v2_branch,v2,agent,sem_filtro,name,desc,0,2,18.662,50,861
f1_v2_branch,v2,agent,sem_filtro,name,desc,0,3,18.197,50,861
f1_v2_branch,v2,agent,sem_filtro,name,desc,0,4,19.13,50,861
f1_v2_branch,v2,agent,sem_filtro,name,desc,0,5,18.926,50,861
f1_v2_branch,v2,agent,sem_filtro,name,desc,0,6,18.526,50,861
f1_v2_branch,v2,agent,sem_filtro,name,desc,500,1,20.311,50,861
f1_v2_branch,v2,agent,sem_filtro,name,desc,500,2,17.821,50,861
f1_v2_branch,v2,agent,sem_filtro,name,desc,500,3,17.859,50,861
f1_v2_branch,v2,agent,sem_filtro,name,desc,500,4,18.803,50,861
f1_v2_branch,v2,agent,sem_filtro,name,desc,500,5,20.448,50,861
f1_v2_branch,v2,agent,sem_filtro,name,desc,500,6,20.336,50,861
f1_v2_branch,v2,agent,sem_filtro,created_at,asc,0,1,20.424,50,861
f1_v2_branch,v2,agent,sem_filtro,created_at,asc,0,2,21.05,50,861
f1_v2_branch,v2,agent,sem_filtro,created_at,asc,0,3,20.271,50,861
f1_v2_branch,v2,agent,sem_filtro,created_at,asc,0,4,21.547,50,861
f1_v2_branch,v2,agent,sem_filtro,created_at,asc,0,5,20.1,50,861
f1_v2_branch,v2,agent,sem_filtro,created_at,asc,0,6,20.018,50,861
f1_v2_branch,v2,agent,sem_filtro,created_at,asc,500,1,20.225,50,861
f1_v2_branch,v2,agent,sem_filtro,created_at,asc,500,2,21.734,50,861
f1_v2_branch,v2,agent,sem_filtro,created_at,asc,500,3,23.409,50,861
f1_v2_branch,v2,agent,sem_filtro,created_at,asc,500,4,20.468,50,861
f1_v2_branch,v2,agent,sem_filtro,created_at,asc,500,5,24.45,50,861
f1_v2_branch,v2,agent,sem_filtro,created_at,asc,500,6,24.198,50,861
f1_v2_branch,v2,agent,sem_filtro,created_at,desc,0,1,20.736,50,861
f1_v2_branch,v2,agent,sem_filtro,created_at,desc,0,2,21.562,50,861
f1_v2_branch,v2,agent,sem_filtro,created_at,desc,0,3,20.78,50,861
f1_v2_branch,v2,agent,sem_filtro,created_at,desc,0,4,19.826,50,861
f1_v2_branch,v2,agent,sem_filtro,created_at,desc,0,5,23.114,50,861
f1_v2_branch,v2,agent,sem_filtro,created_at,desc,0,6,19.898,50,861
f1_v2_branch,v2,agent,sem_filtro,created_at,desc,500,1,18.313,50,861
f1_v2_branch,v2,agent,sem_filtro,created_at,desc,500,2,18.652,50,861
f1_v2_branch,v2,agent,sem_filtro,created_at,desc,500,3,19.017,50,861
f1_v2_branch,v2,agent,sem_filtro,created_at,desc,500,4,21.268,50,861
f1_v2_branch,v2,agent,sem_filtro,created_at,desc,500,5,19.868,50,861
f1_v2_branch,v2,agent,sem_filtro,created_at,desc,500,6,19.691,50,861
f1_v2_branch,v2,agent,sem_filtro,company,asc,0,1,20.905,50,861
f1_v2_branch,v2,agent,sem_filtro,company,asc,0,2,20.808,50,861
f1_v2_branch,v2,agent,sem_filtro,company,asc,0,3,21.291,50,861
f1_v2_branch,v2,agent,sem_filtro,company,asc,0,4,19.895,50,861
f1_v2_branch,v2,agent,sem_filtro,company,asc,0,5,20.679,50,861
f1_v2_branch,v2,agent,sem_filtro,company,asc,0,6,19.111,50,861
f1_v2_branch,v2,agent,sem_filtro,company,asc,500,1,21.335,50,861
f1_v2_branch,v2,agent,sem_filtro,company,asc,500,2,22.178,50,861
f1_v2_branch,v2,agent,sem_filtro,company,asc,500,3,19.471,50,861
f1_v2_branch,v2,agent,sem_filtro,company,asc,500,4,21.136,50,861
f1_v2_branch,v2,agent,sem_filtro,company,asc,500,5,21.245,50,861
f1_v2_branch,v2,agent,sem_filtro,company,asc,500,6,19.492,50,861
f1_v2_branch,v2,agent,sem_filtro,company,desc,0,1,18.999,50,861
f1_v2_branch,v2,agent,sem_filtro,company,desc,0,2,20.269,50,861
f1_v2_branch,v2,agent,sem_filtro,company,desc,0,3,18.184,50,861
f1_v2_branch,v2,agent,sem_filtro,company,desc,0,4,19.304,50,861
f1_v2_branch,v2,agent,sem_filtro,company,desc,0,5,20.267,50,861
f1_v2_branch,v2,agent,sem_filtro,company,desc,0,6,19.469,50,861
f1_v2_branch,v2,agent,sem_filtro,company,desc,500,1,19.989,50,861
f1_v2_branch,v2,agent,sem_filtro,company,desc,500,2,19.367,50,861
f1_v2_branch,v2,agent,sem_filtro,company,desc,500,3,19.867,50,861
f1_v2_branch,v2,agent,sem_filtro,company,desc,500,4,20.935,50,861
f1_v2_branch,v2,agent,sem_filtro,company,desc,500,5,22.881,50,861
f1_v2_branch,v2,agent,sem_filtro,company,desc,500,6,19.683,50,861
f1_v2_branch,v2,agent,termo_nome_5ch,name,asc,0,1,7.169,50,109
f1_v2_branch,v2,agent,termo_nome_5ch,name,asc,0,2,7.611,50,109
f1_v2_branch,v2,agent,termo_nome_5ch,name,asc,0,3,8.139,50,109
f1_v2_branch,v2,agent,termo_nome_5ch,name,asc,0,4,7.961,50,109
f1_v2_branch,v2,agent,termo_nome_5ch,name,asc,0,5,7.743,50,109
f1_v2_branch,v2,agent,termo_nome_5ch,name,asc,0,6,7.772,50,109
f1_v2_branch,v2,agent,termo_nome_5ch,name,asc,500,1,7.248,0,
f1_v2_branch,v2,agent,termo_nome_5ch,name,asc,500,2,7.792,0,
f1_v2_branch,v2,agent,termo_nome_5ch,name,asc,500,3,7.069,0,
f1_v2_branch,v2,agent,termo_nome_5ch,name,asc,500,4,7,0,
f1_v2_branch,v2,agent,termo_nome_5ch,name,asc,500,5,7.852,0,
f1_v2_branch,v2,agent,termo_nome_5ch,name,asc,500,6,7.317,0,
f1_v2_branch,v2,agent,termo_nome_5ch,name,desc,0,1,6.384,50,109
f1_v2_branch,v2,agent,termo_nome_5ch,name,desc,0,2,7.833,50,109
f1_v2_branch,v2,agent,termo_nome_5ch,name,desc,0,3,7.136,50,109
f1_v2_branch,v2,agent,termo_nome_5ch,name,desc,0,4,7.437,50,109
f1_v2_branch,v2,agent,termo_nome_5ch,name,desc,0,5,7.154,50,109
f1_v2_branch,v2,agent,termo_nome_5ch,name,desc,0,6,7.674,50,109
f1_v2_branch,v2,agent,termo_nome_5ch,name,desc,500,1,7.721,0,
f1_v2_branch,v2,agent,termo_nome_5ch,name,desc,500,2,7.258,0,
f1_v2_branch,v2,agent,termo_nome_5ch,name,desc,500,3,8.756,0,
f1_v2_branch,v2,agent,termo_nome_5ch,name,desc,500,4,6.727,0,
f1_v2_branch,v2,agent,termo_nome_5ch,name,desc,500,5,7.877,0,
f1_v2_branch,v2,agent,termo_nome_5ch,name,desc,500,6,7.077,0,
f1_v2_branch,v2,agent,termo_nome_5ch,created_at,asc,0,1,6.556,50,109
f1_v2_branch,v2,agent,termo_nome_5ch,created_at,asc,0,2,6.87,50,109
f1_v2_branch,v2,agent,termo_nome_5ch,created_at,asc,0,3,6.679,50,109
f1_v2_branch,v2,agent,termo_nome_5ch,created_at,asc,0,4,7.004,50,109
f1_v2_branch,v2,agent,termo_nome_5ch,created_at,asc,0,5,7.905,50,109
f1_v2_branch,v2,agent,termo_nome_5ch,created_at,asc,0,6,7.119,50,109
f1_v2_branch,v2,agent,termo_nome_5ch,created_at,asc,500,1,7.241,0,
f1_v2_branch,v2,agent,termo_nome_5ch,created_at,asc,500,2,6.835,0,
f1_v2_branch,v2,agent,termo_nome_5ch,created_at,asc,500,3,7.28,0,
f1_v2_branch,v2,agent,termo_nome_5ch,created_at,asc,500,4,6.94,0,
f1_v2_branch,v2,agent,termo_nome_5ch,created_at,asc,500,5,7.329,0,
f1_v2_branch,v2,agent,termo_nome_5ch,created_at,asc,500,6,7.134,0,
f1_v2_branch,v2,agent,termo_nome_5ch,created_at,desc,0,1,8.321,50,109
f1_v2_branch,v2,agent,termo_nome_5ch,created_at,desc,0,2,8.732,50,109
f1_v2_branch,v2,agent,termo_nome_5ch,created_at,desc,0,3,8.702,50,109
f1_v2_branch,v2,agent,termo_nome_5ch,created_at,desc,0,4,8.406,50,109
f1_v2_branch,v2,agent,termo_nome_5ch,created_at,desc,0,5,7.792,50,109
f1_v2_branch,v2,agent,termo_nome_5ch,created_at,desc,0,6,8.338,50,109
f1_v2_branch,v2,agent,termo_nome_5ch,created_at,desc,500,1,7.678,0,
f1_v2_branch,v2,agent,termo_nome_5ch,created_at,desc,500,2,7.437,0,
f1_v2_branch,v2,agent,termo_nome_5ch,created_at,desc,500,3,7.412,0,
f1_v2_branch,v2,agent,termo_nome_5ch,created_at,desc,500,4,8.367,0,
f1_v2_branch,v2,agent,termo_nome_5ch,created_at,desc,500,5,7.674,0,
f1_v2_branch,v2,agent,termo_nome_5ch,created_at,desc,500,6,7.7,0,
f1_v2_branch,v2,agent,termo_nome_5ch,company,asc,0,1,7.202,50,109
f1_v2_branch,v2,agent,termo_nome_5ch,company,asc,0,2,8.297,50,109
f1_v2_branch,v2,agent,termo_nome_5ch,company,asc,0,3,7.516,50,109
f1_v2_branch,v2,agent,termo_nome_5ch,company,asc,0,4,7.873,50,109
f1_v2_branch,v2,agent,termo_nome_5ch,company,asc,0,5,7.45,50,109
f1_v2_branch,v2,agent,termo_nome_5ch,company,asc,0,6,8.625,50,109
f1_v2_branch,v2,agent,termo_nome_5ch,company,asc,500,1,7.663,0,
f1_v2_branch,v2,agent,termo_nome_5ch,company,asc,500,2,7.403,0,
f1_v2_branch,v2,agent,termo_nome_5ch,company,asc,500,3,7.163,0,
f1_v2_branch,v2,agent,termo_nome_5ch,company,asc,500,4,7.773,0,
f1_v2_branch,v2,agent,termo_nome_5ch,company,asc,500,5,8.704,0,
f1_v2_branch,v2,agent,termo_nome_5ch,company,asc,500,6,7.496,0,
f1_v2_branch,v2,agent,termo_nome_5ch,company,desc,0,1,7.115,50,109
f1_v2_branch,v2,agent,termo_nome_5ch,company,desc,0,2,7.602,50,109
f1_v2_branch,v2,agent,termo_nome_5ch,company,desc,0,3,7.2,50,109
f1_v2_branch,v2,agent,termo_nome_5ch,company,desc,0,4,7.453,50,109
f1_v2_branch,v2,agent,termo_nome_5ch,company,desc,0,5,7.86,50,109
f1_v2_branch,v2,agent,termo_nome_5ch,company,desc,0,6,7.025,50,109
f1_v2_branch,v2,agent,termo_nome_5ch,company,desc,500,1,6.547,0,
f1_v2_branch,v2,agent,termo_nome_5ch,company,desc,500,2,8.327,0,
f1_v2_branch,v2,agent,termo_nome_5ch,company,desc,500,3,7.273,0,
f1_v2_branch,v2,agent,termo_nome_5ch,company,desc,500,4,7.485,0,
f1_v2_branch,v2,agent,termo_nome_5ch,company,desc,500,5,8.403,0,
f1_v2_branch,v2,agent,termo_nome_5ch,company,desc,500,6,7.668,0,
f1_v2_branch,v2,agent,termo_empresa,name,asc,0,1,7.328,50,88
f1_v2_branch,v2,agent,termo_empresa,name,asc,0,2,7.923,50,88
f1_v2_branch,v2,agent,termo_empresa,name,asc,0,3,7.461,50,88
f1_v2_branch,v2,agent,termo_empresa,name,asc,0,4,7.18,50,88
f1_v2_branch,v2,agent,termo_empresa,name,asc,0,5,7.265,50,88
f1_v2_branch,v2,agent,termo_empresa,name,asc,0,6,6.845,50,88
f1_v2_branch,v2,agent,termo_empresa,name,asc,500,1,8.036,0,
f1_v2_branch,v2,agent,termo_empresa,name,asc,500,2,6.97,0,
f1_v2_branch,v2,agent,termo_empresa,name,asc,500,3,8.973,0,
f1_v2_branch,v2,agent,termo_empresa,name,asc,500,4,7.509,0,
f1_v2_branch,v2,agent,termo_empresa,name,asc,500,5,7.274,0,
f1_v2_branch,v2,agent,termo_empresa,name,asc,500,6,8.18,0,
f1_v2_branch,v2,agent,termo_empresa,name,desc,0,1,7.561,50,88
f1_v2_branch,v2,agent,termo_empresa,name,desc,0,2,9.261,50,88
f1_v2_branch,v2,agent,termo_empresa,name,desc,0,3,7.721,50,88
f1_v2_branch,v2,agent,termo_empresa,name,desc,0,4,8.292,50,88
f1_v2_branch,v2,agent,termo_empresa,name,desc,0,5,7.214,50,88
f1_v2_branch,v2,agent,termo_empresa,name,desc,0,6,7.917,50,88
f1_v2_branch,v2,agent,termo_empresa,name,desc,500,1,7.292,0,
f1_v2_branch,v2,agent,termo_empresa,name,desc,500,2,7.536,0,
f1_v2_branch,v2,agent,termo_empresa,name,desc,500,3,7.54,0,
f1_v2_branch,v2,agent,termo_empresa,name,desc,500,4,8.354,0,
f1_v2_branch,v2,agent,termo_empresa,name,desc,500,5,7.755,0,
f1_v2_branch,v2,agent,termo_empresa,name,desc,500,6,10.273,0,
f1_v2_branch,v2,agent,termo_empresa,created_at,asc,0,1,7.805,50,88
f1_v2_branch,v2,agent,termo_empresa,created_at,asc,0,2,9.681,50,88
f1_v2_branch,v2,agent,termo_empresa,created_at,asc,0,3,7.858,50,88
f1_v2_branch,v2,agent,termo_empresa,created_at,asc,0,4,8.522,50,88
f1_v2_branch,v2,agent,termo_empresa,created_at,asc,0,5,7.69,50,88
f1_v2_branch,v2,agent,termo_empresa,created_at,asc,0,6,8.481,50,88
f1_v2_branch,v2,agent,termo_empresa,created_at,asc,500,1,8.596,0,
f1_v2_branch,v2,agent,termo_empresa,created_at,asc,500,2,8.103,0,
f1_v2_branch,v2,agent,termo_empresa,created_at,asc,500,3,8.002,0,
f1_v2_branch,v2,agent,termo_empresa,created_at,asc,500,4,7.853,0,
f1_v2_branch,v2,agent,termo_empresa,created_at,asc,500,5,7.899,0,
f1_v2_branch,v2,agent,termo_empresa,created_at,asc,500,6,7.566,0,
f1_v2_branch,v2,agent,termo_empresa,created_at,desc,0,1,7.551,50,88
f1_v2_branch,v2,agent,termo_empresa,created_at,desc,0,2,7.506,50,88
f1_v2_branch,v2,agent,termo_empresa,created_at,desc,0,3,7.343,50,88
f1_v2_branch,v2,agent,termo_empresa,created_at,desc,0,4,8.183,50,88
f1_v2_branch,v2,agent,termo_empresa,created_at,desc,0,5,8.556,50,88
f1_v2_branch,v2,agent,termo_empresa,created_at,desc,0,6,7.795,50,88
f1_v2_branch,v2,agent,termo_empresa,created_at,desc,500,1,8.989,0,
f1_v2_branch,v2,agent,termo_empresa,created_at,desc,500,2,7.901,0,
f1_v2_branch,v2,agent,termo_empresa,created_at,desc,500,3,8.604,0,
f1_v2_branch,v2,agent,termo_empresa,created_at,desc,500,4,8.206,0,
f1_v2_branch,v2,agent,termo_empresa,created_at,desc,500,5,9.045,0,
f1_v2_branch,v2,agent,termo_empresa,created_at,desc,500,6,7.357,0,
f1_v2_branch,v2,agent,termo_empresa,company,asc,0,1,8.315,50,88
f1_v2_branch,v2,agent,termo_empresa,company,asc,0,2,7.163,50,88
f1_v2_branch,v2,agent,termo_empresa,company,asc,0,3,8.647,50,88
f1_v2_branch,v2,agent,termo_empresa,company,asc,0,4,7.329,50,88
f1_v2_branch,v2,agent,termo_empresa,company,asc,0,5,7.896,50,88
f1_v2_branch,v2,agent,termo_empresa,company,asc,0,6,7.628,50,88
f1_v2_branch,v2,agent,termo_empresa,company,asc,500,1,8.681,0,
f1_v2_branch,v2,agent,termo_empresa,company,asc,500,2,7.601,0,
f1_v2_branch,v2,agent,termo_empresa,company,asc,500,3,8.054,0,
f1_v2_branch,v2,agent,termo_empresa,company,asc,500,4,7.608,0,
f1_v2_branch,v2,agent,termo_empresa,company,asc,500,5,9.151,0,
f1_v2_branch,v2,agent,termo_empresa,company,asc,500,6,7.533,0,
f1_v2_branch,v2,agent,termo_empresa,company,desc,0,1,7.552,50,88
f1_v2_branch,v2,agent,termo_empresa,company,desc,0,2,7.86,50,88
f1_v2_branch,v2,agent,termo_empresa,company,desc,0,3,8.247,50,88
f1_v2_branch,v2,agent,termo_empresa,company,desc,0,4,8.31,50,88
f1_v2_branch,v2,agent,termo_empresa,company,desc,0,5,7.784,50,88
f1_v2_branch,v2,agent,termo_empresa,company,desc,0,6,8.793,50,88
f1_v2_branch,v2,agent,termo_empresa,company,desc,500,1,7.761,0,
f1_v2_branch,v2,agent,termo_empresa,company,desc,500,2,9.542,0,
f1_v2_branch,v2,agent,termo_empresa,company,desc,500,3,7.94,0,
f1_v2_branch,v2,agent,termo_empresa,company,desc,500,4,8.244,0,
f1_v2_branch,v2,agent,termo_empresa,company,desc,500,5,8.05,0,
f1_v2_branch,v2,agent,termo_empresa,company,desc,500,6,9.199,0,
f1_v2_branch,v2,agent,filtro_tipo,name,asc,0,1,4.833,50,158
f1_v2_branch,v2,agent,filtro_tipo,name,asc,0,2,4.576,50,158
f1_v2_branch,v2,agent,filtro_tipo,name,asc,0,3,4.771,50,158
f1_v2_branch,v2,agent,filtro_tipo,name,asc,0,4,5.359,50,158
f1_v2_branch,v2,agent,filtro_tipo,name,asc,0,5,5.181,50,158
f1_v2_branch,v2,agent,filtro_tipo,name,asc,0,6,5.085,50,158
f1_v2_branch,v2,agent,filtro_tipo,name,asc,500,1,5.712,0,
f1_v2_branch,v2,agent,filtro_tipo,name,asc,500,2,4.931,0,
f1_v2_branch,v2,agent,filtro_tipo,name,asc,500,3,4.844,0,
f1_v2_branch,v2,agent,filtro_tipo,name,asc,500,4,6.523,0,
f1_v2_branch,v2,agent,filtro_tipo,name,asc,500,5,5.198,0,
f1_v2_branch,v2,agent,filtro_tipo,name,asc,500,6,4.693,0,
f1_v2_branch,v2,agent,filtro_tipo,name,desc,0,1,4.804,50,158
f1_v2_branch,v2,agent,filtro_tipo,name,desc,0,2,5.245,50,158
f1_v2_branch,v2,agent,filtro_tipo,name,desc,0,3,5.377,50,158
f1_v2_branch,v2,agent,filtro_tipo,name,desc,0,4,4.666,50,158
f1_v2_branch,v2,agent,filtro_tipo,name,desc,0,5,4.975,50,158
f1_v2_branch,v2,agent,filtro_tipo,name,desc,0,6,5.155,50,158
f1_v2_branch,v2,agent,filtro_tipo,name,desc,500,1,5.553,0,
f1_v2_branch,v2,agent,filtro_tipo,name,desc,500,2,5.017,0,
f1_v2_branch,v2,agent,filtro_tipo,name,desc,500,3,5.223,0,
f1_v2_branch,v2,agent,filtro_tipo,name,desc,500,4,5.217,0,
f1_v2_branch,v2,agent,filtro_tipo,name,desc,500,5,5.436,0,
f1_v2_branch,v2,agent,filtro_tipo,name,desc,500,6,5.039,0,
f1_v2_branch,v2,agent,filtro_tipo,created_at,asc,0,1,4.504,50,158
f1_v2_branch,v2,agent,filtro_tipo,created_at,asc,0,2,5.113,50,158
f1_v2_branch,v2,agent,filtro_tipo,created_at,asc,0,3,5.221,50,158
f1_v2_branch,v2,agent,filtro_tipo,created_at,asc,0,4,4.785,50,158
f1_v2_branch,v2,agent,filtro_tipo,created_at,asc,0,5,4.614,50,158
f1_v2_branch,v2,agent,filtro_tipo,created_at,asc,0,6,5.063,50,158
f1_v2_branch,v2,agent,filtro_tipo,created_at,asc,500,1,4.678,0,
f1_v2_branch,v2,agent,filtro_tipo,created_at,asc,500,2,5.163,0,
f1_v2_branch,v2,agent,filtro_tipo,created_at,asc,500,3,4.862,0,
f1_v2_branch,v2,agent,filtro_tipo,created_at,asc,500,4,4.242,0,
f1_v2_branch,v2,agent,filtro_tipo,created_at,asc,500,5,5.453,0,
f1_v2_branch,v2,agent,filtro_tipo,created_at,asc,500,6,4.91,0,
f1_v2_branch,v2,agent,filtro_tipo,created_at,desc,0,1,4.587,50,158
f1_v2_branch,v2,agent,filtro_tipo,created_at,desc,0,2,4.453,50,158
f1_v2_branch,v2,agent,filtro_tipo,created_at,desc,0,3,5.167,50,158
f1_v2_branch,v2,agent,filtro_tipo,created_at,desc,0,4,4.916,50,158
f1_v2_branch,v2,agent,filtro_tipo,created_at,desc,0,5,4.286,50,158
f1_v2_branch,v2,agent,filtro_tipo,created_at,desc,0,6,4.236,50,158
f1_v2_branch,v2,agent,filtro_tipo,created_at,desc,500,1,4.332,0,
f1_v2_branch,v2,agent,filtro_tipo,created_at,desc,500,2,4.342,0,
f1_v2_branch,v2,agent,filtro_tipo,created_at,desc,500,3,5.475,0,
f1_v2_branch,v2,agent,filtro_tipo,created_at,desc,500,4,4.416,0,
f1_v2_branch,v2,agent,filtro_tipo,created_at,desc,500,5,4.207,0,
f1_v2_branch,v2,agent,filtro_tipo,created_at,desc,500,6,5.714,0,
f1_v2_branch,v2,agent,filtro_tipo,company,asc,0,1,4.795,50,158
f1_v2_branch,v2,agent,filtro_tipo,company,asc,0,2,5.266,50,158
f1_v2_branch,v2,agent,filtro_tipo,company,asc,0,3,4.393,50,158
f1_v2_branch,v2,agent,filtro_tipo,company,asc,0,4,4.374,50,158
f1_v2_branch,v2,agent,filtro_tipo,company,asc,0,5,4.892,50,158
f1_v2_branch,v2,agent,filtro_tipo,company,asc,0,6,4.887,50,158
f1_v2_branch,v2,agent,filtro_tipo,company,asc,500,1,5.503,0,
f1_v2_branch,v2,agent,filtro_tipo,company,asc,500,2,4.752,0,
f1_v2_branch,v2,agent,filtro_tipo,company,asc,500,3,4.065,0,
f1_v2_branch,v2,agent,filtro_tipo,company,asc,500,4,5.579,0,
f1_v2_branch,v2,agent,filtro_tipo,company,asc,500,5,4.743,0,
f1_v2_branch,v2,agent,filtro_tipo,company,asc,500,6,5.583,0,
f1_v2_branch,v2,agent,filtro_tipo,company,desc,0,1,4.498,50,158
f1_v2_branch,v2,agent,filtro_tipo,company,desc,0,2,4.579,50,158
f1_v2_branch,v2,agent,filtro_tipo,company,desc,0,3,5.9,50,158
f1_v2_branch,v2,agent,filtro_tipo,company,desc,0,4,5.048,50,158
f1_v2_branch,v2,agent,filtro_tipo,company,desc,0,5,4.21,50,158
f1_v2_branch,v2,agent,filtro_tipo,company,desc,0,6,5.182,50,158
f1_v2_branch,v2,agent,filtro_tipo,company,desc,500,1,4.663,0,
f1_v2_branch,v2,agent,filtro_tipo,company,desc,500,2,5.374,0,
f1_v2_branch,v2,agent,filtro_tipo,company,desc,500,3,4.6,0,
f1_v2_branch,v2,agent,filtro_tipo,company,desc,500,4,4.158,0,
f1_v2_branch,v2,agent,filtro_tipo,company,desc,500,5,5.247,0,
f1_v2_branch,v2,agent,filtro_tipo,company,desc,500,6,4.958,0,
f1_v2_branch,v2,agent,filtro_tag,name,asc,0,5,2.447,50,71
f1_v2_branch,v2,agent,filtro_tag,name,asc,0,1,3.488,50,71
f1_v2_branch,v2,agent,filtro_tag,name,asc,0,2,3.003,50,71
f1_v2_branch,v2,agent,filtro_tag,name,asc,0,3,2.89,50,71
f1_v2_branch,v2,agent,filtro_tag,name,asc,0,4,2.414,50,71
f1_v2_branch,v2,agent,filtro_tag,name,asc,0,6,2.796,50,71
f1_v2_branch,v2,agent,filtro_tag,name,asc,500,1,2.386,0,
f1_v2_branch,v2,agent,filtro_tag,name,asc,500,2,2.243,0,
f1_v2_branch,v2,agent,filtro_tag,name,asc,500,3,2.096,0,
f1_v2_branch,v2,agent,filtro_tag,name,asc,500,4,2.819,0,
f1_v2_branch,v2,agent,filtro_tag,name,asc,500,5,3.635,0,
f1_v2_branch,v2,agent,filtro_tag,name,asc,500,6,3.339,0,
f1_v2_branch,v2,agent,filtro_tag,name,desc,0,1,2.438,50,71
f1_v2_branch,v2,agent,filtro_tag,name,desc,0,2,3.194,50,71
f1_v2_branch,v2,agent,filtro_tag,name,desc,0,3,3.12,50,71
f1_v2_branch,v2,agent,filtro_tag,name,desc,0,4,2.49,50,71
f1_v2_branch,v2,agent,filtro_tag,name,desc,0,5,2.401,50,71
f1_v2_branch,v2,agent,filtro_tag,name,desc,0,6,2.346,50,71
f1_v2_branch,v2,agent,filtro_tag,name,desc,500,1,4.19,0,
f1_v2_branch,v2,agent,filtro_tag,name,desc,500,2,2.76,0,
f1_v2_branch,v2,agent,filtro_tag,name,desc,500,3,2.941,0,
f1_v2_branch,v2,agent,filtro_tag,name,desc,500,4,2.676,0,
f1_v2_branch,v2,agent,filtro_tag,name,desc,500,5,2.447,0,
f1_v2_branch,v2,agent,filtro_tag,name,desc,500,6,3.924,0,
f1_v2_branch,v2,agent,filtro_tag,created_at,asc,0,1,3.214,50,71
f1_v2_branch,v2,agent,filtro_tag,created_at,asc,0,2,2.711,50,71
f1_v2_branch,v2,agent,filtro_tag,created_at,asc,0,3,3.037,50,71
f1_v2_branch,v2,agent,filtro_tag,created_at,asc,0,4,2.959,50,71
f1_v2_branch,v2,agent,filtro_tag,created_at,asc,0,5,3.61,50,71
f1_v2_branch,v2,agent,filtro_tag,created_at,asc,0,6,2.886,50,71
f1_v2_branch,v2,agent,filtro_tag,created_at,asc,500,1,3.071,0,
f1_v2_branch,v2,agent,filtro_tag,created_at,asc,500,2,2.784,0,
f1_v2_branch,v2,agent,filtro_tag,created_at,asc,500,3,2.548,0,
f1_v2_branch,v2,agent,filtro_tag,created_at,asc,500,4,2.543,0,
f1_v2_branch,v2,agent,filtro_tag,created_at,asc,500,5,2.546,0,
f1_v2_branch,v2,agent,filtro_tag,created_at,asc,500,6,2.425,0,
f1_v2_branch,v2,agent,filtro_tag,created_at,desc,0,1,2.442,50,71
f1_v2_branch,v2,agent,filtro_tag,created_at,desc,0,2,2.523,50,71
f1_v2_branch,v2,agent,filtro_tag,created_at,desc,0,3,2.28,50,71
f1_v2_branch,v2,agent,filtro_tag,created_at,desc,0,4,3.086,50,71
f1_v2_branch,v2,agent,filtro_tag,created_at,desc,0,5,3.36,50,71
f1_v2_branch,v2,agent,filtro_tag,created_at,desc,0,6,2.579,50,71
f1_v2_branch,v2,agent,filtro_tag,created_at,desc,500,1,2.333,0,
f1_v2_branch,v2,agent,filtro_tag,created_at,desc,500,2,2.647,0,
f1_v2_branch,v2,agent,filtro_tag,created_at,desc,500,3,4.207,0,
f1_v2_branch,v2,agent,filtro_tag,created_at,desc,500,4,3.056,0,
f1_v2_branch,v2,agent,filtro_tag,created_at,desc,500,5,2.443,0,
f1_v2_branch,v2,agent,filtro_tag,created_at,desc,500,6,2.338,0,
f1_v2_branch,v2,agent,filtro_tag,company,asc,0,1,3.898,50,71
f1_v2_branch,v2,agent,filtro_tag,company,asc,0,2,2.953,50,71
f1_v2_branch,v2,agent,filtro_tag,company,asc,0,3,2.422,50,71
f1_v2_branch,v2,agent,filtro_tag,company,asc,0,4,2.41,50,71
f1_v2_branch,v2,agent,filtro_tag,company,asc,0,5,2.722,50,71
f1_v2_branch,v2,agent,filtro_tag,company,asc,0,6,3.371,50,71
f1_v2_branch,v2,agent,filtro_tag,company,asc,500,1,3.535,0,
f1_v2_branch,v2,agent,filtro_tag,company,asc,500,2,2.637,0,
f1_v2_branch,v2,agent,filtro_tag,company,asc,500,3,2.555,0,
f1_v2_branch,v2,agent,filtro_tag,company,asc,500,4,2.85,0,
f1_v2_branch,v2,agent,filtro_tag,company,asc,500,5,2.945,0,
f1_v2_branch,v2,agent,filtro_tag,company,asc,500,6,2.869,0,
f1_v2_branch,v2,agent,filtro_tag,company,desc,0,1,2.622,50,71
f1_v2_branch,v2,agent,filtro_tag,company,desc,0,2,2.572,50,71
f1_v2_branch,v2,agent,filtro_tag,company,desc,0,3,2.874,50,71
f1_v2_branch,v2,agent,filtro_tag,company,desc,0,4,2.604,50,71
f1_v2_branch,v2,agent,filtro_tag,company,desc,0,5,2.201,50,71
f1_v2_branch,v2,agent,filtro_tag,company,desc,0,6,2.329,50,71
f1_v2_branch,v2,agent,filtro_tag,company,desc,500,1,2.705,0,
f1_v2_branch,v2,agent,filtro_tag,company,desc,500,2,2.483,0,
f1_v2_branch,v2,agent,filtro_tag,company,desc,500,3,2.294,0,
f1_v2_branch,v2,agent,filtro_tag,company,desc,500,4,1.991,0,
f1_v2_branch,v2,agent,filtro_tag,company,desc,500,5,2.172,0,
f1_v2_branch,v2,agent,filtro_tag,company,desc,500,6,2.17,0,
f1_v2_branch,v2,agent,intervalo_data,name,asc,0,1,4.435,50,207
f1_v2_branch,v2,agent,intervalo_data,name,asc,0,2,4.838,50,207
f1_v2_branch,v2,agent,intervalo_data,name,asc,0,3,5.033,50,207
f1_v2_branch,v2,agent,intervalo_data,name,asc,0,4,4.582,50,207
f1_v2_branch,v2,agent,intervalo_data,name,asc,0,5,4.208,50,207
f1_v2_branch,v2,agent,intervalo_data,name,asc,0,6,4.469,50,207
f1_v2_branch,v2,agent,intervalo_data,name,asc,500,1,4.24,0,
f1_v2_branch,v2,agent,intervalo_data,name,asc,500,2,5.48,0,
f1_v2_branch,v2,agent,intervalo_data,name,asc,500,3,4.503,0,
f1_v2_branch,v2,agent,intervalo_data,name,asc,500,4,4.441,0,
f1_v2_branch,v2,agent,intervalo_data,name,asc,500,5,4.407,0,
f1_v2_branch,v2,agent,intervalo_data,name,asc,500,6,6.236,0,
f1_v2_branch,v2,agent,intervalo_data,name,desc,0,1,4.979,50,207
f1_v2_branch,v2,agent,intervalo_data,name,desc,0,2,4.534,50,207
f1_v2_branch,v2,agent,intervalo_data,name,desc,0,3,4.38,50,207
f1_v2_branch,v2,agent,intervalo_data,name,desc,0,4,5.109,50,207
f1_v2_branch,v2,agent,intervalo_data,name,desc,0,5,5.933,50,207
f1_v2_branch,v2,agent,intervalo_data,name,desc,0,6,4.981,50,207
f1_v2_branch,v2,agent,intervalo_data,name,desc,500,1,4.87,0,
f1_v2_branch,v2,agent,intervalo_data,name,desc,500,2,7.903,0,
f1_v2_branch,v2,agent,intervalo_data,name,desc,500,3,5.488,0,
f1_v2_branch,v2,agent,intervalo_data,name,desc,500,4,4.947,0,
f1_v2_branch,v2,agent,intervalo_data,name,desc,500,5,6.506,0,
f1_v2_branch,v2,agent,intervalo_data,name,desc,500,6,4.928,0,
f1_v2_branch,v2,agent,intervalo_data,created_at,asc,0,1,4.983,50,207
f1_v2_branch,v2,agent,intervalo_data,created_at,asc,0,2,5.174,50,207
f1_v2_branch,v2,agent,intervalo_data,created_at,asc,0,3,4.934,50,207
f1_v2_branch,v2,agent,intervalo_data,created_at,asc,0,4,5.411,50,207
f1_v2_branch,v2,agent,intervalo_data,created_at,asc,0,5,4.973,50,207
f1_v2_branch,v2,agent,intervalo_data,created_at,asc,0,6,4.595,50,207
f1_v2_branch,v2,agent,intervalo_data,created_at,asc,500,1,12.317,0,
f1_v2_branch,v2,agent,intervalo_data,created_at,asc,500,2,5.365,0,
f1_v2_branch,v2,agent,intervalo_data,created_at,asc,500,3,7.824,0,
f1_v2_branch,v2,agent,intervalo_data,created_at,asc,500,4,7.236,0,
f1_v2_branch,v2,agent,intervalo_data,created_at,asc,500,5,5.409,0,
f1_v2_branch,v2,agent,intervalo_data,created_at,asc,500,6,5.135,0,
f1_v2_branch,v2,agent,intervalo_data,created_at,desc,0,1,5.867,50,207
f1_v2_branch,v2,agent,intervalo_data,created_at,desc,0,2,5.469,50,207
f1_v2_branch,v2,agent,intervalo_data,created_at,desc,0,3,5.369,50,207
f1_v2_branch,v2,agent,intervalo_data,created_at,desc,0,4,6.696,50,207
f1_v2_branch,v2,agent,intervalo_data,created_at,desc,0,5,8.94,50,207
f1_v2_branch,v2,agent,intervalo_data,created_at,desc,0,6,5.567,50,207
f1_v2_branch,v2,agent,intervalo_data,created_at,desc,500,1,5.379,0,
f1_v2_branch,v2,agent,intervalo_data,created_at,desc,500,2,4.968,0,
f1_v2_branch,v2,agent,intervalo_data,created_at,desc,500,3,4.907,0,
f1_v2_branch,v2,agent,intervalo_data,created_at,desc,500,4,4.99,0,
f1_v2_branch,v2,agent,intervalo_data,created_at,desc,500,5,5.004,0,
f1_v2_branch,v2,agent,intervalo_data,created_at,desc,500,6,4.771,0,
f1_v2_branch,v2,agent,intervalo_data,company,asc,0,1,4.672,50,207
f1_v2_branch,v2,agent,intervalo_data,company,asc,0,2,6.968,50,207
f1_v2_branch,v2,agent,intervalo_data,company,asc,0,3,7.356,50,207
f1_v2_branch,v2,agent,intervalo_data,company,asc,0,4,5.107,50,207
f1_v2_branch,v2,agent,intervalo_data,company,asc,0,5,4.947,50,207
f1_v2_branch,v2,agent,intervalo_data,company,asc,0,6,4.975,50,207
f1_v2_branch,v2,agent,intervalo_data,company,asc,500,1,5.176,0,
f1_v2_branch,v2,agent,intervalo_data,company,asc,500,2,4.612,0,
f1_v2_branch,v2,agent,intervalo_data,company,asc,500,3,5.07,0,
f1_v2_branch,v2,agent,intervalo_data,company,asc,500,4,5.013,0,
f1_v2_branch,v2,agent,intervalo_data,company,asc,500,5,4.872,0,
f1_v2_branch,v2,agent,intervalo_data,company,asc,500,6,4.784,0,
f1_v2_branch,v2,agent,intervalo_data,company,desc,0,1,4.782,50,207
f1_v2_branch,v2,agent,intervalo_data,company,desc,0,2,4.504,50,207
f1_v2_branch,v2,agent,intervalo_data,company,desc,0,3,5.216,50,207
f1_v2_branch,v2,agent,intervalo_data,company,desc,0,4,4.321,50,207
f1_v2_branch,v2,agent,intervalo_data,company,desc,0,5,4.564,50,207
f1_v2_branch,v2,agent,intervalo_data,company,desc,0,6,5.893,50,207
f1_v2_branch,v2,agent,intervalo_data,company,desc,500,1,5.756,0,
f1_v2_branch,v2,agent,intervalo_data,company,desc,500,2,5.486,0,
f1_v2_branch,v2,agent,intervalo_data,company,desc,500,3,5.818,0,
f1_v2_branch,v2,agent,intervalo_data,company,desc,500,4,5.446,0,
f1_v2_branch,v2,agent,intervalo_data,company,desc,500,5,5.68,0,
f1_v2_branch,v2,agent,intervalo_data,company,desc,500,6,5.787,0,
f1_v2_branch,v2,agent,combinado,name,asc,0,1,0.975,1,1
f1_v2_branch,v2,agent,combinado,name,asc,0,2,0.857,1,1
f1_v2_branch,v2,agent,combinado,name,asc,0,3,0.749,1,1
f1_v2_branch,v2,agent,combinado,name,asc,0,4,0.704,1,1
f1_v2_branch,v2,agent,combinado,name,asc,0,5,0.603,1,1
f1_v2_branch,v2,agent,combinado,name,asc,0,6,0.66,1,1
f1_v2_branch,v2,agent,combinado,name,asc,500,1,1.057,0,
f1_v2_branch,v2,agent,combinado,name,asc,500,2,0.948,0,
f1_v2_branch,v2,agent,combinado,name,asc,500,3,0.775,0,
f1_v2_branch,v2,agent,combinado,name,asc,500,4,0.72,0,
f1_v2_branch,v2,agent,combinado,name,asc,500,5,0.666,0,
f1_v2_branch,v2,agent,combinado,name,asc,500,6,0.698,0,
f1_v2_branch,v2,agent,combinado,name,desc,0,1,0.728,1,1
f1_v2_branch,v2,agent,combinado,name,desc,0,2,0.686,1,1
f1_v2_branch,v2,agent,combinado,name,desc,0,3,0.707,1,1
f1_v2_branch,v2,agent,combinado,name,desc,0,4,0.646,1,1
f1_v2_branch,v2,agent,combinado,name,desc,0,5,0.606,1,1
f1_v2_branch,v2,agent,combinado,name,desc,0,6,0.62,1,1
f1_v2_branch,v2,agent,combinado,name,desc,500,1,0.644,0,
f1_v2_branch,v2,agent,combinado,name,desc,500,2,0.635,0,
f1_v2_branch,v2,agent,combinado,name,desc,500,3,0.624,0,
f1_v2_branch,v2,agent,combinado,name,desc,500,4,0.676,0,
f1_v2_branch,v2,agent,combinado,name,desc,500,5,0.706,0,
f1_v2_branch,v2,agent,combinado,name,desc,500,6,0.66,0,
f1_v2_branch,v2,agent,combinado,created_at,asc,0,1,0.856,1,1
f1_v2_branch,v2,agent,combinado,created_at,asc,0,2,0.801,1,1
f1_v2_branch,v2,agent,combinado,created_at,asc,0,3,0.684,1,1
f1_v2_branch,v2,agent,combinado,created_at,asc,0,4,0.634,1,1
f1_v2_branch,v2,agent,combinado,created_at,asc,0,5,0.664,1,1
f1_v2_branch,v2,agent,combinado,created_at,asc,0,6,0.677,1,1
f1_v2_branch,v2,agent,combinado,created_at,asc,500,1,0.69,0,
f1_v2_branch,v2,agent,combinado,created_at,asc,500,2,0.816,0,
f1_v2_branch,v2,agent,combinado,created_at,asc,500,3,0.76,0,
f1_v2_branch,v2,agent,combinado,created_at,asc,500,4,0.737,0,
f1_v2_branch,v2,agent,combinado,created_at,asc,500,5,0.744,0,
f1_v2_branch,v2,agent,combinado,created_at,asc,500,6,0.665,0,
f1_v2_branch,v2,agent,combinado,created_at,desc,0,1,0.51,1,1
f1_v2_branch,v2,agent,combinado,created_at,desc,0,2,0.595,1,1
f1_v2_branch,v2,agent,combinado,created_at,desc,0,3,0.65,1,1
f1_v2_branch,v2,agent,combinado,created_at,desc,0,4,0.597,1,1
f1_v2_branch,v2,agent,combinado,created_at,desc,0,5,0.587,1,1
f1_v2_branch,v2,agent,combinado,created_at,desc,0,6,0.554,1,1
f1_v2_branch,v2,agent,combinado,created_at,desc,500,1,0.89,0,
f1_v2_branch,v2,agent,combinado,created_at,desc,500,2,0.705,0,
f1_v2_branch,v2,agent,combinado,created_at,desc,500,3,0.59,0,
f1_v2_branch,v2,agent,combinado,created_at,desc,500,4,0.579,0,
f1_v2_branch,v2,agent,combinado,created_at,desc,500,5,0.638,0,
f1_v2_branch,v2,agent,combinado,created_at,desc,500,6,0.63,0,
f1_v2_branch,v2,agent,combinado,company,asc,0,1,0.807,1,1
f1_v2_branch,v2,agent,combinado,company,asc,0,2,0.826,1,1
f1_v2_branch,v2,agent,combinado,company,asc,0,3,0.647,1,1
f1_v2_branch,v2,agent,combinado,company,asc,0,4,0.729,1,1
f1_v2_branch,v2,agent,combinado,company,asc,0,5,0.641,1,1
f1_v2_branch,v2,agent,combinado,company,asc,0,6,0.645,1,1
f1_v2_branch,v2,agent,combinado,company,asc,500,1,0.627,0,
f1_v2_branch,v2,agent,combinado,company,asc,500,2,0.636,0,
f1_v2_branch,v2,agent,combinado,company,asc,500,3,0.631,0,
f1_v2_branch,v2,agent,combinado,company,asc,500,4,0.764,0,
f1_v2_branch,v2,agent,combinado,company,asc,500,5,0.651,0,
f1_v2_branch,v2,agent,combinado,company,asc,500,6,0.59,0,
f1_v2_branch,v2,agent,combinado,company,desc,0,1,0.582,1,1
f1_v2_branch,v2,agent,combinado,company,desc,0,2,0.608,1,1
f1_v2_branch,v2,agent,combinado,company,desc,0,3,0.623,1,1
f1_v2_branch,v2,agent,combinado,company,desc,0,4,0.58,1,1
f1_v2_branch,v2,agent,combinado,company,desc,0,5,0.614,1,1
f1_v2_branch,v2,agent,combinado,company,desc,0,6,0.643,1,1
f1_v2_branch,v2,agent,combinado,company,desc,500,1,0.59,0,
f1_v2_branch,v2,agent,combinado,company,desc,500,2,0.618,0,
f1_v2_branch,v2,agent,combinado,company,desc,500,3,0.649,0,
f1_v2_branch,v2,agent,combinado,company,desc,500,4,0.598,0,
f1_v2_branch,v2,agent,combinado,company,desc,500,5,0.569,0,
f1_v2_branch,v2,agent,combinado,company,desc,500,6,0.526,0,
f1_v0_admin,v0,admin,__overhead_wrapper__,-,-,-1,0,0.33,0,0
f1_v0_admin,v0,admin,sem_filtro,name,asc,0,1,17.924,50,2869
f1_v0_admin,v0,admin,sem_filtro,name,asc,0,2,16.55,50,2869
f1_v0_admin,v0,admin,sem_filtro,name,asc,0,3,16.865,50,2869
f1_v0_admin,v0,admin,sem_filtro,name,asc,0,4,16.946,50,2869
f1_v0_admin,v0,admin,sem_filtro,name,asc,0,5,17.927,50,2869
f1_v0_admin,v0,admin,sem_filtro,name,asc,0,6,16.775,50,2869
f1_v0_admin,v0,admin,sem_filtro,name,asc,500,1,18.778,50,2869
f1_v0_admin,v0,admin,sem_filtro,name,asc,500,2,18.168,50,2869
f1_v0_admin,v0,admin,sem_filtro,name,asc,500,3,18.365,50,2869
f1_v0_admin,v0,admin,sem_filtro,name,asc,500,4,18.102,50,2869
f1_v0_admin,v0,admin,sem_filtro,name,asc,500,5,18.128,50,2869
f1_v0_admin,v0,admin,sem_filtro,name,asc,500,6,17.364,50,2869
f1_v0_admin,v0,admin,sem_filtro,name,desc,0,1,17.403,50,2869
f1_v0_admin,v0,admin,sem_filtro,name,desc,0,2,17.283,50,2869
f1_v0_admin,v0,admin,sem_filtro,name,desc,0,3,17.019,50,2869
f1_v0_admin,v0,admin,sem_filtro,name,desc,0,4,16.774,50,2869
f1_v0_admin,v0,admin,sem_filtro,name,desc,0,5,16.95,50,2869
f1_v0_admin,v0,admin,sem_filtro,name,desc,0,6,16.585,50,2869
f1_v0_admin,v0,admin,sem_filtro,name,desc,500,1,20.234,50,2869
f1_v0_admin,v0,admin,sem_filtro,name,desc,500,2,17.127,50,2869
f1_v0_admin,v0,admin,sem_filtro,name,desc,500,3,17.933,50,2869
f1_v0_admin,v0,admin,sem_filtro,name,desc,500,4,17.439,50,2869
f1_v0_admin,v0,admin,sem_filtro,name,desc,500,5,16.601,50,2869
f1_v0_admin,v0,admin,sem_filtro,name,desc,500,6,16.161,50,2869
f1_v0_admin,v0,admin,sem_filtro,created_at,asc,0,1,14.957,50,2869
f1_v0_admin,v0,admin,sem_filtro,created_at,asc,0,2,15.639,50,2869
f1_v0_admin,v0,admin,sem_filtro,created_at,asc,0,3,15.155,50,2869
f1_v0_admin,v0,admin,sem_filtro,created_at,asc,0,4,15.373,50,2869
f1_v0_admin,v0,admin,sem_filtro,created_at,asc,0,5,14.886,50,2869
f1_v0_admin,v0,admin,sem_filtro,created_at,asc,0,6,15.355,50,2869
f1_v0_admin,v0,admin,sem_filtro,created_at,asc,500,1,15.323,50,2869
f1_v0_admin,v0,admin,sem_filtro,created_at,asc,500,2,15.038,50,2869
f1_v0_admin,v0,admin,sem_filtro,created_at,asc,500,3,16.866,50,2869
f1_v0_admin,v0,admin,sem_filtro,created_at,asc,500,4,16.299,50,2869
f1_v0_admin,v0,admin,sem_filtro,created_at,asc,500,5,16.261,50,2869
f1_v0_admin,v0,admin,sem_filtro,created_at,asc,500,6,15.523,50,2869
f1_v0_admin,v0,admin,sem_filtro,created_at,desc,0,1,15.093,50,2869
f1_v0_admin,v0,admin,sem_filtro,created_at,desc,0,2,14.903,50,2869
f1_v0_admin,v0,admin,sem_filtro,created_at,desc,0,3,14.812,50,2869
f1_v0_admin,v0,admin,sem_filtro,created_at,desc,0,4,16.147,50,2869
f1_v0_admin,v0,admin,sem_filtro,created_at,desc,0,5,15.686,50,2869
f1_v0_admin,v0,admin,sem_filtro,created_at,desc,0,6,16.009,50,2869
f1_v0_admin,v0,admin,sem_filtro,created_at,desc,500,1,15.449,50,2869
f1_v0_admin,v0,admin,sem_filtro,created_at,desc,500,2,15.522,50,2869
f1_v0_admin,v0,admin,sem_filtro,created_at,desc,500,3,15.941,50,2869
f1_v0_admin,v0,admin,sem_filtro,created_at,desc,500,4,15.264,50,2869
f1_v0_admin,v0,admin,sem_filtro,created_at,desc,500,5,15.703,50,2869
f1_v0_admin,v0,admin,sem_filtro,created_at,desc,500,6,15.793,50,2869
f1_v0_admin,v0,admin,sem_filtro,company,asc,0,1,16.216,50,2869
f1_v0_admin,v0,admin,sem_filtro,company,asc,0,2,15.994,50,2869
f1_v0_admin,v0,admin,sem_filtro,company,asc,0,3,15.599,50,2869
f1_v0_admin,v0,admin,sem_filtro,company,asc,0,4,15.632,50,2869
f1_v0_admin,v0,admin,sem_filtro,company,asc,0,5,17.866,50,2869
f1_v0_admin,v0,admin,sem_filtro,company,asc,0,6,16.82,50,2869
f1_v0_admin,v0,admin,sem_filtro,company,asc,500,1,17.277,50,2869
f1_v0_admin,v0,admin,sem_filtro,company,asc,500,2,16.663,50,2869
f1_v0_admin,v0,admin,sem_filtro,company,asc,500,3,16.904,50,2869
f1_v0_admin,v0,admin,sem_filtro,company,asc,500,4,16.608,50,2869
f1_v0_admin,v0,admin,sem_filtro,company,asc,500,5,16.889,50,2869
f1_v0_admin,v0,admin,sem_filtro,company,asc,500,6,17.312,50,2869
f1_v0_admin,v0,admin,sem_filtro,company,desc,0,1,16.313,50,2869
f1_v0_admin,v0,admin,sem_filtro,company,desc,0,2,15.936,50,2869
f1_v0_admin,v0,admin,sem_filtro,company,desc,0,3,15.697,50,2869
f1_v0_admin,v0,admin,sem_filtro,company,desc,0,4,16.142,50,2869
f1_v0_admin,v0,admin,sem_filtro,company,desc,0,5,17.184,50,2869
f1_v0_admin,v0,admin,sem_filtro,company,desc,0,6,15.559,50,2869
f1_v0_admin,v0,admin,sem_filtro,company,desc,500,1,18.697,50,2869
f1_v0_admin,v0,admin,sem_filtro,company,desc,500,2,17.999,50,2869
f1_v0_admin,v0,admin,sem_filtro,company,desc,500,3,17.041,50,2869
f1_v0_admin,v0,admin,sem_filtro,company,desc,500,4,17.803,50,2869
f1_v0_admin,v0,admin,sem_filtro,company,desc,500,5,16.983,50,2869
f1_v0_admin,v0,admin,sem_filtro,company,desc,500,6,16.765,50,2869
f1_v0_admin,v0,admin,termo_nome_5ch,name,asc,0,1,6.33,50,342
f1_v0_admin,v0,admin,termo_nome_5ch,name,asc,0,2,5.953,50,342
f1_v0_admin,v0,admin,termo_nome_5ch,name,asc,0,3,5.954,50,342
f1_v0_admin,v0,admin,termo_nome_5ch,name,asc,0,4,6.249,50,342
f1_v0_admin,v0,admin,termo_nome_5ch,name,asc,0,5,5.837,50,342
f1_v0_admin,v0,admin,termo_nome_5ch,name,asc,0,6,5.946,50,342
f1_v0_admin,v0,admin,termo_nome_5ch,name,asc,500,1,5.836,0,
f1_v0_admin,v0,admin,termo_nome_5ch,name,asc,500,2,5.943,0,
f1_v0_admin,v0,admin,termo_nome_5ch,name,asc,500,3,5.658,0,
f1_v0_admin,v0,admin,termo_nome_5ch,name,asc,500,4,6.015,0,
f1_v0_admin,v0,admin,termo_nome_5ch,name,asc,500,5,5.807,0,
f1_v0_admin,v0,admin,termo_nome_5ch,name,asc,500,6,5.476,0,
f1_v0_admin,v0,admin,termo_nome_5ch,name,desc,0,1,5.997,50,342
f1_v0_admin,v0,admin,termo_nome_5ch,name,desc,0,2,5.76,50,342
f1_v0_admin,v0,admin,termo_nome_5ch,name,desc,0,3,5.839,50,342
f1_v0_admin,v0,admin,termo_nome_5ch,name,desc,0,4,7.018,50,342
f1_v0_admin,v0,admin,termo_nome_5ch,name,desc,0,5,6.146,50,342
f1_v0_admin,v0,admin,termo_nome_5ch,name,desc,0,6,6.452,50,342
f1_v0_admin,v0,admin,termo_nome_5ch,name,desc,500,1,6.155,0,
f1_v0_admin,v0,admin,termo_nome_5ch,name,desc,500,2,7.031,0,
f1_v0_admin,v0,admin,termo_nome_5ch,name,desc,500,3,6.32,0,
f1_v0_admin,v0,admin,termo_nome_5ch,name,desc,500,4,7.532,0,
f1_v0_admin,v0,admin,termo_nome_5ch,name,desc,500,5,8.073,0,
f1_v0_admin,v0,admin,termo_nome_5ch,name,desc,500,6,7.625,0,
f1_v0_admin,v0,admin,termo_nome_5ch,created_at,asc,0,1,6.811,50,342
f1_v0_admin,v0,admin,termo_nome_5ch,created_at,asc,0,2,6.117,50,342
f1_v0_admin,v0,admin,termo_nome_5ch,created_at,asc,0,3,6.527,50,342
f1_v0_admin,v0,admin,termo_nome_5ch,created_at,asc,0,4,6.334,50,342
f1_v0_admin,v0,admin,termo_nome_5ch,created_at,asc,0,5,5.842,50,342
f1_v0_admin,v0,admin,termo_nome_5ch,created_at,asc,0,6,6.409,50,342
f1_v0_admin,v0,admin,termo_nome_5ch,created_at,asc,500,1,6.145,0,
f1_v0_admin,v0,admin,termo_nome_5ch,created_at,asc,500,2,5.555,0,
f1_v0_admin,v0,admin,termo_nome_5ch,created_at,asc,500,3,6.771,0,
f1_v0_admin,v0,admin,termo_nome_5ch,created_at,asc,500,4,5.841,0,
f1_v0_admin,v0,admin,termo_nome_5ch,created_at,asc,500,5,5.563,0,
f1_v0_admin,v0,admin,termo_nome_5ch,created_at,asc,500,6,6.197,0,
f1_v0_admin,v0,admin,termo_nome_5ch,created_at,desc,0,1,6.208,50,342
f1_v0_admin,v0,admin,termo_nome_5ch,created_at,desc,0,2,6.132,50,342
f1_v0_admin,v0,admin,termo_nome_5ch,created_at,desc,0,3,7.574,50,342
f1_v0_admin,v0,admin,termo_nome_5ch,created_at,desc,0,4,6.255,50,342
f1_v0_admin,v0,admin,termo_nome_5ch,created_at,desc,0,5,6.219,50,342
f1_v0_admin,v0,admin,termo_nome_5ch,created_at,desc,0,6,6.498,50,342
f1_v0_admin,v0,admin,termo_nome_5ch,created_at,desc,500,1,6.608,0,
f1_v0_admin,v0,admin,termo_nome_5ch,created_at,desc,500,2,6.948,0,
f1_v0_admin,v0,admin,termo_nome_5ch,created_at,desc,500,3,7.008,0,
f1_v0_admin,v0,admin,termo_nome_5ch,created_at,desc,500,4,6.521,0,
f1_v0_admin,v0,admin,termo_nome_5ch,created_at,desc,500,5,7.424,0,
f1_v0_admin,v0,admin,termo_nome_5ch,created_at,desc,500,6,6.848,0,
f1_v0_admin,v0,admin,termo_nome_5ch,company,asc,0,1,6.234,50,342
f1_v0_admin,v0,admin,termo_nome_5ch,company,asc,0,2,6.606,50,342
f1_v0_admin,v0,admin,termo_nome_5ch,company,asc,0,3,6.404,50,342
f1_v0_admin,v0,admin,termo_nome_5ch,company,asc,0,4,5.777,50,342
f1_v0_admin,v0,admin,termo_nome_5ch,company,asc,0,5,6.563,50,342
f1_v0_admin,v0,admin,termo_nome_5ch,company,asc,0,6,5.775,50,342
f1_v0_admin,v0,admin,termo_nome_5ch,company,asc,500,1,5.709,0,
f1_v0_admin,v0,admin,termo_nome_5ch,company,asc,500,2,6.257,0,
f1_v0_admin,v0,admin,termo_nome_5ch,company,asc,500,3,5.996,0,
f1_v0_admin,v0,admin,termo_nome_5ch,company,asc,500,4,5.761,0,
f1_v0_admin,v0,admin,termo_nome_5ch,company,asc,500,5,7.127,0,
f1_v0_admin,v0,admin,termo_nome_5ch,company,asc,500,6,7.572,0,
f1_v0_admin,v0,admin,termo_nome_5ch,company,desc,0,1,6.257,50,342
f1_v0_admin,v0,admin,termo_nome_5ch,company,desc,0,2,6.454,50,342
f1_v0_admin,v0,admin,termo_nome_5ch,company,desc,0,3,5.831,50,342
f1_v0_admin,v0,admin,termo_nome_5ch,company,desc,0,4,6.202,50,342
f1_v0_admin,v0,admin,termo_nome_5ch,company,desc,0,5,6.165,50,342
f1_v0_admin,v0,admin,termo_nome_5ch,company,desc,0,6,6.364,50,342
f1_v0_admin,v0,admin,termo_nome_5ch,company,desc,500,1,7.104,0,
f1_v0_admin,v0,admin,termo_nome_5ch,company,desc,500,2,6.246,0,
f1_v0_admin,v0,admin,termo_nome_5ch,company,desc,500,3,6.185,0,
f1_v0_admin,v0,admin,termo_nome_5ch,company,desc,500,4,6.33,0,
f1_v0_admin,v0,admin,termo_nome_5ch,company,desc,500,5,6.018,0,
f1_v0_admin,v0,admin,termo_nome_5ch,company,desc,500,6,6.405,0,
f1_v0_admin,v0,admin,combinado,name,asc,0,1,0.69,2,2
f1_v0_admin,v0,admin,combinado,name,asc,0,2,0.601,2,2
f1_v0_admin,v0,admin,combinado,name,asc,0,3,0.565,2,2
f1_v0_admin,v0,admin,combinado,name,asc,0,4,0.593,2,2
f1_v0_admin,v0,admin,combinado,name,asc,0,5,0.676,2,2
f1_v0_admin,v0,admin,combinado,name,asc,0,6,0.686,2,2
f1_v0_admin,v0,admin,combinado,name,asc,500,1,0.868,0,
f1_v0_admin,v0,admin,combinado,name,asc,500,2,1.178,0,
f1_v0_admin,v0,admin,combinado,name,asc,500,3,0.752,0,
f1_v0_admin,v0,admin,combinado,name,asc,500,4,0.703,0,
f1_v0_admin,v0,admin,combinado,name,asc,500,5,0.865,0,
f1_v0_admin,v0,admin,combinado,name,asc,500,6,0.746,0,
f1_v0_admin,v0,admin,combinado,name,desc,0,1,0.916,2,2
f1_v0_admin,v0,admin,combinado,name,desc,0,2,0.919,2,2
f1_v0_admin,v0,admin,combinado,name,desc,0,3,0.844,2,2
f1_v0_admin,v0,admin,combinado,name,desc,0,4,0.666,2,2
f1_v0_admin,v0,admin,combinado,name,desc,0,5,0.641,2,2
f1_v0_admin,v0,admin,combinado,name,desc,0,6,0.739,2,2
f1_v0_admin,v0,admin,combinado,name,desc,500,1,0.678,0,
f1_v0_admin,v0,admin,combinado,name,desc,500,2,0.606,0,
f1_v0_admin,v0,admin,combinado,name,desc,500,3,0.597,0,
f1_v0_admin,v0,admin,combinado,name,desc,500,4,0.576,0,
f1_v0_admin,v0,admin,combinado,name,desc,500,5,0.609,0,
f1_v0_admin,v0,admin,combinado,name,desc,500,6,0.58,0,
f1_v0_admin,v0,admin,combinado,created_at,asc,0,1,0.665,2,2
f1_v0_admin,v0,admin,combinado,created_at,asc,0,2,0.735,2,2
f1_v0_admin,v0,admin,combinado,created_at,asc,0,3,0.727,2,2
f1_v0_admin,v0,admin,combinado,created_at,asc,0,4,0.905,2,2
f1_v0_admin,v0,admin,combinado,created_at,asc,0,5,0.681,2,2
f1_v0_admin,v0,admin,combinado,created_at,asc,0,6,0.657,2,2
f1_v0_admin,v0,admin,combinado,created_at,asc,500,1,0.998,0,
f1_v0_admin,v0,admin,combinado,created_at,asc,500,2,0.678,0,
f1_v0_admin,v0,admin,combinado,created_at,asc,500,3,0.64,0,
f1_v0_admin,v0,admin,combinado,created_at,asc,500,4,0.647,0,
f1_v0_admin,v0,admin,combinado,created_at,asc,500,5,0.641,0,
f1_v0_admin,v0,admin,combinado,created_at,asc,500,6,0.695,0,
f1_v0_admin,v0,admin,combinado,created_at,desc,0,1,0.771,2,2
f1_v0_admin,v0,admin,combinado,created_at,desc,0,2,0.579,2,2
f1_v0_admin,v0,admin,combinado,created_at,desc,0,3,0.592,2,2
f1_v0_admin,v0,admin,combinado,created_at,desc,0,4,0.674,2,2
f1_v0_admin,v0,admin,combinado,created_at,desc,0,5,0.636,2,2
f1_v0_admin,v0,admin,combinado,created_at,desc,0,6,0.667,2,2
f1_v0_admin,v0,admin,combinado,created_at,desc,500,1,0.643,0,
f1_v0_admin,v0,admin,combinado,created_at,desc,500,2,0.857,0,
f1_v0_admin,v0,admin,combinado,created_at,desc,500,3,0.667,0,
f1_v0_admin,v0,admin,combinado,created_at,desc,500,4,0.666,0,
f1_v0_admin,v0,admin,combinado,created_at,desc,500,5,0.646,0,
f1_v0_admin,v0,admin,combinado,created_at,desc,500,6,0.639,0,
f1_v0_admin,v0,admin,combinado,company,asc,0,1,0.627,2,2
f1_v0_admin,v0,admin,combinado,company,asc,0,2,0.595,2,2
f1_v0_admin,v0,admin,combinado,company,asc,0,3,0.723,2,2
f1_v0_admin,v0,admin,combinado,company,asc,0,4,0.572,2,2
f1_v0_admin,v0,admin,combinado,company,asc,0,5,0.734,2,2
f1_v0_admin,v0,admin,combinado,company,asc,0,6,0.672,2,2
f1_v0_admin,v0,admin,combinado,company,asc,500,1,0.583,0,
f1_v0_admin,v0,admin,combinado,company,asc,500,2,0.58,0,
f1_v0_admin,v0,admin,combinado,company,asc,500,3,0.636,0,
f1_v0_admin,v0,admin,combinado,company,asc,500,4,0.65,0,
f1_v0_admin,v0,admin,combinado,company,asc,500,5,0.624,0,
f1_v0_admin,v0,admin,combinado,company,asc,500,6,0.656,0,
f1_v0_admin,v0,admin,combinado,company,desc,0,1,0.755,2,2
f1_v0_admin,v0,admin,combinado,company,desc,0,2,0.745,2,2
f1_v0_admin,v0,admin,combinado,company,desc,0,3,0.672,2,2
f1_v0_admin,v0,admin,combinado,company,desc,0,4,0.694,2,2
f1_v0_admin,v0,admin,combinado,company,desc,0,5,0.702,2,2
f1_v0_admin,v0,admin,combinado,company,desc,0,6,0.711,2,2
f1_v0_admin,v0,admin,combinado,company,desc,500,1,0.76,0,
f1_v0_admin,v0,admin,combinado,company,desc,500,2,0.655,0,
f1_v0_admin,v0,admin,combinado,company,desc,500,3,0.637,0,
f1_v0_admin,v0,admin,combinado,company,desc,500,4,0.912,0,
f1_v0_admin,v0,admin,combinado,company,desc,500,5,0.706,0,
f1_v0_admin,v0,admin,combinado,company,desc,500,6,0.583,0,
