phase,variant,caller,scenario,sort_field,sort_dir,page_offset,run,ms,rows_out,total_count
f1_v0_base,v0,agent,__overhead_wrapper__,-,-,-1,0,0.238,0,0
f1_v0_base,v0,agent,sem_filtro,name,asc,0,1,255.49,50,8708
f1_v0_base,v0,agent,sem_filtro,name,asc,0,2,234.478,50,8708
f1_v0_base,v0,agent,sem_filtro,name,asc,0,3,217.308,50,8708
f1_v0_base,v0,agent,sem_filtro,name,asc,0,4,228.026,50,8708
f1_v0_base,v0,agent,sem_filtro,name,asc,0,5,220.425,50,8708
f1_v0_base,v0,agent,sem_filtro,name,asc,0,6,224.167,50,8708
f1_v0_base,v0,agent,sem_filtro,name,asc,500,1,219.417,50,8708
f1_v0_base,v0,agent,sem_filtro,name,asc,500,2,215.195,50,8708
f1_v0_base,v0,agent,sem_filtro,name,asc,500,3,206.897,50,8708
f1_v0_base,v0,agent,sem_filtro,name,asc,500,4,204.384,50,8708
f1_v0_base,v0,agent,sem_filtro,name,asc,500,5,203.384,50,8708
f1_v0_base,v0,agent,sem_filtro,name,asc,500,6,189.519,50,8708
f1_v0_base,v0,agent,sem_filtro,name,desc,0,1,191.528,50,8708
f1_v0_base,v0,agent,sem_filtro,name,desc,0,2,204.274,50,8708
f1_v0_base,v0,agent,sem_filtro,name,desc,0,3,200.562,50,8708
f1_v0_base,v0,agent,sem_filtro,name,desc,0,4,193.452,50,8708
f1_v0_base,v0,agent,sem_filtro,name,desc,0,5,206.57,50,8708
f1_v0_base,v0,agent,sem_filtro,name,desc,0,6,200.944,50,8708
f1_v0_base,v0,agent,sem_filtro,name,desc,500,1,197.991,50,8708
f1_v0_base,v0,agent,sem_filtro,name,desc,500,2,206.579,50,8708
f1_v0_base,v0,agent,sem_filtro,name,desc,500,3,193.458,50,8708
f1_v0_base,v0,agent,sem_filtro,name,desc,500,4,189.105,50,8708
f1_v0_base,v0,agent,sem_filtro,name,desc,500,5,201.503,50,8708
f1_v0_base,v0,agent,sem_filtro,name,desc,500,6,189.987,50,8708
f1_v0_base,v0,agent,sem_filtro,created_at,asc,0,1,185.419,50,8708
f1_v0_base,v0,agent,sem_filtro,created_at,asc,0,2,212.114,50,8708
f1_v0_base,v0,agent,sem_filtro,created_at,asc,0,3,213.645,50,8708
f1_v0_base,v0,agent,sem_filtro,created_at,asc,0,4,198.193,50,8708
f1_v0_base,v0,agent,sem_filtro,created_at,asc,0,5,199.852,50,8708
f1_v0_base,v0,agent,sem_filtro,created_at,asc,0,6,186.822,50,8708
f1_v0_base,v0,agent,sem_filtro,created_at,asc,500,1,212.564,50,8708
f1_v0_base,v0,agent,sem_filtro,created_at,asc,500,2,194,50,8708
f1_v0_base,v0,agent,sem_filtro,created_at,asc,500,3,180.082,50,8708
f1_v0_base,v0,agent,sem_filtro,created_at,asc,500,4,181.258,50,8708
f1_v0_base,v0,agent,sem_filtro,created_at,asc,500,5,196.419,50,8708
f1_v0_base,v0,agent,sem_filtro,created_at,asc,500,6,187.135,50,8708
f4_v0_idx3,v0,agent,sem_filtro,created_at,asc,0,1,372.602,,
f4_v0_idx3,v0,agent,sem_filtro,created_at,asc,0,2,336.834,,
f4_v0_idx3,v0,agent,sem_filtro,created_at,asc,0,3,346.629,,
f4_v0_idx3,v0,agent,sem_filtro,created_at,asc,0,4,307.194,,
f4_v0_idx3,v0,agent,sem_filtro,created_at,asc,0,5,350.995,,
f1_v0_base,v0,agent,sem_filtro,created_at,desc,0,1,192.304,50,8708
f4_v0_idx3,v0,agent,sem_filtro,created_at,asc,0,6,366.682,,
f4_v0_idx3,v0,agent,sem_filtro,created_at,asc,500,1,338.215,,
f4_v0_idx3,v0,agent,sem_filtro,created_at,asc,500,2,332.201,,
f4_v0_idx3,v0,agent,sem_filtro,created_at,asc,500,3,300.197,,
f4_v0_idx3,v0,agent,sem_filtro,created_at,asc,500,4,331.356,,
f4_v0_idx3,v0,agent,sem_filtro,created_at,asc,500,5,383.592,,
f4_v0_idx3,v0,agent,sem_filtro,created_at,asc,500,6,355.537,,
f4_v0_idx3,v0,agent,sem_filtro,created_at,desc,0,1,347.74,,
f4_v0_idx3,v0,agent,sem_filtro,created_at,desc,0,2,385.252,,
f4_v0_idx3,v0,agent,sem_filtro,created_at,desc,0,3,317.951,,
f4_v0_idx3,v0,agent,sem_filtro,created_at,desc,0,4,303.367,,
f4_v0_idx3,v0,agent,sem_filtro,created_at,desc,0,5,359.825,,
f4_v0_idx3,v0,agent,sem_filtro,created_at,desc,0,6,338.383,,
f4_v0_idx3,v0,agent,sem_filtro,created_at,desc,500,1,339.449,,
f4_v0_idx3,v0,agent,sem_filtro,created_at,desc,500,2,396.969,,
f4_v0_idx3,v0,agent,sem_filtro,created_at,desc,500,3,353.164,,
f4_v0_idx3,v0,agent,sem_filtro,created_at,desc,500,4,337.61,,
f4_v0_idx3,v0,agent,sem_filtro,created_at,desc,500,5,314.605,,
f4_v0_idx3,v0,agent,sem_filtro,created_at,desc,500,6,355.72,,
f4_v0_idx3,v0,agent,sem_filtro,company,asc,0,1,359.996,,
f4_v0_idx3,v0,agent,sem_filtro,company,asc,0,2,331.511,,
f4_v0_idx3,v0,agent,sem_filtro,company,asc,0,3,329.413,,
f4_v0_idx3,v0,agent,sem_filtro,company,asc,0,4,365.214,,
f4_v0_idx3,v0,agent,sem_filtro,company,asc,0,5,352.883,,
f4_v0_idx3,v0,agent,sem_filtro,company,asc,0,6,317.29,,
f4_v0_idx3,v0,agent,sem_filtro,company,asc,500,1,366.513,,
f4_v0_idx3,v0,agent,sem_filtro,company,asc,500,2,350.924,,
f4_v0_idx3,v0,agent,sem_filtro,company,asc,500,3,329.04,,
f4_v0_idx3,v0,agent,sem_filtro,company,asc,500,4,320.124,,
f4_v0_idx3,v0,agent,sem_filtro,company,asc,500,5,348.066,,
f4_v0_idx3,v0,agent,sem_filtro,company,asc,500,6,347.062,,
f4_v0_idx3,v0,agent,sem_filtro,company,desc,0,1,342.87,,
f4_v0_idx3,v0,agent,sem_filtro,company,desc,0,2,359.317,,
f4_v0_idx3,v0,agent,sem_filtro,company,desc,0,3,353.37,,
f4_v0_idx3,v0,agent,sem_filtro,company,desc,0,4,362.914,,
f1_v0_base,v0,agent,sem_filtro,created_at,desc,0,2,216.296,50,8708
f1_v0_base,v0,agent,sem_filtro,created_at,desc,0,3,188.793,50,8708
f1_v0_base,v0,agent,sem_filtro,created_at,desc,0,4,181.747,50,8708
f1_v0_base,v0,agent,sem_filtro,created_at,desc,0,5,171.624,50,8708
f1_v0_base,v0,agent,sem_filtro,created_at,desc,0,6,207.54,50,8708
f1_v0_base,v0,agent,sem_filtro,created_at,desc,500,1,186.695,50,8708
f1_v0_base,v0,agent,sem_filtro,created_at,desc,500,2,192.74,50,8708
f1_v0_base,v0,agent,sem_filtro,created_at,desc,500,3,207.751,50,8708
f1_v0_base,v0,agent,sem_filtro,created_at,desc,500,4,201.118,50,8708
f1_v0_base,v0,agent,sem_filtro,created_at,desc,500,5,189.505,50,8708
f1_v0_base,v0,agent,sem_filtro,created_at,desc,500,6,185.811,50,8708
f1_v0_base,v0,agent,sem_filtro,company,asc,0,1,189.854,50,8708
f1_v0_base,v0,agent,sem_filtro,company,asc,0,2,188.271,50,8708
f1_v0_base,v0,agent,sem_filtro,company,asc,0,3,187.608,50,8708
f1_v0_base,v0,agent,sem_filtro,company,asc,0,4,178.085,50,8708
f1_v0_base,v0,agent,sem_filtro,company,asc,0,5,190.3,50,8708
f1_v0_base,v0,agent,sem_filtro,company,asc,0,6,220.109,50,8708
f1_v0_base,v0,agent,sem_filtro,company,asc,500,1,216.974,50,8708
f1_v0_base,v0,agent,sem_filtro,company,asc,500,2,214.71,50,8708
f1_v0_base,v0,agent,sem_filtro,company,asc,500,3,207.382,50,8708
f1_v0_base,v0,agent,sem_filtro,company,asc,500,4,195.552,50,8708
f1_v0_base,v0,agent,sem_filtro,company,asc,500,5,207.542,50,8708
f1_v0_base,v0,agent,sem_filtro,company,asc,500,6,201.835,50,8708
f1_v0_base,v0,agent,sem_filtro,company,desc,0,1,210.987,50,8708
f1_v0_base,v0,agent,sem_filtro,company,desc,0,2,195.251,50,8708
f1_v0_base,v0,agent,sem_filtro,company,desc,0,3,243.219,50,8708
f1_v0_base,v0,agent,sem_filtro,company,desc,0,4,232.682,50,8708
f1_v0_base,v0,agent,sem_filtro,company,desc,0,5,232.565,50,8708
f1_v0_base,v0,agent,sem_filtro,company,desc,0,6,217.113,50,8708
f1_v0_base,v0,agent,sem_filtro,company,desc,500,1,228.954,50,8708
f1_v0_base,v0,agent,sem_filtro,company,desc,500,2,237.065,50,8708
f1_v0_base,v0,agent,sem_filtro,company,desc,500,3,208.051,50,8708
f1_v0_base,v0,agent,sem_filtro,company,desc,500,4,222.92,50,8708
f1_v0_base,v0,agent,sem_filtro,company,desc,500,5,187.745,50,8708
f1_v0_base,v0,agent,sem_filtro,company,desc,500,6,173.1,50,8708
f1_v0_base,v0,agent,termo_nome_5ch,name,asc,0,1,61.198,50,1069
f1_v0_base,v0,agent,termo_nome_5ch,name,asc,0,2,61.708,50,1069
f1_v0_base,v0,agent,termo_nome_5ch,name,asc,0,3,62.606,50,1069
f1_v0_base,v0,agent,termo_nome_5ch,name,asc,0,4,68.324,50,1069
f1_v0_base,v0,agent,termo_nome_5ch,name,asc,0,5,67.684,50,1069
f1_v0_base,v0,agent,termo_nome_5ch,name,asc,0,6,64.142,50,1069
f4_v0_idx3,v0,agent,sem_filtro,company,desc,0,5,337.929,,
f4_v0_idx3,v0,agent,sem_filtro,company,desc,0,6,354.637,,
f4_v0_idx3,v0,agent,sem_filtro,company,desc,500,1,437.985,,
f4_v0_idx3,v0,agent,sem_filtro,company,desc,500,2,390.882,,
f4_v0_idx3,v0,agent,sem_filtro,company,desc,500,3,327.354,,
f4_v0_idx3,v0,agent,sem_filtro,company,desc,500,4,352.282,,
f4_v0_idx3,v0,agent,sem_filtro,company,desc,500,5,374.383,,
f4_v0_idx3,v0,agent,sem_filtro,company,desc,500,6,378.078,,
f4_v0_idx3,v0,agent,termo_nome_5ch,name,asc,0,1,61.936,,
f4_v0_idx3,v0,agent,termo_nome_5ch,name,asc,0,2,45.836,,
f4_v0_idx3,v0,agent,termo_nome_5ch,name,asc,0,3,61.6,,
f4_v0_idx3,v0,agent,termo_nome_5ch,name,asc,0,4,42.778,,
f4_v0_idx3,v0,agent,termo_nome_5ch,name,asc,0,5,33.945,,
f4_v0_idx3,v0,agent,termo_nome_5ch,name,asc,0,6,43.006,,
f4_v0_idx3,v0,agent,termo_nome_5ch,name,asc,500,1,49.504,,
f4_v0_idx3,v0,agent,termo_nome_5ch,name,asc,500,2,43.974,,
f4_v0_idx3,v0,agent,termo_nome_5ch,name,asc,500,3,47.578,,
f4_v0_idx3,v0,agent,termo_nome_5ch,name,asc,500,4,47.466,,
f4_v0_idx3,v0,agent,termo_nome_5ch,name,asc,500,5,47.012,,
f4_v0_idx3,v0,agent,termo_nome_5ch,name,asc,500,6,44.669,,
f4_v0_idx3,v0,agent,termo_nome_5ch,name,desc,0,1,37.53,,
f4_v0_idx3,v0,agent,termo_nome_5ch,name,desc,0,2,49.468,,
f4_v0_idx3,v0,agent,termo_nome_5ch,name,desc,0,3,52.142,,
f4_v0_idx3,v0,agent,termo_nome_5ch,name,desc,0,4,49.284,,
f4_v0_idx3,v0,agent,termo_nome_5ch,name,desc,0,5,57.16,,
f4_v0_idx3,v0,agent,termo_nome_5ch,name,desc,0,6,41.487,,
f4_v0_idx3,v0,agent,termo_nome_5ch,name,desc,500,1,41.377,,
f4_v0_idx3,v0,agent,termo_nome_5ch,name,desc,500,2,42.388,,
f4_v0_idx3,v0,agent,termo_nome_5ch,name,desc,500,3,37.884,,
f4_v0_idx3,v0,agent,termo_nome_5ch,name,desc,500,4,51.491,,
f4_v0_idx3,v0,agent,termo_nome_5ch,name,desc,500,5,57.194,,
f4_v0_idx3,v0,agent,termo_nome_5ch,name,desc,500,6,58.651,,
f4_v0_idx3,v0,agent,termo_nome_5ch,created_at,asc,0,1,51.496,,
f4_v0_idx3,v0,agent,termo_nome_5ch,created_at,asc,0,2,43.675,,
f4_v0_idx3,v0,agent,termo_nome_5ch,created_at,asc,0,3,56.226,,
f1_v0_base,v0,agent,termo_nome_5ch,name,asc,500,1,64.514,50,1069
f1_v0_base,v0,agent,termo_nome_5ch,name,asc,500,2,68.019,50,1069
f1_v0_base,v0,agent,termo_nome_5ch,name,asc,500,3,73.687,50,1069
f1_v0_base,v0,agent,termo_nome_5ch,name,asc,500,4,72.803,50,1069
f1_v0_base,v0,agent,termo_nome_5ch,name,asc,500,5,65.225,50,1069
f1_v0_base,v0,agent,termo_nome_5ch,name,asc,500,6,68.622,50,1069
f1_v0_base,v0,agent,termo_nome_5ch,name,desc,0,1,65.811,50,1069
f1_v0_base,v0,agent,termo_nome_5ch,name,desc,0,2,68.646,50,1069
f1_v0_base,v0,agent,termo_nome_5ch,name,desc,0,3,65.556,50,1069
f1_v0_base,v0,agent,termo_nome_5ch,name,desc,0,4,70.045,50,1069
f1_v0_base,v0,agent,termo_nome_5ch,name,desc,0,5,62.779,50,1069
f1_v0_base,v0,agent,termo_nome_5ch,name,desc,0,6,59.991,50,1069
f1_v0_base,v0,agent,termo_nome_5ch,name,desc,500,1,62.827,50,1069
f1_v0_base,v0,agent,termo_nome_5ch,name,desc,500,2,61.099,50,1069
f1_v0_base,v0,agent,termo_nome_5ch,name,desc,500,3,60.212,50,1069
f1_v0_base,v0,agent,termo_nome_5ch,name,desc,500,4,64.92,50,1069
f1_v0_base,v0,agent,termo_nome_5ch,name,desc,500,5,59.643,50,1069
f1_v0_base,v0,agent,termo_nome_5ch,name,desc,500,6,56.654,50,1069
f1_v0_base,v0,agent,termo_nome_5ch,created_at,asc,0,1,61.338,50,1069
f1_v0_base,v0,agent,termo_nome_5ch,created_at,asc,0,2,57.812,50,1069
f1_v0_base,v0,agent,termo_nome_5ch,created_at,asc,0,3,61.769,50,1069
f1_v0_base,v0,agent,termo_nome_5ch,created_at,asc,0,4,60.515,50,1069
f1_v0_base,v0,agent,termo_nome_5ch,created_at,asc,0,5,59.635,50,1069
f1_v0_base,v0,agent,termo_nome_5ch,created_at,asc,0,6,61.666,50,1069
f1_v0_base,v0,agent,termo_nome_5ch,created_at,asc,500,1,61.524,50,1069
f1_v0_base,v0,agent,termo_nome_5ch,created_at,asc,500,2,59.341,50,1069
f1_v0_base,v0,agent,termo_nome_5ch,created_at,asc,500,3,71.262,50,1069
f1_v0_base,v0,agent,termo_nome_5ch,created_at,asc,500,4,74.815,50,1069
f1_v0_base,v0,agent,termo_nome_5ch,created_at,asc,500,5,69.155,50,1069
f1_v0_base,v0,agent,termo_nome_5ch,created_at,asc,500,6,61.187,50,1069
f1_v0_base,v0,agent,termo_nome_5ch,created_at,desc,0,1,62.617,50,1069
f1_v0_base,v0,agent,termo_nome_5ch,created_at,desc,0,2,61.177,50,1069
f1_v0_base,v0,agent,termo_nome_5ch,created_at,desc,0,3,64.694,50,1069
f1_v0_base,v0,agent,termo_nome_5ch,created_at,desc,0,4,75.507,50,1069
f1_v0_base,v0,agent,termo_nome_5ch,created_at,desc,0,5,73.817,50,1069
f1_v0_base,v0,agent,termo_nome_5ch,created_at,desc,0,6,66.145,50,1069
f4_v0_idx3,v0,agent,termo_nome_5ch,created_at,asc,0,4,55.751,,
f4_v0_idx3,v0,agent,termo_nome_5ch,created_at,asc,0,5,43.824,,
f4_v0_idx3,v0,agent,termo_nome_5ch,created_at,asc,0,6,48.2,,
f4_v0_idx3,v0,agent,termo_nome_5ch,created_at,asc,500,1,58.726,,
f4_v0_idx3,v0,agent,termo_nome_5ch,created_at,asc,500,2,48.569,,
f4_v0_idx3,v0,agent,termo_nome_5ch,created_at,asc,500,3,48.385,,
f4_v0_idx3,v0,agent,termo_nome_5ch,created_at,asc,500,4,43.796,,
f4_v0_idx3,v0,agent,termo_nome_5ch,created_at,asc,500,5,50.932,,
f4_v0_idx3,v0,agent,termo_nome_5ch,created_at,asc,500,6,41.102,,
f4_v0_idx3,v0,agent,termo_nome_5ch,created_at,desc,0,1,44.969,,
f4_v0_idx3,v0,agent,termo_nome_5ch,created_at,desc,0,2,45.498,,
f4_v0_idx3,v0,agent,termo_nome_5ch,created_at,desc,0,3,60.302,,
f4_v0_idx3,v0,agent,termo_nome_5ch,created_at,desc,0,4,35.761,,
f4_v0_idx3,v0,agent,termo_nome_5ch,created_at,desc,0,5,42.138,,
f4_v0_idx3,v0,agent,termo_nome_5ch,created_at,desc,0,6,59.336,,
f4_v0_idx3,v0,agent,termo_nome_5ch,created_at,desc,500,1,45.788,,
f4_v0_idx3,v0,agent,termo_nome_5ch,created_at,desc,500,2,49.437,,
f4_v0_idx3,v0,agent,termo_nome_5ch,created_at,desc,500,3,64.631,,
f4_v0_idx3,v0,agent,termo_nome_5ch,created_at,desc,500,4,47.061,,
f4_v0_idx3,v0,agent,termo_nome_5ch,created_at,desc,500,5,57.725,,
f4_v0_idx3,v0,agent,termo_nome_5ch,created_at,desc,500,6,61.712,,
f4_v0_idx3,v0,agent,termo_nome_5ch,company,asc,0,1,53.662,,
f4_v0_idx3,v0,agent,termo_nome_5ch,company,asc,0,2,42.457,,
f4_v0_idx3,v0,agent,termo_nome_5ch,company,asc,0,3,46.034,,
f4_v0_idx3,v0,agent,termo_nome_5ch,company,asc,0,4,54.608,,
f4_v0_idx3,v0,agent,termo_nome_5ch,company,asc,0,5,46.787,,
f4_v0_idx3,v0,agent,termo_nome_5ch,company,asc,0,6,33.319,,
f4_v0_idx3,v0,agent,termo_nome_5ch,company,asc,500,1,60.081,,
f4_v0_idx3,v0,agent,termo_nome_5ch,company,asc,500,2,54.524,,
f4_v0_idx3,v0,agent,termo_nome_5ch,company,asc,500,3,55.84,,
f4_v0_idx3,v0,agent,termo_nome_5ch,company,asc,500,4,53.686,,
f4_v0_idx3,v0,agent,termo_nome_5ch,company,asc,500,5,47.217,,
f4_v0_idx3,v0,agent,termo_nome_5ch,company,asc,500,6,50.2,,
f4_v0_idx3,v0,agent,termo_nome_5ch,company,desc,0,1,50.824,,
f4_v0_idx3,v0,agent,termo_nome_5ch,company,desc,0,2,47.172,,
f4_v0_idx3,v0,agent,termo_nome_5ch,company,desc,0,3,42.86,,
f4_v0_idx3,v0,agent,termo_nome_5ch,company,desc,0,4,47.449,,
f4_v0_idx3,v0,agent,termo_nome_5ch,company,desc,0,5,47.843,,
f1_v0_base,v0,agent,termo_nome_5ch,created_at,desc,500,1,59.025,50,1069
f1_v0_base,v0,agent,termo_nome_5ch,created_at,desc,500,2,58.011,50,1069
f1_v0_base,v0,agent,termo_nome_5ch,created_at,desc,500,3,57.885,50,1069
f1_v0_base,v0,agent,termo_nome_5ch,created_at,desc,500,4,57.832,50,1069
f1_v0_base,v0,agent,termo_nome_5ch,created_at,desc,500,5,59.045,50,1069
f1_v0_base,v0,agent,termo_nome_5ch,created_at,desc,500,6,56.31,50,1069
f1_v0_base,v0,agent,termo_nome_5ch,company,asc,0,1,57.73,50,1069
f1_v0_base,v0,agent,termo_nome_5ch,company,asc,0,2,59.568,50,1069
f1_v0_base,v0,agent,termo_nome_5ch,company,asc,0,3,60.76,50,1069
f1_v0_base,v0,agent,termo_nome_5ch,company,asc,0,4,61.058,50,1069
f1_v0_base,v0,agent,termo_nome_5ch,company,asc,0,5,60.578,50,1069
f1_v0_base,v0,agent,termo_nome_5ch,company,asc,0,6,59.41,50,1069
f1_v0_base,v0,agent,termo_nome_5ch,company,asc,500,1,60.551,50,1069
f1_v0_base,v0,agent,termo_nome_5ch,company,asc,500,2,64.132,50,1069
f1_v0_base,v0,agent,termo_nome_5ch,company,asc,500,3,60.164,50,1069
f1_v0_base,v0,agent,termo_nome_5ch,company,asc,500,4,63.207,50,1069
f1_v0_base,v0,agent,termo_nome_5ch,company,asc,500,5,59.104,50,1069
f1_v0_base,v0,agent,termo_nome_5ch,company,asc,500,6,59.4,50,1069
f1_v0_base,v0,agent,termo_nome_5ch,company,desc,0,1,59.017,50,1069
f1_v0_base,v0,agent,termo_nome_5ch,company,desc,0,2,58.503,50,1069
f1_v0_base,v0,agent,termo_nome_5ch,company,desc,0,3,59.686,50,1069
f1_v0_base,v0,agent,termo_nome_5ch,company,desc,0,4,66.2,50,1069
f1_v0_base,v0,agent,termo_nome_5ch,company,desc,0,5,71.653,50,1069
f1_v0_base,v0,agent,termo_nome_5ch,company,desc,0,6,74.069,50,1069
f1_v0_base,v0,agent,termo_nome_5ch,company,desc,500,1,70.851,50,1069
f1_v0_base,v0,agent,termo_nome_5ch,company,desc,500,2,75.577,50,1069
f1_v0_base,v0,agent,termo_nome_5ch,company,desc,500,3,83.61,50,1069
f1_v0_base,v0,agent,termo_nome_5ch,company,desc,500,4,77.47,50,1069
f1_v0_base,v0,agent,termo_nome_5ch,company,desc,500,5,76.748,50,1069
f1_v0_base,v0,agent,termo_nome_5ch,company,desc,500,6,68.425,50,1069
f1_v0_base,v0,agent,combinado,name,asc,0,1,2.027,2,2
f1_v0_base,v0,agent,combinado,name,asc,0,2,2.006,2,2
f1_v0_base,v0,agent,combinado,name,asc,0,3,1.716,2,2
f1_v0_base,v0,agent,combinado,name,asc,0,4,2.295,2,2
f1_v0_base,v0,agent,combinado,name,asc,0,5,2.386,2,2
f1_v0_base,v0,agent,combinado,name,asc,0,6,2.461,2,2
f4_v0_idx3,v0,agent,termo_nome_5ch,company,desc,0,6,55.772,,
f1_v0_base,v0,agent,combinado,name,asc,500,1,1.705,0,
f1_v0_base,v0,agent,combinado,name,asc,500,2,1.809,0,
f1_v0_base,v0,agent,combinado,name,asc,500,3,1.999,0,
f1_v0_base,v0,agent,combinado,name,asc,500,4,2.024,0,
f1_v0_base,v0,agent,combinado,name,asc,500,5,2.186,0,
f4_v0_idx3,v0,agent,termo_nome_5ch,company,desc,500,1,48.694,,
f4_v0_idx3,v0,agent,termo_nome_5ch,company,desc,500,2,53.847,,
f4_v0_idx3,v0,agent,termo_nome_5ch,company,desc,500,3,36.677,,
f4_v0_idx3,v0,agent,termo_nome_5ch,company,desc,500,4,38.972,,
f4_v0_idx3,v0,agent,termo_nome_5ch,company,desc,500,5,47.875,,
f4_v0_idx3,v0,agent,termo_nome_5ch,company,desc,500,6,48.626,,
f4_v0_idx3,v0,agent,combinado,name,asc,0,1,8.245,,
f4_v0_idx3,v0,agent,combinado,name,asc,0,2,4.736,,
f4_v0_idx3,v0,agent,combinado,name,asc,0,3,4.352,,
f4_v0_idx3,v0,agent,combinado,name,asc,0,4,4.637,,
f4_v0_idx3,v0,agent,combinado,name,asc,0,5,4.705,,
f4_v0_idx3,v0,agent,combinado,name,asc,0,6,4.373,,
f4_v0_idx3,v0,agent,combinado,name,asc,500,1,4.159,,
f4_v0_idx3,v0,agent,combinado,name,asc,500,2,4.793,,
f4_v0_idx3,v0,agent,combinado,name,asc,500,3,4.121,,
f4_v0_idx3,v0,agent,combinado,name,asc,500,4,4.096,,
f4_v0_idx3,v0,agent,combinado,name,asc,500,5,3.782,,
f4_v0_idx3,v0,agent,combinado,name,asc,500,6,4.378,,
f4_v0_idx3,v0,agent,combinado,name,desc,0,1,4.033,,
f4_v0_idx3,v0,agent,combinado,name,desc,0,2,3.82,,
f4_v0_idx3,v0,agent,combinado,name,desc,0,3,3.805,,
f4_v0_idx3,v0,agent,combinado,name,desc,0,4,4.764,,
f4_v0_idx3,v0,agent,combinado,name,desc,0,5,4.592,,
f4_v0_idx3,v0,agent,combinado,name,desc,0,6,4.174,,
f4_v0_idx3,v0,agent,combinado,name,desc,500,1,4.215,,
f4_v0_idx3,v0,agent,combinado,name,desc,500,2,5.257,,
f4_v0_idx3,v0,agent,combinado,name,desc,500,3,4.814,,
f4_v0_idx3,v0,agent,combinado,name,desc,500,4,4.518,,
f4_v0_idx3,v0,agent,combinado,name,desc,500,5,4.715,,
f4_v0_idx3,v0,agent,combinado,name,desc,500,6,4.654,,
f4_v0_idx3,v0,agent,combinado,created_at,asc,0,1,4.521,,
f4_v0_idx3,v0,agent,combinado,created_at,asc,0,2,4.533,,
f4_v0_idx3,v0,agent,combinado,created_at,asc,0,3,5.315,,
f4_v0_idx3,v0,agent,combinado,created_at,asc,0,4,4.708,,
f4_v0_idx3,v0,agent,combinado,created_at,asc,0,5,4.307,,
f4_v0_idx3,v0,agent,combinado,created_at,asc,0,6,5.112,,
f4_v0_idx3,v0,agent,combinado,created_at,asc,500,1,4.297,,
f1_v0_base,v0,agent,combinado,name,asc,500,6,3.76,0,
f1_v0_base,v0,agent,combinado,name,desc,0,1,1.92,2,2
f1_v0_base,v0,agent,combinado,name,desc,0,2,1.847,2,2
f1_v0_base,v0,agent,combinado,name,desc,0,3,1.644,2,2
f1_v0_base,v0,agent,combinado,name,desc,0,4,2.559,2,2
f1_v0_base,v0,agent,combinado,name,desc,0,5,3.356,2,2
f1_v0_base,v0,agent,combinado,name,desc,0,6,2.524,2,2
f1_v0_base,v0,agent,combinado,name,desc,500,1,1.909,0,
f1_v0_base,v0,agent,combinado,name,desc,500,2,2.022,0,
f1_v0_base,v0,agent,combinado,name,desc,500,3,2.559,0,
f1_v0_base,v0,agent,combinado,name,desc,500,4,2.525,0,
f1_v0_base,v0,agent,combinado,name,desc,500,5,3.192,0,
f1_v0_base,v0,agent,combinado,name,desc,500,6,2.206,0,
f1_v0_base,v0,agent,combinado,created_at,asc,0,1,2.641,2,2
f1_v0_base,v0,agent,combinado,created_at,asc,0,2,2.865,2,2
f1_v0_base,v0,agent,combinado,created_at,asc,0,3,2.801,2,2
f1_v0_base,v0,agent,combinado,created_at,asc,0,4,2.95,2,2
f1_v0_base,v0,agent,combinado,created_at,asc,0,5,2.501,2,2
f1_v0_base,v0,agent,combinado,created_at,asc,0,6,2.46,2,2
f1_v0_base,v0,agent,combinado,created_at,asc,500,1,2.871,0,
f1_v0_base,v0,agent,combinado,created_at,asc,500,2,2.422,0,
f1_v0_base,v0,agent,combinado,created_at,asc,500,3,2.109,0,
f1_v0_base,v0,agent,combinado,created_at,asc,500,4,1.976,0,
f1_v0_base,v0,agent,combinado,created_at,asc,500,5,2.251,0,
f1_v0_base,v0,agent,combinado,created_at,asc,500,6,2.308,0,
f1_v0_base,v0,agent,combinado,created_at,desc,0,1,2.52,2,2
f1_v0_base,v0,agent,combinado,created_at,desc,0,2,2.205,2,2
f1_v0_base,v0,agent,combinado,created_at,desc,0,3,2.044,2,2
f1_v0_base,v0,agent,combinado,created_at,desc,0,4,1.964,2,2
f1_v0_base,v0,agent,combinado,created_at,desc,0,5,3.827,2,2
f1_v0_base,v0,agent,combinado,created_at,desc,0,6,4.262,2,2
f1_v0_base,v0,agent,combinado,created_at,desc,500,1,3.196,0,
f1_v0_base,v0,agent,combinado,created_at,desc,500,2,5.357,0,
f1_v0_base,v0,agent,combinado,created_at,desc,500,3,3.224,0,
f1_v0_base,v0,agent,combinado,created_at,desc,500,4,2.349,0,
f1_v0_base,v0,agent,combinado,created_at,desc,500,5,2.033,0,
f1_v0_base,v0,agent,combinado,created_at,desc,500,6,1.876,0,
f4_v0_idx3,v0,agent,combinado,created_at,asc,500,2,3.89,,
f4_v0_idx3,v0,agent,combinado,created_at,asc,500,3,3.615,,
f4_v0_idx3,v0,agent,combinado,created_at,asc,500,4,4.471,,
f4_v0_idx3,v0,agent,combinado,created_at,asc,500,5,4.767,,
f4_v0_idx3,v0,agent,combinado,created_at,asc,500,6,4.361,,
f1_v0_base,v0,agent,combinado,company,asc,0,1,3.091,2,2
f4_v0_idx3,v0,agent,combinado,created_at,desc,0,1,4.319,,
f4_v0_idx3,v0,agent,combinado,created_at,desc,0,2,4.905,,
f4_v0_idx3,v0,agent,combinado,created_at,desc,0,3,4.431,,
f4_v0_idx3,v0,agent,combinado,created_at,desc,0,4,4.149,,
f4_v0_idx3,v0,agent,combinado,created_at,desc,0,5,4.385,,
f4_v0_idx3,v0,agent,combinado,created_at,desc,0,6,4.86,,
f4_v0_idx3,v0,agent,combinado,created_at,desc,500,1,4.284,,
f4_v0_idx3,v0,agent,combinado,created_at,desc,500,2,3.996,,
f4_v0_idx3,v0,agent,combinado,created_at,desc,500,3,5.118,,
f4_v0_idx3,v0,agent,combinado,created_at,desc,500,4,4.349,,
f4_v0_idx3,v0,agent,combinado,created_at,desc,500,5,3.938,,
f4_v0_idx3,v0,agent,combinado,created_at,desc,500,6,3.744,,
f4_v0_idx3,v0,agent,combinado,company,asc,0,1,4.375,,
f4_v0_idx3,v0,agent,combinado,company,asc,0,2,4.12,,
f4_v0_idx3,v0,agent,combinado,company,asc,0,3,4.074,,
f4_v0_idx3,v0,agent,combinado,company,asc,0,4,3.908,,
f4_v0_idx3,v0,agent,combinado,company,asc,0,5,4.552,,
f4_v0_idx3,v0,agent,combinado,company,asc,0,6,3.905,,
f4_v0_idx3,v0,agent,combinado,company,asc,500,1,3.839,,
f4_v0_idx3,v0,agent,combinado,company,asc,500,2,3.621,,
f4_v0_idx3,v0,agent,combinado,company,asc,500,3,4.185,,
f4_v0_idx3,v0,agent,combinado,company,asc,500,4,3.793,,
f4_v0_idx3,v0,agent,combinado,company,asc,500,5,4.061,,
f4_v0_idx3,v0,agent,combinado,company,asc,500,6,3.65,,
f4_v0_idx3,v0,agent,combinado,company,desc,0,1,3.054,,
f4_v0_idx3,v0,agent,combinado,company,desc,0,2,4.492,,
f4_v0_idx3,v0,agent,combinado,company,desc,0,3,3.995,,
f4_v0_idx3,v0,agent,combinado,company,desc,0,4,3.826,,
f4_v0_idx3,v0,agent,combinado,company,desc,0,5,3.789,,
f4_v0_idx3,v0,agent,combinado,company,desc,0,6,4.613,,
f4_v0_idx3,v0,agent,combinado,company,desc,500,1,3.904,,
f4_v0_idx3,v0,agent,combinado,company,desc,500,2,3.736,,
f4_v0_idx3,v0,agent,combinado,company,desc,500,3,3.886,,
f4_v0_idx3,v0,agent,combinado,company,desc,500,4,4.507,,
f4_v0_idx3,v0,agent,combinado,company,desc,500,5,4.173,,
f1_v0_base,v0,agent,combinado,company,asc,0,2,2.692,2,2
f1_v0_base,v0,agent,combinado,company,asc,0,3,2.33,2,2
f1_v0_base,v0,agent,combinado,company,asc,0,4,2.017,2,2
f1_v0_base,v0,agent,combinado,company,asc,0,5,2.008,2,2
f1_v0_base,v0,agent,combinado,company,asc,0,6,2.072,2,2
f1_v0_base,v0,agent,combinado,company,asc,500,1,1.917,0,
f1_v0_base,v0,agent,combinado,company,asc,500,2,1.882,0,
f1_v0_base,v0,agent,combinado,company,asc,500,3,1.491,0,
f1_v0_base,v0,agent,combinado,company,asc,500,4,1.863,0,
f1_v0_base,v0,agent,combinado,company,asc,500,5,1.431,0,
f1_v0_base,v0,agent,combinado,company,asc,500,6,1.883,0,
f1_v0_base,v0,agent,combinado,company,desc,0,1,2.265,2,2
f1_v0_base,v0,agent,combinado,company,desc,0,2,1.832,2,2
f1_v0_base,v0,agent,combinado,company,desc,0,3,1.571,2,2
f1_v0_base,v0,agent,combinado,company,desc,0,4,1.787,2,2
f1_v0_base,v0,agent,combinado,company,desc,0,5,1.661,2,2
f1_v0_base,v0,agent,combinado,company,desc,0,6,1.835,2,2
f1_v0_base,v0,agent,combinado,company,desc,500,1,4.573,0,
f1_v0_base,v0,agent,combinado,company,desc,500,2,2.163,0,
f1_v0_base,v0,agent,combinado,company,desc,500,3,2.038,0,
f1_v0_base,v0,agent,combinado,company,desc,500,4,1.814,0,
f1_v0_base,v0,agent,combinado,company,desc,500,5,2.023,0,
f1_v0_base,v0,agent,combinado,company,desc,500,6,2.269,0,
f1_v1_inline,v1,agent,__overhead_wrapper__,-,-,-1,0,0.157,0,0
f1_v1_inline,v1,agent,sem_filtro,name,asc,0,1,80.505,,
f1_v1_inline,v1,agent,sem_filtro,name,asc,0,2,72.712,,
f1_v1_inline,v1,agent,sem_filtro,name,asc,0,3,74.783,,
f1_v1_inline,v1,agent,sem_filtro,name,asc,0,4,82.742,,
f1_v1_inline,v1,agent,sem_filtro,name,asc,0,5,81.255,,
f1_v1_inline,v1,agent,sem_filtro,name,asc,0,6,73.401,,
f1_v1_inline,v1,agent,sem_filtro,name,desc,0,1,72.455,,
f1_v1_inline,v1,agent,sem_filtro,name,desc,0,2,68.426,,
f1_v1_inline,v1,agent,sem_filtro,name,desc,0,3,84.488,,
f1_v1_inline,v1,agent,sem_filtro,name,desc,0,4,87.8,,
f1_v1_inline,v1,agent,sem_filtro,name,desc,0,5,84.016,,
f1_v1_inline,v1,agent,sem_filtro,name,desc,0,6,80.985,,
f1_v1_inline,v1,agent,sem_filtro,created_at,asc,0,1,73.676,,
f1_v1_inline,v1,agent,sem_filtro,created_at,asc,0,2,68.905,,
f1_v1_inline,v1,agent,sem_filtro,created_at,asc,0,3,73.996,,
f1_v1_inline,v1,agent,sem_filtro,created_at,asc,0,4,70.665,,
f1_v1_inline,v1,agent,sem_filtro,created_at,asc,0,5,74.68,,
f1_v1_inline,v1,agent,sem_filtro,created_at,asc,0,6,78.993,,
f1_v1_inline,v1,agent,sem_filtro,created_at,desc,0,1,-942.092,,
f1_v1_inline,v1,agent,sem_filtro,created_at,desc,0,2,81.056,,
f1_v1_inline,v1,agent,sem_filtro,created_at,desc,0,3,73.819,,
f1_v1_inline,v1,agent,sem_filtro,created_at,desc,0,4,72.262,,
f1_v1_inline,v1,agent,sem_filtro,created_at,desc,0,5,72.701,,
f1_v1_inline,v1,agent,sem_filtro,created_at,desc,0,6,70.679,,
f1_v1_inline,v1,agent,sem_filtro,company,asc,0,1,78.098,,
f1_v1_inline,v1,agent,sem_filtro,company,asc,0,2,75.37,,
f1_v1_inline,v1,agent,sem_filtro,company,asc,0,3,72.779,,
f1_v1_inline,v1,agent,sem_filtro,company,asc,0,4,74.075,,
f1_v1_inline,v1,agent,sem_filtro,company,asc,0,5,76.396,,
f1_v1_inline,v1,agent,sem_filtro,company,asc,0,6,74.347,,
f1_v1_inline,v1,agent,sem_filtro,company,desc,0,1,74.319,,
f1_v1_inline,v1,agent,sem_filtro,company,desc,0,2,70.34,,
f1_v1_inline,v1,agent,sem_filtro,company,desc,0,3,75.633,,
f1_v1_inline,v1,agent,sem_filtro,company,desc,0,4,70.652,,
f1_v1_inline,v1,agent,sem_filtro,company,desc,0,5,75.351,,
f1_v1_inline,v1,agent,sem_filtro,company,desc,0,6,74.299,,
f1_v1_inline,v1,agent,termo_nome_5ch,name,asc,0,1,49.864,,
f4_v0_idx3,v0,agent,combinado,company,desc,500,6,3.897,,
f4_v2_idx3,v2,agent,termo_nome_5ch,name,asc,0,1,25.22,,
f4_v2_idx3,v2,agent,termo_nome_5ch,name,asc,0,2,29.671,,
f4_v2_idx3,v2,agent,termo_nome_5ch,name,asc,0,3,25.567,,
f4_v2_idx3,v2,agent,termo_nome_5ch,name,asc,0,4,26.469,,
f4_v2_idx3,v2,agent,termo_nome_5ch,name,asc,0,5,26.41,,
f4_v2_idx3,v2,agent,termo_nome_5ch,name,asc,0,6,26.282,,
f4_v2_idx3,v2,agent,termo_nome_5ch,name,desc,0,1,29.293,,
f4_v2_idx3,v2,agent,termo_nome_5ch,name,desc,0,2,30.221,,
f4_v2_idx3,v2,agent,termo_nome_5ch,name,desc,0,3,27.799,,
f4_v2_idx3,v2,agent,termo_nome_5ch,name,desc,0,4,28.413,,
f4_v2_idx3,v2,agent,termo_nome_5ch,name,desc,0,5,27.907,,
f4_v2_idx3,v2,agent,termo_nome_5ch,name,desc,0,6,30.556,,
f4_v2_idx3,v2,agent,termo_nome_5ch,created_at,asc,0,1,27.674,,
f4_v2_idx3,v2,agent,termo_nome_5ch,created_at,asc,0,2,29.728,,
f4_v2_idx3,v2,agent,termo_nome_5ch,created_at,asc,0,3,28.311,,
f4_v2_idx3,v2,agent,termo_nome_5ch,created_at,asc,0,4,30.801,,
f1_v1_inline,v1,agent,termo_nome_5ch,name,asc,0,2,54.91,,
f1_v1_inline,v1,agent,termo_nome_5ch,name,asc,0,3,60.021,,
f1_v1_inline,v1,agent,termo_nome_5ch,name,asc,0,4,56.007,,
f1_v1_inline,v1,agent,termo_nome_5ch,name,asc,0,5,62.133,,
f1_v1_inline,v1,agent,termo_nome_5ch,name,asc,0,6,54.777,,
f1_v1_inline,v1,agent,termo_nome_5ch,name,desc,0,1,57.03,,
f1_v1_inline,v1,agent,termo_nome_5ch,name,desc,0,2,52.943,,
f1_v1_inline,v1,agent,termo_nome_5ch,name,desc,0,3,49.96,,
f1_v1_inline,v1,agent,termo_nome_5ch,name,desc,0,4,58.604,,
f1_v1_inline,v1,agent,termo_nome_5ch,name,desc,0,5,56.633,,
f1_v1_inline,v1,agent,termo_nome_5ch,name,desc,0,6,53.587,,
f1_v1_inline,v1,agent,termo_nome_5ch,created_at,asc,0,1,54.952,,
f1_v1_inline,v1,agent,termo_nome_5ch,created_at,asc,0,2,56.035,,
f1_v1_inline,v1,agent,termo_nome_5ch,created_at,asc,0,3,56.808,,
f1_v1_inline,v1,agent,termo_nome_5ch,created_at,asc,0,4,50.833,,
f1_v1_inline,v1,agent,termo_nome_5ch,created_at,asc,0,5,48.535,,
f1_v1_inline,v1,agent,termo_nome_5ch,created_at,asc,0,6,49.037,,
f1_v1_inline,v1,agent,termo_nome_5ch,created_at,desc,0,1,49.399,,
f1_v1_inline,v1,agent,termo_nome_5ch,created_at,desc,0,2,47.8,,
f1_v1_inline,v1,agent,termo_nome_5ch,created_at,desc,0,3,49.735,,
f1_v1_inline,v1,agent,termo_nome_5ch,created_at,desc,0,4,47.961,,
f1_v1_inline,v1,agent,termo_nome_5ch,created_at,desc,0,5,53.748,,
f1_v1_inline,v1,agent,termo_nome_5ch,created_at,desc,0,6,54.477,,
f1_v1_inline,v1,agent,termo_nome_5ch,company,asc,0,1,73.73,,
f1_v1_inline,v1,agent,termo_nome_5ch,company,asc,0,2,77.582,,
f1_v1_inline,v1,agent,termo_nome_5ch,company,asc,0,3,87.743,,
f1_v1_inline,v1,agent,termo_nome_5ch,company,asc,0,4,105.001,,
f1_v1_inline,v1,agent,termo_nome_5ch,company,asc,0,5,100.891,,
f1_v1_inline,v1,agent,termo_nome_5ch,company,asc,0,6,92.053,,
f1_v1_inline,v1,agent,termo_nome_5ch,company,desc,0,1,76.763,,
f1_v1_inline,v1,agent,termo_nome_5ch,company,desc,0,2,75.099,,
f1_v1_inline,v1,agent,termo_nome_5ch,company,desc,0,3,82.101,,
f1_v1_inline,v1,agent,termo_nome_5ch,company,desc,0,4,77.093,,
f1_v1_inline,v1,agent,termo_nome_5ch,company,desc,0,5,62.446,,
f1_v1_inline,v1,agent,termo_nome_5ch,company,desc,0,6,70.426,,
f1_v1_inline,v1,agent,termo_empresa,name,asc,0,1,71.423,,
f1_v1_inline,v1,agent,termo_empresa,name,asc,0,2,82.08,,
f1_v1_inline,v1,agent,termo_empresa,name,asc,0,3,65.941,,
f1_v1_inline,v1,agent,termo_empresa,name,asc,0,4,70.185,,
f1_v1_inline,v1,agent,termo_empresa,name,asc,0,5,69.996,,
f1_v1_inline,v1,agent,termo_empresa,name,asc,0,6,62.71,,
f1_v1_inline,v1,agent,termo_empresa,name,desc,0,1,55.99,,
f1_v1_inline,v1,agent,termo_empresa,name,desc,0,2,57.306,,
f1_v1_inline,v1,agent,termo_empresa,name,desc,0,3,55.742,,
f1_v1_inline,v1,agent,termo_empresa,name,desc,0,4,52.295,,
f1_v1_inline,v1,agent,termo_empresa,name,desc,0,5,51.771,,
f1_v1_inline,v1,agent,termo_empresa,name,desc,0,6,53.862,,
f1_v1_inline,v1,agent,termo_empresa,created_at,asc,0,1,52.802,,
f1_v1_inline,v1,agent,termo_empresa,created_at,asc,0,2,53.22,,
f1_v1_inline,v1,agent,termo_empresa,created_at,asc,0,3,63.252,,
f1_v1_inline,v1,agent,termo_empresa,created_at,asc,0,4,69.466,,
f1_v1_inline,v1,agent,termo_empresa,created_at,asc,0,5,75.92,,
f1_v1_inline,v1,agent,termo_empresa,created_at,asc,0,6,59.842,,
f1_v1_inline,v1,agent,termo_empresa,created_at,desc,0,1,56.094,,
f1_v1_inline,v1,agent,termo_empresa,created_at,desc,0,2,55.232,,
f1_v1_inline,v1,agent,termo_empresa,created_at,desc,0,3,56.671,,
f1_v1_inline,v1,agent,termo_empresa,created_at,desc,0,4,56.168,,
f1_v1_inline,v1,agent,termo_empresa,created_at,desc,0,5,52.331,,
f1_v1_inline,v1,agent,termo_empresa,created_at,desc,0,6,55.267,,
f1_v1_inline,v1,agent,termo_empresa,company,asc,0,1,55.259,,
f1_v1_inline,v1,agent,termo_empresa,company,asc,0,2,50.331,,
f1_v1_inline,v1,agent,termo_empresa,company,asc,0,3,53.89,,
f1_v1_inline,v1,agent,termo_empresa,company,asc,0,4,54.475,,
f1_v1_inline,v1,agent,termo_empresa,company,asc,0,5,49.238,,
f1_v1_inline,v1,agent,termo_empresa,company,asc,0,6,50.412,,
f1_v1_inline,v1,agent,termo_empresa,company,desc,0,1,51.791,,
f1_v1_inline,v1,agent,termo_empresa,company,desc,0,2,53.898,,
f1_v1_inline,v1,agent,termo_empresa,company,desc,0,3,51.294,,
f1_v1_inline,v1,agent,termo_empresa,company,desc,0,4,56.449,,
f1_v1_inline,v1,agent,termo_empresa,company,desc,0,5,56.319,,
f1_v1_inline,v1,agent,termo_empresa,company,desc,0,6,57.636,,
f1_v1_inline,v1,agent,filtro_tipo,name,asc,0,1,17.454,,
f1_v1_inline,v1,agent,filtro_tipo,name,asc,0,2,16.976,,
f1_v1_inline,v1,agent,filtro_tipo,name,asc,0,3,16.127,,
f1_v1_inline,v1,agent,filtro_tipo,name,asc,0,4,17.216,,
f1_v1_inline,v1,agent,filtro_tipo,name,asc,0,5,17.736,,
f1_v1_inline,v1,agent,filtro_tipo,name,asc,0,6,16.255,,
f1_v1_inline,v1,agent,filtro_tipo,name,desc,0,1,17.338,,
f1_v1_inline,v1,agent,filtro_tipo,name,desc,0,2,17.292,,
f1_v1_inline,v1,agent,filtro_tipo,name,desc,0,3,16.439,,
f1_v1_inline,v1,agent,filtro_tipo,name,desc,0,4,17.468,,
f1_v1_inline,v1,agent,filtro_tipo,name,desc,0,5,18.883,,
f1_v1_inline,v1,agent,filtro_tipo,name,desc,0,6,17.069,,
f1_v1_inline,v1,agent,filtro_tipo,created_at,asc,0,1,15.814,,
f1_v1_inline,v1,agent,filtro_tipo,created_at,asc,0,2,16.145,,
f1_v1_inline,v1,agent,filtro_tipo,created_at,asc,0,3,18.204,,
f1_v1_inline,v1,agent,filtro_tipo,created_at,asc,0,4,16.399,,
f1_v1_inline,v1,agent,filtro_tipo,created_at,asc,0,5,18.46,,
f1_v1_inline,v1,agent,filtro_tipo,created_at,asc,0,6,19.61,,
f1_v1_inline,v1,agent,filtro_tipo,created_at,desc,0,1,17.126,,
f1_v1_inline,v1,agent,filtro_tipo,created_at,desc,0,2,19.434,,
f1_v1_inline,v1,agent,filtro_tipo,created_at,desc,0,3,17.454,,
f1_v1_inline,v1,agent,filtro_tipo,created_at,desc,0,4,20.028,,
f1_v1_inline,v1,agent,filtro_tipo,created_at,desc,0,5,18.812,,
f1_v1_inline,v1,agent,filtro_tipo,created_at,desc,0,6,17.519,,
f1_v1_inline,v1,agent,filtro_tipo,company,asc,0,1,20.193,,
f1_v1_inline,v1,agent,filtro_tipo,company,asc,0,2,20.164,,
f1_v1_inline,v1,agent,filtro_tipo,company,asc,0,3,18.851,,
f1_v1_inline,v1,agent,filtro_tipo,company,asc,0,4,19.461,,
f1_v1_inline,v1,agent,filtro_tipo,company,asc,0,5,19.025,,
f1_v1_inline,v1,agent,filtro_tipo,company,asc,0,6,20.54,,
f1_v1_inline,v1,agent,filtro_tipo,company,desc,0,1,20.909,,
f1_v1_inline,v1,agent,filtro_tipo,company,desc,0,2,19.167,,
f1_v1_inline,v1,agent,filtro_tipo,company,desc,0,3,20.532,,
f1_v1_inline,v1,agent,filtro_tipo,company,desc,0,4,20.008,,
f1_v1_inline,v1,agent,filtro_tipo,company,desc,0,5,19.506,,
f1_v1_inline,v1,agent,filtro_tipo,company,desc,0,6,18.381,,
f1_v1_inline,v1,agent,filtro_tag,name,asc,0,1,12.838,,
f1_v1_inline,v1,agent,filtro_tag,name,asc,0,2,13.152,,
f1_v1_inline,v1,agent,filtro_tag,name,asc,0,3,13.567,,
f1_v1_inline,v1,agent,filtro_tag,name,asc,0,4,13.422,,
f1_v1_inline,v1,agent,filtro_tag,name,asc,0,5,13.333,,
f1_v1_inline,v1,agent,filtro_tag,name,asc,0,6,12.994,,
f1_v1_inline,v1,agent,filtro_tag,name,desc,0,1,13.062,,
f1_v1_inline,v1,agent,filtro_tag,name,desc,0,2,13.757,,
f1_v1_inline,v1,agent,filtro_tag,name,desc,0,3,13.099,,
f1_v1_inline,v1,agent,filtro_tag,name,desc,0,4,11.557,,
f1_v1_inline,v1,agent,filtro_tag,name,desc,0,5,12.147,,
f1_v1_inline,v1,agent,filtro_tag,name,desc,0,6,13.099,,
f1_v1_inline,v1,agent,filtro_tag,created_at,asc,0,1,13.952,,
f1_v1_inline,v1,agent,filtro_tag,created_at,asc,0,2,12.234,,
f1_v1_inline,v1,agent,filtro_tag,created_at,asc,0,3,12.082,,
f1_v1_inline,v1,agent,filtro_tag,created_at,asc,0,4,11.54,,
f1_v1_inline,v1,agent,filtro_tag,created_at,asc,0,5,12.23,,
f1_v1_inline,v1,agent,filtro_tag,created_at,asc,0,6,12.808,,
f1_v1_inline,v1,agent,filtro_tag,created_at,desc,0,1,13.238,,
f1_v1_inline,v1,agent,filtro_tag,created_at,desc,0,2,12.92,,
f1_v1_inline,v1,agent,filtro_tag,created_at,desc,0,3,13.476,,
f1_v1_inline,v1,agent,filtro_tag,created_at,desc,0,4,13.011,,
f1_v1_inline,v1,agent,filtro_tag,created_at,desc,0,5,12.676,,
f1_v1_inline,v1,agent,filtro_tag,created_at,desc,0,6,12.018,,
f1_v1_inline,v1,agent,filtro_tag,company,asc,0,1,12.729,,
f1_v1_inline,v1,agent,filtro_tag,company,asc,0,2,12.236,,
f1_v1_inline,v1,agent,filtro_tag,company,asc,0,3,11.965,,
f1_v1_inline,v1,agent,filtro_tag,company,asc,0,4,12.224,,
f1_v1_inline,v1,agent,filtro_tag,company,asc,0,5,12.809,,
f1_v1_inline,v1,agent,filtro_tag,company,asc,0,6,15.122,,
f1_v1_inline,v1,agent,filtro_tag,company,desc,0,1,12.951,,
f1_v1_inline,v1,agent,filtro_tag,company,desc,0,2,11.676,,
f1_v1_inline,v1,agent,filtro_tag,company,desc,0,3,13.103,,
f1_v1_inline,v1,agent,filtro_tag,company,desc,0,4,12.154,,
f1_v1_inline,v1,agent,filtro_tag,company,desc,0,5,12.115,,
f1_v1_inline,v1,agent,filtro_tag,company,desc,0,6,12.174,,
f1_v1_inline,v1,agent,intervalo_data,name,asc,0,1,19.751,,
f1_v1_inline,v1,agent,intervalo_data,name,asc,0,2,18.047,,
f1_v1_inline,v1,agent,intervalo_data,name,asc,0,3,19.133,,
f1_v1_inline,v1,agent,intervalo_data,name,asc,0,4,19.717,,
f1_v1_inline,v1,agent,intervalo_data,name,asc,0,5,18.526,,
f1_v1_inline,v1,agent,intervalo_data,name,asc,0,6,17.279,,
f1_v1_inline,v1,agent,intervalo_data,name,desc,0,1,16.96,,
f1_v1_inline,v1,agent,intervalo_data,name,desc,0,2,17.635,,
f1_v1_inline,v1,agent,intervalo_data,name,desc,0,3,17.257,,
f1_v1_inline,v1,agent,intervalo_data,name,desc,0,4,17.872,,
f1_v1_inline,v1,agent,intervalo_data,name,desc,0,5,19.947,,
f1_v1_inline,v1,agent,intervalo_data,name,desc,0,6,17.547,,
f1_v1_inline,v1,agent,intervalo_data,created_at,asc,0,1,17.914,,
f1_v1_inline,v1,agent,intervalo_data,created_at,asc,0,2,18.503,,
f1_v1_inline,v1,agent,intervalo_data,created_at,asc,0,3,17.738,,
f1_v1_inline,v1,agent,intervalo_data,created_at,asc,0,4,17.561,,
f1_v1_inline,v1,agent,intervalo_data,created_at,asc,0,5,17.185,,
f1_v1_inline,v1,agent,intervalo_data,created_at,asc,0,6,18.91,,
f1_v1_inline,v1,agent,intervalo_data,created_at,desc,0,1,17.131,,
f1_v1_inline,v1,agent,intervalo_data,created_at,desc,0,2,18.007,,
f1_v1_inline,v1,agent,intervalo_data,created_at,desc,0,3,16.949,,
f1_v1_inline,v1,agent,intervalo_data,created_at,desc,0,4,17.321,,
f1_v1_inline,v1,agent,intervalo_data,created_at,desc,0,5,19.295,,
f1_v1_inline,v1,agent,intervalo_data,created_at,desc,0,6,17.582,,
f1_v1_inline,v1,agent,intervalo_data,company,asc,0,1,18.619,,
f1_v1_inline,v1,agent,intervalo_data,company,asc,0,2,17.675,,
f1_v1_inline,v1,agent,intervalo_data,company,asc,0,3,18.272,,
f1_v1_inline,v1,agent,intervalo_data,company,asc,0,4,17.988,,
f1_v1_inline,v1,agent,intervalo_data,company,asc,0,5,19.915,,
f1_v1_inline,v1,agent,intervalo_data,company,asc,0,6,17.554,,
f1_v1_inline,v1,agent,intervalo_data,company,desc,0,1,17.722,,
f1_v1_inline,v1,agent,intervalo_data,company,desc,0,2,17.479,,
f1_v1_inline,v1,agent,intervalo_data,company,desc,0,3,17.273,,
f1_v1_inline,v1,agent,intervalo_data,company,desc,0,4,18.259,,
f1_v1_inline,v1,agent,intervalo_data,company,desc,0,5,18.895,,
f1_v1_inline,v1,agent,intervalo_data,company,desc,0,6,17.223,,
f1_v1_inline,v1,agent,combinado,name,asc,0,1,2.748,,
f1_v1_inline,v1,agent,combinado,name,asc,0,2,2.225,,
f1_v1_inline,v1,agent,combinado,name,asc,0,3,2.057,,
f1_v1_inline,v1,agent,combinado,name,asc,0,4,1.867,,
f1_v1_inline,v1,agent,combinado,name,asc,0,5,1.785,,
f1_v1_inline,v1,agent,combinado,name,asc,0,6,1.694,,
f1_v1_inline,v1,agent,combinado,name,desc,0,1,1.681,,
f1_v1_inline,v1,agent,combinado,name,desc,0,2,2.2,,
f1_v1_inline,v1,agent,combinado,name,desc,0,3,1.911,,
f1_v1_inline,v1,agent,combinado,name,desc,0,4,1.833,,
f1_v1_inline,v1,agent,combinado,name,desc,0,5,1.937,,
f1_v1_inline,v1,agent,combinado,name,desc,0,6,1.61,,
f1_v1_inline,v1,agent,combinado,created_at,asc,0,1,1.476,,
f1_v1_inline,v1,agent,combinado,created_at,asc,0,2,1.702,,
f1_v1_inline,v1,agent,combinado,created_at,asc,0,3,1.353,,
f1_v1_inline,v1,agent,combinado,created_at,asc,0,4,1.449,,
f1_v1_inline,v1,agent,combinado,created_at,asc,0,5,1.51,,
f1_v1_inline,v1,agent,combinado,created_at,asc,0,6,1.897,,
f1_v1_inline,v1,agent,combinado,created_at,desc,0,1,2.283,,
f1_v1_inline,v1,agent,combinado,created_at,desc,0,2,2.163,,
f1_v1_inline,v1,agent,combinado,created_at,desc,0,3,1.764,,
f1_v1_inline,v1,agent,combinado,created_at,desc,0,4,1.591,,
f1_v1_inline,v1,agent,combinado,created_at,desc,0,5,1.554,,
f1_v1_inline,v1,agent,combinado,created_at,desc,0,6,1.351,,
f1_v1_inline,v1,agent,combinado,company,asc,0,1,1.358,,
f1_v1_inline,v1,agent,combinado,company,asc,0,2,1.465,,
f1_v1_inline,v1,agent,combinado,company,asc,0,3,1.866,,
f1_v1_inline,v1,agent,combinado,company,asc,0,4,2.733,,
f1_v1_inline,v1,agent,combinado,company,asc,0,5,2.512,,
f1_v1_inline,v1,agent,combinado,company,asc,0,6,1.945,,
f1_v1_inline,v1,agent,combinado,company,desc,0,1,1.437,,
f1_v1_inline,v1,agent,combinado,company,desc,0,2,1.503,,
f1_v1_inline,v1,agent,combinado,company,desc,0,3,1.363,,
f1_v1_inline,v1,agent,combinado,company,desc,0,4,1.456,,
f1_v1_inline,v1,agent,combinado,company,desc,0,5,1.356,,
f1_v1_inline,v1,agent,combinado,company,desc,0,6,1.269,,
f1_v2_branch,v2,agent,__overhead_wrapper__,-,-,-1,0,0.197,0,0
f1_v2_branch,v2,agent,sem_filtro,name,asc,0,1,179.622,,
f1_v2_branch,v2,agent,sem_filtro,name,asc,0,2,173.405,,
f1_v2_branch,v2,agent,sem_filtro,name,asc,0,3,184.535,,
f1_v2_branch,v2,agent,sem_filtro,name,asc,0,4,181.667,,
f1_v2_branch,v2,agent,sem_filtro,name,asc,0,5,173.584,,
f1_v2_branch,v2,agent,sem_filtro,name,asc,0,6,172.025,,
f1_v2_branch,v2,agent,sem_filtro,name,desc,0,1,165.241,,
f1_v2_branch,v2,agent,sem_filtro,name,desc,0,2,186.562,,
f1_v2_branch,v2,agent,sem_filtro,name,desc,0,3,181.301,,
f1_v2_branch,v2,agent,sem_filtro,name,desc,0,4,163.475,,
f1_v2_branch,v2,agent,sem_filtro,name,desc,0,5,173.532,,
f1_v2_branch,v2,agent,sem_filtro,name,desc,0,6,182.439,,
f1_v2_branch,v2,agent,sem_filtro,created_at,asc,0,1,170.33,,
f1_v2_branch,v2,agent,sem_filtro,created_at,asc,0,2,167.896,,
f1_v2_branch,v2,agent,sem_filtro,created_at,asc,0,3,172.831,,
f1_v2_branch,v2,agent,sem_filtro,created_at,asc,0,4,172.043,,
f1_v2_branch,v2,agent,sem_filtro,created_at,asc,0,5,166.492,,
f1_v2_branch,v2,agent,sem_filtro,created_at,asc,0,6,197.651,,
f1_v2_branch,v2,agent,sem_filtro,created_at,desc,0,1,172.653,,
f1_v2_branch,v2,agent,sem_filtro,created_at,desc,0,2,170.078,,
f1_v2_branch,v2,agent,sem_filtro,created_at,desc,0,3,165.909,,
f1_v2_branch,v2,agent,sem_filtro,created_at,desc,0,4,173.305,,
f1_v2_branch,v2,agent,sem_filtro,created_at,desc,0,5,182.907,,
f1_v2_branch,v2,agent,sem_filtro,created_at,desc,0,6,184.499,,
f1_v2_branch,v2,agent,sem_filtro,company,asc,0,1,167.89,,
f1_v2_branch,v2,agent,sem_filtro,company,asc,0,2,166.078,,
f1_v2_branch,v2,agent,sem_filtro,company,asc,0,3,163.443,,
f1_v2_branch,v2,agent,sem_filtro,company,asc,0,4,162.715,,
f1_v2_branch,v2,agent,sem_filtro,company,asc,0,5,179.419,,
f1_v2_branch,v2,agent,sem_filtro,company,asc,0,6,177.801,,
f1_v2_branch,v2,agent,sem_filtro,company,desc,0,1,168.98,,
f1_v2_branch,v2,agent,sem_filtro,company,desc,0,2,188.783,,
f1_v2_branch,v2,agent,sem_filtro,company,desc,0,3,183.713,,
f1_v2_branch,v2,agent,sem_filtro,company,desc,0,4,162.54,,
f1_v2_branch,v2,agent,sem_filtro,company,desc,0,5,170.887,,
f1_v2_branch,v2,agent,sem_filtro,company,desc,0,6,173.999,,
f1_v2_branch,v2,agent,termo_nome_5ch,name,asc,0,1,59.026,,
f1_v2_branch,v2,agent,termo_nome_5ch,name,asc,0,2,59.499,,
f1_v2_branch,v2,agent,termo_nome_5ch,name,asc,0,3,58.764,,
f1_v2_branch,v2,agent,termo_nome_5ch,name,asc,0,4,59.088,,
f1_v2_branch,v2,agent,termo_nome_5ch,name,asc,0,5,61.932,,
f1_v2_branch,v2,agent,termo_nome_5ch,name,asc,0,6,59.292,,
f1_v2_branch,v2,agent,termo_nome_5ch,name,desc,0,1,59.045,,
f1_v2_branch,v2,agent,termo_nome_5ch,name,desc,0,2,57.537,,
f1_v2_branch,v2,agent,termo_nome_5ch,name,desc,0,3,59.094,,
f1_v2_branch,v2,agent,termo_nome_5ch,name,desc,0,4,57.043,,
f1_v2_branch,v2,agent,termo_nome_5ch,name,desc,0,5,58.903,,
f1_v2_branch,v2,agent,termo_nome_5ch,name,desc,0,6,71.257,,
f1_v2_branch,v2,agent,termo_nome_5ch,created_at,asc,0,1,71.934,,
f1_v2_branch,v2,agent,termo_nome_5ch,created_at,asc,0,2,73.257,,
f1_v2_branch,v2,agent,termo_nome_5ch,created_at,asc,0,3,62.338,,
f1_v2_branch,v2,agent,termo_nome_5ch,created_at,asc,0,4,61.9,,
f1_v2_branch,v2,agent,termo_nome_5ch,created_at,asc,0,5,61.008,,
f1_v2_branch,v2,agent,termo_nome_5ch,created_at,asc,0,6,60.543,,
f1_v2_branch,v2,agent,termo_nome_5ch,created_at,desc,0,1,58.776,,
f1_v2_branch,v2,agent,termo_nome_5ch,created_at,desc,0,2,60.322,,
f1_v2_branch,v2,agent,termo_nome_5ch,created_at,desc,0,3,60.119,,
f1_v2_branch,v2,agent,termo_nome_5ch,created_at,desc,0,4,61.971,,
f1_v2_branch,v2,agent,termo_nome_5ch,created_at,desc,0,5,64.036,,
f1_v2_branch,v2,agent,termo_nome_5ch,created_at,desc,0,6,60.765,,
f1_v2_branch,v2,agent,termo_nome_5ch,company,asc,0,1,59.881,,
f1_v2_branch,v2,agent,termo_nome_5ch,company,asc,0,2,65.125,,
f1_v2_branch,v2,agent,termo_nome_5ch,company,asc,0,3,63.156,,
f1_v2_branch,v2,agent,termo_nome_5ch,company,asc,0,4,64.268,,
f1_v2_branch,v2,agent,termo_nome_5ch,company,asc,0,5,58.845,,
f1_v2_branch,v2,agent,termo_nome_5ch,company,asc,0,6,62.095,,
f1_v2_branch,v2,agent,termo_nome_5ch,company,desc,0,1,62.649,,
f1_v2_branch,v2,agent,termo_nome_5ch,company,desc,0,2,62.739,,
f1_v2_branch,v2,agent,termo_nome_5ch,company,desc,0,3,65.315,,
f1_v2_branch,v2,agent,termo_nome_5ch,company,desc,0,4,59.67,,
f1_v2_branch,v2,agent,termo_nome_5ch,company,desc,0,5,61.192,,
f1_v2_branch,v2,agent,termo_nome_5ch,company,desc,0,6,56.965,,
f1_v2_branch,v2,agent,termo_empresa,name,asc,0,1,59.588,,
f1_v2_branch,v2,agent,termo_empresa,name,asc,0,2,68.31,,
f1_v2_branch,v2,agent,termo_empresa,name,asc,0,3,60.88,,
f1_v2_branch,v2,agent,termo_empresa,name,asc,0,4,58.778,,
f1_v2_branch,v2,agent,termo_empresa,name,asc,0,5,60.798,,
f1_v2_branch,v2,agent,termo_empresa,name,asc,0,6,58.645,,
f1_v2_branch,v2,agent,termo_empresa,name,desc,0,1,60.195,,
f1_v2_branch,v2,agent,termo_empresa,name,desc,0,2,56.298,,
f1_v2_branch,v2,agent,termo_empresa,name,desc,0,3,55.419,,
f1_v2_branch,v2,agent,termo_empresa,name,desc,0,4,54.533,,
f1_v2_branch,v2,agent,termo_empresa,name,desc,0,5,56.585,,
f1_v2_branch,v2,agent,termo_empresa,name,desc,0,6,61.5,,
f1_v2_branch,v2,agent,termo_empresa,created_at,asc,0,1,56.457,,
f1_v2_branch,v2,agent,termo_empresa,created_at,asc,0,2,55.477,,
f1_v2_branch,v2,agent,termo_empresa,created_at,asc,0,3,55.715,,
f1_v2_branch,v2,agent,termo_empresa,created_at,asc,0,4,53.91,,
f1_v2_branch,v2,agent,termo_empresa,created_at,asc,0,5,57.232,,
f1_v2_branch,v2,agent,termo_empresa,created_at,asc,0,6,58.95,,
f1_v2_branch,v2,agent,termo_empresa,created_at,desc,0,1,60.137,,
f1_v2_branch,v2,agent,termo_empresa,created_at,desc,0,2,58.738,,
f1_v2_branch,v2,agent,termo_empresa,created_at,desc,0,3,57.069,,
f1_v2_branch,v2,agent,termo_empresa,created_at,desc,0,4,53.784,,
f1_v2_branch,v2,agent,termo_empresa,created_at,desc,0,5,53.688,,
f1_v2_branch,v2,agent,termo_empresa,created_at,desc,0,6,56.136,,
f1_v2_branch,v2,agent,termo_empresa,company,asc,0,1,59.141,,
f1_v2_branch,v2,agent,termo_empresa,company,asc,0,2,55.849,,
f1_v2_branch,v2,agent,termo_empresa,company,asc,0,3,57.33,,
f1_v2_branch,v2,agent,termo_empresa,company,asc,0,4,55.965,,
f1_v2_branch,v2,agent,termo_empresa,company,asc,0,5,59.063,,
f1_v2_branch,v2,agent,termo_empresa,company,asc,0,6,58.837,,
f1_v2_branch,v2,agent,termo_empresa,company,desc,0,1,63.319,,
f1_v2_branch,v2,agent,termo_empresa,company,desc,0,2,58.31,,
f1_v2_branch,v2,agent,termo_empresa,company,desc,0,3,61.679,,
f1_v2_branch,v2,agent,termo_empresa,company,desc,0,4,67.67,,
f1_v2_branch,v2,agent,termo_empresa,company,desc,0,5,65.177,,
f1_v2_branch,v2,agent,termo_empresa,company,desc,0,6,61.41,,
f1_v2_branch,v2,agent,filtro_tipo,name,asc,0,1,35.317,,
f1_v2_branch,v2,agent,filtro_tipo,name,asc,0,2,33.187,,
f1_v2_branch,v2,agent,filtro_tipo,name,asc,0,3,35.997,,
f1_v2_branch,v2,agent,filtro_tipo,name,asc,0,4,33.451,,
f1_v2_branch,v2,agent,filtro_tipo,name,asc,0,5,32.851,,
f1_v2_branch,v2,agent,filtro_tipo,name,asc,0,6,32.796,,
f1_v2_branch,v2,agent,filtro_tipo,name,desc,0,1,35.595,,
f1_v2_branch,v2,agent,filtro_tipo,name,desc,0,2,34.811,,
f1_v2_branch,v2,agent,filtro_tipo,name,desc,0,3,34.625,,
f1_v2_branch,v2,agent,filtro_tipo,name,desc,0,4,34.304,,
f1_v2_branch,v2,agent,filtro_tipo,name,desc,0,5,34.481,,
f1_v2_branch,v2,agent,filtro_tipo,name,desc,0,6,33.781,,
f1_v2_branch,v2,agent,filtro_tipo,created_at,asc,0,1,31.375,,
f1_v2_branch,v2,agent,filtro_tipo,created_at,asc,0,2,32.474,,
f1_v2_branch,v2,agent,filtro_tipo,created_at,asc,0,3,32.684,,
f1_v2_branch,v2,agent,filtro_tipo,created_at,asc,0,4,31.701,,
f1_v2_branch,v2,agent,filtro_tipo,created_at,asc,0,5,32.979,,
f1_v2_branch,v2,agent,filtro_tipo,created_at,asc,0,6,35.85,,
f1_v2_branch,v2,agent,filtro_tipo,created_at,desc,0,1,32.252,,
f1_v2_branch,v2,agent,filtro_tipo,created_at,desc,0,2,34.085,,
f1_v2_branch,v2,agent,filtro_tipo,created_at,desc,0,3,34.069,,
f1_v2_branch,v2,agent,filtro_tipo,created_at,desc,0,4,34.71,,
f1_v2_branch,v2,agent,filtro_tipo,created_at,desc,0,5,35.835,,
f1_v2_branch,v2,agent,filtro_tipo,created_at,desc,0,6,36.618,,
f1_v2_branch,v2,agent,filtro_tipo,company,asc,0,1,34.719,,
f1_v2_branch,v2,agent,filtro_tipo,company,asc,0,2,34.053,,
f1_v2_branch,v2,agent,filtro_tipo,company,asc,0,3,34.856,,
f1_v2_branch,v2,agent,filtro_tipo,company,asc,0,4,35.976,,
f1_v2_branch,v2,agent,filtro_tipo,company,asc,0,5,33.808,,
f1_v2_branch,v2,agent,filtro_tipo,company,asc,0,6,31.844,,
f1_v2_branch,v2,agent,filtro_tipo,company,desc,0,1,32.946,,
f1_v2_branch,v2,agent,filtro_tipo,company,desc,0,2,32.065,,
f1_v2_branch,v2,agent,filtro_tipo,company,desc,0,3,33.834,,
f1_v2_branch,v2,agent,filtro_tipo,company,desc,0,4,31.848,,
f1_v2_branch,v2,agent,filtro_tipo,company,desc,0,5,31.537,,
f1_v2_branch,v2,agent,filtro_tipo,company,desc,0,6,32.184,,
f1_v2_branch,v2,agent,filtro_tag,name,asc,0,1,18.739,,
f1_v2_branch,v2,agent,filtro_tag,name,asc,0,2,21.459,,
f1_v2_branch,v2,agent,filtro_tag,name,asc,0,3,19.073,,
f1_v2_branch,v2,agent,filtro_tag,name,asc,0,4,17.974,,
f1_v2_branch,v2,agent,filtro_tag,name,asc,0,5,17.929,,
f1_v2_branch,v2,agent,filtro_tag,name,asc,0,6,18.625,,
f1_v2_branch,v2,agent,filtro_tag,name,desc,0,1,18.844,,
f1_v2_branch,v2,agent,filtro_tag,name,desc,0,2,19.456,,
f1_v2_branch,v2,agent,filtro_tag,name,desc,0,3,18.864,,
f1_v2_branch,v2,agent,filtro_tag,name,desc,0,4,18.191,,
f1_v2_branch,v2,agent,filtro_tag,name,desc,0,5,19.58,,
f1_v2_branch,v2,agent,filtro_tag,name,desc,0,6,17.946,,
f1_v2_branch,v2,agent,filtro_tag,created_at,asc,0,1,19.083,,
f1_v2_branch,v2,agent,filtro_tag,created_at,asc,0,2,17.687,,
f1_v2_branch,v2,agent,filtro_tag,created_at,asc,0,3,18.154,,
f1_v2_branch,v2,agent,filtro_tag,created_at,asc,0,4,18.063,,
f1_v2_branch,v2,agent,filtro_tag,created_at,asc,0,5,18.209,,
f1_v2_branch,v2,agent,filtro_tag,created_at,asc,0,6,17.96,,
f1_v2_branch,v2,agent,filtro_tag,created_at,desc,0,1,17.759,,
f1_v2_branch,v2,agent,filtro_tag,created_at,desc,0,2,17.891,,
f1_v2_branch,v2,agent,filtro_tag,created_at,desc,0,3,17.681,,
f1_v2_branch,v2,agent,filtro_tag,created_at,desc,0,4,19.539,,
f1_v2_branch,v2,agent,filtro_tag,created_at,desc,0,5,20.488,,
f1_v2_branch,v2,agent,filtro_tag,created_at,desc,0,6,18.873,,
f1_v2_branch,v2,agent,filtro_tag,company,asc,0,1,20.815,,
f1_v2_branch,v2,agent,filtro_tag,company,asc,0,2,21.788,,
f1_v2_branch,v2,agent,filtro_tag,company,asc,0,3,20.19,,
f1_v2_branch,v2,agent,filtro_tag,company,asc,0,4,19.732,,
f1_v2_branch,v2,agent,filtro_tag,company,asc,0,5,18.903,,
f1_v2_branch,v2,agent,filtro_tag,company,asc,0,6,18.467,,
f1_v2_branch,v2,agent,filtro_tag,company,desc,0,1,18.684,,
f1_v2_branch,v2,agent,filtro_tag,company,desc,0,2,17.762,,
f1_v2_branch,v2,agent,filtro_tag,company,desc,0,3,18.058,,
f1_v2_branch,v2,agent,filtro_tag,company,desc,0,4,18.643,,
f1_v2_branch,v2,agent,filtro_tag,company,desc,0,5,21.464,,
f1_v2_branch,v2,agent,filtro_tag,company,desc,0,6,19.73,,
f1_v2_branch,v2,agent,intervalo_data,name,asc,0,1,37.152,,
f1_v2_branch,v2,agent,intervalo_data,name,asc,0,2,38.375,,
f1_v2_branch,v2,agent,intervalo_data,name,asc,0,3,36.047,,
f1_v2_branch,v2,agent,intervalo_data,name,asc,0,4,35.762,,
f1_v2_branch,v2,agent,intervalo_data,name,asc,0,5,34.896,,
f1_v2_branch,v2,agent,intervalo_data,name,asc,0,6,35.954,,
f1_v2_branch,v2,agent,intervalo_data,name,desc,0,1,35.248,,
f1_v2_branch,v2,agent,intervalo_data,name,desc,0,2,38.608,,
f1_v2_branch,v2,agent,intervalo_data,name,desc,0,3,39.982,,
f1_v2_branch,v2,agent,intervalo_data,name,desc,0,4,37.234,,
f1_v2_branch,v2,agent,intervalo_data,name,desc,0,5,38.97,,
f1_v2_branch,v2,agent,intervalo_data,name,desc,0,6,38.468,,
f1_v2_branch,v2,agent,intervalo_data,created_at,asc,0,1,36.988,,
f1_v2_branch,v2,agent,intervalo_data,created_at,asc,0,2,37.508,,
f1_v2_branch,v2,agent,intervalo_data,created_at,asc,0,3,39.323,,
f1_v2_branch,v2,agent,intervalo_data,created_at,asc,0,4,39.401,,
f1_v2_branch,v2,agent,intervalo_data,created_at,asc,0,5,39.27,,
f1_v2_branch,v2,agent,intervalo_data,created_at,asc,0,6,38.432,,
f1_v2_branch,v2,agent,intervalo_data,created_at,desc,0,1,38.269,,
f1_v2_branch,v2,agent,intervalo_data,created_at,desc,0,2,38.157,,
f1_v2_branch,v2,agent,intervalo_data,created_at,desc,0,3,37.06,,
f1_v2_branch,v2,agent,intervalo_data,created_at,desc,0,4,36.338,,
f1_v2_branch,v2,agent,intervalo_data,created_at,desc,0,5,36.977,,
f1_v2_branch,v2,agent,intervalo_data,created_at,desc,0,6,36.469,,
f1_v2_branch,v2,agent,intervalo_data,company,asc,0,1,39.488,,
f1_v2_branch,v2,agent,intervalo_data,company,asc,0,2,40.484,,
f1_v2_branch,v2,agent,intervalo_data,company,asc,0,3,38.178,,
f1_v2_branch,v2,agent,intervalo_data,company,asc,0,4,43.925,,
f1_v2_branch,v2,agent,intervalo_data,company,asc,0,5,39.533,,
f1_v2_branch,v2,agent,intervalo_data,company,asc,0,6,42.955,,
f1_v2_branch,v2,agent,intervalo_data,company,desc,0,1,38.707,,
f1_v2_branch,v2,agent,intervalo_data,company,desc,0,2,36.326,,
f1_v2_branch,v2,agent,intervalo_data,company,desc,0,3,36.297,,
f1_v2_branch,v2,agent,intervalo_data,company,desc,0,4,37.444,,
f1_v2_branch,v2,agent,intervalo_data,company,desc,0,5,37.944,,
f1_v2_branch,v2,agent,intervalo_data,company,desc,0,6,44.18,,
f1_v2_branch,v2,agent,combinado,name,asc,0,1,2.657,,
f1_v2_branch,v2,agent,combinado,name,asc,0,2,2.258,,
f1_v2_branch,v2,agent,combinado,name,asc,0,3,1.879,,
f1_v2_branch,v2,agent,combinado,name,asc,0,4,1.78,,
f1_v2_branch,v2,agent,combinado,name,asc,0,5,1.759,,
f1_v2_branch,v2,agent,combinado,name,asc,0,6,2.131,,
f1_v2_branch,v2,agent,combinado,name,desc,0,1,3.378,,
f1_v2_branch,v2,agent,combinado,name,desc,0,2,2.549,,
f1_v2_branch,v2,agent,combinado,name,desc,0,3,2.19,,
f1_v2_branch,v2,agent,combinado,name,desc,0,4,1.71,,
f1_v2_branch,v2,agent,combinado,name,desc,0,5,1.705,,
f1_v2_branch,v2,agent,combinado,name,desc,0,6,1.841,,
f1_v2_branch,v2,agent,combinado,created_at,asc,0,1,1.747,,
f1_v2_branch,v2,agent,combinado,created_at,asc,0,2,2.676,,
f1_v2_branch,v2,agent,combinado,created_at,asc,0,3,3.182,,
f1_v2_branch,v2,agent,combinado,created_at,asc,0,4,2.226,,
f1_v2_branch,v2,agent,combinado,created_at,asc,0,5,2.051,,
f1_v2_branch,v2,agent,combinado,created_at,asc,0,6,2.127,,
f1_v2_branch,v2,agent,combinado,created_at,desc,0,1,2.186,,
f1_v2_branch,v2,agent,combinado,created_at,desc,0,2,2.015,,
f1_v2_branch,v2,agent,combinado,created_at,desc,0,3,2.53,,
f1_v2_branch,v2,agent,combinado,created_at,desc,0,4,2.599,,
f1_v2_branch,v2,agent,combinado,created_at,desc,0,5,2.117,,
f1_v2_branch,v2,agent,combinado,created_at,desc,0,6,1.819,,
f1_v2_branch,v2,agent,combinado,company,asc,0,1,1.705,,
f1_v2_branch,v2,agent,combinado,company,asc,0,2,1.752,,
f1_v2_branch,v2,agent,combinado,company,asc,0,3,1.73,,
f1_v2_branch,v2,agent,combinado,company,asc,0,4,1.763,,
f1_v2_branch,v2,agent,combinado,company,asc,0,5,2.156,,
f1_v2_branch,v2,agent,combinado,company,asc,0,6,2.436,,
f1_v2_branch,v2,agent,combinado,company,desc,0,1,2.321,,
f1_v2_branch,v2,agent,combinado,company,desc,0,2,2.046,,
f1_v2_branch,v2,agent,combinado,company,desc,0,3,1.832,,
f1_v2_branch,v2,agent,combinado,company,desc,0,4,2.748,,
f1_v2_branch,v2,agent,combinado,company,desc,0,5,2.096,,
f1_v2_branch,v2,agent,combinado,company,desc,0,6,2.943,,
f2_v0_idx1,v0,agent,__overhead_wrapper__,-,-,-1,0,0.368,0,0
f2_v0_idx1,v0,agent,sem_filtro,name,asc,0,1,219.584,,
f2_v0_idx1,v0,agent,sem_filtro,name,asc,0,2,200.132,,
f2_v0_idx1,v0,agent,sem_filtro,name,asc,0,3,190.59,,
f2_v0_idx1,v0,agent,sem_filtro,name,asc,0,4,213.397,,
f2_v0_idx1,v0,agent,sem_filtro,name,asc,0,5,202.604,,
f2_v0_idx1,v0,agent,sem_filtro,name,asc,0,6,180.352,,
f2_v0_idx1,v0,agent,sem_filtro,name,asc,500,1,168.794,,
f2_v0_idx1,v0,agent,sem_filtro,name,asc,500,2,180.372,,
f2_v0_idx1,v0,agent,sem_filtro,name,asc,500,3,179.815,,
f2_v0_idx1,v0,agent,sem_filtro,name,asc,500,4,187.772,,
f2_v0_idx1,v0,agent,sem_filtro,name,asc,500,5,177.834,,
f2_v0_idx1,v0,agent,sem_filtro,name,asc,500,6,184.542,,
f2_v0_idx1,v0,agent,sem_filtro,name,desc,0,1,184.432,,
f2_v0_idx1,v0,agent,sem_filtro,name,desc,0,2,182.611,,
f2_v0_idx1,v0,agent,sem_filtro,name,desc,0,3,182.661,,
f2_v0_idx1,v0,agent,sem_filtro,name,desc,0,4,182.161,,
f2_v0_idx1,v0,agent,sem_filtro,name,desc,0,5,188.811,,
f2_v0_idx1,v0,agent,sem_filtro,name,desc,0,6,182.237,,
f2_v0_idx1,v0,agent,sem_filtro,name,desc,500,1,179.927,,
f2_v0_idx1,v0,agent,sem_filtro,name,desc,500,2,167.173,,
f2_v0_idx1,v0,agent,sem_filtro,name,desc,500,3,166.41,,
f2_v0_idx1,v0,agent,sem_filtro,name,desc,500,4,166.697,,
f2_v0_idx1,v0,agent,sem_filtro,name,desc,500,5,162.545,,
f2_v0_idx1,v0,agent,sem_filtro,name,desc,500,6,167.059,,
f2_v0_idx1,v0,agent,sem_filtro,created_at,asc,0,1,166.585,,
f2_v0_idx1,v0,agent,sem_filtro,created_at,asc,0,2,175.128,,
f2_v0_idx1,v0,agent,sem_filtro,created_at,asc,0,3,177.617,,
f2_v0_idx1,v0,agent,sem_filtro,created_at,asc,0,4,167.559,,
f2_v0_idx1,v0,agent,sem_filtro,created_at,asc,0,5,161.389,,
f2_v0_idx1,v0,agent,sem_filtro,created_at,asc,0,6,165.726,,
f2_v0_idx1,v0,agent,sem_filtro,created_at,asc,500,1,189.884,,
f2_v0_idx1,v0,agent,sem_filtro,created_at,asc,500,2,182.16,,
f2_v0_idx1,v0,agent,sem_filtro,created_at,asc,500,3,173.793,,
f2_v0_idx1,v0,agent,sem_filtro,created_at,asc,500,4,177.794,,
f2_v0_idx1,v0,agent,sem_filtro,created_at,asc,500,5,169.772,,
f2_v0_idx1,v0,agent,sem_filtro,created_at,asc,500,6,175.875,,
f2_v0_idx1,v0,agent,sem_filtro,created_at,desc,0,1,172.882,,
f2_v0_idx1,v0,agent,sem_filtro,created_at,desc,0,2,173.966,,
f2_v0_idx1,v0,agent,sem_filtro,created_at,desc,0,3,192.176,,
f2_v0_idx1,v0,agent,sem_filtro,created_at,desc,0,4,175.638,,
f2_v0_idx1,v0,agent,sem_filtro,created_at,desc,0,5,169.408,,
f2_v0_idx1,v0,agent,sem_filtro,created_at,desc,0,6,196.39,,
f2_v0_idx1,v0,agent,sem_filtro,created_at,desc,500,1,183.213,,
f2_v0_idx1,v0,agent,sem_filtro,created_at,desc,500,2,171.007,,
f2_v0_idx1,v0,agent,sem_filtro,created_at,desc,500,3,166.072,,
f2_v0_idx1,v0,agent,sem_filtro,created_at,desc,500,4,160.498,,
f2_v0_idx1,v0,agent,sem_filtro,created_at,desc,500,5,166.335,,
f2_v0_idx1,v0,agent,sem_filtro,created_at,desc,500,6,175.628,,
f2_v0_idx1,v0,agent,sem_filtro,company,asc,0,1,163.318,,
f2_v0_idx1,v0,agent,sem_filtro,company,asc,0,2,163.117,,
f2_v0_idx1,v0,agent,sem_filtro,company,asc,0,3,169.02,,
f2_v0_idx1,v0,agent,sem_filtro,company,asc,0,4,167.601,,
f2_v0_idx1,v0,agent,sem_filtro,company,asc,0,5,167.333,,
f2_v0_idx1,v0,agent,sem_filtro,company,asc,0,6,170.851,,
f2_v0_idx1,v0,agent,sem_filtro,company,asc,500,1,172.439,,
f2_v0_idx1,v0,agent,sem_filtro,company,asc,500,2,184.895,,
f2_v0_idx1,v0,agent,sem_filtro,company,asc,500,3,206.246,,
f2_v0_idx1,v0,agent,sem_filtro,company,asc,500,4,181.874,,
f2_v0_idx1,v0,agent,sem_filtro,company,asc,500,5,193.567,,
f2_v0_idx1,v0,agent,sem_filtro,company,asc,500,6,181.752,,
f2_v0_idx1,v0,agent,sem_filtro,company,desc,0,1,183.847,,
f2_v0_idx1,v0,agent,sem_filtro,company,desc,0,2,198.076,,
f2_v0_idx1,v0,agent,sem_filtro,company,desc,0,3,179.319,,
f2_v0_idx1,v0,agent,sem_filtro,company,desc,0,4,173.021,,
f2_v0_idx1,v0,agent,sem_filtro,company,desc,0,5,183.497,,
f2_v0_idx1,v0,agent,sem_filtro,company,desc,0,6,182.53,,
f2_v0_idx1,v0,agent,sem_filtro,company,desc,500,1,184.925,,
f2_v0_idx1,v0,agent,sem_filtro,company,desc,500,2,182.284,,
f2_v0_idx1,v0,agent,sem_filtro,company,desc,500,3,190.1,,
f2_v0_idx1,v0,agent,sem_filtro,company,desc,500,4,193.389,,
f2_v0_idx1,v0,agent,sem_filtro,company,desc,500,5,192.702,,
f2_v0_idx1,v0,agent,sem_filtro,company,desc,500,6,192.491,,
f2_v0_idx1,v0,agent,termo_nome_5ch,name,asc,0,1,71.786,,
f2_v0_idx1,v0,agent,termo_nome_5ch,name,asc,0,2,76.632,,
f2_v0_idx1,v0,agent,termo_nome_5ch,name,asc,0,3,78.696,,
f2_v0_idx1,v0,agent,termo_nome_5ch,name,asc,0,4,73.264,,
f2_v0_idx1,v0,agent,termo_nome_5ch,name,asc,0,5,73.071,,
f2_v0_idx1,v0,agent,termo_nome_5ch,name,asc,0,6,73.451,,
f2_v0_idx1,v0,agent,termo_nome_5ch,name,asc,500,1,73.991,,
f2_v0_idx1,v0,agent,termo_nome_5ch,name,asc,500,2,78.494,,
f2_v0_idx1,v0,agent,termo_nome_5ch,name,asc,500,3,83.925,,
f2_v0_idx1,v0,agent,termo_nome_5ch,name,asc,500,4,82.919,,
f2_v0_idx1,v0,agent,termo_nome_5ch,name,asc,500,5,73.651,,
f2_v0_idx1,v0,agent,termo_nome_5ch,name,asc,500,6,66.592,,
f2_v0_idx1,v0,agent,termo_nome_5ch,name,desc,0,1,75.623,,
f2_v0_idx1,v0,agent,termo_nome_5ch,name,desc,0,2,76.35,,
f2_v0_idx1,v0,agent,termo_nome_5ch,name,desc,0,3,69.277,,
f2_v0_idx1,v0,agent,termo_nome_5ch,name,desc,0,4,63.775,,
f2_v0_idx1,v0,agent,termo_nome_5ch,name,desc,0,5,67.899,,
f2_v0_idx1,v0,agent,termo_nome_5ch,name,desc,0,6,67.197,,
f2_v0_idx1,v0,agent,termo_nome_5ch,name,desc,500,1,73.633,,
f2_v0_idx1,v0,agent,termo_nome_5ch,name,desc,500,2,70.447,,
f2_v0_idx1,v0,agent,termo_nome_5ch,name,desc,500,3,67.615,,
f2_v0_idx1,v0,agent,termo_nome_5ch,name,desc,500,4,76.188,,
f2_v0_idx1,v0,agent,termo_nome_5ch,name,desc,500,5,71.418,,
f2_v0_idx1,v0,agent,termo_nome_5ch,name,desc,500,6,75.614,,
f2_v0_idx1,v0,agent,termo_nome_5ch,created_at,asc,0,1,83.48,,
f2_v0_idx1,v0,agent,termo_nome_5ch,created_at,asc,0,2,73.317,,
f2_v0_idx1,v0,agent,termo_nome_5ch,created_at,asc,0,3,68.372,,
f2_v0_idx1,v0,agent,termo_nome_5ch,created_at,asc,0,4,67.451,,
f2_v0_idx1,v0,agent,termo_nome_5ch,created_at,asc,0,5,75.621,,
f2_v0_idx1,v0,agent,termo_nome_5ch,created_at,asc,0,6,68.652,,
f2_v0_idx1,v0,agent,termo_nome_5ch,created_at,asc,500,1,65.655,,
f2_v0_idx1,v0,agent,termo_nome_5ch,created_at,asc,500,2,71.33,,
f2_v0_idx1,v0,agent,termo_nome_5ch,created_at,asc,500,3,66.027,,
f2_v0_idx1,v0,agent,termo_nome_5ch,created_at,asc,500,4,62.053,,
f2_v0_idx1,v0,agent,termo_nome_5ch,created_at,asc,500,5,69.822,,
f2_v0_idx1,v0,agent,termo_nome_5ch,created_at,asc,500,6,67.328,,
f2_v0_idx1,v0,agent,termo_nome_5ch,created_at,desc,0,1,73.508,,
f2_v0_idx1,v0,agent,termo_nome_5ch,created_at,desc,0,2,73.864,,
f2_v0_idx1,v0,agent,termo_nome_5ch,created_at,desc,0,3,69.4,,
f2_v0_idx1,v0,agent,termo_nome_5ch,created_at,desc,0,4,78.196,,
f2_v0_idx1,v0,agent,termo_nome_5ch,created_at,desc,0,5,75.632,,
f2_v0_idx1,v0,agent,termo_nome_5ch,created_at,desc,0,6,77.654,,
f2_v0_idx1,v0,agent,termo_nome_5ch,created_at,desc,500,1,74.316,,
f2_v0_idx1,v0,agent,termo_nome_5ch,created_at,desc,500,2,67.86,,
f2_v0_idx1,v0,agent,termo_nome_5ch,created_at,desc,500,3,69.783,,
f2_v0_idx1,v0,agent,termo_nome_5ch,created_at,desc,500,4,62.123,,
f2_v0_idx1,v0,agent,termo_nome_5ch,created_at,desc,500,5,67.523,,
f2_v0_idx1,v0,agent,termo_nome_5ch,created_at,desc,500,6,67.276,,
f2_v0_idx1,v0,agent,termo_nome_5ch,company,asc,0,1,63.995,,
f2_v0_idx1,v0,agent,termo_nome_5ch,company,asc,0,2,70.114,,
f2_v0_idx1,v0,agent,termo_nome_5ch,company,asc,0,3,62.782,,
f2_v0_idx1,v0,agent,termo_nome_5ch,company,asc,0,4,64.545,,
f2_v0_idx1,v0,agent,termo_nome_5ch,company,asc,0,5,69.115,,
f2_v0_idx1,v0,agent,termo_nome_5ch,company,asc,0,6,66.255,,
f2_v0_idx1,v0,agent,termo_nome_5ch,company,asc,500,1,68.452,,
f2_v0_idx1,v0,agent,termo_nome_5ch,company,asc,500,2,69.781,,
f2_v0_idx1,v0,agent,termo_nome_5ch,company,asc,500,3,71.11,,
f2_v0_idx1,v0,agent,termo_nome_5ch,company,asc,500,4,76.415,,
f2_v0_idx1,v0,agent,termo_nome_5ch,company,asc,500,5,71.745,,
f2_v0_idx1,v0,agent,termo_nome_5ch,company,asc,500,6,65.328,,
f2_v0_idx1,v0,agent,termo_nome_5ch,company,desc,0,1,65.213,,
f2_v0_idx1,v0,agent,termo_nome_5ch,company,desc,0,2,63.757,,
f2_v0_idx1,v0,agent,termo_nome_5ch,company,desc,0,3,64.774,,
f2_v0_idx1,v0,agent,termo_nome_5ch,company,desc,0,4,67.893,,
f2_v0_idx1,v0,agent,termo_nome_5ch,company,desc,0,5,63.625,,
f2_v0_idx1,v0,agent,termo_nome_5ch,company,desc,0,6,67.075,,
f2_v0_idx1,v0,agent,termo_nome_5ch,company,desc,500,1,63.293,,
f2_v0_idx1,v0,agent,termo_nome_5ch,company,desc,500,2,65.74,,
f2_v0_idx1,v0,agent,termo_nome_5ch,company,desc,500,3,65.767,,
f2_v0_idx1,v0,agent,termo_nome_5ch,company,desc,500,4,65.996,,
f2_v0_idx1,v0,agent,termo_nome_5ch,company,desc,500,5,72.123,,
f2_v0_idx1,v0,agent,termo_nome_5ch,company,desc,500,6,76.55,,
f2_v0_idx1,v0,agent,combinado,name,asc,0,1,3.166,,
f2_v0_idx1,v0,agent,combinado,name,asc,0,2,2.078,,
f2_v0_idx1,v0,agent,combinado,name,asc,0,3,1.812,,
f2_v0_idx1,v0,agent,combinado,name,asc,0,4,2.024,,
f2_v0_idx1,v0,agent,combinado,name,asc,0,5,1.925,,
f2_v0_idx1,v0,agent,combinado,name,asc,0,6,1.851,,
f2_v0_idx1,v0,agent,combinado,name,asc,500,1,2.911,,
f2_v0_idx1,v0,agent,combinado,name,asc,500,2,2.405,,
f2_v0_idx1,v0,agent,combinado,name,asc,500,3,2.049,,
f2_v0_idx1,v0,agent,combinado,name,asc,500,4,1.743,,
f2_v0_idx1,v0,agent,combinado,name,asc,500,5,1.873,,
f2_v0_idx1,v0,agent,combinado,name,asc,500,6,1.594,,
f2_v0_idx1,v0,agent,combinado,name,desc,0,1,1.848,,
f2_v0_idx1,v0,agent,combinado,name,desc,0,2,1.573,,
f2_v0_idx1,v0,agent,combinado,name,desc,0,3,1.96,,
f2_v0_idx1,v0,agent,combinado,name,desc,0,4,2.714,,
f2_v0_idx1,v0,agent,combinado,name,desc,0,5,2.708,,
f2_v0_idx1,v0,agent,combinado,name,desc,0,6,2.527,,
f2_v0_idx1,v0,agent,combinado,name,desc,500,1,2.169,,
f2_v0_idx1,v0,agent,combinado,name,desc,500,2,2.04,,
f2_v0_idx1,v0,agent,combinado,name,desc,500,3,2.017,,
f2_v0_idx1,v0,agent,combinado,name,desc,500,4,2.01,,
f2_v0_idx1,v0,agent,combinado,name,desc,500,5,2.203,,
f2_v0_idx1,v0,agent,combinado,name,desc,500,6,3.164,,
f2_v0_idx1,v0,agent,combinado,created_at,asc,0,1,2.66,,
f2_v0_idx1,v0,agent,combinado,created_at,asc,0,2,2.49,,
f2_v0_idx1,v0,agent,combinado,created_at,asc,0,3,2.262,,
f2_v0_idx1,v0,agent,combinado,created_at,asc,0,4,2.078,,
f2_v0_idx1,v0,agent,combinado,created_at,asc,0,5,1.919,,
f2_v0_idx1,v0,agent,combinado,created_at,asc,0,6,1.849,,
f2_v0_idx1,v0,agent,combinado,created_at,asc,500,1,3.105,,
f2_v0_idx1,v0,agent,combinado,created_at,asc,500,2,2.543,,
f2_v0_idx1,v0,agent,combinado,created_at,asc,500,3,2.062,,
f2_v0_idx1,v0,agent,combinado,created_at,asc,500,4,1.852,,
f2_v0_idx1,v0,agent,combinado,created_at,asc,500,5,1.686,,
f2_v0_idx1,v0,agent,combinado,created_at,asc,500,6,1.831,,
f2_v0_idx1,v0,agent,combinado,created_at,desc,0,1,1.687,,
f2_v0_idx1,v0,agent,combinado,created_at,desc,0,2,1.783,,
f2_v0_idx1,v0,agent,combinado,created_at,desc,0,3,1.948,,
f2_v0_idx1,v0,agent,combinado,created_at,desc,0,4,3.09,,
f2_v0_idx1,v0,agent,combinado,created_at,desc,0,5,2.804,,
f2_v0_idx1,v0,agent,combinado,created_at,desc,0,6,1.988,,
f2_v0_idx1,v0,agent,combinado,created_at,desc,500,1,1.73,,
f2_v0_idx1,v0,agent,combinado,created_at,desc,500,2,1.602,,
f2_v0_idx1,v0,agent,combinado,created_at,desc,500,3,1.684,,
f2_v0_idx1,v0,agent,combinado,created_at,desc,500,4,1.759,,
f2_v0_idx1,v0,agent,combinado,created_at,desc,500,5,1.673,,
f2_v0_idx1,v0,agent,combinado,created_at,desc,500,6,3.191,,
f2_v0_idx1,v0,agent,combinado,company,asc,0,1,2.854,,
f2_v0_idx1,v0,agent,combinado,company,asc,0,2,2.168,,
f2_v0_idx1,v0,agent,combinado,company,asc,0,3,1.974,,
f2_v0_idx1,v0,agent,combinado,company,asc,0,4,1.728,,
f2_v0_idx1,v0,agent,combinado,company,asc,0,5,1.674,,
f2_v0_idx1,v0,agent,combinado,company,asc,0,6,1.694,,
f2_v0_idx1,v0,agent,combinado,company,asc,500,1,1.714,,
f2_v0_idx1,v0,agent,combinado,company,asc,500,2,1.956,,
f2_v0_idx1,v0,agent,combinado,company,asc,500,3,3.91,,
f2_v0_idx1,v0,agent,combinado,company,asc,500,4,3.16,,
f2_v0_idx1,v0,agent,combinado,company,asc,500,5,2.304,,
f2_v0_idx1,v0,agent,combinado,company,asc,500,6,1.663,,
f2_v0_idx1,v0,agent,combinado,company,desc,0,1,1.634,,
f2_v0_idx1,v0,agent,combinado,company,desc,0,2,1.848,,
f2_v0_idx1,v0,agent,combinado,company,desc,0,3,1.54,,
f2_v0_idx1,v0,agent,combinado,company,desc,0,4,2.052,,
f2_v0_idx1,v0,agent,combinado,company,desc,0,5,2.683,,
f2_v0_idx1,v0,agent,combinado,company,desc,0,6,2.457,,
f2_v0_idx1,v0,agent,combinado,company,desc,500,1,2.149,,
f2_v0_idx1,v0,agent,combinado,company,desc,500,2,1.733,,
f2_v0_idx1,v0,agent,combinado,company,desc,500,3,1.66,,
f2_v0_idx1,v0,agent,combinado,company,desc,500,4,1.704,,
f2_v0_idx1,v0,agent,combinado,company,desc,500,5,1.541,,
f2_v0_idx1,v0,agent,combinado,company,desc,500,6,1.74,,
f3_v0_idx2,v0,agent,__overhead_wrapper__,-,-,-1,0,0.192,0,0
f3_v0_idx2,v0,agent,sem_filtro,name,asc,0,1,189.148,,
f3_v0_idx2,v0,agent,sem_filtro,name,asc,0,2,188.81,,
f3_v0_idx2,v0,agent,sem_filtro,name,asc,0,3,182.163,,
f3_v0_idx2,v0,agent,sem_filtro,name,asc,0,4,186.568,,
f3_v0_idx2,v0,agent,sem_filtro,name,asc,0,5,181.402,,
f3_v0_idx2,v0,agent,sem_filtro,name,asc,0,6,177.802,,
f3_v0_idx2,v0,agent,sem_filtro,name,asc,500,1,190.827,,
f3_v0_idx2,v0,agent,sem_filtro,name,asc,500,2,193.709,,
f3_v0_idx2,v0,agent,sem_filtro,name,asc,500,3,185.936,,
f3_v0_idx2,v0,agent,sem_filtro,name,asc,500,4,210.849,,
f3_v0_idx2,v0,agent,sem_filtro,name,asc,500,5,205.279,,
f3_v0_idx2,v0,agent,sem_filtro,name,asc,500,6,193.605,,
f3_v0_idx2,v0,agent,sem_filtro,name,desc,0,1,194.825,,
f3_v0_idx2,v0,agent,sem_filtro,name,desc,0,2,184.593,,
f3_v0_idx2,v0,agent,sem_filtro,name,desc,0,3,193.576,,
f3_v0_idx2,v0,agent,sem_filtro,name,desc,0,4,182.216,,
f3_v0_idx2,v0,agent,sem_filtro,name,desc,0,5,181.805,,
f3_v0_idx2,v0,agent,sem_filtro,name,desc,0,6,188.119,,
f3_v0_idx2,v0,agent,sem_filtro,name,desc,500,1,191.702,,
f3_v0_idx2,v0,agent,sem_filtro,name,desc,500,2,182.376,,
f3_v0_idx2,v0,agent,sem_filtro,name,desc,500,3,184.376,,
f3_v0_idx2,v0,agent,sem_filtro,name,desc,500,4,193.481,,
f3_v0_idx2,v0,agent,sem_filtro,name,desc,500,5,196.376,,
f3_v0_idx2,v0,agent,sem_filtro,name,desc,500,6,201.634,,
f3_v0_idx2,v0,agent,sem_filtro,created_at,asc,0,1,196.979,,
f3_v0_idx2,v0,agent,sem_filtro,created_at,asc,0,2,197.537,,
f3_v0_idx2,v0,agent,sem_filtro,created_at,asc,0,3,192.34,,
f3_v0_idx2,v0,agent,sem_filtro,created_at,asc,0,4,196.924,,
f3_v0_idx2,v0,agent,sem_filtro,created_at,asc,0,5,193.852,,
f3_v0_idx2,v0,agent,sem_filtro,created_at,asc,0,6,219.079,,
f3_v0_idx2,v0,agent,sem_filtro,created_at,asc,500,1,206.6,,
f3_v0_idx2,v0,agent,sem_filtro,created_at,asc,500,2,198.001,,
f3_v0_idx2,v0,agent,sem_filtro,created_at,asc,500,3,184.201,,
f3_v0_idx2,v0,agent,sem_filtro,created_at,asc,500,4,236.82,,
f3_v0_idx2,v0,agent,sem_filtro,created_at,asc,500,5,191.772,,
f3_v0_idx2,v0,agent,sem_filtro,created_at,asc,500,6,179.897,,
f3_v0_idx2,v0,agent,sem_filtro,created_at,desc,0,1,170.175,,
f3_v0_idx2,v0,agent,sem_filtro,created_at,desc,0,2,169.574,,
f3_v0_idx2,v0,agent,sem_filtro,created_at,desc,0,3,173.705,,
f3_v0_idx2,v0,agent,sem_filtro,created_at,desc,0,4,171.44,,
f3_v0_idx2,v0,agent,sem_filtro,created_at,desc,0,5,168.941,,
f3_v0_idx2,v0,agent,sem_filtro,created_at,desc,0,6,194.88,,
f3_v0_idx2,v0,agent,sem_filtro,created_at,desc,500,1,179.289,,
f3_v0_idx2,v0,agent,sem_filtro,created_at,desc,500,2,180.114,,
f3_v0_idx2,v0,agent,sem_filtro,created_at,desc,500,3,182.718,,
f3_v0_idx2,v0,agent,sem_filtro,created_at,desc,500,4,177.13,,
f3_v0_idx2,v0,agent,sem_filtro,created_at,desc,500,5,176.82,,
f3_v0_idx2,v0,agent,sem_filtro,created_at,desc,500,6,183.484,,
f3_v0_idx2,v0,agent,sem_filtro,company,asc,0,1,179.895,,
f3_v0_idx2,v0,agent,sem_filtro,company,asc,0,2,192.508,,
f3_v0_idx2,v0,agent,sem_filtro,company,asc,0,3,195.369,,
f3_v0_idx2,v0,agent,sem_filtro,company,asc,0,4,193.93,,
f3_v0_idx2,v0,agent,sem_filtro,company,asc,0,5,196.938,,
f3_v0_idx2,v0,agent,sem_filtro,company,asc,0,6,191.396,,
f3_v0_idx2,v0,agent,sem_filtro,company,asc,500,1,184.63,,
f3_v0_idx2,v0,agent,sem_filtro,company,asc,500,2,205.066,,
f3_v0_idx2,v0,agent,sem_filtro,company,asc,500,3,179.007,,
f3_v0_idx2,v0,agent,sem_filtro,company,asc,500,4,191.127,,
f3_v0_idx2,v0,agent,sem_filtro,company,asc,500,5,178.148,,
f3_v0_idx2,v0,agent,sem_filtro,company,asc,500,6,175.72,,
f3_v0_idx2,v0,agent,sem_filtro,company,desc,0,1,184.716,,
f3_v0_idx2,v0,agent,sem_filtro,company,desc,0,2,178.074,,
f3_v0_idx2,v0,agent,sem_filtro,company,desc,0,3,177.795,,
f3_v0_idx2,v0,agent,sem_filtro,company,desc,0,4,179.798,,
f3_v0_idx2,v0,agent,sem_filtro,company,desc,0,5,209.639,,
f3_v0_idx2,v0,agent,sem_filtro,company,desc,0,6,209.025,,
f3_v0_idx2,v0,agent,sem_filtro,company,desc,500,1,200.984,,
f3_v0_idx2,v0,agent,sem_filtro,company,desc,500,2,193.827,,
f3_v0_idx2,v0,agent,sem_filtro,company,desc,500,3,204.364,,
f3_v0_idx2,v0,agent,sem_filtro,company,desc,500,4,187.762,,
f3_v0_idx2,v0,agent,sem_filtro,company,desc,500,5,190.546,,
f3_v0_idx2,v0,agent,sem_filtro,company,desc,500,6,200.917,,
f3_v0_idx2,v0,agent,termo_nome_5ch,name,asc,0,1,30.783,,
f3_v0_idx2,v0,agent,termo_nome_5ch,name,asc,0,2,26.307,,
f3_v0_idx2,v0,agent,termo_nome_5ch,name,asc,0,3,28.376,,
f3_v0_idx2,v0,agent,termo_nome_5ch,name,asc,0,4,26.265,,
f3_v0_idx2,v0,agent,termo_nome_5ch,name,asc,0,5,27.723,,
f3_v0_idx2,v0,agent,termo_nome_5ch,name,asc,0,6,26.098,,
f3_v0_idx2,v0,agent,termo_nome_5ch,name,asc,500,1,25.484,,
f3_v0_idx2,v0,agent,termo_nome_5ch,name,asc,500,2,28.401,,
f3_v0_idx2,v0,agent,termo_nome_5ch,name,asc,500,3,29.082,,
f3_v0_idx2,v0,agent,termo_nome_5ch,name,asc,500,4,28.83,,
f3_v0_idx2,v0,agent,termo_nome_5ch,name,asc,500,5,26.176,,
f3_v0_idx2,v0,agent,termo_nome_5ch,name,asc,500,6,28.336,,
f3_v0_idx2,v0,agent,termo_nome_5ch,name,desc,0,1,27.48,,
f3_v0_idx2,v0,agent,termo_nome_5ch,name,desc,0,2,26.302,,
f3_v0_idx2,v0,agent,termo_nome_5ch,name,desc,0,3,26.244,,
f3_v0_idx2,v0,agent,termo_nome_5ch,name,desc,0,4,24.894,,
f3_v0_idx2,v0,agent,termo_nome_5ch,name,desc,0,5,27.114,,
f3_v0_idx2,v0,agent,termo_nome_5ch,name,desc,0,6,27.056,,
f3_v0_idx2,v0,agent,termo_nome_5ch,name,desc,500,1,27.561,,
f3_v0_idx2,v0,agent,termo_nome_5ch,name,desc,500,2,26.187,,
f3_v0_idx2,v0,agent,termo_nome_5ch,name,desc,500,3,26.001,,
f3_v0_idx2,v0,agent,termo_nome_5ch,name,desc,500,4,28.137,,
f3_v0_idx2,v0,agent,termo_nome_5ch,name,desc,500,5,26.949,,
f3_v0_idx2,v0,agent,termo_nome_5ch,name,desc,500,6,26.172,,
f3_v0_idx2,v0,agent,termo_nome_5ch,created_at,asc,0,1,28.291,,
f3_v0_idx2,v0,agent,termo_nome_5ch,created_at,asc,0,2,25.776,,
f3_v0_idx2,v0,agent,termo_nome_5ch,created_at,asc,0,3,26.62,,
f3_v0_idx2,v0,agent,termo_nome_5ch,created_at,asc,0,4,26.763,,
f3_v0_idx2,v0,agent,termo_nome_5ch,created_at,asc,0,5,27.616,,
f3_v0_idx2,v0,agent,termo_nome_5ch,created_at,asc,0,6,25.637,,
f3_v0_idx2,v0,agent,termo_nome_5ch,created_at,asc,500,1,25.96,,
f3_v0_idx2,v0,agent,termo_nome_5ch,created_at,asc,500,2,26.462,,
f3_v0_idx2,v0,agent,termo_nome_5ch,created_at,asc,500,3,28.654,,
f3_v0_idx2,v0,agent,termo_nome_5ch,created_at,asc,500,4,29.297,,
f3_v0_idx2,v0,agent,termo_nome_5ch,created_at,asc,500,5,28.002,,
f3_v0_idx2,v0,agent,termo_nome_5ch,created_at,asc,500,6,29.499,,
f3_v0_idx2,v0,agent,termo_nome_5ch,created_at,desc,0,1,26.361,,
f3_v0_idx2,v0,agent,termo_nome_5ch,created_at,desc,0,2,26.552,,
f3_v0_idx2,v0,agent,termo_nome_5ch,created_at,desc,0,3,29.274,,
f3_v0_idx2,v0,agent,termo_nome_5ch,created_at,desc,0,4,26.233,,
f3_v0_idx2,v0,agent,termo_nome_5ch,created_at,desc,0,5,25.421,,
f3_v0_idx2,v0,agent,termo_nome_5ch,created_at,desc,0,6,26.381,,
f3_v0_idx2,v0,agent,termo_nome_5ch,created_at,desc,500,1,25.366,,
f3_v0_idx2,v0,agent,termo_nome_5ch,created_at,desc,500,2,26.492,,
f3_v0_idx2,v0,agent,termo_nome_5ch,created_at,desc,500,3,27.789,,
f3_v0_idx2,v0,agent,termo_nome_5ch,created_at,desc,500,4,25.568,,
f3_v0_idx2,v0,agent,termo_nome_5ch,created_at,desc,500,5,26.664,,
f3_v0_idx2,v0,agent,termo_nome_5ch,created_at,desc,500,6,26.48,,
f3_v0_idx2,v0,agent,termo_nome_5ch,company,asc,0,1,25.806,,
f3_v0_idx2,v0,agent,termo_nome_5ch,company,asc,0,2,24.563,,
f3_v0_idx2,v0,agent,termo_nome_5ch,company,asc,0,3,26.196,,
f3_v0_idx2,v0,agent,termo_nome_5ch,company,asc,0,4,25.43,,
f3_v0_idx2,v0,agent,termo_nome_5ch,company,asc,0,5,26.755,,
f3_v0_idx2,v0,agent,termo_nome_5ch,company,asc,0,6,26.733,,
f3_v0_idx2,v0,agent,termo_nome_5ch,company,asc,500,1,24.811,,
f3_v0_idx2,v0,agent,termo_nome_5ch,company,asc,500,2,24.926,,
f3_v0_idx2,v0,agent,termo_nome_5ch,company,asc,500,3,24.207,,
f3_v0_idx2,v0,agent,termo_nome_5ch,company,asc,500,4,26.692,,
f3_v0_idx2,v0,agent,termo_nome_5ch,company,asc,500,5,25.482,,
f3_v0_idx2,v0,agent,termo_nome_5ch,company,asc,500,6,26.956,,
f3_v0_idx2,v0,agent,termo_nome_5ch,company,desc,0,1,24.211,,
f3_v0_idx2,v0,agent,termo_nome_5ch,company,desc,0,2,27.219,,
f3_v0_idx2,v0,agent,termo_nome_5ch,company,desc,0,3,23.918,,
f3_v0_idx2,v0,agent,termo_nome_5ch,company,desc,0,4,24.457,,
f3_v0_idx2,v0,agent,termo_nome_5ch,company,desc,0,5,24.433,,
f3_v0_idx2,v0,agent,termo_nome_5ch,company,desc,0,6,27.344,,
f3_v0_idx2,v0,agent,termo_nome_5ch,company,desc,500,1,25.353,,
f3_v0_idx2,v0,agent,termo_nome_5ch,company,desc,500,2,26.937,,
f3_v0_idx2,v0,agent,termo_nome_5ch,company,desc,500,3,27.995,,
f3_v0_idx2,v0,agent,termo_nome_5ch,company,desc,500,4,27.691,,
f3_v0_idx2,v0,agent,termo_nome_5ch,company,desc,500,5,29.381,,
f3_v0_idx2,v0,agent,termo_nome_5ch,company,desc,500,6,27.343,,
f3_v0_idx2,v0,agent,combinado,name,asc,0,1,2.473,,
f3_v0_idx2,v0,agent,combinado,name,asc,0,2,1.848,,
f3_v0_idx2,v0,agent,combinado,name,asc,0,3,1.876,,
f3_v0_idx2,v0,agent,combinado,name,asc,0,4,1.664,,
f3_v0_idx2,v0,agent,combinado,name,asc,0,5,1.734,,
f3_v0_idx2,v0,agent,combinado,name,asc,0,6,2.261,,
f3_v0_idx2,v0,agent,combinado,name,asc,500,1,2.983,,
f3_v0_idx2,v0,agent,combinado,name,asc,500,2,2.274,,
f3_v0_idx2,v0,agent,combinado,name,asc,500,3,2.073,,
f3_v0_idx2,v0,agent,combinado,name,asc,500,4,2.14,,
f3_v0_idx2,v0,agent,combinado,name,asc,500,5,1.995,,
f3_v0_idx2,v0,agent,combinado,name,asc,500,6,1.931,,
f3_v0_idx2,v0,agent,combinado,name,desc,0,1,1.948,,
f3_v0_idx2,v0,agent,combinado,name,desc,0,2,2.639,,
f3_v0_idx2,v0,agent,combinado,name,desc,0,3,2.451,,
f3_v0_idx2,v0,agent,combinado,name,desc,0,4,2.09,,
f3_v0_idx2,v0,agent,combinado,name,desc,0,5,1.728,,
f3_v0_idx2,v0,agent,combinado,name,desc,0,6,1.892,,
f3_v0_idx2,v0,agent,combinado,name,desc,500,1,1.847,,
f3_v0_idx2,v0,agent,combinado,name,desc,500,2,1.989,,
f3_v0_idx2,v0,agent,combinado,name,desc,500,3,1.677,,
f3_v0_idx2,v0,agent,combinado,name,desc,500,4,2.924,,
f3_v0_idx2,v0,agent,combinado,name,desc,500,5,2.179,,
f3_v0_idx2,v0,agent,combinado,name,desc,500,6,2.03,,
f3_v0_idx2,v0,agent,combinado,created_at,asc,0,1,1.718,,
f3_v0_idx2,v0,agent,combinado,created_at,asc,0,2,1.844,,
f3_v0_idx2,v0,agent,combinado,created_at,asc,0,3,1.681,,
f3_v0_idx2,v0,agent,combinado,created_at,asc,0,4,1.797,,
f3_v0_idx2,v0,agent,combinado,created_at,asc,0,5,1.688,,
f3_v0_idx2,v0,agent,combinado,created_at,asc,0,6,2.33,,
f3_v0_idx2,v0,agent,combinado,created_at,asc,500,1,2.96,,
f3_v0_idx2,v0,agent,combinado,created_at,asc,500,2,2.281,,
f3_v0_idx2,v0,agent,combinado,created_at,asc,500,3,2.12,,
f3_v0_idx2,v0,agent,combinado,created_at,asc,500,4,2.106,,
f3_v0_idx2,v0,agent,combinado,created_at,asc,500,5,1.943,,
f3_v0_idx2,v0,agent,combinado,created_at,asc,500,6,1.878,,
f3_v0_idx2,v0,agent,combinado,created_at,desc,0,1,1.782,,
f3_v0_idx2,v0,agent,combinado,created_at,desc,0,2,2.773,,
f3_v0_idx2,v0,agent,combinado,created_at,desc,0,3,2.453,,
f3_v0_idx2,v0,agent,combinado,created_at,desc,0,4,2.088,,
f3_v0_idx2,v0,agent,combinado,created_at,desc,0,5,2.254,,
f3_v0_idx2,v0,agent,combinado,created_at,desc,0,6,1.911,,
f3_v0_idx2,v0,agent,combinado,created_at,desc,500,1,1.919,,
f3_v0_idx2,v0,agent,combinado,created_at,desc,500,2,1.966,,
f3_v0_idx2,v0,agent,combinado,created_at,desc,500,3,2.264,,
f3_v0_idx2,v0,agent,combinado,created_at,desc,500,4,3.284,,
f3_v0_idx2,v0,agent,combinado,created_at,desc,500,5,2.535,,
f3_v0_idx2,v0,agent,combinado,created_at,desc,500,6,2.464,,
f3_v0_idx2,v0,agent,combinado,company,asc,0,1,2.269,,
f3_v0_idx2,v0,agent,combinado,company,asc,0,2,2.004,,
f3_v0_idx2,v0,agent,combinado,company,asc,0,3,2.08,,
f3_v0_idx2,v0,agent,combinado,company,asc,0,4,2.416,,
f3_v0_idx2,v0,agent,combinado,company,asc,0,5,2.737,,
f3_v0_idx2,v0,agent,combinado,company,asc,0,6,2.366,,
f3_v0_idx2,v0,agent,combinado,company,asc,500,1,2.073,,
f3_v0_idx2,v0,agent,combinado,company,asc,500,2,1.979,,
f3_v0_idx2,v0,agent,combinado,company,asc,500,3,1.935,,
f3_v0_idx2,v0,agent,combinado,company,asc,500,4,2.137,,
f3_v0_idx2,v0,agent,combinado,company,asc,500,5,2.204,,
f3_v0_idx2,v0,agent,combinado,company,asc,500,6,2.827,,
f3_v0_idx2,v0,agent,combinado,company,desc,0,1,2.315,,
f3_v0_idx2,v0,agent,combinado,company,desc,0,2,2.179,,
f3_v0_idx2,v0,agent,combinado,company,desc,0,3,2.028,,
f3_v0_idx2,v0,agent,combinado,company,desc,0,4,1.929,,
f3_v0_idx2,v0,agent,combinado,company,desc,0,5,2.054,,
f3_v0_idx2,v0,agent,combinado,company,desc,0,6,1.943,,
f3_v0_idx2,v0,agent,combinado,company,desc,500,1,2.794,,
f3_v0_idx2,v0,agent,combinado,company,desc,500,2,2.548,,
f3_v0_idx2,v0,agent,combinado,company,desc,500,3,2.206,,
f3_v0_idx2,v0,agent,combinado,company,desc,500,4,2.188,,
f3_v0_idx2,v0,agent,combinado,company,desc,500,5,1.944,,
f3_v0_idx2,v0,agent,combinado,company,desc,500,6,1.888,,
f4_v0_idx3,v0,agent,__overhead_wrapper__,-,-,-1,0,0.149,0,0
f4_v0_idx3,v0,agent,sem_filtro,name,asc,0,1,169.69,,
f4_v0_idx3,v0,agent,sem_filtro,name,asc,0,2,175.678,,
f4_v0_idx3,v0,agent,sem_filtro,name,asc,0,3,179.085,,
f4_v0_idx3,v0,agent,sem_filtro,name,asc,0,4,161.469,,
f4_v0_idx3,v0,agent,sem_filtro,name,asc,0,5,162.758,,
f4_v0_idx3,v0,agent,sem_filtro,name,asc,0,6,164.179,,
f4_v0_idx3,v0,agent,sem_filtro,name,asc,500,1,176.411,,
f4_v0_idx3,v0,agent,sem_filtro,name,asc,500,2,182.807,,
f4_v0_idx3,v0,agent,sem_filtro,name,asc,500,3,201.324,,
f4_v0_idx3,v0,agent,sem_filtro,name,asc,500,4,176.127,,
f4_v0_idx3,v0,agent,sem_filtro,name,asc,500,5,195.658,,
f4_v0_idx3,v0,agent,sem_filtro,name,asc,500,6,413.54,,
f4_v0_idx3,v0,agent,sem_filtro,name,desc,0,1,505.92,,
f4_v0_idx3,v0,agent,sem_filtro,name,desc,0,2,528.92,,
f4_v0_idx3,v0,agent,sem_filtro,name,desc,0,3,464.027,,
f4_v0_idx3,v0,agent,sem_filtro,name,desc,0,4,319.915,,
f4_v0_idx3,v0,agent,sem_filtro,name,desc,0,5,302.373,,
f4_v0_idx3,v0,agent,sem_filtro,name,desc,0,6,301.749,,
f4_v0_idx3,v0,agent,sem_filtro,name,desc,500,1,316.499,,
f4_v0_idx3,v0,agent,sem_filtro,name,desc,500,2,353.539,,
f4_v0_idx3,v0,agent,sem_filtro,name,desc,500,3,330.247,,
f4_v0_idx3,v0,agent,sem_filtro,name,desc,500,4,371.712,,
f4_v0_idx3,v0,agent,sem_filtro,name,desc,500,5,365.286,,
f4_v0_idx3,v0,agent,sem_filtro,name,desc,500,6,356.186,,
f4_v2_idx3,v2,agent,__overhead_wrapper__,-,-,-1,0,0.649,0,0
f4_v2_idx3,v2,agent,sem_filtro,name,asc,0,1,387.524,,
f4_v2_idx3,v2,agent,sem_filtro,name,asc,0,2,334.216,,
f4_v2_idx3,v2,agent,sem_filtro,name,asc,0,3,338.852,,
f4_v2_idx3,v2,agent,sem_filtro,name,asc,0,4,343.584,,
f4_v2_idx3,v2,agent,sem_filtro,name,asc,0,5,362.543,,
f4_v2_idx3,v2,agent,sem_filtro,name,asc,0,6,377.608,,
f4_v2_idx3,v2,agent,sem_filtro,name,desc,0,1,362.684,,
f4_v2_idx3,v2,agent,sem_filtro,name,desc,0,2,308.023,,
f4_v2_idx3,v2,agent,sem_filtro,name,desc,0,3,351.132,,
f4_v2_idx3,v2,agent,sem_filtro,name,desc,0,4,330.616,,
f4_v2_idx3,v2,agent,sem_filtro,name,desc,0,5,365.042,,
f4_v2_idx3,v2,agent,sem_filtro,name,desc,0,6,354.086,,
f4_v2_idx3,v2,agent,sem_filtro,created_at,asc,0,1,380.317,,
f4_v2_idx3,v2,agent,sem_filtro,created_at,asc,0,2,348.072,,
f4_v2_idx3,v2,agent,sem_filtro,created_at,asc,0,3,342.226,,
f4_v2_idx3,v2,agent,sem_filtro,created_at,asc,0,4,347.563,,
f4_v2_idx3,v2,agent,sem_filtro,created_at,asc,0,5,343.219,,
f4_v2_idx3,v2,agent,sem_filtro,created_at,asc,0,6,378.326,,
f4_v2_idx3,v2,agent,sem_filtro,created_at,desc,0,1,361.373,,
f4_v2_idx3,v2,agent,sem_filtro,created_at,desc,0,2,365.486,,
f4_v2_idx3,v2,agent,sem_filtro,created_at,desc,0,3,351.552,,
f4_v2_idx3,v2,agent,sem_filtro,created_at,desc,0,4,351.98,,
f4_v2_idx3,v2,agent,sem_filtro,created_at,desc,0,5,291.378,,
f4_v2_idx3,v2,agent,sem_filtro,created_at,desc,0,6,263.734,,
f4_v2_idx3,v2,agent,sem_filtro,company,asc,0,1,197.957,,
f4_v2_idx3,v2,agent,sem_filtro,company,asc,0,2,192.641,,
f4_v2_idx3,v2,agent,sem_filtro,company,asc,0,3,175.05,,
f4_v2_idx3,v2,agent,sem_filtro,company,asc,0,4,204.375,,
f4_v2_idx3,v2,agent,sem_filtro,company,asc,0,5,196.288,,
f4_v2_idx3,v2,agent,sem_filtro,company,asc,0,6,214.348,,
f4_v2_idx3,v2,agent,sem_filtro,company,desc,0,1,183.673,,
f4_v2_idx3,v2,agent,sem_filtro,company,desc,0,2,187.849,,
f4_v2_idx3,v2,agent,sem_filtro,company,desc,0,3,172.214,,
f4_v2_idx3,v2,agent,sem_filtro,company,desc,0,4,173.918,,
f4_v2_idx3,v2,agent,sem_filtro,company,desc,0,5,184.342,,
f4_v2_idx3,v2,agent,sem_filtro,company,desc,0,6,174.755,,
f4_v2_idx3,v2,agent,termo_nome_5ch,created_at,asc,0,5,25.557,,
f4_v2_idx3,v2,agent,termo_nome_5ch,created_at,asc,0,6,30.736,,
f4_v2_idx3,v2,agent,termo_nome_5ch,created_at,desc,0,1,25.037,,
f4_v2_idx3,v2,agent,termo_nome_5ch,created_at,desc,0,2,26.852,,
f4_v2_idx3,v2,agent,termo_nome_5ch,created_at,desc,0,3,26.006,,
f4_v2_idx3,v2,agent,termo_nome_5ch,created_at,desc,0,4,24.45,,
f4_v2_idx3,v2,agent,termo_nome_5ch,created_at,desc,0,5,29.715,,
f4_v2_idx3,v2,agent,termo_nome_5ch,created_at,desc,0,6,25.462,,
f4_v2_idx3,v2,agent,termo_nome_5ch,company,asc,0,1,27.357,,
f4_v2_idx3,v2,agent,termo_nome_5ch,company,asc,0,2,29.029,,
f4_v2_idx3,v2,agent,termo_nome_5ch,company,asc,0,3,26.722,,
f4_v2_idx3,v2,agent,termo_nome_5ch,company,asc,0,4,25.939,,
f4_v2_idx3,v2,agent,termo_nome_5ch,company,asc,0,5,25.767,,
f4_v2_idx3,v2,agent,termo_nome_5ch,company,asc,0,6,26.661,,
f4_v2_idx3,v2,agent,termo_nome_5ch,company,desc,0,1,27.865,,
f4_v2_idx3,v2,agent,termo_nome_5ch,company,desc,0,2,30.159,,
f4_v2_idx3,v2,agent,termo_nome_5ch,company,desc,0,3,26.291,,
f4_v2_idx3,v2,agent,termo_nome_5ch,company,desc,0,4,25.406,,
f4_v2_idx3,v2,agent,termo_nome_5ch,company,desc,0,5,25.14,,
f4_v2_idx3,v2,agent,termo_nome_5ch,company,desc,0,6,25.335,,
f4_v2_idx3,v2,agent,termo_empresa,name,asc,0,1,24.059,,
f4_v2_idx3,v2,agent,termo_empresa,name,asc,0,2,24.797,,
f4_v2_idx3,v2,agent,termo_empresa,name,asc,0,3,23.309,,
f4_v2_idx3,v2,agent,termo_empresa,name,asc,0,4,24.752,,
f4_v2_idx3,v2,agent,termo_empresa,name,asc,0,5,24.172,,
f4_v2_idx3,v2,agent,termo_empresa,name,asc,0,6,25.202,,
f4_v2_idx3,v2,agent,termo_empresa,name,desc,0,1,24.144,,
f4_v2_idx3,v2,agent,termo_empresa,name,desc,0,2,25.161,,
f4_v2_idx3,v2,agent,termo_empresa,name,desc,0,3,26.095,,
f4_v2_idx3,v2,agent,termo_empresa,name,desc,0,4,27.985,,
f4_v2_idx3,v2,agent,termo_empresa,name,desc,0,5,24.777,,
f4_v2_idx3,v2,agent,termo_empresa,name,desc,0,6,27.948,,
f4_v2_idx3,v2,agent,termo_empresa,created_at,asc,0,1,25.933,,
f4_v2_idx3,v2,agent,termo_empresa,created_at,asc,0,2,28.329,,
f4_v2_idx3,v2,agent,termo_empresa,created_at,asc,0,3,29.62,,
f4_v2_idx3,v2,agent,termo_empresa,created_at,asc,0,4,27.808,,
f4_v2_idx3,v2,agent,termo_empresa,created_at,asc,0,5,26.278,,
f4_v2_idx3,v2,agent,termo_empresa,created_at,asc,0,6,25.785,,
f4_v2_idx3,v2,agent,termo_empresa,created_at,desc,0,1,25.123,,
f4_v2_idx3,v2,agent,termo_empresa,created_at,desc,0,2,25.093,,
f4_v2_idx3,v2,agent,termo_empresa,created_at,desc,0,3,30.337,,
f4_v2_idx3,v2,agent,termo_empresa,created_at,desc,0,4,30.991,,
f4_v2_idx3,v2,agent,termo_empresa,created_at,desc,0,5,31.523,,
f4_v2_idx3,v2,agent,termo_empresa,created_at,desc,0,6,35.284,,
f4_v2_idx3,v2,agent,termo_empresa,company,asc,0,1,30.464,,
f4_v2_idx3,v2,agent,termo_empresa,company,asc,0,2,26.793,,
f4_v2_idx3,v2,agent,termo_empresa,company,asc,0,3,27.29,,
f4_v2_idx3,v2,agent,termo_empresa,company,asc,0,4,25.389,,
f4_v2_idx3,v2,agent,termo_empresa,company,asc,0,5,30.173,,
f4_v2_idx3,v2,agent,termo_empresa,company,asc,0,6,25.952,,
f4_v2_idx3,v2,agent,termo_empresa,company,desc,0,1,23.986,,
f4_v2_idx3,v2,agent,termo_empresa,company,desc,0,2,22.865,,
f4_v2_idx3,v2,agent,termo_empresa,company,desc,0,3,24.584,,
f4_v2_idx3,v2,agent,termo_empresa,company,desc,0,4,25.753,,
f4_v2_idx3,v2,agent,termo_empresa,company,desc,0,5,28.796,,
f4_v2_idx3,v2,agent,termo_empresa,company,desc,0,6,28.231,,
f4_v2_idx3,v2,agent,filtro_tipo,name,asc,0,1,36.109,,
f4_v2_idx3,v2,agent,filtro_tipo,name,asc,0,2,36.17,,
f4_v2_idx3,v2,agent,filtro_tipo,name,asc,0,3,38.971,,
f4_v2_idx3,v2,agent,filtro_tipo,name,asc,0,4,41.795,,
f4_v2_idx3,v2,agent,filtro_tipo,name,asc,0,5,37.76,,
f4_v2_idx3,v2,agent,filtro_tipo,name,asc,0,6,42.408,,
f4_v2_idx3,v2,agent,filtro_tipo,name,desc,0,1,45.725,,
f4_v2_idx3,v2,agent,filtro_tipo,name,desc,0,2,41.745,,
f4_v2_idx3,v2,agent,filtro_tipo,name,desc,0,3,40,,
f4_v2_idx3,v2,agent,filtro_tipo,name,desc,0,4,44.906,,
f4_v2_idx3,v2,agent,filtro_tipo,name,desc,0,5,46.99,,
f4_v2_idx3,v2,agent,filtro_tipo,name,desc,0,6,38.135,,
f4_v2_idx3,v2,agent,filtro_tipo,created_at,asc,0,1,40.849,,
f4_v2_idx3,v2,agent,filtro_tipo,created_at,asc,0,2,38.734,,
f4_v2_idx3,v2,agent,filtro_tipo,created_at,asc,0,3,38.153,,
f4_v2_idx3,v2,agent,filtro_tipo,created_at,asc,0,4,38.754,,
f4_v2_idx3,v2,agent,filtro_tipo,created_at,asc,0,5,41.343,,
f4_v2_idx3,v2,agent,filtro_tipo,created_at,asc,0,6,40.955,,
f4_v2_idx3,v2,agent,filtro_tipo,created_at,desc,0,1,38.887,,
f4_v2_idx3,v2,agent,filtro_tipo,created_at,desc,0,2,38.718,,
f4_v2_idx3,v2,agent,filtro_tipo,created_at,desc,0,3,37.396,,
f4_v2_idx3,v2,agent,filtro_tipo,created_at,desc,0,4,38.884,,
f4_v2_idx3,v2,agent,filtro_tipo,created_at,desc,0,5,39.833,,
f4_v2_idx3,v2,agent,filtro_tipo,created_at,desc,0,6,39.204,,
f4_v2_idx3,v2,agent,filtro_tipo,company,asc,0,1,38.014,,
f4_v2_idx3,v2,agent,filtro_tipo,company,asc,0,2,38.002,,
f4_v2_idx3,v2,agent,filtro_tipo,company,asc,0,3,38.897,,
f4_v2_idx3,v2,agent,filtro_tipo,company,asc,0,4,34.96,,
f4_v2_idx3,v2,agent,filtro_tipo,company,asc,0,5,40.716,,
f4_v2_idx3,v2,agent,filtro_tipo,company,asc,0,6,42.848,,
f4_v2_idx3,v2,agent,filtro_tipo,company,desc,0,1,47.462,,
f4_v2_idx3,v2,agent,filtro_tipo,company,desc,0,2,40.927,,
f4_v2_idx3,v2,agent,filtro_tipo,company,desc,0,3,39.786,,
f4_v2_idx3,v2,agent,filtro_tipo,company,desc,0,4,47.163,,
f4_v2_idx3,v2,agent,filtro_tipo,company,desc,0,5,40.923,,
f4_v2_idx3,v2,agent,filtro_tipo,company,desc,0,6,36.607,,
f4_v2_idx3,v2,agent,filtro_tag,name,asc,0,1,23.391,,
f4_v2_idx3,v2,agent,filtro_tag,name,asc,0,2,23.523,,
f4_v2_idx3,v2,agent,filtro_tag,name,asc,0,3,24.688,,
f4_v2_idx3,v2,agent,filtro_tag,name,asc,0,4,20.279,,
f4_v2_idx3,v2,agent,filtro_tag,name,asc,0,5,21.089,,
f4_v2_idx3,v2,agent,filtro_tag,name,asc,0,6,20.955,,
f4_v2_idx3,v2,agent,filtro_tag,name,desc,0,1,20.46,,
f4_v2_idx3,v2,agent,filtro_tag,name,desc,0,2,20.147,,
f4_v2_idx3,v2,agent,filtro_tag,name,desc,0,3,22.742,,
f4_v2_idx3,v2,agent,filtro_tag,name,desc,0,4,20.961,,
f4_v2_idx3,v2,agent,filtro_tag,name,desc,0,5,20.935,,
f4_v2_idx3,v2,agent,filtro_tag,name,desc,0,6,21.211,,
f4_v2_idx3,v2,agent,filtro_tag,created_at,asc,0,1,22.209,,
f4_v2_idx3,v2,agent,filtro_tag,created_at,asc,0,2,20.861,,
f4_v2_idx3,v2,agent,filtro_tag,created_at,asc,0,3,20.673,,
f4_v2_idx3,v2,agent,filtro_tag,created_at,asc,0,4,21.502,,
f4_v2_idx3,v2,agent,filtro_tag,created_at,asc,0,5,23.095,,
f4_v2_idx3,v2,agent,filtro_tag,created_at,asc,0,6,23.009,,
f4_v2_idx3,v2,agent,filtro_tag,created_at,desc,0,1,24.931,,
f4_v2_idx3,v2,agent,filtro_tag,created_at,desc,0,2,20.02,,
f4_v2_idx3,v2,agent,filtro_tag,created_at,desc,0,3,20.655,,
f4_v2_idx3,v2,agent,filtro_tag,created_at,desc,0,4,22.131,,
f4_v2_idx3,v2,agent,filtro_tag,created_at,desc,0,5,21.81,,
f4_v2_idx3,v2,agent,filtro_tag,created_at,desc,0,6,22.5,,
f4_v2_idx3,v2,agent,filtro_tag,company,asc,0,1,23.764,,
f4_v2_idx3,v2,agent,filtro_tag,company,asc,0,2,21.97,,
f4_v2_idx3,v2,agent,filtro_tag,company,asc,0,3,22.448,,
f4_v2_idx3,v2,agent,filtro_tag,company,asc,0,4,20.359,,
f4_v2_idx3,v2,agent,filtro_tag,company,asc,0,5,20.832,,
f4_v2_idx3,v2,agent,filtro_tag,company,asc,0,6,21.894,,
f4_v2_idx3,v2,agent,filtro_tag,company,desc,0,1,23.302,,
f4_v2_idx3,v2,agent,filtro_tag,company,desc,0,2,25.499,,
f4_v2_idx3,v2,agent,filtro_tag,company,desc,0,3,24.358,,
f4_v2_idx3,v2,agent,filtro_tag,company,desc,0,4,22.342,,
f4_v2_idx3,v2,agent,filtro_tag,company,desc,0,5,21.223,,
f4_v2_idx3,v2,agent,filtro_tag,company,desc,0,6,25.729,,
f4_v2_idx3,v2,agent,intervalo_data,name,asc,0,1,46.45,,
f4_v2_idx3,v2,agent,intervalo_data,name,asc,0,2,47.024,,
f4_v2_idx3,v2,agent,intervalo_data,name,asc,0,3,43.438,,
f4_v2_idx3,v2,agent,intervalo_data,name,asc,0,4,40.742,,
f4_v2_idx3,v2,agent,intervalo_data,name,asc,0,5,41.187,,
f4_v2_idx3,v2,agent,intervalo_data,name,asc,0,6,38.694,,
f4_v2_idx3,v2,agent,intervalo_data,name,desc,0,1,40.57,,
f4_v2_idx3,v2,agent,intervalo_data,name,desc,0,2,40.671,,
f4_v2_idx3,v2,agent,intervalo_data,name,desc,0,3,42.14,,
f4_v2_idx3,v2,agent,intervalo_data,name,desc,0,4,38.555,,
f4_v2_idx3,v2,agent,intervalo_data,name,desc,0,5,42.177,,
f4_v2_idx3,v2,agent,intervalo_data,name,desc,0,6,39.759,,
f4_v2_idx3,v2,agent,intervalo_data,created_at,asc,0,1,40.795,,
f4_v2_idx3,v2,agent,intervalo_data,created_at,asc,0,2,41.834,,
f4_v2_idx3,v2,agent,intervalo_data,created_at,asc,0,3,38.262,,
f4_v2_idx3,v2,agent,intervalo_data,created_at,asc,0,4,38.851,,
f4_v2_idx3,v2,agent,intervalo_data,created_at,asc,0,5,39.926,,
f4_v2_idx3,v2,agent,intervalo_data,created_at,asc,0,6,40.268,,
f4_v2_idx3,v2,agent,intervalo_data,created_at,desc,0,1,42.057,,
f4_v2_idx3,v2,agent,intervalo_data,created_at,desc,0,2,39.24,,
f4_v2_idx3,v2,agent,intervalo_data,created_at,desc,0,3,45.343,,
f4_v2_idx3,v2,agent,intervalo_data,created_at,desc,0,4,39.832,,
f4_v2_idx3,v2,agent,intervalo_data,created_at,desc,0,5,41.574,,
f4_v2_idx3,v2,agent,intervalo_data,created_at,desc,0,6,39.254,,
f4_v2_idx3,v2,agent,intervalo_data,company,asc,0,1,41.531,,
f4_v2_idx3,v2,agent,intervalo_data,company,asc,0,2,46.391,,
f4_v2_idx3,v2,agent,intervalo_data,company,asc,0,3,58.571,,
f4_v2_idx3,v2,agent,intervalo_data,company,asc,0,4,47.734,,
f4_v2_idx3,v2,agent,intervalo_data,company,asc,0,5,47.101,,
f4_v2_idx3,v2,agent,intervalo_data,company,asc,0,6,40.817,,
f4_v2_idx3,v2,agent,intervalo_data,company,desc,0,1,43.011,,
f4_v2_idx3,v2,agent,intervalo_data,company,desc,0,2,40.084,,
f4_v2_idx3,v2,agent,intervalo_data,company,desc,0,3,40.335,,
f4_v2_idx3,v2,agent,intervalo_data,company,desc,0,4,41.824,,
f4_v2_idx3,v2,agent,intervalo_data,company,desc,0,5,39.159,,
f4_v2_idx3,v2,agent,intervalo_data,company,desc,0,6,38.954,,
f4_v2_idx3,v2,agent,combinado,name,asc,0,1,2.154,,
f4_v2_idx3,v2,agent,combinado,name,asc,0,2,1.904,,
f4_v2_idx3,v2,agent,combinado,name,asc,0,3,1.768,,
f4_v2_idx3,v2,agent,combinado,name,asc,0,4,1.485,,
f4_v2_idx3,v2,agent,combinado,name,asc,0,5,1.638,,
f4_v2_idx3,v2,agent,combinado,name,asc,0,6,2.502,,
f4_v2_idx3,v2,agent,combinado,name,desc,0,1,2.046,,
f4_v2_idx3,v2,agent,combinado,name,desc,0,2,1.784,,
f4_v2_idx3,v2,agent,combinado,name,desc,0,3,1.668,,
f4_v2_idx3,v2,agent,combinado,name,desc,0,4,1.53,,
f4_v2_idx3,v2,agent,combinado,name,desc,0,5,1.71,,
f4_v2_idx3,v2,agent,combinado,name,desc,0,6,1.585,,
f4_v2_idx3,v2,agent,combinado,created_at,asc,0,1,1.459,,
f4_v2_idx3,v2,agent,combinado,created_at,asc,0,2,1.633,,
f4_v2_idx3,v2,agent,combinado,created_at,asc,0,3,1.724,,
f4_v2_idx3,v2,agent,combinado,created_at,asc,0,4,4.283,,
f4_v2_idx3,v2,agent,combinado,created_at,asc,0,5,1.959,,
f4_v2_idx3,v2,agent,combinado,created_at,asc,0,6,1.732,,
f4_v2_idx3,v2,agent,combinado,created_at,desc,0,1,1.626,,
f4_v2_idx3,v2,agent,combinado,created_at,desc,0,2,1.595,,
f4_v2_idx3,v2,agent,combinado,created_at,desc,0,3,1.468,,
f4_v2_idx3,v2,agent,combinado,created_at,desc,0,4,1.579,,
f4_v2_idx3,v2,agent,combinado,created_at,desc,0,5,1.511,,
f4_v2_idx3,v2,agent,combinado,created_at,desc,0,6,2.568,,
f4_v2_idx3,v2,agent,combinado,company,asc,0,1,2.861,,
f4_v2_idx3,v2,agent,combinado,company,asc,0,2,2.121,,
f4_v2_idx3,v2,agent,combinado,company,asc,0,3,1.614,,
f4_v2_idx3,v2,agent,combinado,company,asc,0,4,1.645,,
f4_v2_idx3,v2,agent,combinado,company,asc,0,5,1.634,,
f4_v2_idx3,v2,agent,combinado,company,asc,0,6,1.79,,
f4_v2_idx3,v2,agent,combinado,company,desc,0,1,1.955,,
f4_v2_idx3,v2,agent,combinado,company,desc,0,2,1.685,,
f4_v2_idx3,v2,agent,combinado,company,desc,0,3,2.129,,
f4_v2_idx3,v2,agent,combinado,company,desc,0,4,1.96,,
f4_v2_idx3,v2,agent,combinado,company,desc,0,5,1.799,,
f4_v2_idx3,v2,agent,combinado,company,desc,0,6,1.556,,
f4_v3_idx3,v3,agent,__overhead_wrapper__,-,-,-1,0,0.225,0,0
f4_v3_idx3,v3,agent,sem_filtro,name,asc,0,1,180.098,,
f4_v3_idx3,v3,agent,sem_filtro,name,asc,0,2,168.43,,
f4_v3_idx3,v3,agent,sem_filtro,name,asc,0,3,175.286,,
f4_v3_idx3,v3,agent,sem_filtro,name,asc,0,4,203.896,,
f4_v3_idx3,v3,agent,sem_filtro,name,asc,0,5,172.771,,
f4_v3_idx3,v3,agent,sem_filtro,name,asc,0,6,168.921,,
f4_v3_idx3,v3,agent,sem_filtro,name,asc,500,1,184.135,,
f4_v3_idx3,v3,agent,sem_filtro,name,asc,500,2,181.214,,
f4_v3_idx3,v3,agent,sem_filtro,name,asc,500,3,190.176,,
f4_v3_idx3,v3,agent,sem_filtro,name,asc,500,4,184.116,,
f4_v3_idx3,v3,agent,sem_filtro,name,asc,500,5,187.5,,
f4_v3_idx3,v3,agent,sem_filtro,name,asc,500,6,180.363,,
f4_v3_idx3,v3,agent,sem_filtro,name,desc,0,1,357.319,,
f4_v3_idx3,v3,agent,sem_filtro,name,desc,0,2,352.507,,
f4_v3_idx3,v3,agent,sem_filtro,name,desc,0,3,327.513,,
f4_v3_idx3,v3,agent,sem_filtro,name,desc,0,4,345.078,,
f4_v3_idx3,v3,agent,sem_filtro,name,desc,0,5,352.082,,
f4_v3_idx3,v3,agent,sem_filtro,name,desc,0,6,340.714,,
f4_v3_idx3,v3,agent,sem_filtro,name,desc,500,1,350.262,,
f4_v3_idx3,v3,agent,sem_filtro,name,desc,500,2,349.473,,
f4_v3_idx3,v3,agent,sem_filtro,name,desc,500,3,340.992,,
f4_v3_idx3,v3,agent,sem_filtro,name,desc,500,4,336.68,,
f4_v3_idx3,v3,agent,sem_filtro,name,desc,500,5,335.498,,
f4_v3_idx3,v3,agent,sem_filtro,name,desc,500,6,337.854,,
f4_v3_idx3,v3,agent,sem_filtro,created_at,asc,0,1,167.946,,
f4_v3_idx3,v3,agent,sem_filtro,created_at,asc,0,2,172.98,,
f4_v3_idx3,v3,agent,sem_filtro,created_at,asc,0,3,178.585,,
f4_v3_idx3,v3,agent,sem_filtro,created_at,asc,0,4,195.502,,
f4_v3_idx3,v3,agent,sem_filtro,created_at,asc,0,5,184.683,,
f4_v3_idx3,v3,agent,sem_filtro,created_at,asc,0,6,169.39,,
f4_v3_idx3,v3,agent,sem_filtro,created_at,asc,500,1,172.652,,
f4_v3_idx3,v3,agent,sem_filtro,created_at,asc,500,2,185.323,,
f4_v3_idx3,v3,agent,sem_filtro,created_at,asc,500,3,173.386,,
f4_v3_idx3,v3,agent,sem_filtro,created_at,asc,500,4,179.966,,
f4_v3_idx3,v3,agent,sem_filtro,created_at,asc,500,5,170.242,,
f4_v3_idx3,v3,agent,sem_filtro,created_at,asc,500,6,169.126,,
f4_v3_idx3,v3,agent,sem_filtro,created_at,desc,0,1,328.836,,
f4_v3_idx3,v3,agent,sem_filtro,created_at,desc,0,2,322.189,,
f4_v3_idx3,v3,agent,sem_filtro,created_at,desc,0,3,328.947,,
f4_v3_idx3,v3,agent,sem_filtro,created_at,desc,0,4,331.26,,
f4_v3_idx3,v3,agent,sem_filtro,created_at,desc,0,5,323.198,,
f4_v3_idx3,v3,agent,sem_filtro,created_at,desc,0,6,324.281,,
f4_v3_idx3,v3,agent,sem_filtro,created_at,desc,500,1,332.61,,
f4_v3_idx3,v3,agent,sem_filtro,created_at,desc,500,2,325.817,,
f4_v3_idx3,v3,agent,sem_filtro,created_at,desc,500,3,338.598,,
f4_v3_idx3,v3,agent,sem_filtro,created_at,desc,500,4,330.675,,
f4_v3_idx3,v3,agent,sem_filtro,created_at,desc,500,5,332.74,,
f4_v3_idx3,v3,agent,sem_filtro,created_at,desc,500,6,317.833,,
f4_v3_idx3,v3,agent,sem_filtro,company,asc,0,1,183.167,,
f4_v3_idx3,v3,agent,sem_filtro,company,asc,0,2,190.1,,
f4_v3_idx3,v3,agent,sem_filtro,company,asc,0,3,176.61,,
f4_v3_idx3,v3,agent,sem_filtro,company,asc,0,4,180.055,,
f4_v3_idx3,v3,agent,sem_filtro,company,asc,0,5,175.374,,
f4_v3_idx3,v3,agent,sem_filtro,company,asc,0,6,176.384,,
f4_v3_idx3,v3,agent,sem_filtro,company,asc,500,1,174.388,,
f4_v3_idx3,v3,agent,sem_filtro,company,asc,500,2,191.786,,
f4_v3_idx3,v3,agent,sem_filtro,company,asc,500,3,177.105,,
f4_v3_idx3,v3,agent,sem_filtro,company,asc,500,4,172.055,,
f4_v3_idx3,v3,agent,sem_filtro,company,asc,500,5,177.014,,
f4_v3_idx3,v3,agent,sem_filtro,company,asc,500,6,169.598,,
f4_v3_idx3,v3,agent,sem_filtro,company,desc,0,1,351.84,,
f4_v3_idx3,v3,agent,sem_filtro,company,desc,0,2,338.014,,
f4_v3_idx3,v3,agent,sem_filtro,company,desc,0,3,334.392,,
f4_v3_idx3,v3,agent,sem_filtro,company,desc,0,4,347.185,,
f4_v3_idx3,v3,agent,sem_filtro,company,desc,0,5,322.677,,
f4_v3_idx3,v3,agent,sem_filtro,company,desc,0,6,352.433,,
f4_v3_idx3,v3,agent,sem_filtro,company,desc,500,1,340.042,,
f4_v3_idx3,v3,agent,sem_filtro,company,desc,500,2,324.226,,
f4_v3_idx3,v3,agent,sem_filtro,company,desc,500,3,359.119,,
f4_v3_idx3,v3,agent,sem_filtro,company,desc,500,4,338.038,,
f4_v3_idx3,v3,agent,sem_filtro,company,desc,500,5,324.698,,
f4_v3_idx3,v3,agent,sem_filtro,company,desc,500,6,333.446,,
f4_v3_idx3,v3,agent,termo_nome_5ch,name,asc,0,1,31.495,,
f4_v3_idx3,v3,agent,termo_nome_5ch,name,asc,0,2,30.671,,
f4_v3_idx3,v3,agent,termo_nome_5ch,name,asc,0,3,29.291,,
f4_v3_idx3,v3,agent,termo_nome_5ch,name,asc,0,4,31.522,,
f4_v3_idx3,v3,agent,termo_nome_5ch,name,asc,0,5,31.904,,
f4_v3_idx3,v3,agent,termo_nome_5ch,name,asc,0,6,32.331,,
f4_v3_idx3,v3,agent,termo_nome_5ch,name,asc,500,1,64.956,,
f4_v3_idx3,v3,agent,termo_nome_5ch,name,asc,500,2,61.231,,
f4_v3_idx3,v3,agent,termo_nome_5ch,name,asc,500,3,66.593,,
f4_v3_idx3,v3,agent,termo_nome_5ch,name,asc,500,4,64.789,,
f4_v3_idx3,v3,agent,termo_nome_5ch,name,asc,500,5,60.035,,
f4_v3_idx3,v3,agent,termo_nome_5ch,name,asc,500,6,64.576,,
f4_v3_idx3,v3,agent,termo_nome_5ch,name,desc,0,1,47.796,,
f4_v3_idx3,v3,agent,termo_nome_5ch,name,desc,0,2,52.071,,
f4_v3_idx3,v3,agent,termo_nome_5ch,name,desc,0,3,48.254,,
f4_v3_idx3,v3,agent,termo_nome_5ch,name,desc,0,4,46.044,,
f4_v3_idx3,v3,agent,termo_nome_5ch,name,desc,0,5,50.094,,
f4_v3_idx3,v3,agent,termo_nome_5ch,name,desc,0,6,49.335,,
f4_v3_idx3,v3,agent,termo_nome_5ch,name,desc,500,1,47.861,,
f4_v3_idx3,v3,agent,termo_nome_5ch,name,desc,500,2,53.829,,
f4_v3_idx3,v3,agent,termo_nome_5ch,name,desc,500,3,50.624,,
f4_v3_idx3,v3,agent,termo_nome_5ch,name,desc,500,4,52.435,,
f4_v3_idx3,v3,agent,termo_nome_5ch,name,desc,500,5,49.595,,
f4_v3_idx3,v3,agent,termo_nome_5ch,name,desc,500,6,45.845,,
f4_v3_idx3,v3,agent,termo_nome_5ch,created_at,asc,0,1,28.155,,
f4_v3_idx3,v3,agent,termo_nome_5ch,created_at,asc,0,2,29.177,,
f4_v3_idx3,v3,agent,termo_nome_5ch,created_at,asc,0,3,29.504,,
f4_v3_idx3,v3,agent,termo_nome_5ch,created_at,asc,0,4,29.265,,
f4_v3_idx3,v3,agent,termo_nome_5ch,created_at,asc,0,5,27.321,,
f4_v3_idx3,v3,agent,termo_nome_5ch,created_at,asc,0,6,28.685,,
f4_v3_idx3,v3,agent,termo_nome_5ch,created_at,asc,500,1,61.627,,
f4_v3_idx3,v3,agent,termo_nome_5ch,created_at,asc,500,2,62.284,,
f4_v3_idx3,v3,agent,termo_nome_5ch,created_at,asc,500,3,62.257,,
f4_v3_idx3,v3,agent,termo_nome_5ch,created_at,asc,500,4,62.848,,
f4_v3_idx3,v3,agent,termo_nome_5ch,created_at,asc,500,5,61.129,,
f4_v3_idx3,v3,agent,termo_nome_5ch,created_at,asc,500,6,60.709,,
f4_v3_idx3,v3,agent,termo_nome_5ch,created_at,desc,0,1,45.012,,
f4_v3_idx3,v3,agent,termo_nome_5ch,created_at,desc,0,2,48.113,,
f4_v3_idx3,v3,agent,termo_nome_5ch,created_at,desc,0,3,47.411,,
f4_v3_idx3,v3,agent,termo_nome_5ch,created_at,desc,0,4,45.304,,
f4_v3_idx3,v3,agent,termo_nome_5ch,created_at,desc,0,5,46.041,,
f4_v3_idx3,v3,agent,termo_nome_5ch,created_at,desc,0,6,48.419,,
f4_v3_idx3,v3,agent,termo_nome_5ch,created_at,desc,500,1,46.768,,
f4_v3_idx3,v3,agent,termo_nome_5ch,created_at,desc,500,2,47.475,,
f4_v3_idx3,v3,agent,termo_nome_5ch,created_at,desc,500,3,47.678,,
f4_v3_idx3,v3,agent,termo_nome_5ch,created_at,desc,500,4,48.982,,
f4_v3_idx3,v3,agent,termo_nome_5ch,created_at,desc,500,5,50.009,,
f4_v3_idx3,v3,agent,termo_nome_5ch,created_at,desc,500,6,46.319,,
f4_v3_idx3,v3,agent,termo_nome_5ch,company,asc,0,1,30.215,,
f4_v3_idx3,v3,agent,termo_nome_5ch,company,asc,0,2,31.223,,
f4_v3_idx3,v3,agent,termo_nome_5ch,company,asc,0,3,32.764,,
f4_v3_idx3,v3,agent,termo_nome_5ch,company,asc,0,4,31.352,,
f4_v3_idx3,v3,agent,termo_nome_5ch,company,asc,0,5,30.057,,
f4_v3_idx3,v3,agent,termo_nome_5ch,company,asc,0,6,31.273,,
f4_v3_idx3,v3,agent,termo_nome_5ch,company,asc,500,1,47.954,,
f4_v3_idx3,v3,agent,termo_nome_5ch,company,asc,500,2,47.361,,
f4_v3_idx3,v3,agent,termo_nome_5ch,company,asc,500,3,46.614,,
f4_v3_idx3,v3,agent,termo_nome_5ch,company,asc,500,4,48.097,,
f4_v3_idx3,v3,agent,termo_nome_5ch,company,asc,500,5,50.847,,
f4_v3_idx3,v3,agent,termo_nome_5ch,company,asc,500,6,49.767,,
f4_v3_idx3,v3,agent,termo_nome_5ch,company,desc,0,1,45.746,,
f4_v3_idx3,v3,agent,termo_nome_5ch,company,desc,0,2,46.73,,
f4_v3_idx3,v3,agent,termo_nome_5ch,company,desc,0,3,46.877,,
f4_v3_idx3,v3,agent,termo_nome_5ch,company,desc,0,4,46.194,,
f4_v3_idx3,v3,agent,termo_nome_5ch,company,desc,0,5,44.995,,
f4_v3_idx3,v3,agent,termo_nome_5ch,company,desc,0,6,46.449,,
f4_v3_idx3,v3,agent,termo_nome_5ch,company,desc,500,1,48.672,,
f4_v3_idx3,v3,agent,termo_nome_5ch,company,desc,500,2,49.402,,
f4_v3_idx3,v3,agent,termo_nome_5ch,company,desc,500,3,49.232,,
f4_v3_idx3,v3,agent,termo_nome_5ch,company,desc,500,4,47.196,,
f4_v3_idx3,v3,agent,termo_nome_5ch,company,desc,500,5,49.375,,
f4_v3_idx3,v3,agent,termo_nome_5ch,company,desc,500,6,54.132,,
f4_v3_idx3,v3,agent,combinado,name,asc,0,1,3.673,,
f4_v3_idx3,v3,agent,combinado,name,asc,0,2,3.108,,
f4_v3_idx3,v3,agent,combinado,name,asc,0,3,3.251,,
f4_v3_idx3,v3,agent,combinado,name,asc,0,4,3.502,,
f4_v3_idx3,v3,agent,combinado,name,asc,0,5,3.099,,
f4_v3_idx3,v3,agent,combinado,name,asc,0,6,3.097,,
f4_v3_idx3,v3,agent,combinado,name,asc,500,1,2.773,,
f4_v3_idx3,v3,agent,combinado,name,asc,500,2,3.101,,
f4_v3_idx3,v3,agent,combinado,name,asc,500,3,3.62,,
f4_v3_idx3,v3,agent,combinado,name,asc,500,4,3.052,,
f4_v3_idx3,v3,agent,combinado,name,asc,500,5,2.988,,
f4_v3_idx3,v3,agent,combinado,name,asc,500,6,2.7,,
f4_v3_idx3,v3,agent,combinado,name,desc,0,1,2.92,,
f4_v3_idx3,v3,agent,combinado,name,desc,0,2,3.491,,
f4_v3_idx3,v3,agent,combinado,name,desc,0,3,3.589,,
f4_v3_idx3,v3,agent,combinado,name,desc,0,4,3.23,,
f4_v3_idx3,v3,agent,combinado,name,desc,0,5,2.717,,
f4_v3_idx3,v3,agent,combinado,name,desc,0,6,2.964,,
f4_v3_idx3,v3,agent,combinado,name,desc,500,1,3.016,,
f4_v3_idx3,v3,agent,combinado,name,desc,500,2,3.424,,
f4_v3_idx3,v3,agent,combinado,name,desc,500,3,3.337,,
f4_v3_idx3,v3,agent,combinado,name,desc,500,4,3.035,,
f4_v3_idx3,v3,agent,combinado,name,desc,500,5,2.744,,
f4_v3_idx3,v3,agent,combinado,name,desc,500,6,3.235,,
f4_v3_idx3,v3,agent,combinado,created_at,asc,0,1,3.482,,
f4_v3_idx3,v3,agent,combinado,created_at,asc,0,2,3.521,,
f4_v3_idx3,v3,agent,combinado,created_at,asc,0,3,2.878,,
f4_v3_idx3,v3,agent,combinado,created_at,asc,0,4,2.969,,
f4_v3_idx3,v3,agent,combinado,created_at,asc,0,5,3.102,,
f4_v3_idx3,v3,agent,combinado,created_at,asc,0,6,3.477,,
f4_v3_idx3,v3,agent,combinado,created_at,asc,500,1,3.138,,
f4_v3_idx3,v3,agent,combinado,created_at,asc,500,2,2.919,,
f4_v3_idx3,v3,agent,combinado,created_at,asc,500,3,2.894,,
f4_v3_idx3,v3,agent,combinado,created_at,asc,500,4,2.931,,
f4_v3_idx3,v3,agent,combinado,created_at,asc,500,5,3.511,,
f4_v3_idx3,v3,agent,combinado,created_at,asc,500,6,3.446,,
f4_v3_idx3,v3,agent,combinado,created_at,desc,0,1,2.975,,
f4_v3_idx3,v3,agent,combinado,created_at,desc,0,2,2.808,,
f4_v3_idx3,v3,agent,combinado,created_at,desc,0,3,2.713,,
f4_v3_idx3,v3,agent,combinado,created_at,desc,0,4,2.833,,
f4_v3_idx3,v3,agent,combinado,created_at,desc,0,5,3.46,,
f4_v3_idx3,v3,agent,combinado,created_at,desc,0,6,3.095,,
f4_v3_idx3,v3,agent,combinado,created_at,desc,500,1,2.708,,
f4_v3_idx3,v3,agent,combinado,created_at,desc,500,2,2.639,,
f4_v3_idx3,v3,agent,combinado,created_at,desc,500,3,2.922,,
f4_v3_idx3,v3,agent,combinado,created_at,desc,500,4,3.804,,
f4_v3_idx3,v3,agent,combinado,created_at,desc,500,5,3.961,,
f4_v3_idx3,v3,agent,combinado,created_at,desc,500,6,2.891,,
f4_v3_idx3,v3,agent,combinado,company,asc,0,1,2.601,,
f4_v3_idx3,v3,agent,combinado,company,asc,0,2,2.543,,
f4_v3_idx3,v3,agent,combinado,company,asc,0,3,2.896,,
f4_v3_idx3,v3,agent,combinado,company,asc,0,4,3.353,,
f4_v3_idx3,v3,agent,combinado,company,asc,0,5,2.918,,
f4_v3_idx3,v3,agent,combinado,company,asc,0,6,2.63,,
f4_v3_idx3,v3,agent,combinado,company,asc,500,1,2.977,,
f4_v3_idx3,v3,agent,combinado,company,asc,500,2,3.141,,
f4_v3_idx3,v3,agent,combinado,company,asc,500,3,4.917,,
f4_v3_idx3,v3,agent,combinado,company,asc,500,4,3.636,,
f4_v3_idx3,v3,agent,combinado,company,asc,500,5,2.629,,
f4_v3_idx3,v3,agent,combinado,company,asc,500,6,2.882,,
f4_v3_idx3,v3,agent,combinado,company,desc,0,1,2.898,,
f4_v3_idx3,v3,agent,combinado,company,desc,0,2,3.26,,
f4_v3_idx3,v3,agent,combinado,company,desc,0,3,3.389,,
f4_v3_idx3,v3,agent,combinado,company,desc,0,4,2.541,,
f4_v3_idx3,v3,agent,combinado,company,desc,0,5,2.493,,
f4_v3_idx3,v3,agent,combinado,company,desc,0,6,2.614,,
f4_v3_idx3,v3,agent,combinado,company,desc,500,1,2.792,,
f4_v3_idx3,v3,agent,combinado,company,desc,500,2,4.201,,
f4_v3_idx3,v3,agent,combinado,company,desc,500,3,3.246,,
f4_v3_idx3,v3,agent,combinado,company,desc,500,4,2.75,,
f4_v3_idx3,v3,agent,combinado,company,desc,500,5,2.58,,
f4_v3_idx3,v3,agent,combinado,company,desc,500,6,2.647,,
