phase,variant,caller,scenario,sort_field,sort_dir,page_offset,run,ms,rows_out,total_count
f2_v0_idx1,v0,agent,__overhead_wrapper__,-,-,-1,0,0.227,0,0
f2_v0_idx1,v0,agent,sem_filtro,name,asc,0,1,55.287,50,2886
f2_v0_idx1,v0,agent,sem_filtro,name,asc,0,2,55.353,50,2886
f2_v0_idx1,v0,agent,sem_filtro,name,asc,0,3,55.891,50,2886
f2_v0_idx1,v0,agent,sem_filtro,name,asc,0,4,57.549,50,2886
f2_v0_idx1,v0,agent,sem_filtro,name,asc,0,5,61.173,50,2886
f2_v0_idx1,v0,agent,sem_filtro,name,asc,0,6,55.616,50,2886
f2_v0_idx1,v0,agent,sem_filtro,name,asc,500,1,55.134,50,2886
f2_v0_idx1,v0,agent,sem_filtro,name,asc,500,2,57.477,50,2886
f2_v0_idx1,v0,agent,sem_filtro,name,asc,500,3,68.517,50,2886
f2_v0_idx1,v0,agent,sem_filtro,name,asc,500,4,66.393,50,2886
f2_v0_idx1,v0,agent,sem_filtro,name,asc,500,5,63.293,50,2886
f2_v0_idx1,v0,agent,sem_filtro,name,asc,500,6,59.478,50,2886
f2_v0_idx1,v0,agent,sem_filtro,name,desc,0,1,53.479,50,2886
f2_v0_idx1,v0,agent,sem_filtro,name,desc,0,2,54.764,50,2886
f2_v0_idx1,v0,agent,sem_filtro,name,desc,0,3,53.653,50,2886
f2_v0_idx1,v0,agent,sem_filtro,name,desc,0,4,52.942,50,2886
f2_v0_idx1,v0,agent,sem_filtro,name,desc,0,5,52.295,50,2886
f2_v0_idx1,v0,agent,sem_filtro,name,desc,0,6,55.114,50,2886
f2_v0_idx1,v0,agent,sem_filtro,name,desc,500,1,56.953,50,2886
f2_v0_idx1,v0,agent,sem_filtro,name,desc,500,2,64.316,50,2886
f2_v0_idx1,v0,agent,sem_filtro,name,desc,500,3,64.557,50,2886
f2_v0_idx1,v0,agent,sem_filtro,name,desc,500,4,63.296,50,2886
f2_v0_idx1,v0,agent,sem_filtro,name,desc,500,5,62.51,50,2886
f2_v0_idx1,v0,agent,sem_filtro,name,desc,500,6,55.617,50,2886
f2_v0_idx1,v0,agent,sem_filtro,created_at,asc,0,1,53.089,50,2886
f2_v0_idx1,v0,agent,sem_filtro,created_at,asc,0,2,53.362,50,2886
f2_v0_idx1,v0,agent,sem_filtro,created_at,asc,0,3,53.824,50,2886
f2_v0_idx1,v0,agent,sem_filtro,created_at,asc,0,4,54.024,50,2886
f2_v0_idx1,v0,agent,sem_filtro,created_at,asc,0,5,54.454,50,2886
f2_v0_idx1,v0,agent,sem_filtro,created_at,asc,0,6,51.98,50,2886
f2_v0_idx1,v0,agent,sem_filtro,created_at,asc,500,1,60.178,50,2886
f2_v0_idx1,v0,agent,sem_filtro,created_at,asc,500,2,64.744,50,2886
f2_v0_idx1,v0,agent,sem_filtro,created_at,asc,500,3,68.709,50,2886
f2_v0_idx1,v0,agent,sem_filtro,created_at,asc,500,4,66.745,50,2886
f2_v0_idx1,v0,agent,sem_filtro,created_at,asc,500,5,59.219,50,2886
f2_v0_idx1,v0,agent,sem_filtro,created_at,asc,500,6,56.913,50,2886
f2_v0_idx1,v0,agent,sem_filtro,created_at,desc,0,1,55.281,50,2886
f2_v0_idx1,v0,agent,sem_filtro,created_at,desc,0,2,62.291,50,2886
f2_v0_idx1,v0,agent,sem_filtro,created_at,desc,0,3,57.814,50,2886
f2_v0_idx1,v0,agent,sem_filtro,created_at,desc,0,4,55.537,50,2886
f2_v0_idx1,v0,agent,sem_filtro,created_at,desc,0,5,56.907,50,2886
f2_v0_idx1,v0,agent,sem_filtro,created_at,desc,0,6,55.406,50,2886
f2_v0_idx1,v0,agent,sem_filtro,created_at,desc,500,1,55.372,50,2886
f2_v0_idx1,v0,agent,sem_filtro,created_at,desc,500,2,53.019,50,2886
f2_v0_idx1,v0,agent,sem_filtro,created_at,desc,500,3,52.916,50,2886
f2_v0_idx1,v0,agent,sem_filtro,created_at,desc,500,4,54.412,50,2886
f2_v0_idx1,v0,agent,sem_filtro,created_at,desc,500,5,54.248,50,2886
f2_v0_idx1,v0,agent,sem_filtro,created_at,desc,500,6,53.882,50,2886
f2_v0_idx1,v0,agent,sem_filtro,company,asc,0,1,55.702,50,2886
f2_v0_idx1,v0,agent,sem_filtro,company,asc,0,2,53.59,50,2886
f2_v0_idx1,v0,agent,sem_filtro,company,asc,0,3,52.846,50,2886
f2_v0_idx1,v0,agent,sem_filtro,company,asc,0,4,55.522,50,2886
f2_v0_idx1,v0,agent,sem_filtro,company,asc,0,5,55.395,50,2886
f2_v0_idx1,v0,agent,sem_filtro,company,asc,0,6,54.27,50,2886
f2_v0_idx1,v0,agent,sem_filtro,company,asc,500,1,54.36,50,2886
f2_v0_idx1,v0,agent,sem_filtro,company,asc,500,2,57.6,50,2886
f2_v0_idx1,v0,agent,sem_filtro,company,asc,500,3,57.043,50,2886
f2_v0_idx1,v0,agent,sem_filtro,company,asc,500,4,61.693,50,2886
f2_v0_idx1,v0,agent,sem_filtro,company,asc,500,5,69.444,50,2886
f2_v0_idx1,v0,agent,sem_filtro,company,asc,500,6,57.875,50,2886
f2_v0_idx1,v0,agent,sem_filtro,company,desc,0,1,68.404,50,2886
f2_v0_idx1,v0,agent,sem_filtro,company,desc,0,2,70.464,50,2886
f2_v0_idx1,v0,agent,sem_filtro,company,desc,0,3,60.33,50,2886
f2_v0_idx1,v0,agent,sem_filtro,company,desc,0,4,59.523,50,2886
f2_v0_idx1,v0,agent,sem_filtro,company,desc,0,5,57.854,50,2886
f2_v0_idx1,v0,agent,sem_filtro,company,desc,0,6,59.764,50,2886
f2_v0_idx1,v0,agent,sem_filtro,company,desc,500,1,56.622,50,2886
f2_v0_idx1,v0,agent,sem_filtro,company,desc,500,2,56.762,50,2886
f2_v0_idx1,v0,agent,sem_filtro,company,desc,500,3,55.798,50,2886
f2_v0_idx1,v0,agent,sem_filtro,company,desc,500,4,56.683,50,2886
f2_v0_idx1,v0,agent,sem_filtro,company,desc,500,5,57.541,50,2886
f2_v0_idx1,v0,agent,sem_filtro,company,desc,500,6,54.342,50,2886
f2_v0_idx1,v0,agent,termo_nome_5ch,name,asc,0,1,25.59,50,380
f2_v0_idx1,v0,agent,termo_nome_5ch,name,asc,0,2,23.387,50,380
f2_v0_idx1,v0,agent,termo_nome_5ch,name,asc,0,3,20.012,50,380
f2_v0_idx1,v0,agent,termo_nome_5ch,name,asc,0,4,21.629,50,380
f2_v0_idx1,v0,agent,termo_nome_5ch,name,asc,0,5,23.669,50,380
f2_v0_idx1,v0,agent,termo_nome_5ch,name,asc,0,6,21.57,50,380
f2_v0_idx1,v0,agent,termo_nome_5ch,name,asc,500,1,22.096,0,
f2_v0_idx1,v0,agent,termo_nome_5ch,name,asc,500,2,22.305,0,
f2_v0_idx1,v0,agent,termo_nome_5ch,name,asc,500,3,22.038,0,
f2_v0_idx1,v0,agent,termo_nome_5ch,name,asc,500,4,20.279,0,
f2_v0_idx1,v0,agent,termo_nome_5ch,name,asc,500,5,21.224,0,
f2_v0_idx1,v0,agent,termo_nome_5ch,name,asc,500,6,21.133,0,
f2_v0_idx1,v0,agent,termo_nome_5ch,name,desc,0,1,20.946,50,380
f2_v0_idx1,v0,agent,termo_nome_5ch,name,desc,0,2,20.3,50,380
f2_v0_idx1,v0,agent,termo_nome_5ch,name,desc,0,3,21.502,50,380
f2_v0_idx1,v0,agent,termo_nome_5ch,name,desc,0,4,22.269,50,380
f2_v0_idx1,v0,agent,termo_nome_5ch,name,desc,0,5,21.19,50,380
f2_v0_idx1,v0,agent,termo_nome_5ch,name,desc,0,6,20.568,50,380
f2_v0_idx1,v0,agent,termo_nome_5ch,name,desc,500,1,18.741,0,
f2_v0_idx1,v0,agent,termo_nome_5ch,name,desc,500,2,20.277,0,
f2_v0_idx1,v0,agent,termo_nome_5ch,name,desc,500,3,21.285,0,
f2_v0_idx1,v0,agent,termo_nome_5ch,name,desc,500,4,20.904,0,
f2_v0_idx1,v0,agent,termo_nome_5ch,name,desc,500,5,20.454,0,
f2_v0_idx1,v0,agent,termo_nome_5ch,name,desc,500,6,20.003,0,
f2_v0_idx1,v0,agent,termo_nome_5ch,created_at,asc,0,1,19.4,50,380
f2_v0_idx1,v0,agent,termo_nome_5ch,created_at,asc,0,2,20.795,50,380
f2_v0_idx1,v0,agent,termo_nome_5ch,created_at,asc,0,3,19.047,50,380
f2_v0_idx1,v0,agent,termo_nome_5ch,created_at,asc,0,4,20.543,50,380
f2_v0_idx1,v0,agent,termo_nome_5ch,created_at,asc,0,5,22.842,50,380
f2_v0_idx1,v0,agent,termo_nome_5ch,created_at,asc,0,6,20.791,50,380
f2_v0_idx1,v0,agent,termo_nome_5ch,created_at,asc,500,1,19.285,0,
f2_v0_idx1,v0,agent,termo_nome_5ch,created_at,asc,500,2,19.828,0,
f2_v0_idx1,v0,agent,termo_nome_5ch,created_at,asc,500,3,20.456,0,
f2_v0_idx1,v0,agent,termo_nome_5ch,created_at,asc,500,4,21.287,0,
f2_v0_idx1,v0,agent,termo_nome_5ch,created_at,asc,500,5,20.707,0,
f2_v0_idx1,v0,agent,termo_nome_5ch,created_at,asc,500,6,20.239,0,
f2_v0_idx1,v0,agent,termo_nome_5ch,created_at,desc,0,1,21.674,50,380
f2_v0_idx1,v0,agent,termo_nome_5ch,created_at,desc,0,2,20.692,50,380
f2_v0_idx1,v0,agent,termo_nome_5ch,created_at,desc,0,3,21.014,50,380
f2_v0_idx1,v0,agent,termo_nome_5ch,created_at,desc,0,4,21.701,50,380
f2_v0_idx1,v0,agent,termo_nome_5ch,created_at,desc,0,5,21.657,50,380
f2_v0_idx1,v0,agent,termo_nome_5ch,created_at,desc,0,6,20.798,50,380
f2_v0_idx1,v0,agent,termo_nome_5ch,created_at,desc,500,1,19.134,0,
f2_v0_idx1,v0,agent,termo_nome_5ch,created_at,desc,500,2,19.431,0,
f2_v0_idx1,v0,agent,termo_nome_5ch,created_at,desc,500,3,22.649,0,
f2_v0_idx1,v0,agent,termo_nome_5ch,created_at,desc,500,4,22.315,0,
f2_v0_idx1,v0,agent,termo_nome_5ch,created_at,desc,500,5,20.812,0,
f2_v0_idx1,v0,agent,termo_nome_5ch,created_at,desc,500,6,20.705,0,
f2_v0_idx1,v0,agent,termo_nome_5ch,company,asc,0,1,20.078,50,380
f2_v0_idx1,v0,agent,termo_nome_5ch,company,asc,0,2,20.848,50,380
f2_v0_idx1,v0,agent,termo_nome_5ch,company,asc,0,3,21.537,50,380
f2_v0_idx1,v0,agent,termo_nome_5ch,company,asc,0,4,25.96,50,380
f2_v0_idx1,v0,agent,termo_nome_5ch,company,asc,0,5,26.473,50,380
f2_v0_idx1,v0,agent,termo_nome_5ch,company,asc,0,6,24.766,50,380
f2_v0_idx1,v0,agent,termo_nome_5ch,company,asc,500,1,20.534,0,
f2_v0_idx1,v0,agent,termo_nome_5ch,company,asc,500,2,21.663,0,
f2_v0_idx1,v0,agent,termo_nome_5ch,company,asc,500,3,20.198,0,
f2_v0_idx1,v0,agent,termo_nome_5ch,company,asc,500,4,19.558,0,
f2_v0_idx1,v0,agent,termo_nome_5ch,company,asc,500,5,22.028,0,
f2_v0_idx1,v0,agent,termo_nome_5ch,company,asc,500,6,21.547,0,
f2_v0_idx1,v0,agent,termo_nome_5ch,company,desc,0,1,20.329,50,380
f2_v0_idx1,v0,agent,termo_nome_5ch,company,desc,0,2,20.078,50,380
f2_v0_idx1,v0,agent,termo_nome_5ch,company,desc,0,3,20.726,50,380
f2_v0_idx1,v0,agent,termo_nome_5ch,company,desc,0,4,20.642,50,380
f2_v0_idx1,v0,agent,termo_nome_5ch,company,desc,0,5,20.257,50,380
f2_v0_idx1,v0,agent,termo_nome_5ch,company,desc,0,6,21.308,50,380
f2_v0_idx1,v0,agent,termo_nome_5ch,company,desc,500,1,19.988,0,
f2_v0_idx1,v0,agent,termo_nome_5ch,company,desc,500,2,21.27,0,
f2_v0_idx1,v0,agent,termo_nome_5ch,company,desc,500,3,20.78,0,
f2_v0_idx1,v0,agent,termo_nome_5ch,company,desc,500,4,20.349,0,
f2_v0_idx1,v0,agent,termo_nome_5ch,company,desc,500,5,20.69,0,
f2_v0_idx1,v0,agent,termo_nome_5ch,company,desc,500,6,20.147,0,
f2_v0_idx1,v0,agent,combinado,name,asc,0,1,1.486,1,1
f2_v0_idx1,v0,agent,combinado,name,asc,0,2,1.102,1,1
f2_v0_idx1,v0,agent,combinado,name,asc,0,3,0.947,1,1
f2_v0_idx1,v0,agent,combinado,name,asc,0,4,1.045,1,1
f2_v0_idx1,v0,agent,combinado,name,asc,0,5,1.062,1,1
f2_v0_idx1,v0,agent,combinado,name,asc,0,6,1.13,1,1
f2_v0_idx1,v0,agent,combinado,name,asc,500,1,0.981,0,
f2_v0_idx1,v0,agent,combinado,name,asc,500,2,0.97,0,
f2_v0_idx1,v0,agent,combinado,name,asc,500,3,1.064,0,
f2_v0_idx1,v0,agent,combinado,name,asc,500,4,0.932,0,
f2_v0_idx1,v0,agent,combinado,name,asc,500,5,1.244,0,
f2_v0_idx1,v0,agent,combinado,name,asc,500,6,1.153,0,
f2_v0_idx1,v0,agent,combinado,name,desc,0,1,0.912,1,1
f2_v0_idx1,v0,agent,combinado,name,desc,0,2,0.828,1,1
f2_v0_idx1,v0,agent,combinado,name,desc,0,3,0.767,1,1
f2_v0_idx1,v0,agent,combinado,name,desc,0,4,0.782,1,1
f2_v0_idx1,v0,agent,combinado,name,desc,0,5,1.009,1,1
f2_v0_idx1,v0,agent,combinado,name,desc,0,6,0.87,1,1
f2_v0_idx1,v0,agent,combinado,name,desc,500,1,0.992,0,
f2_v0_idx1,v0,agent,combinado,name,desc,500,2,1.053,0,
f2_v0_idx1,v0,agent,combinado,name,desc,500,3,0.968,0,
f2_v0_idx1,v0,agent,combinado,name,desc,500,4,0.939,0,
f2_v0_idx1,v0,agent,combinado,name,desc,500,5,0.921,0,
f2_v0_idx1,v0,agent,combinado,name,desc,500,6,1.04,0,
f2_v0_idx1,v0,agent,combinado,created_at,asc,0,1,1.095,1,1
f2_v0_idx1,v0,agent,combinado,created_at,asc,0,2,0.901,1,1
f2_v0_idx1,v0,agent,combinado,created_at,asc,0,3,0.857,1,1
f2_v0_idx1,v0,agent,combinado,created_at,asc,0,4,0.784,1,1
f2_v0_idx1,v0,agent,combinado,created_at,asc,0,5,0.92,1,1
f2_v0_idx1,v0,agent,combinado,created_at,asc,0,6,0.886,1,1
f2_v0_idx1,v0,agent,combinado,created_at,asc,500,1,0.954,0,
f2_v0_idx1,v0,agent,combinado,created_at,asc,500,2,0.991,0,
f2_v0_idx1,v0,agent,combinado,created_at,asc,500,3,0.89,0,
f2_v0_idx1,v0,agent,combinado,created_at,asc,500,4,0.944,0,
f2_v0_idx1,v0,agent,combinado,created_at,asc,500,5,0.817,0,
f2_v0_idx1,v0,agent,combinado,created_at,asc,500,6,0.937,0,
f2_v0_idx1,v0,agent,combinado,created_at,desc,0,1,1.053,1,1
f2_v0_idx1,v0,agent,combinado,created_at,desc,0,2,1.106,1,1
f2_v0_idx1,v0,agent,combinado,created_at,desc,0,3,0.999,1,1
f2_v0_idx1,v0,agent,combinado,created_at,desc,0,4,0.857,1,1
f2_v0_idx1,v0,agent,combinado,created_at,desc,0,5,0.786,1,1
f2_v0_idx1,v0,agent,combinado,created_at,desc,0,6,0.845,1,1
f2_v0_idx1,v0,agent,combinado,created_at,desc,500,1,1.018,0,
f2_v0_idx1,v0,agent,combinado,created_at,desc,500,2,1.122,0,
f2_v0_idx1,v0,agent,combinado,created_at,desc,500,3,1.031,0,
f2_v0_idx1,v0,agent,combinado,created_at,desc,500,4,0.903,0,
f2_v0_idx1,v0,agent,combinado,created_at,desc,500,5,0.865,0,
f2_v0_idx1,v0,agent,combinado,created_at,desc,500,6,0.887,0,
f2_v0_idx1,v0,agent,combinado,company,asc,0,1,1.646,1,1
f2_v0_idx1,v0,agent,combinado,company,asc,0,2,1.087,1,1
f2_v0_idx1,v0,agent,combinado,company,asc,0,3,0.957,1,1
f2_v0_idx1,v0,agent,combinado,company,asc,0,4,1.031,1,1
f2_v0_idx1,v0,agent,combinado,company,asc,0,5,0.977,1,1
f2_v0_idx1,v0,agent,combinado,company,asc,0,6,1.334,1,1
f2_v0_idx1,v0,agent,combinado,company,asc,500,1,0.96,0,
f2_v0_idx1,v0,agent,combinado,company,asc,500,2,0.97,0,
f2_v0_idx1,v0,agent,combinado,company,asc,500,3,0.862,0,
f2_v0_idx1,v0,agent,combinado,company,asc,500,4,0.856,0,
f2_v0_idx1,v0,agent,combinado,company,asc,500,5,0.935,0,
f2_v0_idx1,v0,agent,combinado,company,asc,500,6,0.93,0,
f2_v0_idx1,v0,agent,combinado,company,desc,0,1,1.812,1,1
f2_v0_idx1,v0,agent,combinado,company,desc,0,2,1.052,1,1
f2_v0_idx1,v0,agent,combinado,company,desc,0,3,0.885,1,1
f2_v0_idx1,v0,agent,combinado,company,desc,0,4,0.899,1,1
f2_v0_idx1,v0,agent,combinado,company,desc,0,5,0.862,1,1
f2_v0_idx1,v0,agent,combinado,company,desc,0,6,0.891,1,1
f2_v0_idx1,v0,agent,combinado,company,desc,500,1,0.831,0,
f2_v0_idx1,v0,agent,combinado,company,desc,500,2,0.817,0,
f2_v0_idx1,v0,agent,combinado,company,desc,500,3,0.866,0,
f2_v0_idx1,v0,agent,combinado,company,desc,500,4,0.852,0,
f2_v0_idx1,v0,agent,combinado,company,desc,500,5,0.842,0,
f2_v0_idx1,v0,agent,combinado,company,desc,500,6,0.93,0,
f3_v0_idx2,v0,agent,__overhead_wrapper__,-,-,-1,0,0.199,0,0
f3_v0_idx2,v0,agent,sem_filtro,name,asc,0,1,65.232,50,2886
f3_v0_idx2,v0,agent,sem_filtro,name,asc,0,2,60.128,50,2886
f3_v0_idx2,v0,agent,sem_filtro,name,asc,0,3,59.202,50,2886
f3_v0_idx2,v0,agent,sem_filtro,name,asc,0,4,54.211,50,2886
f3_v0_idx2,v0,agent,sem_filtro,name,asc,0,5,53.881,50,2886
f3_v0_idx2,v0,agent,sem_filtro,name,asc,0,6,56.856,50,2886
f3_v0_idx2,v0,agent,sem_filtro,name,asc,500,1,57.749,50,2886
f3_v0_idx2,v0,agent,sem_filtro,name,asc,500,2,57.359,50,2886
f3_v0_idx2,v0,agent,sem_filtro,name,asc,500,3,58.15,50,2886
f3_v0_idx2,v0,agent,sem_filtro,name,asc,500,4,59.606,50,2886
f3_v0_idx2,v0,agent,sem_filtro,name,asc,500,5,55.797,50,2886
f3_v0_idx2,v0,agent,sem_filtro,name,asc,500,6,55.202,50,2886
f3_v0_idx2,v0,agent,sem_filtro,name,desc,0,1,56.352,50,2886
f3_v0_idx2,v0,agent,sem_filtro,name,desc,0,2,56.274,50,2886
f3_v0_idx2,v0,agent,sem_filtro,name,desc,0,3,56.336,50,2886
f3_v0_idx2,v0,agent,sem_filtro,name,desc,0,4,52.707,50,2886
f3_v0_idx2,v0,agent,sem_filtro,name,desc,0,5,55.48,50,2886
f3_v0_idx2,v0,agent,sem_filtro,name,desc,0,6,56.132,50,2886
f3_v0_idx2,v0,agent,sem_filtro,name,desc,500,1,58.943,50,2886
f3_v0_idx2,v0,agent,sem_filtro,name,desc,500,2,60.438,50,2886
f3_v0_idx2,v0,agent,sem_filtro,name,desc,500,3,63.302,50,2886
f3_v0_idx2,v0,agent,sem_filtro,name,desc,500,4,57.077,50,2886
f3_v0_idx2,v0,agent,sem_filtro,name,desc,500,5,57.711,50,2886
f3_v0_idx2,v0,agent,sem_filtro,name,desc,500,6,60.071,50,2886
f3_v0_idx2,v0,agent,sem_filtro,created_at,asc,0,1,54.104,50,2886
f3_v0_idx2,v0,agent,sem_filtro,created_at,asc,0,2,54.156,50,2886
f3_v0_idx2,v0,agent,sem_filtro,created_at,asc,0,3,55.644,50,2886
f3_v0_idx2,v0,agent,sem_filtro,created_at,asc,0,4,56.166,50,2886
f3_v0_idx2,v0,agent,sem_filtro,created_at,asc,0,5,54.181,50,2886
f3_v0_idx2,v0,agent,sem_filtro,created_at,asc,0,6,56.838,50,2886
f3_v0_idx2,v0,agent,sem_filtro,created_at,asc,500,1,56.854,50,2886
f3_v0_idx2,v0,agent,sem_filtro,created_at,asc,500,2,56.604,50,2886
f3_v0_idx2,v0,agent,sem_filtro,created_at,asc,500,3,55.935,50,2886
f3_v0_idx2,v0,agent,sem_filtro,created_at,asc,500,4,57.433,50,2886
f3_v0_idx2,v0,agent,sem_filtro,created_at,asc,500,5,57.136,50,2886
f3_v0_idx2,v0,agent,sem_filtro,created_at,asc,500,6,57.379,50,2886
f3_v0_idx2,v0,agent,sem_filtro,created_at,desc,0,1,59.27,50,2886
f3_v0_idx2,v0,agent,sem_filtro,created_at,desc,0,2,63.212,50,2886
f3_v0_idx2,v0,agent,sem_filtro,created_at,desc,0,3,59.134,50,2886
f3_v0_idx2,v0,agent,sem_filtro,created_at,desc,0,4,56.867,50,2886
f3_v0_idx2,v0,agent,sem_filtro,created_at,desc,0,5,55.001,50,2886
f3_v0_idx2,v0,agent,sem_filtro,created_at,desc,0,6,56.846,50,2886
f3_v0_idx2,v0,agent,sem_filtro,created_at,desc,500,1,54.283,50,2886
f3_v0_idx2,v0,agent,sem_filtro,created_at,desc,500,2,54.882,50,2886
f3_v0_idx2,v0,agent,sem_filtro,created_at,desc,500,3,55.502,50,2886
f3_v0_idx2,v0,agent,sem_filtro,created_at,desc,500,4,58.816,50,2886
f3_v0_idx2,v0,agent,sem_filtro,created_at,desc,500,5,57.542,50,2886
f3_v0_idx2,v0,agent,sem_filtro,created_at,desc,500,6,63.723,50,2886
f3_v0_idx2,v0,agent,sem_filtro,company,asc,0,1,57.753,50,2886
f3_v0_idx2,v0,agent,sem_filtro,company,asc,0,2,59.69,50,2886
f3_v0_idx2,v0,agent,sem_filtro,company,asc,0,3,57.524,50,2886
f3_v0_idx2,v0,agent,sem_filtro,company,asc,0,4,56.296,50,2886
f3_v0_idx2,v0,agent,sem_filtro,company,asc,0,5,56.617,50,2886
f3_v0_idx2,v0,agent,sem_filtro,company,asc,0,6,56.342,50,2886
f3_v0_idx2,v0,agent,sem_filtro,company,asc,500,1,59.103,50,2886
f3_v0_idx2,v0,agent,sem_filtro,company,asc,500,2,58.346,50,2886
f3_v0_idx2,v0,agent,sem_filtro,company,asc,500,3,70.73,50,2886
f3_v0_idx2,v0,agent,sem_filtro,company,asc,500,4,78.092,50,2886
f3_v0_idx2,v0,agent,sem_filtro,company,asc,500,5,78.025,50,2886
f3_v0_idx2,v0,agent,sem_filtro,company,asc,500,6,66.028,50,2886
f3_v0_idx2,v0,agent,sem_filtro,company,desc,0,1,54.947,50,2886
f3_v0_idx2,v0,agent,sem_filtro,company,desc,0,2,56.263,50,2886
f3_v0_idx2,v0,agent,sem_filtro,company,desc,0,3,54.212,50,2886
f3_v0_idx2,v0,agent,sem_filtro,company,desc,0,4,55.169,50,2886
f3_v0_idx2,v0,agent,sem_filtro,company,desc,0,5,57.422,50,2886
f3_v0_idx2,v0,agent,sem_filtro,company,desc,0,6,54.119,50,2886
f3_v0_idx2,v0,agent,sem_filtro,company,desc,500,1,55.043,50,2886
f3_v0_idx2,v0,agent,sem_filtro,company,desc,500,2,55.693,50,2886
f3_v0_idx2,v0,agent,sem_filtro,company,desc,500,3,53.293,50,2886
f3_v0_idx2,v0,agent,sem_filtro,company,desc,500,4,57.804,50,2886
f3_v0_idx2,v0,agent,sem_filtro,company,desc,500,5,55.05,50,2886
f3_v0_idx2,v0,agent,sem_filtro,company,desc,500,6,56.95,50,2886
f3_v0_idx2,v0,agent,termo_nome_5ch,name,asc,0,1,18.957,50,380
f3_v0_idx2,v0,agent,termo_nome_5ch,name,asc,0,2,20.978,50,380
f3_v0_idx2,v0,agent,termo_nome_5ch,name,asc,0,3,19.802,50,380
f3_v0_idx2,v0,agent,termo_nome_5ch,name,asc,0,4,22.747,50,380
f3_v0_idx2,v0,agent,termo_nome_5ch,name,asc,0,5,21.731,50,380
f3_v0_idx2,v0,agent,termo_nome_5ch,name,asc,0,6,21.808,50,380
f3_v0_idx2,v0,agent,termo_nome_5ch,name,asc,500,1,21.529,0,
f3_v0_idx2,v0,agent,termo_nome_5ch,name,asc,500,2,21.359,0,
f3_v0_idx2,v0,agent,termo_nome_5ch,name,asc,500,3,21.287,0,
f3_v0_idx2,v0,agent,termo_nome_5ch,name,asc,500,4,25.648,0,
f3_v0_idx2,v0,agent,termo_nome_5ch,name,asc,500,5,23.393,0,
f3_v0_idx2,v0,agent,termo_nome_5ch,name,asc,500,6,20.948,0,
f3_v0_idx2,v0,agent,termo_nome_5ch,name,desc,0,1,22.495,50,380
f3_v0_idx2,v0,agent,termo_nome_5ch,name,desc,0,2,21.551,50,380
f3_v0_idx2,v0,agent,termo_nome_5ch,name,desc,0,3,22.212,50,380
f3_v0_idx2,v0,agent,termo_nome_5ch,name,desc,0,4,23.901,50,380
f3_v0_idx2,v0,agent,termo_nome_5ch,name,desc,0,5,22.341,50,380
f3_v0_idx2,v0,agent,termo_nome_5ch,name,desc,0,6,23.476,50,380
f3_v0_idx2,v0,agent,termo_nome_5ch,name,desc,500,1,20.876,0,
f3_v0_idx2,v0,agent,termo_nome_5ch,name,desc,500,2,20.94,0,
f3_v0_idx2,v0,agent,termo_nome_5ch,name,desc,500,3,21.431,0,
f3_v0_idx2,v0,agent,termo_nome_5ch,name,desc,500,4,20.512,0,
f3_v0_idx2,v0,agent,termo_nome_5ch,name,desc,500,5,20.824,0,
f3_v0_idx2,v0,agent,termo_nome_5ch,name,desc,500,6,22.494,0,
f3_v0_idx2,v0,agent,termo_nome_5ch,created_at,asc,0,1,24.189,50,380
f3_v0_idx2,v0,agent,termo_nome_5ch,created_at,asc,0,2,19.774,50,380
f3_v0_idx2,v0,agent,termo_nome_5ch,created_at,asc,0,3,20.444,50,380
f3_v0_idx2,v0,agent,termo_nome_5ch,created_at,asc,0,4,19.429,50,380
f3_v0_idx2,v0,agent,termo_nome_5ch,created_at,asc,0,5,20.208,50,380
f3_v0_idx2,v0,agent,termo_nome_5ch,created_at,asc,0,6,19.885,50,380
f3_v0_idx2,v0,agent,termo_nome_5ch,created_at,asc,500,1,19.568,0,
f3_v0_idx2,v0,agent,termo_nome_5ch,created_at,asc,500,2,20.289,0,
f3_v0_idx2,v0,agent,termo_nome_5ch,created_at,asc,500,3,23.447,0,
f3_v0_idx2,v0,agent,termo_nome_5ch,created_at,asc,500,4,23.58,0,
f3_v0_idx2,v0,agent,termo_nome_5ch,created_at,asc,500,5,24.583,0,
f3_v0_idx2,v0,agent,termo_nome_5ch,created_at,asc,500,6,23.465,0,
f3_v0_idx2,v0,agent,termo_nome_5ch,created_at,desc,0,1,23.517,50,380
f3_v0_idx2,v0,agent,termo_nome_5ch,created_at,desc,0,2,22.596,50,380
f3_v0_idx2,v0,agent,termo_nome_5ch,created_at,desc,0,3,24.146,50,380
f3_v0_idx2,v0,agent,termo_nome_5ch,created_at,desc,0,4,24.322,50,380
f3_v0_idx2,v0,agent,termo_nome_5ch,created_at,desc,0,5,22.304,50,380
f3_v0_idx2,v0,agent,termo_nome_5ch,created_at,desc,0,6,22.257,50,380
f3_v0_idx2,v0,agent,termo_nome_5ch,created_at,desc,500,1,21.497,0,
f3_v0_idx2,v0,agent,termo_nome_5ch,created_at,desc,500,2,21.589,0,
f3_v0_idx2,v0,agent,termo_nome_5ch,created_at,desc,500,3,21.867,0,
f3_v0_idx2,v0,agent,termo_nome_5ch,created_at,desc,500,4,23.218,0,
f3_v0_idx2,v0,agent,termo_nome_5ch,created_at,desc,500,5,23.133,0,
f3_v0_idx2,v0,agent,termo_nome_5ch,created_at,desc,500,6,20.438,0,
f3_v0_idx2,v0,agent,termo_nome_5ch,company,asc,0,1,21.121,50,380
f3_v0_idx2,v0,agent,termo_nome_5ch,company,asc,0,2,20.628,50,380
f3_v0_idx2,v0,agent,termo_nome_5ch,company,asc,0,3,21.077,50,380
f3_v0_idx2,v0,agent,termo_nome_5ch,company,asc,0,4,21.995,50,380
f3_v0_idx2,v0,agent,termo_nome_5ch,company,asc,0,5,20.587,50,380
f3_v0_idx2,v0,agent,termo_nome_5ch,company,asc,0,6,21.58,50,380
f3_v0_idx2,v0,agent,termo_nome_5ch,company,asc,500,1,20.227,0,
f3_v0_idx2,v0,agent,termo_nome_5ch,company,asc,500,2,21.38,0,
f3_v0_idx2,v0,agent,termo_nome_5ch,company,asc,500,3,20.653,0,
f3_v0_idx2,v0,agent,termo_nome_5ch,company,asc,500,4,22.293,0,
f3_v0_idx2,v0,agent,termo_nome_5ch,company,asc,500,5,21.44,0,
f3_v0_idx2,v0,agent,termo_nome_5ch,company,asc,500,6,21.296,0,
f3_v0_idx2,v0,agent,termo_nome_5ch,company,desc,0,1,19.917,50,380
f3_v0_idx2,v0,agent,termo_nome_5ch,company,desc,0,2,19.841,50,380
f3_v0_idx2,v0,agent,termo_nome_5ch,company,desc,0,3,20.707,50,380
f3_v0_idx2,v0,agent,termo_nome_5ch,company,desc,0,4,20.423,50,380
f3_v0_idx2,v0,agent,termo_nome_5ch,company,desc,0,5,19.299,50,380
f3_v0_idx2,v0,agent,termo_nome_5ch,company,desc,0,6,19.574,50,380
f3_v0_idx2,v0,agent,termo_nome_5ch,company,desc,500,1,23.79,0,
f3_v0_idx2,v0,agent,termo_nome_5ch,company,desc,500,2,23.975,0,
f3_v0_idx2,v0,agent,termo_nome_5ch,company,desc,500,3,26.314,0,
f3_v0_idx2,v0,agent,termo_nome_5ch,company,desc,500,4,23.423,0,
f3_v0_idx2,v0,agent,termo_nome_5ch,company,desc,500,5,24.789,0,
f3_v0_idx2,v0,agent,termo_nome_5ch,company,desc,500,6,24.834,0,
f3_v0_idx2,v0,agent,termo_empresa,name,asc,0,1,10.046,50,290
f3_v0_idx2,v0,agent,termo_empresa,name,asc,0,2,10.327,50,290
f3_v0_idx2,v0,agent,termo_empresa,name,asc,0,3,10.987,50,290
f3_v0_idx2,v0,agent,termo_empresa,name,asc,0,4,10.989,50,290
f3_v0_idx2,v0,agent,termo_empresa,name,asc,0,5,11.011,50,290
f3_v0_idx2,v0,agent,termo_empresa,name,asc,0,6,9.929,50,290
f3_v0_idx2,v0,agent,termo_empresa,name,asc,500,1,9.307,0,
f3_v0_idx2,v0,agent,termo_empresa,name,asc,500,2,9.832,0,
f3_v0_idx2,v0,agent,termo_empresa,name,asc,500,3,8.899,0,
f3_v0_idx2,v0,agent,termo_empresa,name,asc,500,4,9.535,0,
f3_v0_idx2,v0,agent,termo_empresa,name,asc,500,5,9.293,0,
f3_v0_idx2,v0,agent,termo_empresa,name,asc,500,6,11.523,0,
f3_v0_idx2,v0,agent,termo_empresa,name,desc,0,1,11.408,50,290
f3_v0_idx2,v0,agent,termo_empresa,name,desc,0,2,11.22,50,290
f3_v0_idx2,v0,agent,termo_empresa,name,desc,0,3,9.959,50,290
f3_v0_idx2,v0,agent,termo_empresa,name,desc,0,4,11.7,50,290
f3_v0_idx2,v0,agent,termo_empresa,name,desc,0,5,9.558,50,290
f3_v0_idx2,v0,agent,termo_empresa,name,desc,0,6,11.137,50,290
f3_v0_idx2,v0,agent,termo_empresa,name,desc,500,1,10.011,0,
f3_v0_idx2,v0,agent,termo_empresa,name,desc,500,2,10.245,0,
f3_v0_idx2,v0,agent,termo_empresa,name,desc,500,3,11.85,0,
f3_v0_idx2,v0,agent,termo_empresa,name,desc,500,4,10.247,0,
f3_v0_idx2,v0,agent,termo_empresa,name,desc,500,5,9.836,0,
f3_v0_idx2,v0,agent,termo_empresa,name,desc,500,6,10.038,0,
f3_v0_idx2,v0,agent,termo_empresa,created_at,asc,0,1,10.047,50,290
f3_v0_idx2,v0,agent,termo_empresa,created_at,asc,0,2,10.286,50,290
f3_v0_idx2,v0,agent,termo_empresa,created_at,asc,0,3,9.747,50,290
f3_v0_idx2,v0,agent,termo_empresa,created_at,asc,0,4,10.029,50,290
f3_v0_idx2,v0,agent,termo_empresa,created_at,asc,0,5,10.017,50,290
f3_v0_idx2,v0,agent,termo_empresa,created_at,asc,0,6,10.698,50,290
f3_v0_idx2,v0,agent,termo_empresa,created_at,asc,500,1,11.506,0,
f3_v0_idx2,v0,agent,termo_empresa,created_at,asc,500,2,12.526,0,
f3_v0_idx2,v0,agent,termo_empresa,created_at,asc,500,3,9.953,0,
f3_v0_idx2,v0,agent,termo_empresa,created_at,asc,500,4,12.121,0,
f3_v0_idx2,v0,agent,termo_empresa,created_at,asc,500,5,10.526,0,
f3_v0_idx2,v0,agent,termo_empresa,created_at,asc,500,6,9.065,0,
f3_v0_idx2,v0,agent,termo_empresa,created_at,desc,0,1,9.543,50,290
f3_v0_idx2,v0,agent,termo_empresa,created_at,desc,0,2,8.764,50,290
f3_v0_idx2,v0,agent,termo_empresa,created_at,desc,0,3,9.209,50,290
f3_v0_idx2,v0,agent,termo_empresa,created_at,desc,0,4,9.359,50,290
f3_v0_idx2,v0,agent,termo_empresa,created_at,desc,0,5,8.596,50,290
f3_v0_idx2,v0,agent,termo_empresa,created_at,desc,0,6,9.238,50,290
f3_v0_idx2,v0,agent,termo_empresa,created_at,desc,500,1,9.03,0,
f3_v0_idx2,v0,agent,termo_empresa,created_at,desc,500,2,9.178,0,
f3_v0_idx2,v0,agent,termo_empresa,created_at,desc,500,3,8.786,0,
f3_v0_idx2,v0,agent,termo_empresa,created_at,desc,500,4,10.137,0,
f3_v0_idx2,v0,agent,termo_empresa,created_at,desc,500,5,9.227,0,
f3_v0_idx2,v0,agent,termo_empresa,created_at,desc,500,6,9.155,0,
f3_v0_idx2,v0,agent,termo_empresa,company,asc,0,1,11.008,50,290
f3_v0_idx2,v0,agent,termo_empresa,company,asc,0,2,8.716,50,290
f3_v0_idx2,v0,agent,termo_empresa,company,asc,0,3,9.51,50,290
f3_v0_idx2,v0,agent,termo_empresa,company,asc,0,4,9.76,50,290
f3_v0_idx2,v0,agent,termo_empresa,company,asc,0,5,8.563,50,290
f3_v0_idx2,v0,agent,termo_empresa,company,asc,0,6,10.088,50,290
f3_v0_idx2,v0,agent,termo_empresa,company,asc,500,1,9.241,0,
f3_v0_idx2,v0,agent,termo_empresa,company,asc,500,2,9.57,0,
f3_v0_idx2,v0,agent,termo_empresa,company,asc,500,3,9.128,0,
f3_v0_idx2,v0,agent,termo_empresa,company,asc,500,4,9.205,0,
f3_v0_idx2,v0,agent,termo_empresa,company,asc,500,5,9.414,0,
f3_v0_idx2,v0,agent,termo_empresa,company,asc,500,6,8.952,0,
f3_v0_idx2,v0,agent,termo_empresa,company,desc,0,1,9.475,50,290
f3_v0_idx2,v0,agent,termo_empresa,company,desc,0,2,9.254,50,290
f3_v0_idx2,v0,agent,termo_empresa,company,desc,0,3,9.938,50,290
f3_v0_idx2,v0,agent,termo_empresa,company,desc,0,4,11.166,50,290
f3_v0_idx2,v0,agent,termo_empresa,company,desc,0,5,9.578,50,290
f3_v0_idx2,v0,agent,termo_empresa,company,desc,0,6,9.456,50,290
f3_v0_idx2,v0,agent,termo_empresa,company,desc,500,1,11.533,0,
f3_v0_idx2,v0,agent,termo_empresa,company,desc,500,2,11.513,0,
f3_v0_idx2,v0,agent,termo_empresa,company,desc,500,3,10.2,0,
f3_v0_idx2,v0,agent,termo_empresa,company,desc,500,4,9.916,0,
f3_v0_idx2,v0,agent,termo_empresa,company,desc,500,5,9.683,0,
f3_v0_idx2,v0,agent,termo_empresa,company,desc,500,6,11.09,0,
f3_v0_idx2,v0,agent,filtro_tipo,name,asc,0,1,18.645,50,536
f3_v0_idx2,v0,agent,filtro_tipo,name,asc,0,2,15.595,50,536
f3_v0_idx2,v0,agent,filtro_tipo,name,asc,0,3,14.735,50,536
f3_v0_idx2,v0,agent,filtro_tipo,name,asc,0,4,12.933,50,536
f3_v0_idx2,v0,agent,filtro_tipo,name,asc,0,5,12.811,50,536
f3_v0_idx2,v0,agent,filtro_tipo,name,asc,0,6,12.486,50,536
f3_v0_idx2,v0,agent,filtro_tipo,name,asc,500,1,11.344,36,536
f3_v0_idx2,v0,agent,filtro_tipo,name,asc,500,2,12.631,36,536
f3_v0_idx2,v0,agent,filtro_tipo,name,asc,500,3,12.064,36,536
f3_v0_idx2,v0,agent,filtro_tipo,name,asc,500,4,11.724,36,536
f3_v0_idx2,v0,agent,filtro_tipo,name,asc,500,5,11.567,36,536
f3_v0_idx2,v0,agent,filtro_tipo,name,asc,500,6,11.45,36,536
f3_v0_idx2,v0,agent,filtro_tipo,name,desc,0,1,12.362,50,536
f3_v0_idx2,v0,agent,filtro_tipo,name,desc,0,2,11.601,50,536
f3_v0_idx2,v0,agent,filtro_tipo,name,desc,0,3,12.032,50,536
f3_v0_idx2,v0,agent,filtro_tipo,name,desc,0,4,12.202,50,536
f3_v0_idx2,v0,agent,filtro_tipo,name,desc,0,5,12.555,50,536
f3_v0_idx2,v0,agent,filtro_tipo,name,desc,0,6,12.924,50,536
f3_v0_idx2,v0,agent,filtro_tipo,name,desc,500,1,12.103,36,536
f3_v0_idx2,v0,agent,filtro_tipo,name,desc,500,2,12.782,36,536
f3_v0_idx2,v0,agent,filtro_tipo,name,desc,500,3,12.218,36,536
f3_v0_idx2,v0,agent,filtro_tipo,name,desc,500,4,12.634,36,536
f3_v0_idx2,v0,agent,filtro_tipo,name,desc,500,5,14.294,36,536
f3_v0_idx2,v0,agent,filtro_tipo,name,desc,500,6,13.982,36,536
f3_v0_idx2,v0,agent,filtro_tipo,created_at,asc,0,1,11.897,50,536
f3_v0_idx2,v0,agent,filtro_tipo,created_at,asc,0,2,13.27,50,536
f3_v0_idx2,v0,agent,filtro_tipo,created_at,asc,0,3,12.553,50,536
f3_v0_idx2,v0,agent,filtro_tipo,created_at,asc,0,4,12.485,50,536
f3_v0_idx2,v0,agent,filtro_tipo,created_at,asc,0,5,11.846,50,536
f3_v0_idx2,v0,agent,filtro_tipo,created_at,asc,0,6,12.322,50,536
f3_v0_idx2,v0,agent,filtro_tipo,created_at,asc,500,1,11.57,36,536
f3_v0_idx2,v0,agent,filtro_tipo,created_at,asc,500,2,11.549,36,536
f3_v0_idx2,v0,agent,filtro_tipo,created_at,asc,500,3,11.471,36,536
f3_v0_idx2,v0,agent,filtro_tipo,created_at,asc,500,4,11.243,36,536
f3_v0_idx2,v0,agent,filtro_tipo,created_at,asc,500,5,11.217,36,536
f3_v0_idx2,v0,agent,filtro_tipo,created_at,asc,500,6,12.214,36,536
f3_v0_idx2,v0,agent,filtro_tipo,created_at,desc,0,1,12.324,50,536
f3_v0_idx2,v0,agent,filtro_tipo,created_at,desc,0,2,11.206,50,536
f3_v0_idx2,v0,agent,filtro_tipo,created_at,desc,0,3,12.212,50,536
f3_v0_idx2,v0,agent,filtro_tipo,created_at,desc,0,4,13.182,50,536
f3_v0_idx2,v0,agent,filtro_tipo,created_at,desc,0,5,14.472,50,536
f3_v0_idx2,v0,agent,filtro_tipo,created_at,desc,0,6,14.504,50,536
f3_v0_idx2,v0,agent,filtro_tipo,created_at,desc,500,1,12.19,36,536
f3_v0_idx2,v0,agent,filtro_tipo,created_at,desc,500,2,11.872,36,536
f3_v0_idx2,v0,agent,filtro_tipo,created_at,desc,500,3,11.431,36,536
f3_v0_idx2,v0,agent,filtro_tipo,created_at,desc,500,4,11.713,36,536
f3_v0_idx2,v0,agent,filtro_tipo,created_at,desc,500,5,11.571,36,536
f3_v0_idx2,v0,agent,filtro_tipo,created_at,desc,500,6,11.498,36,536
f3_v0_idx2,v0,agent,filtro_tipo,company,asc,0,1,12.291,50,536
f3_v0_idx2,v0,agent,filtro_tipo,company,asc,0,2,11.413,50,536
f3_v0_idx2,v0,agent,filtro_tipo,company,asc,0,3,12.847,50,536
f3_v0_idx2,v0,agent,filtro_tipo,company,asc,0,4,12.817,50,536
f3_v0_idx2,v0,agent,filtro_tipo,company,asc,0,5,11.757,50,536
f3_v0_idx2,v0,agent,filtro_tipo,company,asc,0,6,11.498,50,536
f3_v0_idx2,v0,agent,filtro_tipo,company,asc,500,1,11.87,36,536
f3_v0_idx2,v0,agent,filtro_tipo,company,asc,500,2,13.11,36,536
f3_v0_idx2,v0,agent,filtro_tipo,company,asc,500,3,12.272,36,536
f3_v0_idx2,v0,agent,filtro_tipo,company,asc,500,4,13.035,36,536
f3_v0_idx2,v0,agent,filtro_tipo,company,asc,500,5,11.421,36,536
f3_v0_idx2,v0,agent,filtro_tipo,company,asc,500,6,11.568,36,536
f3_v0_idx2,v0,agent,filtro_tipo,company,desc,0,1,11.544,50,536
f3_v0_idx2,v0,agent,filtro_tipo,company,desc,0,2,13.152,50,536
f3_v0_idx2,v0,agent,filtro_tipo,company,desc,0,3,13.185,50,536
f3_v0_idx2,v0,agent,filtro_tipo,company,desc,0,4,12.801,50,536
f3_v0_idx2,v0,agent,filtro_tipo,company,desc,0,5,12.582,50,536
f3_v0_idx2,v0,agent,filtro_tipo,company,desc,0,6,11.645,50,536
f3_v0_idx2,v0,agent,filtro_tipo,company,desc,500,1,11.496,36,536
f3_v0_idx2,v0,agent,filtro_tipo,company,desc,500,2,11.83,36,536
f3_v0_idx2,v0,agent,filtro_tipo,company,desc,500,3,11.831,36,536
f3_v0_idx2,v0,agent,filtro_tipo,company,desc,500,4,11.928,36,536
f3_v0_idx2,v0,agent,filtro_tipo,company,desc,500,5,11.888,36,536
f3_v0_idx2,v0,agent,filtro_tipo,company,desc,500,6,12.661,36,536
f3_v0_idx2,v0,agent,filtro_tag,name,asc,0,1,8.289,50,241
f3_v0_idx2,v0,agent,filtro_tag,name,asc,0,2,6.451,50,241
f3_v0_idx2,v0,agent,filtro_tag,name,asc,0,3,7.66,50,241
f3_v0_idx2,v0,agent,filtro_tag,name,asc,0,4,7.401,50,241
f3_v0_idx2,v0,agent,filtro_tag,name,asc,0,5,8.474,50,241
f3_v0_idx2,v0,agent,filtro_tag,name,asc,0,6,6.42,50,241
f3_v0_idx2,v0,agent,filtro_tag,name,asc,500,1,7.155,0,
f3_v0_idx2,v0,agent,filtro_tag,name,asc,500,2,7.814,0,
f3_v0_idx2,v0,agent,filtro_tag,name,asc,500,3,8.576,0,
f3_v0_idx2,v0,agent,filtro_tag,name,asc,500,4,7.647,0,
f3_v0_idx2,v0,agent,filtro_tag,name,asc,500,5,7.351,0,
f3_v0_idx2,v0,agent,filtro_tag,name,asc,500,6,7.162,0,
f3_v0_idx2,v0,agent,filtro_tag,name,desc,0,1,8.378,50,241
f3_v0_idx2,v0,agent,filtro_tag,name,desc,0,2,10.935,50,241
f3_v0_idx2,v0,agent,filtro_tag,name,desc,0,3,8.068,50,241
f3_v0_idx2,v0,agent,filtro_tag,name,desc,0,4,8.877,50,241
f3_v0_idx2,v0,agent,filtro_tag,name,desc,0,5,7.997,50,241
f3_v0_idx2,v0,agent,filtro_tag,name,desc,0,6,7.913,50,241
f3_v0_idx2,v0,agent,filtro_tag,name,desc,500,1,8.004,0,
f3_v0_idx2,v0,agent,filtro_tag,name,desc,500,2,7.431,0,
f3_v0_idx2,v0,agent,filtro_tag,name,desc,500,3,8.337,0,
f3_v0_idx2,v0,agent,filtro_tag,name,desc,500,4,7.042,0,
f3_v0_idx2,v0,agent,filtro_tag,name,desc,500,5,7.491,0,
f3_v0_idx2,v0,agent,filtro_tag,name,desc,500,6,7.692,0,
f3_v0_idx2,v0,agent,filtro_tag,created_at,asc,0,1,8.374,50,241
f3_v0_idx2,v0,agent,filtro_tag,created_at,asc,0,2,7.601,50,241
f3_v0_idx2,v0,agent,filtro_tag,created_at,asc,0,3,8.424,50,241
f3_v0_idx2,v0,agent,filtro_tag,created_at,asc,0,4,7.82,50,241
f3_v0_idx2,v0,agent,filtro_tag,created_at,asc,0,5,8.16,50,241
f3_v0_idx2,v0,agent,filtro_tag,created_at,asc,0,6,6.865,50,241
f3_v0_idx2,v0,agent,filtro_tag,created_at,asc,500,1,6.888,0,
f3_v0_idx2,v0,agent,filtro_tag,created_at,asc,500,2,6.771,0,
f3_v0_idx2,v0,agent,filtro_tag,created_at,asc,500,3,7.14,0,
f3_v0_idx2,v0,agent,filtro_tag,created_at,asc,500,4,6.998,0,
f3_v0_idx2,v0,agent,filtro_tag,created_at,asc,500,5,6.637,0,
f3_v0_idx2,v0,agent,filtro_tag,created_at,asc,500,6,6.856,0,
f3_v0_idx2,v0,agent,filtro_tag,created_at,desc,0,1,7.812,50,241
f3_v0_idx2,v0,agent,filtro_tag,created_at,desc,0,2,8.42,50,241
f3_v0_idx2,v0,agent,filtro_tag,created_at,desc,0,3,7.404,50,241
f3_v0_idx2,v0,agent,filtro_tag,created_at,desc,0,4,7.225,50,241
f3_v0_idx2,v0,agent,filtro_tag,created_at,desc,0,5,7.324,50,241
f3_v0_idx2,v0,agent,filtro_tag,created_at,desc,0,6,6.754,50,241
f3_v0_idx2,v0,agent,filtro_tag,created_at,desc,500,1,6.605,0,
f3_v0_idx2,v0,agent,filtro_tag,created_at,desc,500,2,8.53,0,
f3_v0_idx2,v0,agent,filtro_tag,created_at,desc,500,3,7.175,0,
f3_v0_idx2,v0,agent,filtro_tag,created_at,desc,500,4,7.401,0,
f3_v0_idx2,v0,agent,filtro_tag,created_at,desc,500,5,7.467,0,
f3_v0_idx2,v0,agent,filtro_tag,created_at,desc,500,6,7.346,0,
f3_v0_idx2,v0,agent,filtro_tag,company,asc,0,1,6.962,50,241
f3_v0_idx2,v0,agent,filtro_tag,company,asc,0,2,7.123,50,241
f3_v0_idx2,v0,agent,filtro_tag,company,asc,0,3,7.321,50,241
f3_v0_idx2,v0,agent,filtro_tag,company,asc,0,4,6.728,50,241
f3_v0_idx2,v0,agent,filtro_tag,company,asc,0,5,7.982,50,241
f3_v0_idx2,v0,agent,filtro_tag,company,asc,0,6,6.626,50,241
f3_v0_idx2,v0,agent,filtro_tag,company,asc,500,1,6.908,0,
f3_v0_idx2,v0,agent,filtro_tag,company,asc,500,2,7.459,0,
f3_v0_idx2,v0,agent,filtro_tag,company,asc,500,3,6.539,0,
f3_v0_idx2,v0,agent,filtro_tag,company,asc,500,4,6.878,0,
f3_v0_idx2,v0,agent,filtro_tag,company,asc,500,5,6.622,0,
f3_v0_idx2,v0,agent,filtro_tag,company,asc,500,6,6.578,0,
f3_v0_idx2,v0,agent,filtro_tag,company,desc,0,1,8.516,50,241
f3_v0_idx2,v0,agent,filtro_tag,company,desc,0,2,6.763,50,241
f3_v0_idx2,v0,agent,filtro_tag,company,desc,0,3,8.403,50,241
f3_v0_idx2,v0,agent,filtro_tag,company,desc,0,4,7.004,50,241
f3_v0_idx2,v0,agent,filtro_tag,company,desc,0,5,7.671,50,241
f3_v0_idx2,v0,agent,filtro_tag,company,desc,0,6,7.73,50,241
f3_v0_idx2,v0,agent,filtro_tag,company,desc,500,1,7.903,0,
f3_v0_idx2,v0,agent,filtro_tag,company,desc,500,2,7.554,0,
f3_v0_idx2,v0,agent,filtro_tag,company,desc,500,3,7.546,0,
f3_v0_idx2,v0,agent,filtro_tag,company,desc,500,4,8.069,0,
f3_v0_idx2,v0,agent,filtro_tag,company,desc,500,5,7.237,0,
f3_v0_idx2,v0,agent,filtro_tag,company,desc,500,6,7.774,0,
f3_v0_idx2,v0,agent,intervalo_data,name,asc,0,1,12.993,50,640
f3_v0_idx2,v0,agent,intervalo_data,name,asc,0,2,13.733,50,640
f3_v0_idx2,v0,agent,intervalo_data,name,asc,0,3,12.826,50,640
f3_v0_idx2,v0,agent,intervalo_data,name,asc,0,4,13.674,50,640
f3_v0_idx2,v0,agent,intervalo_data,name,asc,0,5,13.705,50,640
f3_v0_idx2,v0,agent,intervalo_data,name,asc,0,6,13.54,50,640
f3_v0_idx2,v0,agent,intervalo_data,name,asc,500,1,15.498,50,640
f3_v0_idx2,v0,agent,intervalo_data,name,asc,500,2,13.787,50,640
f3_v0_idx2,v0,agent,intervalo_data,name,asc,500,3,14.245,50,640
f3_v0_idx2,v0,agent,intervalo_data,name,asc,500,4,14.032,50,640
f3_v0_idx2,v0,agent,intervalo_data,name,asc,500,5,15.775,50,640
f3_v0_idx2,v0,agent,intervalo_data,name,asc,500,6,13.723,50,640
f3_v0_idx2,v0,agent,intervalo_data,name,desc,0,1,12.56,50,640
f3_v0_idx2,v0,agent,intervalo_data,name,desc,0,2,12.56,50,640
f3_v0_idx2,v0,agent,intervalo_data,name,desc,0,3,12.793,50,640
f3_v0_idx2,v0,agent,intervalo_data,name,desc,0,4,13.502,50,640
f3_v0_idx2,v0,agent,intervalo_data,name,desc,0,5,12.309,50,640
f3_v0_idx2,v0,agent,intervalo_data,name,desc,0,6,13.605,50,640
f3_v0_idx2,v0,agent,intervalo_data,name,desc,500,1,12.874,50,640
f3_v0_idx2,v0,agent,intervalo_data,name,desc,500,2,12.336,50,640
f3_v0_idx2,v0,agent,intervalo_data,name,desc,500,3,12.624,50,640
f3_v0_idx2,v0,agent,intervalo_data,name,desc,500,4,13.517,50,640
f3_v0_idx2,v0,agent,intervalo_data,name,desc,500,5,14.049,50,640
f3_v0_idx2,v0,agent,intervalo_data,name,desc,500,6,12.915,50,640
f3_v0_idx2,v0,agent,intervalo_data,created_at,asc,0,1,12.598,50,640
f3_v0_idx2,v0,agent,intervalo_data,created_at,asc,0,2,12.874,50,640
f3_v0_idx2,v0,agent,intervalo_data,created_at,asc,0,3,13.548,50,640
f3_v0_idx2,v0,agent,intervalo_data,created_at,asc,0,4,13.031,50,640
f3_v0_idx2,v0,agent,intervalo_data,created_at,asc,0,5,13.172,50,640
f3_v0_idx2,v0,agent,intervalo_data,created_at,asc,0,6,13.08,50,640
f3_v0_idx2,v0,agent,intervalo_data,created_at,asc,500,1,14.223,50,640
f3_v0_idx2,v0,agent,intervalo_data,created_at,asc,500,2,13.818,50,640
f3_v0_idx2,v0,agent,intervalo_data,created_at,asc,500,3,13.199,50,640
f3_v0_idx2,v0,agent,intervalo_data,created_at,asc,500,4,13.753,50,640
f3_v0_idx2,v0,agent,intervalo_data,created_at,asc,500,5,13.903,50,640
f3_v0_idx2,v0,agent,intervalo_data,created_at,asc,500,6,13.128,50,640
f3_v0_idx2,v0,agent,intervalo_data,created_at,desc,0,1,12.435,50,640
f3_v0_idx2,v0,agent,intervalo_data,created_at,desc,0,2,12.185,50,640
f3_v0_idx2,v0,agent,intervalo_data,created_at,desc,0,3,12.833,50,640
f3_v0_idx2,v0,agent,intervalo_data,created_at,desc,0,4,12.177,50,640
f3_v0_idx2,v0,agent,intervalo_data,created_at,desc,0,5,12.974,50,640
f3_v0_idx2,v0,agent,intervalo_data,created_at,desc,0,6,11.834,50,640
f3_v0_idx2,v0,agent,intervalo_data,created_at,desc,500,1,12.923,50,640
f3_v0_idx2,v0,agent,intervalo_data,created_at,desc,500,2,12.222,50,640
f3_v0_idx2,v0,agent,intervalo_data,created_at,desc,500,3,13.069,50,640
f3_v0_idx2,v0,agent,intervalo_data,created_at,desc,500,4,13.175,50,640
f3_v0_idx2,v0,agent,intervalo_data,created_at,desc,500,5,14.108,50,640
f3_v0_idx2,v0,agent,intervalo_data,created_at,desc,500,6,13.782,50,640
f3_v0_idx2,v0,agent,intervalo_data,company,asc,0,1,12.616,50,640
f3_v0_idx2,v0,agent,intervalo_data,company,asc,0,2,12.709,50,640
f3_v0_idx2,v0,agent,intervalo_data,company,asc,0,3,12.843,50,640
f3_v0_idx2,v0,agent,intervalo_data,company,asc,0,4,12.497,50,640
f3_v0_idx2,v0,agent,intervalo_data,company,asc,0,5,12.965,50,640
f3_v0_idx2,v0,agent,intervalo_data,company,asc,0,6,12.694,50,640
f3_v0_idx2,v0,agent,intervalo_data,company,asc,500,1,12.814,50,640
f3_v0_idx2,v0,agent,intervalo_data,company,asc,500,2,18.896,50,640
f3_v0_idx2,v0,agent,intervalo_data,company,asc,500,3,16.277,50,640
f3_v0_idx2,v0,agent,intervalo_data,company,asc,500,4,16.32,50,640
f3_v0_idx2,v0,agent,intervalo_data,company,asc,500,5,16.954,50,640
f3_v0_idx2,v0,agent,intervalo_data,company,asc,500,6,16.691,50,640
f3_v0_idx2,v0,agent,intervalo_data,company,desc,0,1,16.75,50,640
f3_v0_idx2,v0,agent,intervalo_data,company,desc,0,2,14.905,50,640
f3_v0_idx2,v0,agent,intervalo_data,company,desc,0,3,19.083,50,640
f3_v0_idx2,v0,agent,intervalo_data,company,desc,0,4,12.683,50,640
f3_v0_idx2,v0,agent,intervalo_data,company,desc,0,5,13.157,50,640
f3_v0_idx2,v0,agent,intervalo_data,company,desc,0,6,13.322,50,640
f3_v0_idx2,v0,agent,intervalo_data,company,desc,500,1,13.628,50,640
f3_v0_idx2,v0,agent,intervalo_data,company,desc,500,2,13.447,50,640
f3_v0_idx2,v0,agent,intervalo_data,company,desc,500,3,12.708,50,640
f3_v0_idx2,v0,agent,intervalo_data,company,desc,500,4,13.474,50,640
f3_v0_idx2,v0,agent,intervalo_data,company,desc,500,5,12.904,50,640
f3_v0_idx2,v0,agent,intervalo_data,company,desc,500,6,12.878,50,640
f3_v0_idx2,v0,agent,combinado,name,asc,0,1,1.234,1,1
f3_v0_idx2,v0,agent,combinado,name,asc,0,2,1.744,1,1
f3_v0_idx2,v0,agent,combinado,name,asc,0,3,1.018,1,1
f3_v0_idx2,v0,agent,combinado,name,asc,0,4,0.975,1,1
f3_v0_idx2,v0,agent,combinado,name,asc,0,5,1.153,1,1
f3_v0_idx2,v0,agent,combinado,name,asc,0,6,1.678,1,1
f3_v0_idx2,v0,agent,combinado,name,asc,500,1,1.098,0,
f3_v0_idx2,v0,agent,combinado,name,asc,500,2,1.135,0,
f3_v0_idx2,v0,agent,combinado,name,asc,500,3,1.147,0,
f3_v0_idx2,v0,agent,combinado,name,asc,500,4,1.142,0,
f3_v0_idx2,v0,agent,combinado,name,asc,500,5,1.205,0,
f3_v0_idx2,v0,agent,combinado,name,asc,500,6,1.202,0,
f3_v0_idx2,v0,agent,combinado,name,desc,0,1,0.884,1,1
f3_v0_idx2,v0,agent,combinado,name,desc,0,2,0.881,1,1
f3_v0_idx2,v0,agent,combinado,name,desc,0,3,0.836,1,1
f3_v0_idx2,v0,agent,combinado,name,desc,0,4,1.483,1,1
f3_v0_idx2,v0,agent,combinado,name,desc,0,5,1.183,1,1
f3_v0_idx2,v0,agent,combinado,name,desc,0,6,0.978,1,1
f3_v0_idx2,v0,agent,combinado,name,desc,500,1,0.996,0,
f3_v0_idx2,v0,agent,combinado,name,desc,500,2,0.803,0,
f3_v0_idx2,v0,agent,combinado,name,desc,500,3,0.816,0,
f3_v0_idx2,v0,agent,combinado,name,desc,500,4,0.794,0,
f3_v0_idx2,v0,agent,combinado,name,desc,500,5,0.852,0,
f3_v0_idx2,v0,agent,combinado,name,desc,500,6,0.97,0,
f3_v0_idx2,v0,agent,combinado,created_at,asc,0,1,0.883,1,1
f3_v0_idx2,v0,agent,combinado,created_at,asc,0,2,1.161,1,1
f3_v0_idx2,v0,agent,combinado,created_at,asc,0,3,0.865,1,1
f3_v0_idx2,v0,agent,combinado,created_at,asc,0,4,1.257,1,1
f3_v0_idx2,v0,agent,combinado,created_at,asc,0,5,1.43,1,1
f3_v0_idx2,v0,agent,combinado,created_at,asc,0,6,1.121,1,1
f3_v0_idx2,v0,agent,combinado,created_at,asc,500,1,0.987,0,
f3_v0_idx2,v0,agent,combinado,created_at,asc,500,2,0.866,0,
f3_v0_idx2,v0,agent,combinado,created_at,asc,500,3,0.81,0,
f3_v0_idx2,v0,agent,combinado,created_at,asc,500,4,0.861,0,
f3_v0_idx2,v0,agent,combinado,created_at,asc,500,5,0.997,0,
f3_v0_idx2,v0,agent,combinado,created_at,asc,500,6,0.892,0,
f3_v0_idx2,v0,agent,combinado,created_at,desc,0,1,0.967,1,1
f3_v0_idx2,v0,agent,combinado,created_at,desc,0,2,0.861,1,1
f3_v0_idx2,v0,agent,combinado,created_at,desc,0,3,0.81,1,1
f3_v0_idx2,v0,agent,combinado,created_at,desc,0,4,0.826,1,1
f3_v0_idx2,v0,agent,combinado,created_at,desc,0,5,1.44,1,1
f3_v0_idx2,v0,agent,combinado,created_at,desc,0,6,1.253,1,1
f3_v0_idx2,v0,agent,combinado,created_at,desc,500,1,0.976,0,
f3_v0_idx2,v0,agent,combinado,created_at,desc,500,2,1.015,0,
f3_v0_idx2,v0,agent,combinado,created_at,desc,500,3,0.901,0,
f3_v0_idx2,v0,agent,combinado,created_at,desc,500,4,0.838,0,
f3_v0_idx2,v0,agent,combinado,created_at,desc,500,5,0.906,0,
f3_v0_idx2,v0,agent,combinado,created_at,desc,500,6,0.969,0,
f3_v0_idx2,v0,agent,combinado,company,asc,0,1,0.996,1,1
f3_v0_idx2,v0,agent,combinado,company,asc,0,2,0.925,1,1
f3_v0_idx2,v0,agent,combinado,company,asc,0,3,0.874,1,1
f3_v0_idx2,v0,agent,combinado,company,asc,0,4,0.978,1,1
f3_v0_idx2,v0,agent,combinado,company,asc,0,5,1.254,1,1
f4_v0_idx3,v0,agent,sem_filtro,company,desc,500,5,54.13,50,2886
f4_v0_idx3,v0,agent,sem_filtro,company,desc,500,6,54.377,50,2886
f4_v0_idx3,v0,agent,sem_filtro,company,desc,500,1,56,50,2886
f4_v0_idx3,v0,agent,sem_filtro,company,desc,500,2,54.121,50,2886
f4_v0_idx3,v0,agent,sem_filtro,company,desc,500,3,55.92,50,2886
f4_v0_idx3,v0,agent,sem_filtro,company,desc,500,4,54.776,50,2886
f4_v0_idx3,v0,agent,termo_nome_5ch,name,asc,0,1,19.685,50,380
f4_v0_idx3,v0,agent,termo_nome_5ch,name,asc,0,2,20.002,50,380
f4_v0_idx3,v0,agent,termo_nome_5ch,name,asc,0,3,18.83,50,380
f4_v0_idx3,v0,agent,termo_nome_5ch,name,asc,0,4,19.446,50,380
f4_v0_idx3,v0,agent,termo_nome_5ch,name,asc,0,5,21.37,50,380
f4_v0_idx3,v0,agent,termo_nome_5ch,name,asc,0,6,19.329,50,380
f4_v0_idx3,v0,agent,termo_nome_5ch,name,asc,500,1,20.701,0,
f4_v0_idx3,v0,agent,termo_nome_5ch,name,asc,500,2,19.81,0,
f4_v0_idx3,v0,agent,termo_nome_5ch,name,asc,500,3,19.756,0,
f4_v0_idx3,v0,agent,termo_nome_5ch,name,asc,500,4,19.006,0,
f4_v0_idx3,v0,agent,termo_nome_5ch,name,asc,500,5,18.892,0,
f4_v0_idx3,v0,agent,termo_nome_5ch,name,asc,500,6,22.486,0,
f3_v0_idx2,v0,agent,combinado,company,asc,0,6,1.347,1,1
f3_v0_idx2,v0,agent,combinado,company,asc,500,1,1.273,0,
f3_v0_idx2,v0,agent,combinado,company,asc,500,2,1.289,0,
f3_v0_idx2,v0,agent,combinado,company,asc,500,3,1.227,0,
f3_v0_idx2,v0,agent,combinado,company,asc,500,4,1.18,0,
f3_v0_idx2,v0,agent,combinado,company,asc,500,5,0.968,0,
f3_v0_idx2,v0,agent,combinado,company,asc,500,6,1.038,0,
f3_v0_idx2,v0,agent,combinado,company,desc,0,1,0.928,1,1
f3_v0_idx2,v0,agent,combinado,company,desc,0,2,0.977,1,1
f3_v0_idx2,v0,agent,combinado,company,desc,0,3,1.076,1,1
f3_v0_idx2,v0,agent,combinado,company,desc,0,4,1.319,1,1
f3_v0_idx2,v0,agent,combinado,company,desc,0,5,1.095,1,1
f3_v0_idx2,v0,agent,combinado,company,desc,0,6,1.695,1,1
f3_v0_idx2,v0,agent,combinado,company,desc,500,1,1.197,0,
f3_v0_idx2,v0,agent,combinado,company,desc,500,2,1.001,0,
f3_v0_idx2,v0,agent,combinado,company,desc,500,3,0.928,0,
f3_v0_idx2,v0,agent,combinado,company,desc,500,4,0.924,0,
f3_v0_idx2,v0,agent,combinado,company,desc,500,5,1.026,0,
f3_v0_idx2,v0,agent,combinado,company,desc,500,6,0.98,0,
f4_v0_idx3,v0,agent,__overhead_wrapper__,-,-,-1,0,0.162,0,0
f4_v0_idx3,v0,agent,sem_filtro,name,asc,0,1,52.873,50,2886
f4_v0_idx3,v0,agent,sem_filtro,name,asc,0,2,53.271,50,2886
f4_v0_idx3,v0,agent,sem_filtro,name,asc,0,3,56.411,50,2886
f4_v0_idx3,v0,agent,sem_filtro,name,asc,0,4,58.596,50,2886
f4_v0_idx3,v0,agent,sem_filtro,name,asc,0,5,59.434,50,2886
f4_v0_idx3,v0,agent,sem_filtro,name,asc,0,6,63.755,50,2886
f4_v0_idx3,v0,agent,sem_filtro,name,asc,500,1,62.913,50,2886
f4_v0_idx3,v0,agent,sem_filtro,name,asc,500,2,72.696,50,2886
f4_v0_idx3,v0,agent,sem_filtro,name,asc,500,3,67.303,50,2886
f4_v0_idx3,v0,agent,sem_filtro,name,asc,500,4,58.035,50,2886
f4_v0_idx3,v0,agent,sem_filtro,name,asc,500,5,57.812,50,2886
f4_v0_idx3,v0,agent,sem_filtro,name,asc,500,6,54.151,50,2886
f4_v0_idx3,v0,agent,sem_filtro,name,desc,0,1,54.395,50,2886
f4_v0_idx3,v0,agent,sem_filtro,name,desc,0,2,52.812,50,2886
f4_v0_idx3,v0,agent,sem_filtro,name,desc,0,3,52.534,50,2886
f4_v0_idx3,v0,agent,sem_filtro,name,desc,0,4,52.703,50,2886
f4_v0_idx3,v0,agent,sem_filtro,name,desc,0,5,52.992,50,2886
f4_v0_idx3,v0,agent,sem_filtro,name,desc,0,6,52.327,50,2886
f4_v0_idx3,v0,agent,sem_filtro,name,desc,500,1,56.695,50,2886
f4_v0_idx3,v0,agent,sem_filtro,name,desc,500,2,54.419,50,2886
f4_v0_idx3,v0,agent,sem_filtro,name,desc,500,3,56.984,50,2886
f4_v0_idx3,v0,agent,sem_filtro,name,desc,500,4,58.579,50,2886
f4_v0_idx3,v0,agent,sem_filtro,name,desc,500,5,56.684,50,2886
f4_v0_idx3,v0,agent,sem_filtro,name,desc,500,6,57.242,50,2886
f4_v0_idx3,v0,agent,sem_filtro,created_at,asc,0,1,53.04,50,2886
f4_v0_idx3,v0,agent,sem_filtro,created_at,asc,0,2,52.621,50,2886
f4_v0_idx3,v0,agent,sem_filtro,created_at,asc,0,3,55.194,50,2886
f4_v0_idx3,v0,agent,sem_filtro,created_at,asc,0,4,53.967,50,2886
f4_v0_idx3,v0,agent,sem_filtro,created_at,asc,0,5,57.419,50,2886
f4_v0_idx3,v0,agent,sem_filtro,created_at,asc,0,6,66.119,50,2886
f4_v0_idx3,v0,agent,sem_filtro,created_at,asc,500,1,56.595,50,2886
f4_v0_idx3,v0,agent,sem_filtro,created_at,asc,500,2,57.208,50,2886
f4_v0_idx3,v0,agent,sem_filtro,created_at,asc,500,3,54.059,50,2886
f4_v0_idx3,v0,agent,sem_filtro,created_at,asc,500,4,52.684,50,2886
f4_v0_idx3,v0,agent,sem_filtro,created_at,asc,500,5,53.853,50,2886
f4_v0_idx3,v0,agent,sem_filtro,created_at,asc,500,6,55.068,50,2886
f4_v0_idx3,v0,agent,sem_filtro,created_at,desc,0,1,53.753,50,2886
f4_v0_idx3,v0,agent,sem_filtro,created_at,desc,0,2,57.485,50,2886
f4_v0_idx3,v0,agent,sem_filtro,created_at,desc,0,3,54.578,50,2886
f4_v0_idx3,v0,agent,sem_filtro,created_at,desc,0,4,54.202,50,2886
f4_v0_idx3,v0,agent,sem_filtro,created_at,desc,0,5,52.694,50,2886
f4_v0_idx3,v0,agent,sem_filtro,created_at,desc,0,6,54.671,50,2886
f4_v0_idx3,v0,agent,sem_filtro,created_at,desc,500,1,54.714,50,2886
f4_v0_idx3,v0,agent,sem_filtro,created_at,desc,500,2,54.67,50,2886
f4_v0_idx3,v0,agent,sem_filtro,created_at,desc,500,3,55.564,50,2886
f4_v0_idx3,v0,agent,sem_filtro,created_at,desc,500,4,54.235,50,2886
f4_v0_idx3,v0,agent,sem_filtro,created_at,desc,500,5,55.517,50,2886
f4_v0_idx3,v0,agent,sem_filtro,created_at,desc,500,6,52.831,50,2886
f4_v0_idx3,v0,agent,sem_filtro,company,asc,0,1,56.421,50,2886
f4_v0_idx3,v0,agent,sem_filtro,company,asc,0,2,57.506,50,2886
f4_v0_idx3,v0,agent,sem_filtro,company,asc,0,3,60.074,50,2886
f4_v0_idx3,v0,agent,sem_filtro,company,asc,0,4,58.519,50,2886
f4_v0_idx3,v0,agent,sem_filtro,company,asc,0,5,54.033,50,2886
f4_v0_idx3,v0,agent,sem_filtro,company,asc,0,6,53.256,50,2886
f4_v0_idx3,v0,agent,sem_filtro,company,asc,500,1,55.854,50,2886
f4_v0_idx3,v0,agent,sem_filtro,company,asc,500,2,55.628,50,2886
f4_v0_idx3,v0,agent,sem_filtro,company,asc,500,3,55.327,50,2886
f4_v0_idx3,v0,agent,sem_filtro,company,asc,500,4,58.646,50,2886
f4_v0_idx3,v0,agent,sem_filtro,company,asc,500,5,56.484,50,2886
f4_v0_idx3,v0,agent,sem_filtro,company,asc,500,6,54.575,50,2886
f4_v0_idx3,v0,agent,sem_filtro,company,desc,0,1,53.651,50,2886
f4_v0_idx3,v0,agent,sem_filtro,company,desc,0,2,53.4,50,2886
f4_v0_idx3,v0,agent,sem_filtro,company,desc,0,3,54.251,50,2886
f4_v0_idx3,v0,agent,sem_filtro,company,desc,0,4,54.363,50,2886
f4_v0_idx3,v0,agent,sem_filtro,company,desc,0,5,56.658,50,2886
f4_v0_idx3,v0,agent,sem_filtro,company,desc,0,6,55.69,50,2886
f4_v0_idx3,v0,agent,termo_nome_5ch,name,desc,0,1,19.79,50,380
f4_v0_idx3,v0,agent,termo_nome_5ch,name,desc,0,2,19.295,50,380
f4_v0_idx3,v0,agent,termo_nome_5ch,name,desc,0,3,21.673,50,380
f4_v0_idx3,v0,agent,termo_nome_5ch,name,desc,0,4,21.578,50,380
f4_v0_idx3,v0,agent,termo_nome_5ch,name,desc,0,5,20.582,50,380
f4_v0_idx3,v0,agent,termo_nome_5ch,name,desc,0,6,26.221,50,380
f4_v0_idx3,v0,agent,termo_nome_5ch,name,desc,500,1,22.002,0,
f4_v0_idx3,v0,agent,termo_nome_5ch,name,desc,500,2,19.767,0,
f4_v0_idx3,v0,agent,termo_nome_5ch,name,desc,500,3,20.229,0,
f4_v0_idx3,v0,agent,termo_nome_5ch,name,desc,500,4,20.246,0,
f4_v0_idx3,v0,agent,termo_nome_5ch,name,desc,500,5,19.451,0,
f4_v0_idx3,v0,agent,termo_nome_5ch,name,desc,500,6,20.162,0,
f4_v0_idx3,v0,agent,termo_nome_5ch,created_at,asc,0,1,19.307,50,380
f4_v0_idx3,v0,agent,termo_nome_5ch,created_at,asc,0,2,19.142,50,380
f4_v0_idx3,v0,agent,termo_nome_5ch,created_at,asc,0,3,19.486,50,380
f4_v0_idx3,v0,agent,termo_nome_5ch,created_at,asc,0,4,21.753,50,380
f4_v0_idx3,v0,agent,termo_nome_5ch,created_at,asc,0,5,19.566,50,380
f4_v0_idx3,v0,agent,termo_nome_5ch,created_at,asc,0,6,19.559,50,380
f4_v0_idx3,v0,agent,termo_nome_5ch,created_at,asc,500,1,19.865,0,
f4_v0_idx3,v0,agent,termo_nome_5ch,created_at,asc,500,2,19.4,0,
f4_v0_idx3,v0,agent,termo_nome_5ch,created_at,asc,500,3,19.557,0,
f4_v0_idx3,v0,agent,termo_nome_5ch,created_at,asc,500,4,18.883,0,
f4_v0_idx3,v0,agent,termo_nome_5ch,created_at,asc,500,5,21.164,0,
f4_v0_idx3,v0,agent,termo_nome_5ch,created_at,asc,500,6,21.613,0,
f4_v0_idx3,v0,agent,termo_nome_5ch,created_at,desc,0,1,20.057,50,380
f4_v0_idx3,v0,agent,termo_nome_5ch,created_at,desc,0,2,21.563,50,380
f4_v0_idx3,v0,agent,termo_nome_5ch,created_at,desc,0,3,21.063,50,380
f4_v0_idx3,v0,agent,termo_nome_5ch,created_at,desc,0,4,20.046,50,380
f4_v0_idx3,v0,agent,termo_nome_5ch,created_at,desc,0,5,20.062,50,380
f4_v0_idx3,v0,agent,termo_nome_5ch,created_at,desc,0,6,20.166,50,380
f4_v0_idx3,v0,agent,termo_nome_5ch,created_at,desc,500,1,20.327,0,
f4_v0_idx3,v0,agent,termo_nome_5ch,created_at,desc,500,2,19.943,0,
f4_v0_idx3,v0,agent,termo_nome_5ch,created_at,desc,500,3,20.138,0,
f4_v0_idx3,v0,agent,termo_nome_5ch,created_at,desc,500,4,18.697,0,
f4_v0_idx3,v0,agent,termo_nome_5ch,created_at,desc,500,5,19.033,0,
f4_v0_idx3,v0,agent,termo_nome_5ch,created_at,desc,500,6,18.45,0,
f4_v0_idx3,v0,agent,termo_nome_5ch,company,asc,0,1,19.718,50,380
f4_v0_idx3,v0,agent,termo_nome_5ch,company,asc,0,2,19.674,50,380
f4_v0_idx3,v0,agent,termo_nome_5ch,company,asc,0,3,19.711,50,380
f4_v0_idx3,v0,agent,termo_nome_5ch,company,asc,0,4,19.223,50,380
f4_v0_idx3,v0,agent,termo_nome_5ch,company,asc,0,5,18.718,50,380
f4_v0_idx3,v0,agent,termo_nome_5ch,company,asc,0,6,18.604,50,380
f4_v0_idx3,v0,agent,termo_nome_5ch,company,asc,500,1,21.43,0,
f4_v0_idx3,v0,agent,termo_nome_5ch,company,asc,500,2,19.965,0,
f4_v0_idx3,v0,agent,termo_nome_5ch,company,asc,500,3,21.15,0,
f4_v0_idx3,v0,agent,termo_nome_5ch,company,asc,500,4,21.501,0,
f4_v0_idx3,v0,agent,termo_nome_5ch,company,asc,500,5,20.118,0,
f4_v0_idx3,v0,agent,termo_nome_5ch,company,asc,500,6,20.102,0,
f4_v0_idx3,v0,agent,termo_nome_5ch,company,desc,0,1,19.601,50,380
f4_v0_idx3,v0,agent,termo_nome_5ch,company,desc,0,2,19.243,50,380
f4_v0_idx3,v0,agent,termo_nome_5ch,company,desc,0,3,21.116,50,380
f4_v0_idx3,v0,agent,termo_nome_5ch,company,desc,0,4,19.893,50,380
f4_v0_idx3,v0,agent,termo_nome_5ch,company,desc,0,5,20.841,50,380
f4_v0_idx3,v0,agent,termo_nome_5ch,company,desc,0,6,19.783,50,380
f4_v0_idx3,v0,agent,termo_nome_5ch,company,desc,500,1,19.021,0,
f4_v0_idx3,v0,agent,termo_nome_5ch,company,desc,500,2,19.35,0,
f4_v0_idx3,v0,agent,termo_nome_5ch,company,desc,500,3,19.509,0,
f4_v0_idx3,v0,agent,termo_nome_5ch,company,desc,500,4,19.155,0,
f4_v0_idx3,v0,agent,termo_nome_5ch,company,desc,500,5,18.523,0,
f4_v0_idx3,v0,agent,termo_nome_5ch,company,desc,500,6,19.083,0,
f4_v0_idx3,v0,agent,combinado,name,asc,0,1,0.915,1,1
f4_v0_idx3,v0,agent,combinado,name,asc,0,2,1.131,1,1
f4_v0_idx3,v0,agent,combinado,name,asc,0,3,1.31,1,1
f4_v0_idx3,v0,agent,combinado,name,asc,0,4,1.199,1,1
f4_v0_idx3,v0,agent,combinado,name,asc,0,5,0.939,1,1
f4_v0_idx3,v0,agent,combinado,name,asc,0,6,0.995,1,1
f4_v0_idx3,v0,agent,combinado,name,asc,500,1,0.903,0,
f4_v0_idx3,v0,agent,combinado,name,asc,500,2,0.799,0,
f4_v0_idx3,v0,agent,combinado,name,asc,500,3,0.802,0,
f4_v0_idx3,v0,agent,combinado,name,asc,500,4,0.817,0,
f4_v0_idx3,v0,agent,combinado,name,asc,500,5,0.974,0,
f4_v0_idx3,v0,agent,combinado,name,asc,500,6,0.882,0,
f4_v0_idx3,v0,agent,combinado,name,desc,0,1,0.921,1,1
f4_v0_idx3,v0,agent,combinado,name,desc,0,2,0.975,1,1
f4_v0_idx3,v0,agent,combinado,name,desc,0,3,0.987,1,1
f4_v0_idx3,v0,agent,combinado,name,desc,0,4,0.989,1,1
f4_v0_idx3,v0,agent,combinado,name,desc,0,5,1.112,1,1
f4_v0_idx3,v0,agent,combinado,name,desc,0,6,0.966,1,1
f4_v0_idx3,v0,agent,combinado,name,desc,500,1,0.809,0,
f4_v0_idx3,v0,agent,combinado,name,desc,500,2,0.937,0,
f4_v0_idx3,v0,agent,combinado,name,desc,500,3,0.763,0,
f4_v0_idx3,v0,agent,combinado,name,desc,500,4,0.853,0,
f4_v0_idx3,v0,agent,combinado,name,desc,500,5,0.955,0,
f4_v0_idx3,v0,agent,combinado,name,desc,500,6,0.953,0,
f4_v0_idx3,v0,agent,combinado,created_at,asc,0,1,0.862,1,1
f4_v0_idx3,v0,agent,combinado,created_at,asc,0,2,0.916,1,1
f4_v0_idx3,v0,agent,combinado,created_at,asc,0,3,0.918,1,1
f4_v0_idx3,v0,agent,combinado,created_at,asc,0,4,0.808,1,1
f4_v0_idx3,v0,agent,combinado,created_at,asc,0,5,1.233,1,1
f4_v0_idx3,v0,agent,combinado,created_at,asc,0,6,1.307,1,1
f4_v0_idx3,v0,agent,combinado,created_at,asc,500,1,0.829,0,
f4_v0_idx3,v0,agent,combinado,created_at,asc,500,2,0.939,0,
f4_v0_idx3,v0,agent,combinado,created_at,asc,500,3,0.877,0,
f4_v0_idx3,v0,agent,combinado,created_at,asc,500,4,0.873,0,
f4_v0_idx3,v0,agent,combinado,created_at,asc,500,5,0.833,0,
f4_v0_idx3,v0,agent,combinado,created_at,asc,500,6,0.807,0,
f4_v0_idx3,v0,agent,combinado,created_at,desc,0,1,0.929,1,1
f4_v0_idx3,v0,agent,combinado,created_at,desc,0,2,1.053,1,1
f4_v0_idx3,v0,agent,combinado,created_at,desc,0,3,0.963,1,1
f4_v0_idx3,v0,agent,combinado,created_at,desc,0,4,0.811,1,1
f4_v0_idx3,v0,agent,combinado,created_at,desc,0,5,0.813,1,1
f4_v0_idx3,v0,agent,combinado,created_at,desc,0,6,0.981,1,1
f4_v0_idx3,v0,agent,combinado,created_at,desc,500,1,0.899,0,
f4_v0_idx3,v0,agent,combinado,created_at,desc,500,2,0.814,0,
f4_v0_idx3,v0,agent,combinado,created_at,desc,500,3,0.994,0,
f4_v0_idx3,v0,agent,combinado,created_at,desc,500,4,0.913,0,
f4_v0_idx3,v0,agent,combinado,created_at,desc,500,5,0.884,0,
f4_v0_idx3,v0,agent,combinado,created_at,desc,500,6,0.835,0,
f4_v0_idx3,v0,agent,combinado,company,asc,0,1,0.952,1,1
f4_v0_idx3,v0,agent,combinado,company,asc,0,2,0.851,1,1
f4_v0_idx3,v0,agent,combinado,company,asc,0,3,0.986,1,1
f4_v0_idx3,v0,agent,combinado,company,asc,0,4,0.91,1,1
f4_v0_idx3,v0,agent,combinado,company,asc,0,5,1.179,1,1
f4_v0_idx3,v0,agent,combinado,company,asc,0,6,1.015,1,1
f4_v0_idx3,v0,agent,combinado,company,asc,500,1,1.046,0,
f4_v0_idx3,v0,agent,combinado,company,asc,500,2,1.094,0,
f4_v0_idx3,v0,agent,combinado,company,asc,500,3,0.984,0,
f4_v0_idx3,v0,agent,combinado,company,asc,500,4,0.849,0,
f4_v0_idx3,v0,agent,combinado,company,asc,500,5,0.842,0,
f4_v0_idx3,v0,agent,combinado,company,asc,500,6,0.906,0,
f4_v0_idx3,v0,agent,combinado,company,desc,0,1,0.918,1,1
f4_v0_idx3,v0,agent,combinado,company,desc,0,2,1.1,1,1
f4_v0_idx3,v0,agent,combinado,company,desc,0,3,0.998,1,1
f4_v0_idx3,v0,agent,combinado,company,desc,0,4,0.979,1,1
f4_v0_idx3,v0,agent,combinado,company,desc,0,5,0.988,1,1
f4_v0_idx3,v0,agent,combinado,company,desc,0,6,0.996,1,1
f4_v0_idx3,v0,agent,combinado,company,desc,500,1,1.04,0,
f4_v0_idx3,v0,agent,combinado,company,desc,500,2,0.942,0,
f4_v0_idx3,v0,agent,combinado,company,desc,500,3,0.805,0,
f4_v0_idx3,v0,agent,combinado,company,desc,500,4,0.899,0,
f4_v0_idx3,v0,agent,combinado,company,desc,500,5,0.862,0,
f4_v0_idx3,v0,agent,combinado,company,desc,500,6,0.972,0,
f4_v2_idx3,v2,agent,__overhead_wrapper__,-,-,-1,0,0.149,0,0
f4_v2_idx3,v2,agent,sem_filtro,name,asc,0,1,53.346,50,2886
f4_v2_idx3,v2,agent,sem_filtro,name,asc,0,2,52.921,50,2886
f4_v2_idx3,v2,agent,sem_filtro,name,asc,0,3,56.169,50,2886
f4_v2_idx3,v2,agent,sem_filtro,name,asc,0,4,53.123,50,2886
f4_v2_idx3,v2,agent,sem_filtro,name,asc,0,5,53.647,50,2886
f4_v2_idx3,v2,agent,sem_filtro,name,asc,0,6,56.683,50,2886
f4_v2_idx3,v2,agent,sem_filtro,name,asc,500,1,53.25,50,2886
f4_v2_idx3,v2,agent,sem_filtro,name,asc,500,2,57.996,50,2886
f4_v2_idx3,v2,agent,sem_filtro,name,asc,500,3,57.019,50,2886
f4_v2_idx3,v2,agent,sem_filtro,name,asc,500,4,54.212,50,2886
f4_v2_idx3,v2,agent,sem_filtro,name,asc,500,5,54.998,50,2886
f4_v2_idx3,v2,agent,sem_filtro,name,asc,500,6,57.842,50,2886
f4_v2_idx3,v2,agent,sem_filtro,name,desc,0,1,52.089,50,2886
f4_v2_idx3,v2,agent,sem_filtro,name,desc,0,2,57.095,50,2886
f4_v2_idx3,v2,agent,sem_filtro,name,desc,0,3,55.027,50,2886
f4_v2_idx3,v2,agent,sem_filtro,name,desc,0,4,53.074,50,2886
f4_v2_idx3,v2,agent,sem_filtro,name,desc,0,5,53.909,50,2886
f4_v2_idx3,v2,agent,sem_filtro,name,desc,0,6,54.458,50,2886
f4_v2_idx3,v2,agent,sem_filtro,name,desc,500,1,57.246,50,2886
f4_v2_idx3,v2,agent,sem_filtro,name,desc,500,2,58.069,50,2886
f4_v2_idx3,v2,agent,sem_filtro,name,desc,500,3,57.685,50,2886
f4_v2_idx3,v2,agent,sem_filtro,name,desc,500,4,57.422,50,2886
f4_v2_idx3,v2,agent,sem_filtro,name,desc,500,5,58.89,50,2886
f4_v2_idx3,v2,agent,sem_filtro,name,desc,500,6,57.357,50,2886
f4_v2_idx3,v2,agent,sem_filtro,created_at,asc,0,1,52.347,50,2886
f4_v2_idx3,v2,agent,sem_filtro,created_at,asc,0,2,53.008,50,2886
f4_v2_idx3,v2,agent,sem_filtro,created_at,asc,0,3,58.198,50,2886
f4_v2_idx3,v2,agent,sem_filtro,created_at,asc,0,4,56.87,50,2886
f4_v2_idx3,v2,agent,sem_filtro,created_at,asc,0,5,57.234,50,2886
f4_v2_idx3,v2,agent,sem_filtro,created_at,asc,0,6,53.012,50,2886
f4_v2_idx3,v2,agent,sem_filtro,created_at,asc,500,1,54.353,50,2886
f4_v2_idx3,v2,agent,sem_filtro,created_at,asc,500,2,59.157,50,2886
f4_v2_idx3,v2,agent,sem_filtro,created_at,asc,500,3,59.279,50,2886
f4_v2_idx3,v2,agent,sem_filtro,created_at,asc,500,4,58.433,50,2886
f4_v2_idx3,v2,agent,sem_filtro,created_at,asc,500,5,56.715,50,2886
f4_v2_idx3,v2,agent,sem_filtro,created_at,asc,500,6,55.987,50,2886
f4_v2_idx3,v2,agent,sem_filtro,created_at,desc,0,1,54.998,50,2886
f4_v2_idx3,v2,agent,sem_filtro,created_at,desc,0,2,55.686,50,2886
f4_v2_idx3,v2,agent,sem_filtro,created_at,desc,0,3,56.854,50,2886
f4_v2_idx3,v2,agent,sem_filtro,created_at,desc,0,4,54.269,50,2886
f4_v2_idx3,v2,agent,sem_filtro,created_at,desc,0,5,53.817,50,2886
f4_v2_idx3,v2,agent,sem_filtro,created_at,desc,0,6,51.947,50,2886
f4_v2_idx3,v2,agent,sem_filtro,created_at,desc,500,1,53.331,50,2886
f4_v2_idx3,v2,agent,sem_filtro,created_at,desc,500,2,65.214,50,2886
f4_v2_idx3,v2,agent,sem_filtro,created_at,desc,500,3,66.71,50,2886
f4_v2_idx3,v2,agent,sem_filtro,created_at,desc,500,4,66.754,50,2886
f4_v2_idx3,v2,agent,sem_filtro,created_at,desc,500,5,55.144,50,2886
f4_v2_idx3,v2,agent,sem_filtro,created_at,desc,500,6,56.223,50,2886
f4_v2_idx3,v2,agent,sem_filtro,company,asc,0,1,51.253,50,2886
f4_v2_idx3,v2,agent,sem_filtro,company,asc,0,2,53.671,50,2886
f4_v2_idx3,v2,agent,sem_filtro,company,asc,0,3,55.59,50,2886
f4_v2_idx3,v2,agent,sem_filtro,company,asc,0,4,56.972,50,2886
f4_v2_idx3,v2,agent,sem_filtro,company,asc,0,5,58.075,50,2886
f4_v2_idx3,v2,agent,sem_filtro,company,asc,0,6,59.97,50,2886
f4_v2_idx3,v2,agent,sem_filtro,company,asc,500,1,52.634,50,2886
f4_v2_idx3,v2,agent,sem_filtro,company,asc,500,2,54.328,50,2886
f4_v2_idx3,v2,agent,sem_filtro,company,asc,500,3,56.133,50,2886
f4_v2_idx3,v2,agent,sem_filtro,company,asc,500,4,58.516,50,2886
f4_v2_idx3,v2,agent,sem_filtro,company,asc,500,5,55.338,50,2886
f4_v2_idx3,v2,agent,sem_filtro,company,asc,500,6,55.87,50,2886
f4_v2_idx3,v2,agent,sem_filtro,company,desc,0,1,57.176,50,2886
f4_v2_idx3,v2,agent,sem_filtro,company,desc,0,2,54.063,50,2886
f4_v2_idx3,v2,agent,sem_filtro,company,desc,0,3,76.77,50,2886
f4_v2_idx3,v2,agent,sem_filtro,company,desc,0,4,70.578,50,2886
f4_v2_idx3,v2,agent,sem_filtro,company,desc,0,5,63.155,50,2886
f4_v2_idx3,v2,agent,sem_filtro,company,desc,0,6,60.037,50,2886
f4_v2_idx3,v2,agent,sem_filtro,company,desc,500,1,57.967,50,2886
f4_v2_idx3,v2,agent,sem_filtro,company,desc,500,2,56.236,50,2886
f4_v2_idx3,v2,agent,sem_filtro,company,desc,500,3,51.353,50,2886
f4_v2_idx3,v2,agent,sem_filtro,company,desc,500,4,52.261,50,2886
f4_v2_idx3,v2,agent,sem_filtro,company,desc,500,5,53.504,50,2886
f4_v2_idx3,v2,agent,sem_filtro,company,desc,500,6,54.023,50,2886
f4_v2_idx3,v2,agent,termo_nome_5ch,name,asc,0,1,18.667,50,380
f4_v2_idx3,v2,agent,termo_nome_5ch,name,asc,0,2,20.208,50,380
f4_v2_idx3,v2,agent,termo_nome_5ch,name,asc,0,3,19.007,50,380
f4_v2_idx3,v2,agent,termo_nome_5ch,name,asc,0,4,19.764,50,380
f4_v2_idx3,v2,agent,termo_nome_5ch,name,asc,0,5,21.788,50,380
f4_v2_idx3,v2,agent,termo_nome_5ch,name,asc,0,6,20.389,50,380
f4_v2_idx3,v2,agent,termo_nome_5ch,name,asc,500,1,20.34,0,
f4_v2_idx3,v2,agent,termo_nome_5ch,name,asc,500,2,19.35,0,
f4_v2_idx3,v2,agent,termo_nome_5ch,name,asc,500,3,19.123,0,
f4_v2_idx3,v2,agent,termo_nome_5ch,name,asc,500,4,18.723,0,
f4_v2_idx3,v2,agent,termo_nome_5ch,name,asc,500,5,19.305,0,
f4_v2_idx3,v2,agent,termo_nome_5ch,name,asc,500,6,19.027,0,
f4_v2_idx3,v2,agent,termo_nome_5ch,name,desc,0,1,19.856,50,380
f4_v2_idx3,v2,agent,termo_nome_5ch,name,desc,0,2,20.246,50,380
f4_v2_idx3,v2,agent,termo_nome_5ch,name,desc,0,3,22.189,50,380
f4_v2_idx3,v2,agent,termo_nome_5ch,name,desc,0,4,22.779,50,380
f4_v2_idx3,v2,agent,termo_nome_5ch,name,desc,0,5,19.176,50,380
f4_v2_idx3,v2,agent,termo_nome_5ch,name,desc,0,6,19.314,50,380
f4_v2_idx3,v2,agent,termo_nome_5ch,name,desc,500,1,24.779,0,
f4_v2_idx3,v2,agent,termo_nome_5ch,name,desc,500,2,24.321,0,
f4_v2_idx3,v2,agent,termo_nome_5ch,name,desc,500,3,23.854,0,
f4_v2_idx3,v2,agent,termo_nome_5ch,name,desc,500,4,29.994,0,
f4_v2_idx3,v2,agent,termo_nome_5ch,name,desc,500,5,31.004,0,
f4_v2_idx3,v2,agent,termo_nome_5ch,name,desc,500,6,28.006,0,
f4_v2_idx3,v2,agent,termo_nome_5ch,created_at,asc,0,1,19.646,50,380
f4_v2_idx3,v2,agent,termo_nome_5ch,created_at,asc,0,2,19.952,50,380
f4_v2_idx3,v2,agent,termo_nome_5ch,created_at,asc,0,3,20.626,50,380
f4_v2_idx3,v2,agent,termo_nome_5ch,created_at,asc,0,4,19.808,50,380
f4_v2_idx3,v2,agent,termo_nome_5ch,created_at,asc,0,5,18.702,50,380
f4_v2_idx3,v2,agent,termo_nome_5ch,created_at,asc,0,6,19.15,50,380
f4_v2_idx3,v2,agent,termo_nome_5ch,created_at,asc,500,1,20.099,0,
f4_v2_idx3,v2,agent,termo_nome_5ch,created_at,asc,500,2,18.988,0,
f4_v2_idx3,v2,agent,termo_nome_5ch,created_at,asc,500,3,19.217,0,
f4_v2_idx3,v2,agent,termo_nome_5ch,created_at,asc,500,4,19.379,0,
f4_v2_idx3,v2,agent,termo_nome_5ch,created_at,asc,500,5,19.185,0,
f4_v2_idx3,v2,agent,termo_nome_5ch,created_at,asc,500,6,18.993,0,
f4_v2_idx3,v2,agent,termo_nome_5ch,created_at,desc,0,1,19.999,50,380
f4_v2_idx3,v2,agent,termo_nome_5ch,created_at,desc,0,2,20.143,50,380
f4_v2_idx3,v2,agent,termo_nome_5ch,created_at,desc,0,3,20.842,50,380
f4_v2_idx3,v2,agent,termo_nome_5ch,created_at,desc,0,4,21.938,50,380
f4_v2_idx3,v2,agent,termo_nome_5ch,created_at,desc,0,5,19.907,50,380
f4_v2_idx3,v2,agent,termo_nome_5ch,created_at,desc,0,6,19.953,50,380
f4_v2_idx3,v2,agent,termo_nome_5ch,created_at,desc,500,1,21.276,0,
f4_v2_idx3,v2,agent,termo_nome_5ch,created_at,desc,500,2,20.911,0,
f4_v2_idx3,v2,agent,termo_nome_5ch,created_at,desc,500,3,22.126,0,
f4_v2_idx3,v2,agent,termo_nome_5ch,created_at,desc,500,4,19.305,0,
f4_v2_idx3,v2,agent,termo_nome_5ch,created_at,desc,500,5,19.072,0,
f4_v2_idx3,v2,agent,termo_nome_5ch,created_at,desc,500,6,20.113,0,
f4_v2_idx3,v2,agent,termo_nome_5ch,company,asc,0,1,19.802,50,380
f4_v2_idx3,v2,agent,termo_nome_5ch,company,asc,0,2,19.206,50,380
f4_v2_idx3,v2,agent,termo_nome_5ch,company,asc,0,3,19.321,50,380
f4_v2_idx3,v2,agent,termo_nome_5ch,company,asc,0,4,20.778,50,380
f4_v2_idx3,v2,agent,termo_nome_5ch,company,asc,0,5,21.066,50,380
f4_v2_idx3,v2,agent,termo_nome_5ch,company,asc,0,6,20.357,50,380
f4_v2_idx3,v2,agent,termo_nome_5ch,company,asc,500,1,20.699,0,
f4_v2_idx3,v2,agent,termo_nome_5ch,company,asc,500,2,19.84,0,
f4_v2_idx3,v2,agent,termo_nome_5ch,company,asc,500,3,22.354,0,
f4_v2_idx3,v2,agent,termo_nome_5ch,company,asc,500,4,20.355,0,
f4_v2_idx3,v2,agent,termo_nome_5ch,company,asc,500,5,23.933,0,
f4_v2_idx3,v2,agent,termo_nome_5ch,company,asc,500,6,21.557,0,
f4_v2_idx3,v2,agent,termo_nome_5ch,company,desc,0,1,20.677,50,380
f4_v2_idx3,v2,agent,termo_nome_5ch,company,desc,0,2,20.615,50,380
f4_v2_idx3,v2,agent,termo_nome_5ch,company,desc,0,3,19.22,50,380
f4_v2_idx3,v2,agent,termo_nome_5ch,company,desc,0,4,19.672,50,380
f4_v2_idx3,v2,agent,termo_nome_5ch,company,desc,0,5,20.027,50,380
f4_v2_idx3,v2,agent,termo_nome_5ch,company,desc,0,6,19.174,50,380
f4_v2_idx3,v2,agent,termo_nome_5ch,company,desc,500,1,20.069,0,
f4_v2_idx3,v2,agent,termo_nome_5ch,company,desc,500,2,19.307,0,
f4_v2_idx3,v2,agent,termo_nome_5ch,company,desc,500,3,19.213,0,
f4_v2_idx3,v2,agent,termo_nome_5ch,company,desc,500,4,18.891,0,
f4_v2_idx3,v2,agent,termo_nome_5ch,company,desc,500,5,19.647,0,
f4_v2_idx3,v2,agent,termo_nome_5ch,company,desc,500,6,20.14,0,
f4_v2_idx3,v2,agent,combinado,name,asc,0,1,0.822,1,1
f4_v2_idx3,v2,agent,combinado,name,asc,0,2,0.726,1,1
f4_v2_idx3,v2,agent,combinado,name,asc,0,3,0.703,1,1
f4_v2_idx3,v2,agent,combinado,name,asc,0,4,0.704,1,1
f4_v2_idx3,v2,agent,combinado,name,asc,0,5,0.79,1,1
f4_v2_idx3,v2,agent,combinado,name,asc,0,6,0.887,1,1
f4_v2_idx3,v2,agent,combinado,name,asc,500,1,0.725,0,
f4_v2_idx3,v2,agent,combinado,name,asc,500,2,0.805,0,
f4_v2_idx3,v2,agent,combinado,name,asc,500,3,0.845,0,
f4_v2_idx3,v2,agent,combinado,name,asc,500,4,0.862,0,
f4_v2_idx3,v2,agent,combinado,name,asc,500,5,0.73,0,
f4_v2_idx3,v2,agent,combinado,name,asc,500,6,0.809,0,
f4_v2_idx3,v2,agent,combinado,name,desc,0,1,0.859,1,1
f4_v2_idx3,v2,agent,combinado,name,desc,0,2,1.028,1,1
f4_v2_idx3,v2,agent,combinado,name,desc,0,3,0.897,1,1
f4_v2_idx3,v2,agent,combinado,name,desc,0,4,0.796,1,1
f4_v2_idx3,v2,agent,combinado,name,desc,0,5,0.747,1,1
f4_v2_idx3,v2,agent,combinado,name,desc,0,6,0.739,1,1
f4_v2_idx3,v2,agent,combinado,name,desc,500,1,0.707,0,
f4_v2_idx3,v2,agent,combinado,name,desc,500,2,0.763,0,
f4_v2_idx3,v2,agent,combinado,name,desc,500,3,0.791,0,
f4_v2_idx3,v2,agent,combinado,name,desc,500,4,0.825,0,
f4_v2_idx3,v2,agent,combinado,name,desc,500,5,0.789,0,
f4_v2_idx3,v2,agent,combinado,name,desc,500,6,0.727,0,
f4_v2_idx3,v2,agent,combinado,created_at,asc,0,1,0.747,1,1
f4_v2_idx3,v2,agent,combinado,created_at,asc,0,2,0.769,1,1
f4_v2_idx3,v2,agent,combinado,created_at,asc,0,3,1.322,1,1
f4_v2_idx3,v2,agent,combinado,created_at,asc,0,4,1.105,1,1
f4_v2_idx3,v2,agent,combinado,created_at,asc,0,5,1.182,1,1
f4_v2_idx3,v2,agent,combinado,created_at,asc,0,6,0.832,1,1
f4_v2_idx3,v2,agent,combinado,created_at,asc,500,1,0.902,0,
f4_v2_idx3,v2,agent,combinado,created_at,asc,500,2,0.816,0,
f4_v2_idx3,v2,agent,combinado,created_at,asc,500,3,0.701,0,
f4_v2_idx3,v2,agent,combinado,created_at,asc,500,4,0.683,0,
f4_v2_idx3,v2,agent,combinado,created_at,asc,500,5,0.7,0,
f4_v2_idx3,v2,agent,combinado,created_at,asc,500,6,0.778,0,
f4_v2_idx3,v2,agent,combinado,created_at,desc,0,1,0.753,1,1
f4_v2_idx3,v2,agent,combinado,created_at,desc,0,2,0.746,1,1
f4_v2_idx3,v2,agent,combinado,created_at,desc,0,3,0.727,1,1
f4_v2_idx3,v2,agent,combinado,created_at,desc,0,4,0.861,1,1
f4_v2_idx3,v2,agent,combinado,created_at,desc,0,5,0.779,1,1
f4_v2_idx3,v2,agent,combinado,created_at,desc,0,6,0.893,1,1
f4_v2_idx3,v2,agent,combinado,created_at,desc,500,1,0.773,0,
f4_v2_idx3,v2,agent,combinado,created_at,desc,500,2,0.808,0,
f4_v2_idx3,v2,agent,combinado,created_at,desc,500,3,0.796,0,
f4_v2_idx3,v2,agent,combinado,created_at,desc,500,4,0.811,0,
f4_v2_idx3,v2,agent,combinado,created_at,desc,500,5,0.794,0,
f4_v2_idx3,v2,agent,combinado,created_at,desc,500,6,0.713,0,
f4_v2_idx3,v2,agent,combinado,company,asc,0,1,0.789,1,1
f4_v2_idx3,v2,agent,combinado,company,asc,0,2,0.854,1,1
f4_v2_idx3,v2,agent,combinado,company,asc,0,3,0.788,1,1
f4_v2_idx3,v2,agent,combinado,company,asc,0,4,0.781,1,1
f4_v2_idx3,v2,agent,combinado,company,asc,0,5,0.766,1,1
f4_v2_idx3,v2,agent,combinado,company,asc,0,6,0.821,1,1
f4_v2_idx3,v2,agent,combinado,company,asc,500,1,0.775,0,
f4_v2_idx3,v2,agent,combinado,company,asc,500,2,1.34,0,
f4_v2_idx3,v2,agent,combinado,company,asc,500,3,0.985,0,
f4_v2_idx3,v2,agent,combinado,company,asc,500,4,0.955,0,
f4_v2_idx3,v2,agent,combinado,company,asc,500,5,0.852,0,
f4_v2_idx3,v2,agent,combinado,company,asc,500,6,0.783,0,
f4_v2_idx3,v2,agent,combinado,company,desc,0,1,0.72,1,1
f4_v2_idx3,v2,agent,combinado,company,desc,0,2,0.738,1,1
f4_v2_idx3,v2,agent,combinado,company,desc,0,3,0.719,1,1
f4_v2_idx3,v2,agent,combinado,company,desc,0,4,0.825,1,1
f4_v2_idx3,v2,agent,combinado,company,desc,0,5,0.825,1,1
f4_v2_idx3,v2,agent,combinado,company,desc,0,6,0.88,1,1
f4_v2_idx3,v2,agent,combinado,company,desc,500,1,0.787,0,
f4_v2_idx3,v2,agent,combinado,company,desc,500,2,0.694,0,
f4_v2_idx3,v2,agent,combinado,company,desc,500,3,0.722,0,
f4_v2_idx3,v2,agent,combinado,company,desc,500,4,0.669,0,
f4_v2_idx3,v2,agent,combinado,company,desc,500,5,1.287,0,
f4_v2_idx3,v2,agent,combinado,company,desc,500,6,1.018,0,
f4_v3_idx3,v3,agent,__overhead_wrapper__,-,-,-1,0,0.166,0,0
f4_v3_idx3,v3,agent,sem_filtro,name,asc,0,1,52.316,50,2886
f4_v3_idx3,v3,agent,sem_filtro,name,asc,0,2,51.233,50,2886
f4_v3_idx3,v3,agent,sem_filtro,name,asc,0,3,52.316,50,2886
f4_v3_idx3,v3,agent,sem_filtro,name,asc,0,4,51.908,50,2886
f4_v3_idx3,v3,agent,sem_filtro,name,asc,0,5,52.673,50,2886
f4_v3_idx3,v3,agent,sem_filtro,name,asc,0,6,52.423,50,2886
f4_v3_idx3,v3,agent,sem_filtro,name,asc,500,1,62.128,50,2886
f4_v3_idx3,v3,agent,sem_filtro,name,asc,500,2,60.957,50,2886
f4_v3_idx3,v3,agent,sem_filtro,name,asc,500,3,64.016,50,2886
f4_v3_idx3,v3,agent,sem_filtro,name,asc,500,4,61.009,50,2886
f4_v3_idx3,v3,agent,sem_filtro,name,asc,500,5,59.707,50,2886
f4_v3_idx3,v3,agent,sem_filtro,name,asc,500,6,60.875,50,2886
f4_v3_idx3,v3,agent,sem_filtro,name,desc,0,1,108.498,50,2886
f4_v3_idx3,v3,agent,sem_filtro,name,desc,0,2,103.022,50,2886
f4_v3_idx3,v3,agent,sem_filtro,name,desc,0,3,135.413,50,2886
f4_v3_idx3,v3,agent,sem_filtro,name,desc,0,4,121.622,50,2886
f4_v3_idx3,v3,agent,sem_filtro,name,desc,0,5,104.43,50,2886
f4_v3_idx3,v3,agent,sem_filtro,name,desc,0,6,99.627,50,2886
f4_v3_idx3,v3,agent,sem_filtro,name,desc,500,1,102.868,50,2886
f4_v3_idx3,v3,agent,sem_filtro,name,desc,500,2,105.2,50,2886
f4_v3_idx3,v3,agent,sem_filtro,name,desc,500,3,102.506,50,2886
f4_v3_idx3,v3,agent,sem_filtro,name,desc,500,4,107.166,50,2886
f4_v3_idx3,v3,agent,sem_filtro,name,desc,500,5,104.528,50,2886
f4_v3_idx3,v3,agent,sem_filtro,name,desc,500,6,105.371,50,2886
f4_v3_idx3,v3,agent,sem_filtro,created_at,asc,0,1,54.67,50,2886
f4_v3_idx3,v3,agent,sem_filtro,created_at,asc,0,2,50.611,50,2886
f4_v3_idx3,v3,agent,sem_filtro,created_at,asc,0,3,53.952,50,2886
f4_v3_idx3,v3,agent,sem_filtro,created_at,asc,0,4,53.133,50,2886
f4_v3_idx3,v3,agent,sem_filtro,created_at,asc,0,5,54.129,50,2886
f4_v3_idx3,v3,agent,sem_filtro,created_at,asc,0,6,53.884,50,2886
f4_v3_idx3,v3,agent,sem_filtro,created_at,asc,500,1,60.142,50,2886
f4_v3_idx3,v3,agent,sem_filtro,created_at,asc,500,2,61.055,50,2886
f4_v3_idx3,v3,agent,sem_filtro,created_at,asc,500,3,61.746,50,2886
f4_v3_idx3,v3,agent,sem_filtro,created_at,asc,500,4,63.742,50,2886
f4_v3_idx3,v3,agent,sem_filtro,created_at,asc,500,5,59.72,50,2886
f4_v3_idx3,v3,agent,sem_filtro,created_at,asc,500,6,63.587,50,2886
f4_v3_idx3,v3,agent,sem_filtro,created_at,desc,0,1,105.451,50,2886
f4_v3_idx3,v3,agent,sem_filtro,created_at,desc,0,2,121.662,50,2886
f4_v3_idx3,v3,agent,sem_filtro,created_at,desc,0,3,116.293,50,2886
f4_v3_idx3,v3,agent,sem_filtro,created_at,desc,0,4,102.384,50,2886
f4_v3_idx3,v3,agent,sem_filtro,created_at,desc,0,5,102.604,50,2886
f4_v3_idx3,v3,agent,sem_filtro,created_at,desc,0,6,103.106,50,2886
f4_v3_idx3,v3,agent,sem_filtro,created_at,desc,500,1,102.819,50,2886
f4_v3_idx3,v3,agent,sem_filtro,created_at,desc,500,2,104.376,50,2886
f4_v3_idx3,v3,agent,sem_filtro,created_at,desc,500,3,103.167,50,2886
f4_v3_idx3,v3,agent,sem_filtro,created_at,desc,500,4,104.194,50,2886
f4_v3_idx3,v3,agent,sem_filtro,created_at,desc,500,5,108.924,50,2886
f4_v3_idx3,v3,agent,sem_filtro,created_at,desc,500,6,105.023,50,2886
f4_v3_idx3,v3,agent,sem_filtro,company,asc,0,1,55.842,50,2886
f4_v3_idx3,v3,agent,sem_filtro,company,asc,0,2,55.014,50,2886
f4_v3_idx3,v3,agent,sem_filtro,company,asc,0,3,56.682,50,2886
f4_v3_idx3,v3,agent,sem_filtro,company,asc,0,4,57.788,50,2886
f4_v3_idx3,v3,agent,sem_filtro,company,asc,0,5,59.434,50,2886
f4_v3_idx3,v3,agent,sem_filtro,company,asc,0,6,54.539,50,2886
f4_v3_idx3,v3,agent,sem_filtro,company,asc,500,1,65.925,50,2886
f4_v3_idx3,v3,agent,sem_filtro,company,asc,500,2,65.243,50,2886
f4_v3_idx3,v3,agent,sem_filtro,company,asc,500,3,61.765,50,2886
f4_v3_idx3,v3,agent,sem_filtro,company,asc,500,4,62.712,50,2886
f4_v3_idx3,v3,agent,sem_filtro,company,asc,500,5,65.109,50,2886
f4_v3_idx3,v3,agent,sem_filtro,company,asc,500,6,62.945,50,2886
f4_v3_idx3,v3,agent,sem_filtro,company,desc,0,1,115.148,50,2886
f4_v3_idx3,v3,agent,sem_filtro,company,desc,0,2,111.192,50,2886
f4_v3_idx3,v3,agent,sem_filtro,company,desc,0,3,106.095,50,2886
f4_v3_idx3,v3,agent,sem_filtro,company,desc,0,4,109.134,50,2886
f4_v3_idx3,v3,agent,sem_filtro,company,desc,0,5,103.815,50,2886
f4_v3_idx3,v3,agent,sem_filtro,company,desc,0,6,105.349,50,2886
f4_v3_idx3,v3,agent,sem_filtro,company,desc,500,1,118.636,50,2886
f4_v3_idx3,v3,agent,sem_filtro,company,desc,500,2,107.696,50,2886
f4_v3_idx3,v3,agent,sem_filtro,company,desc,500,3,107.669,50,2886
f4_v3_idx3,v3,agent,sem_filtro,company,desc,500,4,111.077,50,2886
f4_v3_idx3,v3,agent,sem_filtro,company,desc,500,5,118.767,50,2886
f4_v3_idx3,v3,agent,sem_filtro,company,desc,500,6,131.38,50,2886
f4_v3_idx3,v3,agent,termo_nome_5ch,name,asc,0,1,22.145,50,380
f4_v3_idx3,v3,agent,termo_nome_5ch,name,asc,0,2,23.328,50,380
f4_v3_idx3,v3,agent,termo_nome_5ch,name,asc,0,3,25.659,50,380
f4_v3_idx3,v3,agent,termo_nome_5ch,name,asc,0,4,22.945,50,380
f4_v3_idx3,v3,agent,termo_nome_5ch,name,asc,0,5,23.477,50,380
f4_v3_idx3,v3,agent,termo_nome_5ch,name,asc,0,6,22.839,50,380
f4_v3_idx3,v3,agent,termo_nome_5ch,name,asc,500,1,39.353,0,
f4_v3_idx3,v3,agent,termo_nome_5ch,name,asc,500,2,39.288,0,
f4_v3_idx3,v3,agent,termo_nome_5ch,name,asc,500,3,38.957,0,
f4_v3_idx3,v3,agent,termo_nome_5ch,name,asc,500,4,36.715,0,
f4_v3_idx3,v3,agent,termo_nome_5ch,name,asc,500,5,37.843,0,
f4_v3_idx3,v3,agent,termo_nome_5ch,name,asc,500,6,37.038,0,
f4_v3_idx3,v3,agent,termo_nome_5ch,name,desc,0,1,37.533,50,380
f4_v3_idx3,v3,agent,termo_nome_5ch,name,desc,0,2,38.238,50,380
f4_v3_idx3,v3,agent,termo_nome_5ch,name,desc,0,3,38.349,50,380
f4_v3_idx3,v3,agent,termo_nome_5ch,name,desc,0,4,37.663,50,380
f4_v3_idx3,v3,agent,termo_nome_5ch,name,desc,0,5,39.561,50,380
f4_v3_idx3,v3,agent,termo_nome_5ch,name,desc,0,6,38.472,50,380
f4_v3_idx3,v3,agent,termo_nome_5ch,name,desc,500,1,38.755,0,
f4_v3_idx3,v3,agent,termo_nome_5ch,name,desc,500,2,43.016,0,
f4_v3_idx3,v3,agent,termo_nome_5ch,name,desc,500,3,43.268,0,
f4_v3_idx3,v3,agent,termo_nome_5ch,name,desc,500,4,41.185,0,
f4_v3_idx3,v3,agent,termo_nome_5ch,name,desc,500,5,39.353,0,
f4_v3_idx3,v3,agent,termo_nome_5ch,name,desc,500,6,45.132,0,
f4_v3_idx3,v3,agent,termo_nome_5ch,created_at,asc,0,1,28.336,50,380
f4_v3_idx3,v3,agent,termo_nome_5ch,created_at,asc,0,2,26.156,50,380
f4_v3_idx3,v3,agent,termo_nome_5ch,created_at,asc,0,3,24.787,50,380
f4_v3_idx3,v3,agent,termo_nome_5ch,created_at,asc,0,4,25.318,50,380
f4_v3_idx3,v3,agent,termo_nome_5ch,created_at,asc,0,5,23.786,50,380
f4_v3_idx3,v3,agent,termo_nome_5ch,created_at,asc,0,6,21.578,50,380
f4_v3_idx3,v3,agent,termo_nome_5ch,created_at,asc,500,1,38.92,0,
f4_v3_idx3,v3,agent,termo_nome_5ch,created_at,asc,500,2,42.139,0,
f4_v3_idx3,v3,agent,termo_nome_5ch,created_at,asc,500,3,39.723,0,
f4_v3_idx3,v3,agent,termo_nome_5ch,created_at,asc,500,4,40.57,0,
f4_v3_idx3,v3,agent,termo_nome_5ch,created_at,asc,500,5,40.709,0,
f4_v3_idx3,v3,agent,termo_nome_5ch,created_at,asc,500,6,42.23,0,
f4_v3_idx3,v3,agent,termo_nome_5ch,created_at,desc,0,1,41.981,50,380
f4_v3_idx3,v3,agent,termo_nome_5ch,created_at,desc,0,2,40.93,50,380
f4_v3_idx3,v3,agent,termo_nome_5ch,created_at,desc,0,3,39.72,50,380
f4_v3_idx3,v3,agent,termo_nome_5ch,created_at,desc,0,4,39.122,50,380
f4_v3_idx3,v3,agent,termo_nome_5ch,created_at,desc,0,5,38.478,50,380
f4_v3_idx3,v3,agent,termo_nome_5ch,created_at,desc,0,6,37.112,50,380
f4_v3_idx3,v3,agent,termo_nome_5ch,created_at,desc,500,1,37.725,0,
f4_v3_idx3,v3,agent,termo_nome_5ch,created_at,desc,500,2,39.575,0,
f4_v3_idx3,v3,agent,termo_nome_5ch,created_at,desc,500,3,41.111,0,
f4_v3_idx3,v3,agent,termo_nome_5ch,created_at,desc,500,4,39.07,0,
f4_v3_idx3,v3,agent,termo_nome_5ch,created_at,desc,500,5,38.869,0,
f4_v3_idx3,v3,agent,termo_nome_5ch,created_at,desc,500,6,38.972,0,
f4_v3_idx3,v3,agent,termo_nome_5ch,company,asc,0,1,21.13,50,380
f4_v3_idx3,v3,agent,termo_nome_5ch,company,asc,0,2,23.155,50,380
f4_v3_idx3,v3,agent,termo_nome_5ch,company,asc,0,3,22.261,50,380
f4_v3_idx3,v3,agent,termo_nome_5ch,company,asc,0,4,22.658,50,380
f4_v3_idx3,v3,agent,termo_nome_5ch,company,asc,0,5,24.88,50,380
f4_v3_idx3,v3,agent,termo_nome_5ch,company,asc,0,6,21.663,50,380
f4_v3_idx3,v3,agent,termo_nome_5ch,company,asc,500,1,37.121,0,
f4_v3_idx3,v3,agent,termo_nome_5ch,company,asc,500,2,36.257,0,
f4_v3_idx3,v3,agent,termo_nome_5ch,company,asc,500,3,37.583,0,
f4_v3_idx3,v3,agent,termo_nome_5ch,company,asc,500,4,39.167,0,
f4_v3_idx3,v3,agent,termo_nome_5ch,company,asc,500,5,36.058,0,
f4_v3_idx3,v3,agent,termo_nome_5ch,company,asc,500,6,39.076,0,
f4_v3_idx3,v3,agent,termo_nome_5ch,company,desc,0,1,38.131,50,380
f4_v3_idx3,v3,agent,termo_nome_5ch,company,desc,0,2,37.839,50,380
f4_v3_idx3,v3,agent,termo_nome_5ch,company,desc,0,3,38.259,50,380
f4_v3_idx3,v3,agent,termo_nome_5ch,company,desc,0,4,39.404,50,380
f4_v3_idx3,v3,agent,termo_nome_5ch,company,desc,0,5,42.373,50,380
f4_v3_idx3,v3,agent,termo_nome_5ch,company,desc,0,6,39.954,50,380
f4_v3_idx3,v3,agent,termo_nome_5ch,company,desc,500,1,38.448,0,
f4_v3_idx3,v3,agent,termo_nome_5ch,company,desc,500,2,39.166,0,
f4_v3_idx3,v3,agent,termo_nome_5ch,company,desc,500,3,37.928,0,
f4_v3_idx3,v3,agent,termo_nome_5ch,company,desc,500,4,38.13,0,
f4_v3_idx3,v3,agent,termo_nome_5ch,company,desc,500,5,37.308,0,
f4_v3_idx3,v3,agent,termo_nome_5ch,company,desc,500,6,36.612,0,
f4_v3_idx3,v3,agent,termo_empresa,name,asc,0,1,14.287,50,290
f4_v3_idx3,v3,agent,termo_empresa,name,asc,0,2,12.254,50,290
f4_v3_idx3,v3,agent,termo_empresa,name,asc,0,3,13.154,50,290
f4_v3_idx3,v3,agent,termo_empresa,name,asc,0,4,12.74,50,290
f4_v3_idx3,v3,agent,termo_empresa,name,asc,0,5,12.651,50,290
f4_v3_idx3,v3,agent,termo_empresa,name,asc,0,6,12.032,50,290
f4_v3_idx3,v3,agent,termo_empresa,name,asc,500,1,17.097,0,
f4_v3_idx3,v3,agent,termo_empresa,name,asc,500,2,16.846,0,
f4_v3_idx3,v3,agent,termo_empresa,name,asc,500,3,17.219,0,
f4_v3_idx3,v3,agent,termo_empresa,name,asc,500,4,17.278,0,
f4_v3_idx3,v3,agent,termo_empresa,name,asc,500,5,17.271,0,
f4_v3_idx3,v3,agent,termo_empresa,name,asc,500,6,16.699,0,
f4_v3_idx3,v3,agent,termo_empresa,name,desc,0,1,16.944,50,290
f4_v3_idx3,v3,agent,termo_empresa,name,desc,0,2,17.008,50,290
f4_v3_idx3,v3,agent,termo_empresa,name,desc,0,3,16.987,50,290
f4_v3_idx3,v3,agent,termo_empresa,name,desc,0,4,18.121,50,290
f4_v3_idx3,v3,agent,termo_empresa,name,desc,0,5,18.23,50,290
f4_v3_idx3,v3,agent,termo_empresa,name,desc,0,6,17.338,50,290
f4_v3_idx3,v3,agent,termo_empresa,name,desc,500,1,20.198,0,
f4_v3_idx3,v3,agent,termo_empresa,name,desc,500,2,18.088,0,
f4_v3_idx3,v3,agent,termo_empresa,name,desc,500,3,18.512,0,
f4_v3_idx3,v3,agent,termo_empresa,name,desc,500,4,17.75,0,
f4_v3_idx3,v3,agent,termo_empresa,name,desc,500,5,18.261,0,
f4_v3_idx3,v3,agent,termo_empresa,name,desc,500,6,18.995,0,
f4_v3_idx3,v3,agent,termo_empresa,created_at,asc,0,1,12.635,50,290
f4_v3_idx3,v3,agent,termo_empresa,created_at,asc,0,2,14.058,50,290
f4_v3_idx3,v3,agent,termo_empresa,created_at,asc,0,3,13.35,50,290
f4_v3_idx3,v3,agent,termo_empresa,created_at,asc,0,4,12.971,50,290
f4_v3_idx3,v3,agent,termo_empresa,created_at,asc,0,5,12.536,50,290
f4_v3_idx3,v3,agent,termo_empresa,created_at,asc,0,6,12.945,50,290
f4_v3_idx3,v3,agent,termo_empresa,created_at,asc,500,1,17.583,0,
f4_v3_idx3,v3,agent,termo_empresa,created_at,asc,500,2,17.175,0,
f4_v3_idx3,v3,agent,termo_empresa,created_at,asc,500,3,17.657,0,
f4_v3_idx3,v3,agent,termo_empresa,created_at,asc,500,4,19.641,0,
f4_v3_idx3,v3,agent,termo_empresa,created_at,asc,500,5,21.185,0,
f4_v3_idx3,v3,agent,termo_empresa,created_at,asc,500,6,22.85,0,
f4_v3_idx3,v3,agent,termo_empresa,created_at,desc,0,1,22.21,50,290
f4_v3_idx3,v3,agent,termo_empresa,created_at,desc,0,2,20.78,50,290
f4_v3_idx3,v3,agent,termo_empresa,created_at,desc,0,3,20.384,50,290
f4_v3_idx3,v3,agent,termo_empresa,created_at,desc,0,4,20.241,50,290
f4_v3_idx3,v3,agent,termo_empresa,created_at,desc,0,5,28.251,50,290
f4_v3_idx3,v3,agent,termo_empresa,created_at,desc,0,6,27.353,50,290
f4_v3_idx3,v3,agent,termo_empresa,created_at,desc,500,1,17.657,0,
f4_v3_idx3,v3,agent,termo_empresa,created_at,desc,500,2,17.509,0,
f4_v3_idx3,v3,agent,termo_empresa,created_at,desc,500,3,17.967,0,
f4_v3_idx3,v3,agent,termo_empresa,created_at,desc,500,4,17.802,0,
f4_v3_idx3,v3,agent,termo_empresa,created_at,desc,500,5,17.673,0,
f4_v3_idx3,v3,agent,termo_empresa,created_at,desc,500,6,17.466,0,
f4_v3_idx3,v3,agent,termo_empresa,company,asc,0,1,27.441,50,290
f4_v3_idx3,v3,agent,termo_empresa,company,asc,0,2,27.571,50,290
f4_v3_idx3,v3,agent,termo_empresa,company,asc,0,3,30.724,50,290
f4_v3_idx3,v3,agent,termo_empresa,company,asc,0,4,29.618,50,290
f4_v3_idx3,v3,agent,termo_empresa,company,asc,0,5,29.596,50,290
f4_v3_idx3,v3,agent,termo_empresa,company,asc,0,6,27.677,50,290
f4_v3_idx3,v3,agent,termo_empresa,company,asc,500,1,17.272,0,
f4_v3_idx3,v3,agent,termo_empresa,company,asc,500,2,17.531,0,
f4_v3_idx3,v3,agent,termo_empresa,company,asc,500,3,18.495,0,
f4_v3_idx3,v3,agent,termo_empresa,company,asc,500,4,17.958,0,
f4_v3_idx3,v3,agent,termo_empresa,company,asc,500,5,17.718,0,
f4_v3_idx3,v3,agent,termo_empresa,company,asc,500,6,17.433,0,
f4_v3_idx3,v3,agent,termo_empresa,company,desc,0,1,18.287,50,290
f4_v3_idx3,v3,agent,termo_empresa,company,desc,0,2,18.415,50,290
f4_v3_idx3,v3,agent,termo_empresa,company,desc,0,3,20.065,50,290
f4_v3_idx3,v3,agent,termo_empresa,company,desc,0,4,19.844,50,290
f4_v3_idx3,v3,agent,termo_empresa,company,desc,0,5,20.305,50,290
f4_v3_idx3,v3,agent,termo_empresa,company,desc,0,6,20.378,50,290
f4_v3_idx3,v3,agent,termo_empresa,company,desc,500,1,20.467,0,
f4_v3_idx3,v3,agent,termo_empresa,company,desc,500,2,19.703,0,
f4_v3_idx3,v3,agent,termo_empresa,company,desc,500,3,20.23,0,
f4_v3_idx3,v3,agent,termo_empresa,company,desc,500,4,22.906,0,
f4_v3_idx3,v3,agent,termo_empresa,company,desc,500,5,20.918,0,
f4_v3_idx3,v3,agent,termo_empresa,company,desc,500,6,20.462,0,
f4_v3_idx3,v3,agent,filtro_tipo,name,asc,0,1,13.353,50,536
f4_v3_idx3,v3,agent,filtro_tipo,name,asc,0,2,14.11,50,536
f4_v3_idx3,v3,agent,filtro_tipo,name,asc,0,3,13.804,50,536
f4_v3_idx3,v3,agent,filtro_tipo,name,asc,0,4,14.064,50,536
f4_v3_idx3,v3,agent,filtro_tipo,name,asc,0,5,14.52,50,536
f4_v3_idx3,v3,agent,filtro_tipo,name,asc,0,6,14.109,50,536
f4_v3_idx3,v3,agent,filtro_tipo,name,asc,500,1,24.348,36,536
f4_v3_idx3,v3,agent,filtro_tipo,name,asc,500,2,23.031,36,536
f4_v3_idx3,v3,agent,filtro_tipo,name,asc,500,3,23.249,36,536
f4_v3_idx3,v3,agent,filtro_tipo,name,asc,500,4,22.585,36,536
f4_v3_idx3,v3,agent,filtro_tipo,name,asc,500,5,23.711,36,536
f4_v3_idx3,v3,agent,filtro_tipo,name,asc,500,6,25.053,36,536
f4_v3_idx3,v3,agent,filtro_tipo,name,desc,0,1,24.286,50,536
f4_v3_idx3,v3,agent,filtro_tipo,name,desc,0,2,24.767,50,536
f4_v3_idx3,v3,agent,filtro_tipo,name,desc,0,3,23.817,50,536
f4_v3_idx3,v3,agent,filtro_tipo,name,desc,0,4,25.379,50,536
f4_v3_idx3,v3,agent,filtro_tipo,name,desc,0,5,25.63,50,536
f4_v3_idx3,v3,agent,filtro_tipo,name,desc,0,6,24.981,50,536
f4_v3_idx3,v3,agent,filtro_tipo,name,desc,500,1,22.897,36,536
f4_v3_idx3,v3,agent,filtro_tipo,name,desc,500,2,22.778,36,536
f4_v3_idx3,v3,agent,filtro_tipo,name,desc,500,3,24.156,36,536
f4_v3_idx3,v3,agent,filtro_tipo,name,desc,500,4,23.359,36,536
f4_v3_idx3,v3,agent,filtro_tipo,name,desc,500,5,24.094,36,536
f4_v3_idx3,v3,agent,filtro_tipo,name,desc,500,6,23.089,36,536
f4_v3_idx3,v3,agent,filtro_tipo,created_at,asc,0,1,12.706,50,536
f4_v3_idx3,v3,agent,filtro_tipo,created_at,asc,0,2,11.724,50,536
f4_v3_idx3,v3,agent,filtro_tipo,created_at,asc,0,3,11.55,50,536
f4_v3_idx3,v3,agent,filtro_tipo,created_at,asc,0,4,13.286,50,536
f4_v3_idx3,v3,agent,filtro_tipo,created_at,asc,0,5,12.223,50,536
f4_v3_idx3,v3,agent,filtro_tipo,created_at,asc,0,6,12.658,50,536
f4_v3_idx3,v3,agent,filtro_tipo,created_at,asc,500,1,24.098,36,536
f4_v3_idx3,v3,agent,filtro_tipo,created_at,asc,500,2,25.533,36,536
f4_v3_idx3,v3,agent,filtro_tipo,created_at,asc,500,3,24.562,36,536
f4_v3_idx3,v3,agent,filtro_tipo,created_at,asc,500,4,27.136,36,536
f4_v3_idx3,v3,agent,filtro_tipo,created_at,asc,500,5,22.097,36,536
f4_v3_idx3,v3,agent,filtro_tipo,created_at,asc,500,6,23.521,36,536
f4_v3_idx3,v3,agent,filtro_tipo,created_at,desc,0,1,23.631,50,536
f4_v3_idx3,v3,agent,filtro_tipo,created_at,desc,0,2,21.605,50,536
f4_v3_idx3,v3,agent,filtro_tipo,created_at,desc,0,3,22.391,50,536
f4_v3_idx3,v3,agent,filtro_tipo,created_at,desc,0,4,23.135,50,536
f4_v3_idx3,v3,agent,filtro_tipo,created_at,desc,0,5,22.422,50,536
f4_v3_idx3,v3,agent,filtro_tipo,created_at,desc,0,6,22.613,50,536
f4_v3_idx3,v3,agent,filtro_tipo,created_at,desc,500,1,24.483,36,536
f4_v3_idx3,v3,agent,filtro_tipo,created_at,desc,500,2,25.175,36,536
f4_v3_idx3,v3,agent,filtro_tipo,created_at,desc,500,3,23.901,36,536
f4_v3_idx3,v3,agent,filtro_tipo,created_at,desc,500,4,21.628,36,536
f4_v3_idx3,v3,agent,filtro_tipo,created_at,desc,500,5,21.949,36,536
f4_v3_idx3,v3,agent,filtro_tipo,created_at,desc,500,6,21.892,36,536
f4_v3_idx3,v3,agent,filtro_tipo,company,asc,0,1,13.088,50,536
f4_v3_idx3,v3,agent,filtro_tipo,company,asc,0,2,14.059,50,536
f4_v3_idx3,v3,agent,filtro_tipo,company,asc,0,3,13.336,50,536
f4_v3_idx3,v3,agent,filtro_tipo,company,asc,0,4,13.186,50,536
f4_v3_idx3,v3,agent,filtro_tipo,company,asc,0,5,12.711,50,536
f4_v3_idx3,v3,agent,filtro_tipo,company,asc,0,6,13.34,50,536
f4_v3_idx3,v3,agent,filtro_tipo,company,asc,500,1,22.09,36,536
f4_v3_idx3,v3,agent,filtro_tipo,company,asc,500,2,23.686,36,536
f4_v3_idx3,v3,agent,filtro_tipo,company,asc,500,3,25.098,36,536
f4_v3_idx3,v3,agent,filtro_tipo,company,asc,500,4,22.185,36,536
f4_v3_idx3,v3,agent,filtro_tipo,company,asc,500,5,21.496,36,536
f4_v3_idx3,v3,agent,filtro_tipo,company,asc,500,6,22.377,36,536
f4_v3_idx3,v3,agent,filtro_tipo,company,desc,0,1,22.459,50,536
f4_v3_idx3,v3,agent,filtro_tipo,company,desc,0,2,23.604,50,536
f4_v3_idx3,v3,agent,filtro_tipo,company,desc,0,3,22.321,50,536
f4_v3_idx3,v3,agent,filtro_tipo,company,desc,0,4,22.835,50,536
f4_v3_idx3,v3,agent,filtro_tipo,company,desc,0,5,25.104,50,536
f4_v3_idx3,v3,agent,filtro_tipo,company,desc,0,6,22.936,50,536
f4_v3_idx3,v3,agent,filtro_tipo,company,desc,500,1,22.624,36,536
f4_v3_idx3,v3,agent,filtro_tipo,company,desc,500,2,22.734,36,536
f4_v3_idx3,v3,agent,filtro_tipo,company,desc,500,3,21.883,36,536
f4_v3_idx3,v3,agent,filtro_tipo,company,desc,500,4,23.995,36,536
f4_v3_idx3,v3,agent,filtro_tipo,company,desc,500,5,25.1,36,536
f4_v3_idx3,v3,agent,filtro_tipo,company,desc,500,6,21.899,36,536
f4_v3_idx3,v3,agent,filtro_tag,name,asc,0,1,9.472,50,241
f4_v3_idx3,v3,agent,filtro_tag,name,asc,0,2,11.108,50,241
f4_v3_idx3,v3,agent,filtro_tag,name,asc,0,3,9.159,50,241
f4_v3_idx3,v3,agent,filtro_tag,name,asc,0,4,10.279,50,241
f4_v3_idx3,v3,agent,filtro_tag,name,asc,0,5,9.324,50,241
f4_v3_idx3,v3,agent,filtro_tag,name,asc,0,6,10.21,50,241
f4_v3_idx3,v3,agent,filtro_tag,name,asc,500,1,16.837,0,
f4_v3_idx3,v3,agent,filtro_tag,name,asc,500,2,16.298,0,
f4_v3_idx3,v3,agent,filtro_tag,name,asc,500,3,16.071,0,
f4_v3_idx3,v3,agent,filtro_tag,name,asc,500,4,16.369,0,
f4_v3_idx3,v3,agent,filtro_tag,name,asc,500,5,18.021,0,
f4_v3_idx3,v3,agent,filtro_tag,name,asc,500,6,14.55,0,
f4_v3_idx3,v3,agent,filtro_tag,name,desc,0,1,15.307,50,241
f4_v3_idx3,v3,agent,filtro_tag,name,desc,0,2,12.766,50,241
f4_v3_idx3,v3,agent,filtro_tag,name,desc,0,3,12.592,50,241
f4_v3_idx3,v3,agent,filtro_tag,name,desc,0,4,11.474,50,241
f4_v3_idx3,v3,agent,filtro_tag,name,desc,0,5,13.301,50,241
f4_v3_idx3,v3,agent,filtro_tag,name,desc,0,6,12.101,50,241
f4_v3_idx3,v3,agent,filtro_tag,name,desc,500,1,12.391,0,
f4_v3_idx3,v3,agent,filtro_tag,name,desc,500,2,12.693,0,
f4_v3_idx3,v3,agent,filtro_tag,name,desc,500,3,11.301,0,
f4_v3_idx3,v3,agent,filtro_tag,name,desc,500,4,12.2,0,
f4_v3_idx3,v3,agent,filtro_tag,name,desc,500,5,12.232,0,
f4_v3_idx3,v3,agent,filtro_tag,name,desc,500,6,11.621,0,
f4_v3_idx3,v3,agent,filtro_tag,created_at,asc,0,1,7.917,50,241
f4_v3_idx3,v3,agent,filtro_tag,created_at,asc,0,2,9.799,50,241
f4_v3_idx3,v3,agent,filtro_tag,created_at,asc,0,3,10.072,50,241
f4_v3_idx3,v3,agent,filtro_tag,created_at,asc,0,4,9.888,50,241
f4_v3_idx3,v3,agent,filtro_tag,created_at,asc,0,5,10.001,50,241
f4_v3_idx3,v3,agent,filtro_tag,created_at,asc,0,6,9.606,50,241
f4_v3_idx3,v3,agent,filtro_tag,created_at,asc,500,1,15.326,0,
f4_v3_idx3,v3,agent,filtro_tag,created_at,asc,500,2,12.512,0,
f4_v3_idx3,v3,agent,filtro_tag,created_at,asc,500,3,12.271,0,
f4_v3_idx3,v3,agent,filtro_tag,created_at,asc,500,4,12.767,0,
f4_v3_idx3,v3,agent,filtro_tag,created_at,asc,500,5,12.195,0,
f4_v3_idx3,v3,agent,filtro_tag,created_at,asc,500,6,12.225,0,
f4_v3_idx3,v3,agent,filtro_tag,created_at,desc,0,1,12.099,50,241
f4_v3_idx3,v3,agent,filtro_tag,created_at,desc,0,2,12.378,50,241
f4_v3_idx3,v3,agent,filtro_tag,created_at,desc,0,3,11.712,50,241
f4_v3_idx3,v3,agent,filtro_tag,created_at,desc,0,4,12.36,50,241
f4_v3_idx3,v3,agent,filtro_tag,created_at,desc,0,5,12.333,50,241
f4_v3_idx3,v3,agent,filtro_tag,created_at,desc,0,6,12.105,50,241
f4_v3_idx3,v3,agent,filtro_tag,created_at,desc,500,1,12.433,0,
f4_v3_idx3,v3,agent,filtro_tag,created_at,desc,500,2,12.709,0,
f4_v3_idx3,v3,agent,filtro_tag,created_at,desc,500,3,12.645,0,
f4_v3_idx3,v3,agent,filtro_tag,created_at,desc,500,4,13.406,0,
f4_v3_idx3,v3,agent,filtro_tag,created_at,desc,500,5,13.269,0,
f4_v3_idx3,v3,agent,filtro_tag,created_at,desc,500,6,12.789,0,
f4_v3_idx3,v3,agent,filtro_tag,company,asc,0,1,8.113,50,241
f4_v3_idx3,v3,agent,filtro_tag,company,asc,0,2,7.996,50,241
f4_v3_idx3,v3,agent,filtro_tag,company,asc,0,3,7.351,50,241
f4_v3_idx3,v3,agent,filtro_tag,company,asc,0,4,8.262,50,241
f4_v3_idx3,v3,agent,filtro_tag,company,asc,0,5,7.606,50,241
f4_v3_idx3,v3,agent,filtro_tag,company,asc,0,6,8.493,50,241
f4_v3_idx3,v3,agent,filtro_tag,company,asc,500,1,12.783,0,
f4_v3_idx3,v3,agent,filtro_tag,company,asc,500,2,13.212,0,
f4_v3_idx3,v3,agent,filtro_tag,company,asc,500,3,13.084,0,
f4_v3_idx3,v3,agent,filtro_tag,company,asc,500,4,12.818,0,
f4_v3_idx3,v3,agent,filtro_tag,company,asc,500,5,13.534,0,
f4_v3_idx3,v3,agent,filtro_tag,company,asc,500,6,13.689,0,
f4_v3_idx3,v3,agent,filtro_tag,company,desc,0,1,12.845,50,241
f4_v3_idx3,v3,agent,filtro_tag,company,desc,0,2,13.253,50,241
f4_v3_idx3,v3,agent,filtro_tag,company,desc,0,3,12.386,50,241
f4_v3_idx3,v3,agent,filtro_tag,company,desc,0,4,12.809,50,241
f4_v3_idx3,v3,agent,filtro_tag,company,desc,0,5,11.875,50,241
f4_v3_idx3,v3,agent,filtro_tag,company,desc,0,6,12.574,50,241
f4_v3_idx3,v3,agent,filtro_tag,company,desc,500,1,11.531,0,
f4_v3_idx3,v3,agent,filtro_tag,company,desc,500,2,13.322,0,
f4_v3_idx3,v3,agent,filtro_tag,company,desc,500,3,12.624,0,
f4_v3_idx3,v3,agent,filtro_tag,company,desc,500,4,13.345,0,
f4_v3_idx3,v3,agent,filtro_tag,company,desc,500,5,13.582,0,
f4_v3_idx3,v3,agent,filtro_tag,company,desc,500,6,12.445,0,
f4_v3_idx3,v3,agent,intervalo_data,name,asc,0,1,15.064,50,640
f4_v3_idx3,v3,agent,intervalo_data,name,asc,0,2,15.447,50,640
f4_v3_idx3,v3,agent,intervalo_data,name,asc,0,3,14.445,50,640
f4_v3_idx3,v3,agent,intervalo_data,name,asc,0,4,15.163,50,640
f4_v3_idx3,v3,agent,intervalo_data,name,asc,0,5,14.387,50,640
f4_v3_idx3,v3,agent,intervalo_data,name,asc,0,6,14.344,50,640
f4_v3_idx3,v3,agent,intervalo_data,name,asc,500,1,23.055,50,640
f4_v3_idx3,v3,agent,intervalo_data,name,asc,500,2,22.251,50,640
f4_v3_idx3,v3,agent,intervalo_data,name,asc,500,3,25.599,50,640
f4_v3_idx3,v3,agent,intervalo_data,name,asc,500,4,26.673,50,640
f4_v3_idx3,v3,agent,intervalo_data,name,asc,500,5,25.832,50,640
f4_v3_idx3,v3,agent,intervalo_data,name,asc,500,6,26.792,50,640
f4_v3_idx3,v3,agent,intervalo_data,name,desc,0,1,26.532,50,640
f4_v3_idx3,v3,agent,intervalo_data,name,desc,0,2,24.172,50,640
f4_v3_idx3,v3,agent,intervalo_data,name,desc,0,3,23.32,50,640
f4_v3_idx3,v3,agent,intervalo_data,name,desc,0,4,22.971,50,640
f4_v3_idx3,v3,agent,intervalo_data,name,desc,0,5,22.389,50,640
f4_v3_idx3,v3,agent,intervalo_data,name,desc,0,6,22.987,50,640
f4_v3_idx3,v3,agent,intervalo_data,name,desc,500,1,24.868,50,640
f4_v3_idx3,v3,agent,intervalo_data,name,desc,500,2,22.648,50,640
f4_v3_idx3,v3,agent,intervalo_data,name,desc,500,3,22.753,50,640
f4_v3_idx3,v3,agent,intervalo_data,name,desc,500,4,22.757,50,640
f4_v3_idx3,v3,agent,intervalo_data,name,desc,500,5,22.088,50,640
f4_v3_idx3,v3,agent,intervalo_data,name,desc,500,6,25.567,50,640
f4_v3_idx3,v3,agent,intervalo_data,created_at,asc,0,1,14.56,50,640
f4_v3_idx3,v3,agent,intervalo_data,created_at,asc,0,2,14.564,50,640
f4_v3_idx3,v3,agent,intervalo_data,created_at,asc,0,3,14.582,50,640
f4_v3_idx3,v3,agent,intervalo_data,created_at,asc,0,4,15.283,50,640
f4_v3_idx3,v3,agent,intervalo_data,created_at,asc,0,5,14.509,50,640
f4_v3_idx3,v3,agent,intervalo_data,created_at,asc,0,6,15.739,50,640
f4_v3_idx3,v3,agent,intervalo_data,created_at,asc,500,1,25.116,50,640
f4_v3_idx3,v3,agent,intervalo_data,created_at,asc,500,2,23.676,50,640
f4_v3_idx3,v3,agent,intervalo_data,created_at,asc,500,3,22.892,50,640
f4_v3_idx3,v3,agent,intervalo_data,created_at,asc,500,4,23.291,50,640
f4_v3_idx3,v3,agent,intervalo_data,created_at,asc,500,5,22.52,50,640
f4_v3_idx3,v3,agent,intervalo_data,created_at,asc,500,6,23.159,50,640
f4_v3_idx3,v3,agent,intervalo_data,created_at,desc,0,1,22.695,50,640
f4_v3_idx3,v3,agent,intervalo_data,created_at,desc,0,2,21.807,50,640
f4_v3_idx3,v3,agent,intervalo_data,created_at,desc,0,3,21.994,50,640
f4_v3_idx3,v3,agent,intervalo_data,created_at,desc,0,4,22.941,50,640
f4_v3_idx3,v3,agent,intervalo_data,created_at,desc,0,5,23.466,50,640
f4_v3_idx3,v3,agent,intervalo_data,created_at,desc,0,6,22.376,50,640
f4_v3_idx3,v3,agent,intervalo_data,created_at,desc,500,1,22.122,50,640
f4_v3_idx3,v3,agent,intervalo_data,created_at,desc,500,2,22.388,50,640
f4_v3_idx3,v3,agent,intervalo_data,created_at,desc,500,3,28.112,50,640
f4_v3_idx3,v3,agent,intervalo_data,created_at,desc,500,4,21.203,50,640
f4_v3_idx3,v3,agent,intervalo_data,created_at,desc,500,5,22.329,50,640
f4_v3_idx3,v3,agent,intervalo_data,created_at,desc,500,6,22.765,50,640
f4_v3_idx3,v3,agent,intervalo_data,company,asc,0,1,13.02,50,640
f4_v3_idx3,v3,agent,intervalo_data,company,asc,0,2,12.231,50,640
f4_v3_idx3,v3,agent,intervalo_data,company,asc,0,3,13.215,50,640
f4_v3_idx3,v3,agent,intervalo_data,company,asc,0,4,13.476,50,640
f4_v3_idx3,v3,agent,intervalo_data,company,asc,0,5,13.564,50,640
f4_v3_idx3,v3,agent,intervalo_data,company,asc,0,6,12.953,50,640
f4_v3_idx3,v3,agent,intervalo_data,company,asc,500,1,22.398,50,640
f4_v3_idx3,v3,agent,intervalo_data,company,asc,500,2,22.054,50,640
f4_v3_idx3,v3,agent,intervalo_data,company,asc,500,3,22.117,50,640
f4_v3_idx3,v3,agent,intervalo_data,company,asc,500,4,22.256,50,640
f4_v3_idx3,v3,agent,intervalo_data,company,asc,500,5,21.738,50,640
f4_v3_idx3,v3,agent,intervalo_data,company,asc,500,6,24.241,50,640
f4_v3_idx3,v3,agent,intervalo_data,company,desc,0,1,21.639,50,640
f4_v3_idx3,v3,agent,intervalo_data,company,desc,0,2,21.958,50,640
f4_v3_idx3,v3,agent,intervalo_data,company,desc,0,3,21.334,50,640
f4_v3_idx3,v3,agent,intervalo_data,company,desc,0,4,22.697,50,640
f4_v3_idx3,v3,agent,intervalo_data,company,desc,0,5,22.011,50,640
f4_v3_idx3,v3,agent,intervalo_data,company,desc,0,6,22.881,50,640
f4_v3_idx3,v3,agent,intervalo_data,company,desc,500,1,23.795,50,640
f4_v3_idx3,v3,agent,intervalo_data,company,desc,500,2,23.183,50,640
f4_v3_idx3,v3,agent,intervalo_data,company,desc,500,3,22.487,50,640
f4_v3_idx3,v3,agent,intervalo_data,company,desc,500,4,22.784,50,640
f4_v3_idx3,v3,agent,intervalo_data,company,desc,500,5,23.07,50,640
f4_v3_idx3,v3,agent,intervalo_data,company,desc,500,6,24.508,50,640
f4_v3_idx3,v3,agent,combinado,name,asc,0,1,1.595,1,1
f4_v3_idx3,v3,agent,combinado,name,asc,0,2,1.831,1,1
f4_v3_idx3,v3,agent,combinado,name,asc,0,3,1.735,1,1
f4_v3_idx3,v3,agent,combinado,name,asc,0,4,1.578,1,1
f4_v3_idx3,v3,agent,combinado,name,asc,0,5,1.559,1,1
f4_v3_idx3,v3,agent,combinado,name,asc,0,6,1.288,1,1
f4_v3_idx3,v3,agent,combinado,name,asc,500,1,1.857,0,
f4_v3_idx3,v3,agent,combinado,name,asc,500,2,1.617,0,
f4_v3_idx3,v3,agent,combinado,name,asc,500,3,1.454,0,
f4_v3_idx3,v3,agent,combinado,name,asc,500,4,1.706,0,
f4_v3_idx3,v3,agent,combinado,name,asc,500,5,2.167,0,
f4_v3_idx3,v3,agent,combinado,name,asc,500,6,1.624,0,
f4_v3_idx3,v3,agent,combinado,name,desc,0,1,1.526,1,1
f4_v3_idx3,v3,agent,combinado,name,desc,0,2,1.456,1,1
f4_v3_idx3,v3,agent,combinado,name,desc,0,3,1.482,1,1
f4_v3_idx3,v3,agent,combinado,name,desc,0,4,1.494,1,1
f4_v3_idx3,v3,agent,combinado,name,desc,0,5,1.55,1,1
f4_v3_idx3,v3,agent,combinado,name,desc,0,6,1.752,1,1
f4_v3_idx3,v3,agent,combinado,name,desc,500,1,1.541,0,
f4_v3_idx3,v3,agent,combinado,name,desc,500,2,1.47,0,
f4_v3_idx3,v3,agent,combinado,name,desc,500,3,1.454,0,
f4_v3_idx3,v3,agent,combinado,name,desc,500,4,1.624,0,
f4_v3_idx3,v3,agent,combinado,name,desc,500,5,1.441,0,
f4_v3_idx3,v3,agent,combinado,name,desc,500,6,1.446,0,
f4_v3_idx3,v3,agent,combinado,created_at,asc,0,1,1.908,1,1
f4_v3_idx3,v3,agent,combinado,created_at,asc,0,2,1.692,1,1
f4_v3_idx3,v3,agent,combinado,created_at,asc,0,3,1.606,1,1
f4_v3_idx3,v3,agent,combinado,created_at,asc,0,4,1.407,1,1
f4_v3_idx3,v3,agent,combinado,created_at,asc,0,5,1.545,1,1
f4_v3_idx3,v3,agent,combinado,created_at,asc,0,6,1.729,1,1
f4_v3_idx3,v3,agent,combinado,created_at,asc,500,1,1.306,0,
f4_v3_idx3,v3,agent,combinado,created_at,asc,500,2,1.348,0,
f4_v3_idx3,v3,agent,combinado,created_at,asc,500,3,1.715,0,
f4_v3_idx3,v3,agent,combinado,created_at,asc,500,4,1.498,0,
f4_v3_idx3,v3,agent,combinado,created_at,asc,500,5,1.544,0,
f4_v3_idx3,v3,agent,combinado,created_at,asc,500,6,1.335,0,
f4_v3_idx3,v3,agent,combinado,created_at,desc,0,1,1.321,1,1
f4_v3_idx3,v3,agent,combinado,created_at,desc,0,2,1.401,1,1
f4_v3_idx3,v3,agent,combinado,created_at,desc,0,3,1.404,1,1
f4_v3_idx3,v3,agent,combinado,created_at,desc,0,4,1.295,1,1
f4_v3_idx3,v3,agent,combinado,created_at,desc,0,5,1.261,1,1
f4_v3_idx3,v3,agent,combinado,created_at,desc,0,6,1.316,1,1
f4_v3_idx3,v3,agent,combinado,created_at,desc,500,1,1.308,0,
f4_v3_idx3,v3,agent,combinado,created_at,desc,500,2,1.19,0,
f4_v3_idx3,v3,agent,combinado,created_at,desc,500,3,1.343,0,
f4_v3_idx3,v3,agent,combinado,created_at,desc,500,4,1.232,0,
f4_v3_idx3,v3,agent,combinado,created_at,desc,500,5,1.343,0,
f4_v3_idx3,v3,agent,combinado,created_at,desc,500,6,1.507,0,
f4_v3_idx3,v3,agent,combinado,company,asc,0,1,1.389,1,1
f4_v3_idx3,v3,agent,combinado,company,asc,0,2,1.375,1,1
f4_v3_idx3,v3,agent,combinado,company,asc,0,3,1.662,1,1
f4_v3_idx3,v3,agent,combinado,company,asc,0,4,1.358,1,1
f4_v3_idx3,v3,agent,combinado,company,asc,0,5,1.349,1,1
f4_v3_idx3,v3,agent,combinado,company,asc,0,6,1.338,1,1
f4_v3_idx3,v3,agent,combinado,company,asc,500,1,1.437,0,
f4_v3_idx3,v3,agent,combinado,company,asc,500,2,1.307,0,
f4_v3_idx3,v3,agent,combinado,company,asc,500,3,1.262,0,
f4_v3_idx3,v3,agent,combinado,company,asc,500,4,1.364,0,
f4_v3_idx3,v3,agent,combinado,company,asc,500,5,1.336,0,
f4_v3_idx3,v3,agent,combinado,company,asc,500,6,1.415,0,
f4_v3_idx3,v3,agent,combinado,company,desc,0,1,1.32,1,1
f4_v3_idx3,v3,agent,combinado,company,desc,0,2,1.352,1,1
f4_v3_idx3,v3,agent,combinado,company,desc,0,3,1.318,1,1
f4_v3_idx3,v3,agent,combinado,company,desc,0,4,1.357,1,1
f4_v3_idx3,v3,agent,combinado,company,desc,0,5,1.416,1,1
f4_v3_idx3,v3,agent,combinado,company,desc,0,6,1.366,1,1
f4_v3_idx3,v3,agent,combinado,company,desc,500,1,1.256,0,
f4_v3_idx3,v3,agent,combinado,company,desc,500,2,1.717,0,
f4_v3_idx3,v3,agent,combinado,company,desc,500,3,1.68,0,
f4_v3_idx3,v3,agent,combinado,company,desc,500,4,1.513,0,
f4_v3_idx3,v3,agent,combinado,company,desc,500,5,1.463,0,
f4_v3_idx3,v3,agent,combinado,company,desc,500,6,1.231,0,
