phase,variant,caller,scenario,sort_field,sort_dir,page_offset,run,ms,rows_out,total_count
f1_v0_base,v0,agent,__overhead_wrapper__,-,-,-1,0,0.279,0,0
f1_v0_base,v0,agent,sem_filtro,name,asc,0,1,23.573,50,861
f1_v0_base,v0,agent,sem_filtro,name,asc,0,2,24.007,50,861
f1_v0_base,v0,agent,sem_filtro,name,asc,0,3,22.169,50,861
f1_v0_base,v0,agent,sem_filtro,name,asc,0,4,22.775,50,861
f1_v0_base,v0,agent,sem_filtro,name,asc,0,5,19.843,50,861
f1_v0_base,v0,agent,sem_filtro,name,asc,0,6,22.804,50,861
f1_v0_base,v0,agent,sem_filtro,name,asc,500,1,20.814,50,861
f1_v0_base,v0,agent,sem_filtro,name,asc,500,2,20.997,50,861
f1_v0_base,v0,agent,sem_filtro,name,asc,500,3,20.182,50,861
f1_v0_base,v0,agent,sem_filtro,name,asc,500,4,20.884,50,861
f1_v0_base,v0,agent,sem_filtro,name,asc,500,5,20.528,50,861
f1_v0_base,v0,agent,sem_filtro,name,asc,500,6,21.909,50,861
f1_v0_base,v0,agent,sem_filtro,name,desc,0,1,20.196,50,861
f1_v0_base,v0,agent,sem_filtro,name,desc,0,2,20.954,50,861
f1_v0_base,v0,agent,sem_filtro,name,desc,0,3,20.989,50,861
f1_v0_base,v0,agent,sem_filtro,name,desc,0,4,21.372,50,861
f1_v0_base,v0,agent,sem_filtro,name,desc,0,5,21.222,50,861
f1_v0_base,v0,agent,sem_filtro,name,desc,0,6,21.862,50,861
f1_v0_base,v0,agent,sem_filtro,name,desc,500,1,20.659,50,861
f1_v0_base,v0,agent,sem_filtro,name,desc,500,2,20.623,50,861
f1_v0_base,v0,agent,sem_filtro,name,desc,500,3,19.195,50,861
f1_v0_base,v0,agent,sem_filtro,name,desc,500,4,19.685,50,861
f1_v0_base,v0,agent,sem_filtro,name,desc,500,5,20.123,50,861
f1_v0_base,v0,agent,sem_filtro,name,desc,500,6,19.141,50,861
f1_v0_base,v0,agent,sem_filtro,created_at,asc,0,1,22.709,50,861
f1_v0_base,v0,agent,sem_filtro,created_at,asc,0,2,20.559,50,861
f1_v0_base,v0,agent,sem_filtro,created_at,asc,0,3,19.537,50,861
f1_v0_base,v0,agent,sem_filtro,created_at,asc,0,4,19.114,50,861
f1_v0_base,v0,agent,sem_filtro,created_at,asc,0,5,19.101,50,861
f1_v0_base,v0,agent,sem_filtro,created_at,asc,0,6,19.969,50,861
f1_v0_base,v0,agent,sem_filtro,created_at,asc,500,1,20.804,50,861
f1_v0_base,v0,agent,sem_filtro,created_at,asc,500,2,23.999,50,861
f1_v0_base,v0,agent,sem_filtro,created_at,asc,500,3,21.489,50,861
f1_v0_base,v0,agent,sem_filtro,created_at,asc,500,4,26.057,50,861
f1_v0_base,v0,agent,sem_filtro,created_at,asc,500,5,23.313,50,861
f1_v0_base,v0,agent,sem_filtro,created_at,asc,500,6,22.923,50,861
f1_v0_base,v0,agent,sem_filtro,created_at,desc,0,1,22.151,50,861
f1_v0_base,v0,agent,sem_filtro,created_at,desc,0,2,24.381,50,861
f1_v0_base,v0,agent,sem_filtro,created_at,desc,0,3,21.137,50,861
f1_v0_base,v0,agent,sem_filtro,created_at,desc,0,4,22.591,50,861
f1_v0_base,v0,agent,sem_filtro,created_at,desc,0,5,20.92,50,861
f1_v0_base,v0,agent,sem_filtro,created_at,desc,0,6,20.469,50,861
f1_v0_base,v0,agent,sem_filtro,created_at,desc,500,1,22.076,50,861
f1_v0_base,v0,agent,sem_filtro,created_at,desc,500,2,22.211,50,861
f1_v0_base,v0,agent,sem_filtro,created_at,desc,500,3,21.364,50,861
f1_v0_base,v0,agent,sem_filtro,created_at,desc,500,4,18.964,50,861
f1_v0_base,v0,agent,sem_filtro,created_at,desc,500,5,19.393,50,861
f1_v0_base,v0,agent,sem_filtro,created_at,desc,500,6,19.51,50,861
f1_v0_base,v0,agent,sem_filtro,company,asc,0,1,20.97,50,861
f1_v0_base,v0,agent,sem_filtro,company,asc,0,2,20.869,50,861
f1_v0_base,v0,agent,sem_filtro,company,asc,0,3,22.82,50,861
f1_v0_base,v0,agent,sem_filtro,company,asc,0,4,20.162,50,861
f1_v0_base,v0,agent,sem_filtro,company,asc,0,5,20.074,50,861
f1_v0_base,v0,agent,sem_filtro,company,asc,0,6,20.746,50,861
f1_v0_base,v0,agent,sem_filtro,company,asc,500,1,20.704,50,861
f1_v0_base,v0,agent,sem_filtro,company,asc,500,2,21.184,50,861
f1_v0_base,v0,agent,sem_filtro,company,asc,500,3,21.485,50,861
f1_v0_base,v0,agent,sem_filtro,company,asc,500,4,25.687,50,861
f1_v0_base,v0,agent,sem_filtro,company,asc,500,5,23.482,50,861
f1_v0_base,v0,agent,sem_filtro,company,asc,500,6,26.095,50,861
f1_v0_base,v0,agent,sem_filtro,company,desc,0,1,24.962,50,861
f1_v0_base,v0,agent,sem_filtro,company,desc,0,2,23.629,50,861
f1_v0_base,v0,agent,sem_filtro,company,desc,0,3,28.679,50,861
f1_v0_base,v0,agent,sem_filtro,company,desc,0,4,24.623,50,861
f1_v0_base,v0,agent,sem_filtro,company,desc,0,5,22.174,50,861
f1_v0_base,v0,agent,sem_filtro,company,desc,0,6,21.126,50,861
f1_v0_base,v0,agent,sem_filtro,company,desc,500,1,19.126,50,861
f1_v0_base,v0,agent,sem_filtro,company,desc,500,2,21.461,50,861
f1_v0_base,v0,agent,sem_filtro,company,desc,500,3,21.044,50,861
f1_v0_base,v0,agent,sem_filtro,company,desc,500,4,20.935,50,861
f1_v0_base,v0,agent,sem_filtro,company,desc,500,5,20.594,50,861
f1_v0_base,v0,agent,sem_filtro,company,desc,500,6,20.979,50,861
f1_v0_base,v0,agent,termo_nome_5ch,name,asc,0,1,8.663,50,109
f1_v0_base,v0,agent,termo_nome_5ch,name,asc,0,2,8.642,50,109
f1_v0_base,v0,agent,termo_nome_5ch,name,asc,0,3,7.92,50,109
f1_v0_base,v0,agent,termo_nome_5ch,name,asc,0,4,10.174,50,109
f1_v0_base,v0,agent,termo_nome_5ch,name,asc,0,5,7.836,50,109
f1_v0_base,v0,agent,termo_nome_5ch,name,asc,0,6,7.64,50,109
f1_v0_base,v0,agent,termo_nome_5ch,name,asc,500,1,8.179,0,
f1_v0_base,v0,agent,termo_nome_5ch,name,asc,500,2,7.565,0,
f1_v0_base,v0,agent,termo_nome_5ch,name,asc,500,3,8.87,0,
f1_v0_base,v0,agent,termo_nome_5ch,name,asc,500,4,7.664,0,
f1_v0_base,v0,agent,termo_nome_5ch,name,asc,500,5,10.066,0,
f1_v0_base,v0,agent,termo_nome_5ch,name,asc,500,6,7.446,0,
f1_v0_base,v0,agent,termo_nome_5ch,name,desc,0,1,9.323,50,109
f1_v0_base,v0,agent,termo_nome_5ch,name,desc,0,2,8.965,50,109
f1_v0_base,v0,agent,termo_nome_5ch,name,desc,0,3,9.185,50,109
f1_v0_base,v0,agent,termo_nome_5ch,name,desc,0,4,9.175,50,109
f1_v0_base,v0,agent,termo_nome_5ch,name,desc,0,5,10.04,50,109
f1_v0_base,v0,agent,termo_nome_5ch,name,desc,0,6,9.6,50,109
f1_v0_base,v0,agent,termo_nome_5ch,name,desc,500,1,9.766,0,
f1_v0_base,v0,agent,termo_nome_5ch,name,desc,500,2,9.401,0,
f1_v0_base,v0,agent,termo_nome_5ch,name,desc,500,3,9.546,0,
f1_v0_base,v0,agent,termo_nome_5ch,name,desc,500,4,9.496,0,
f1_v0_base,v0,agent,termo_nome_5ch,name,desc,500,5,10.952,0,
f1_v0_base,v0,agent,termo_nome_5ch,name,desc,500,6,8.551,0,
f1_v0_base,v0,agent,termo_nome_5ch,created_at,asc,0,1,8.638,50,109
f1_v0_base,v0,agent,termo_nome_5ch,created_at,asc,0,2,7.259,50,109
f1_v0_base,v0,agent,termo_nome_5ch,created_at,asc,0,3,8.535,50,109
f1_v0_base,v0,agent,termo_nome_5ch,created_at,asc,0,4,7.234,50,109
f1_v0_base,v0,agent,termo_nome_5ch,created_at,asc,0,5,8.885,50,109
f1_v0_base,v0,agent,termo_nome_5ch,created_at,asc,0,6,7.717,50,109
f1_v0_base,v0,agent,termo_nome_5ch,created_at,asc,500,1,7.91,0,
f1_v0_base,v0,agent,termo_nome_5ch,created_at,asc,500,2,7.334,0,
f1_v0_base,v0,agent,termo_nome_5ch,created_at,asc,500,3,7.509,0,
f1_v0_base,v0,agent,termo_nome_5ch,created_at,asc,500,4,7.16,0,
f1_v0_base,v0,agent,termo_nome_5ch,created_at,asc,500,5,7.899,0,
f1_v0_base,v0,agent,termo_nome_5ch,created_at,asc,500,6,7.059,0,
f1_v0_base,v0,agent,termo_nome_5ch,created_at,desc,0,1,8.047,50,109
f1_v0_base,v0,agent,termo_nome_5ch,created_at,desc,0,2,8.036,50,109
f1_v0_base,v0,agent,termo_nome_5ch,created_at,desc,0,3,7.479,50,109
f1_v0_base,v0,agent,termo_nome_5ch,created_at,desc,0,4,7.799,50,109
f1_v0_base,v0,agent,termo_nome_5ch,created_at,desc,0,5,7.222,50,109
f1_v0_base,v0,agent,termo_nome_5ch,created_at,desc,0,6,7.449,50,109
f1_v0_base,v0,agent,termo_nome_5ch,created_at,desc,500,1,7.393,0,
f1_v0_base,v0,agent,termo_nome_5ch,created_at,desc,500,2,7.477,0,
f1_v0_base,v0,agent,termo_nome_5ch,created_at,desc,500,3,7.967,0,
f1_v0_base,v0,agent,termo_nome_5ch,created_at,desc,500,4,6.56,0,
f1_v0_base,v0,agent,termo_nome_5ch,created_at,desc,500,5,7.652,0,
f1_v0_base,v0,agent,termo_nome_5ch,created_at,desc,500,6,6.922,0,
f1_v0_base,v0,agent,termo_nome_5ch,company,asc,0,1,6.973,50,109
f1_v0_base,v0,agent,termo_nome_5ch,company,asc,0,2,7.227,50,109
f1_v0_base,v0,agent,termo_nome_5ch,company,asc,0,3,6.651,50,109
f1_v0_base,v0,agent,termo_nome_5ch,company,asc,0,4,6.866,50,109
f1_v0_base,v0,agent,termo_nome_5ch,company,asc,0,5,6.832,50,109
f1_v0_base,v0,agent,termo_nome_5ch,company,asc,0,6,7.038,50,109
f1_v0_base,v0,agent,termo_nome_5ch,company,asc,500,1,6.933,0,
f1_v0_base,v0,agent,termo_nome_5ch,company,asc,500,2,6.985,0,
f1_v0_base,v0,agent,termo_nome_5ch,company,asc,500,3,7.553,0,
f1_v0_base,v0,agent,termo_nome_5ch,company,asc,500,4,6.974,0,
f1_v0_base,v0,agent,termo_nome_5ch,company,asc,500,5,7.619,0,
f1_v0_base,v0,agent,termo_nome_5ch,company,asc,500,6,6.962,0,
f1_v0_base,v0,agent,termo_nome_5ch,company,desc,0,1,7.244,50,109
f1_v0_base,v0,agent,termo_nome_5ch,company,desc,0,2,8.826,50,109
f1_v0_base,v0,agent,termo_nome_5ch,company,desc,0,3,9.324,50,109
f1_v0_base,v0,agent,termo_nome_5ch,company,desc,0,4,9.057,50,109
f1_v0_base,v0,agent,termo_nome_5ch,company,desc,0,5,7.385,50,109
f1_v0_base,v0,agent,termo_nome_5ch,company,desc,0,6,7.669,50,109
f1_v0_base,v0,agent,termo_nome_5ch,company,desc,500,1,7.538,0,
f1_v0_base,v0,agent,termo_nome_5ch,company,desc,500,2,8.254,0,
f1_v0_base,v0,agent,termo_nome_5ch,company,desc,500,3,7.681,0,
f1_v0_base,v0,agent,termo_nome_5ch,company,desc,500,4,8.448,0,
f1_v0_base,v0,agent,termo_nome_5ch,company,desc,500,5,7.213,0,
f1_v0_base,v0,agent,termo_nome_5ch,company,desc,500,6,7.43,0,
f1_v0_base,v0,agent,termo_empresa,name,asc,0,1,7.485,50,88
f1_v0_base,v0,agent,termo_empresa,name,asc,0,2,6.997,50,88
f1_v0_base,v0,agent,termo_empresa,name,asc,0,3,7.332,50,88
f1_v0_base,v0,agent,termo_empresa,name,asc,0,4,7.028,50,88
f1_v0_base,v0,agent,termo_empresa,name,asc,0,5,8.913,50,88
f1_v0_base,v0,agent,termo_empresa,name,asc,0,6,9.193,50,88
f1_v0_base,v0,agent,termo_empresa,name,asc,500,1,7.658,0,
f1_v0_base,v0,agent,termo_empresa,name,asc,500,2,8.754,0,
f1_v0_base,v0,agent,termo_empresa,name,asc,500,3,7.819,0,
f1_v0_base,v0,agent,termo_empresa,name,asc,500,4,9.11,0,
f1_v0_base,v0,agent,termo_empresa,name,asc,500,5,7.858,0,
f1_v0_base,v0,agent,termo_empresa,name,asc,500,6,8.875,0,
f1_v0_base,v0,agent,termo_empresa,name,desc,0,1,7.875,50,88
f1_v0_base,v0,agent,termo_empresa,name,desc,0,2,8.783,50,88
f1_v0_base,v0,agent,termo_empresa,name,desc,0,3,8.76,50,88
f1_v0_base,v0,agent,termo_empresa,name,desc,0,4,7.608,50,88
f1_v0_base,v0,agent,termo_empresa,name,desc,0,5,7.554,50,88
f1_v0_base,v0,agent,termo_empresa,name,desc,0,6,7.565,50,88
f1_v0_base,v0,agent,termo_empresa,name,desc,500,1,7.116,0,
f1_v0_base,v0,agent,termo_empresa,name,desc,500,2,7.469,0,
f1_v0_base,v0,agent,termo_empresa,name,desc,500,3,7.027,0,
f1_v0_base,v0,agent,termo_empresa,name,desc,500,4,7.064,0,
f1_v0_base,v0,agent,termo_empresa,name,desc,500,5,7.371,0,
f1_v0_base,v0,agent,termo_empresa,name,desc,500,6,6.568,0,
f1_v0_base,v0,agent,termo_empresa,created_at,asc,0,1,6.941,50,88
f1_v0_base,v0,agent,termo_empresa,created_at,asc,0,2,7.061,50,88
f1_v0_base,v0,agent,termo_empresa,created_at,asc,0,3,7.05,50,88
f1_v0_base,v0,agent,termo_empresa,created_at,asc,0,4,7.084,50,88
f1_v0_base,v0,agent,termo_empresa,created_at,asc,0,5,6.5,50,88
f1_v0_base,v0,agent,termo_empresa,created_at,asc,0,6,6.753,50,88
f1_v0_base,v0,agent,termo_empresa,created_at,asc,500,1,7.37,0,
f1_v0_base,v0,agent,termo_empresa,created_at,asc,500,2,7.154,0,
f1_v0_base,v0,agent,termo_empresa,created_at,asc,500,3,8.149,0,
f1_v0_base,v0,agent,termo_empresa,created_at,asc,500,4,6.627,0,
f1_v0_base,v0,agent,termo_empresa,created_at,asc,500,5,7.751,0,
f1_v0_base,v0,agent,termo_empresa,created_at,asc,500,6,7.585,0,
f1_v0_base,v0,agent,termo_empresa,created_at,desc,0,1,7.523,50,88
f1_v0_base,v0,agent,termo_empresa,created_at,desc,0,2,7.331,50,88
f1_v0_base,v0,agent,termo_empresa,created_at,desc,0,3,9.113,50,88
f1_v0_base,v0,agent,termo_empresa,created_at,desc,0,4,8.923,50,88
f1_v0_base,v0,agent,termo_empresa,created_at,desc,0,5,8.417,50,88
f1_v0_base,v0,agent,termo_empresa,created_at,desc,0,6,7.902,50,88
f1_v0_base,v0,agent,termo_empresa,created_at,desc,500,1,7.608,0,
f1_v0_base,v0,agent,termo_empresa,created_at,desc,500,2,7.919,0,
f1_v0_base,v0,agent,termo_empresa,created_at,desc,500,3,7.731,0,
f1_v0_base,v0,agent,termo_empresa,created_at,desc,500,4,8.447,0,
f1_v0_base,v0,agent,termo_empresa,created_at,desc,500,5,7.559,0,
f1_v0_base,v0,agent,termo_empresa,created_at,desc,500,6,8.326,0,
f1_v0_base,v0,agent,termo_empresa,company,asc,0,1,7.67,50,88
f1_v0_base,v0,agent,termo_empresa,company,asc,0,2,8.056,50,88
f1_v0_base,v0,agent,termo_empresa,company,asc,0,3,8.377,50,88
f1_v0_base,v0,agent,termo_empresa,company,asc,0,4,7.667,50,88
f1_v0_base,v0,agent,termo_empresa,company,asc,0,5,7.21,50,88
f1_v0_base,v0,agent,termo_empresa,company,asc,0,6,6.985,50,88
f1_v0_base,v0,agent,termo_empresa,company,asc,500,1,7.202,0,
f1_v0_base,v0,agent,termo_empresa,company,asc,500,2,6.911,0,
f1_v0_base,v0,agent,termo_empresa,company,asc,500,3,7.776,0,
f1_v0_base,v0,agent,termo_empresa,company,asc,500,4,7.027,0,
f1_v0_base,v0,agent,termo_empresa,company,asc,500,5,8.456,0,
f1_v0_base,v0,agent,termo_empresa,company,asc,500,6,7.48,0,
f1_v0_base,v0,agent,termo_empresa,company,desc,0,1,8.074,50,88
f1_v0_base,v0,agent,termo_empresa,company,desc,0,2,7.763,50,88
f1_v0_base,v0,agent,termo_empresa,company,desc,0,3,7.025,50,88
f1_v0_base,v0,agent,termo_empresa,company,desc,0,4,7.498,50,88
f1_v0_base,v0,agent,termo_empresa,company,desc,0,5,7.543,50,88
f1_v0_base,v0,agent,termo_empresa,company,desc,0,6,7.739,50,88
f1_v0_base,v0,agent,termo_empresa,company,desc,500,1,7.438,0,
f1_v0_base,v0,agent,termo_empresa,company,desc,500,2,7.605,0,
f1_v0_base,v0,agent,termo_empresa,company,desc,500,3,7.11,0,
f1_v0_base,v0,agent,termo_empresa,company,desc,500,4,7.787,0,
f1_v0_base,v0,agent,termo_empresa,company,desc,500,5,7.149,0,
f1_v0_base,v0,agent,termo_empresa,company,desc,500,6,7.406,0,
f1_v0_base,v0,agent,filtro_tipo,name,asc,0,1,5.483,50,158
f1_v0_base,v0,agent,filtro_tipo,name,asc,0,2,5.13,50,158
f1_v0_base,v0,agent,filtro_tipo,name,asc,0,3,4.387,50,158
f1_v0_base,v0,agent,filtro_tipo,name,asc,0,4,4.258,50,158
f1_v0_base,v0,agent,filtro_tipo,name,asc,0,5,4.875,50,158
f1_v0_base,v0,agent,filtro_tipo,name,asc,0,6,5.397,50,158
f1_v0_base,v0,agent,filtro_tipo,name,asc,500,1,4.849,0,
f1_v0_base,v0,agent,filtro_tipo,name,asc,500,2,4.647,0,
f1_v0_base,v0,agent,filtro_tipo,name,asc,500,3,4.711,0,
f1_v0_base,v0,agent,filtro_tipo,name,asc,500,4,5.29,0,
f1_v0_base,v0,agent,filtro_tipo,name,asc,500,5,4.755,0,
f1_v0_base,v0,agent,filtro_tipo,name,asc,500,6,4.567,0,
f1_v0_base,v0,agent,filtro_tipo,name,desc,0,1,4.237,50,158
f1_v0_base,v0,agent,filtro_tipo,name,desc,0,2,5.219,50,158
f1_v0_base,v0,agent,filtro_tipo,name,desc,0,3,5.216,50,158
f1_v0_base,v0,agent,filtro_tipo,name,desc,0,4,4.569,50,158
f1_v0_base,v0,agent,filtro_tipo,name,desc,0,5,6.31,50,158
f1_v0_base,v0,agent,filtro_tipo,name,desc,0,6,7.173,50,158
f1_v0_base,v0,agent,filtro_tipo,name,desc,500,1,5.56,0,
f1_v0_base,v0,agent,filtro_tipo,name,desc,500,2,6.283,0,
f1_v0_base,v0,agent,filtro_tipo,name,desc,500,3,5.422,0,
f1_v0_base,v0,agent,filtro_tipo,name,desc,500,4,5.123,0,
f1_v0_base,v0,agent,filtro_tipo,name,desc,500,5,6.866,0,
f1_v0_base,v0,agent,filtro_tipo,name,desc,500,6,5.355,0,
f1_v0_base,v0,agent,filtro_tipo,created_at,asc,0,1,4.976,50,158
f1_v0_base,v0,agent,filtro_tipo,created_at,asc,0,2,4.553,50,158
f1_v0_base,v0,agent,filtro_tipo,created_at,asc,0,3,4.516,50,158
f1_v0_base,v0,agent,filtro_tipo,created_at,asc,0,4,4.491,50,158
f1_v0_base,v0,agent,filtro_tipo,created_at,asc,0,5,5.093,50,158
f1_v0_base,v0,agent,filtro_tipo,created_at,asc,0,6,4.596,50,158
f1_v0_base,v0,agent,filtro_tipo,created_at,asc,500,1,4.792,0,
f1_v0_base,v0,agent,filtro_tipo,created_at,asc,500,2,4.685,0,
f1_v0_base,v0,agent,filtro_tipo,created_at,asc,500,3,4.551,0,
f1_v0_base,v0,agent,filtro_tipo,created_at,asc,500,4,4.719,0,
f1_v0_base,v0,agent,filtro_tipo,created_at,asc,500,5,4.238,0,
f1_v0_base,v0,agent,filtro_tipo,created_at,asc,500,6,4.729,0,
f1_v0_base,v0,agent,filtro_tipo,created_at,desc,0,1,5.018,50,158
f1_v0_base,v0,agent,filtro_tipo,created_at,desc,0,2,5.113,50,158
f1_v0_base,v0,agent,filtro_tipo,created_at,desc,0,3,4.86,50,158
f1_v0_base,v0,agent,filtro_tipo,created_at,desc,0,4,5.278,50,158
f1_v0_base,v0,agent,filtro_tipo,created_at,desc,0,5,4.996,50,158
f1_v0_base,v0,agent,filtro_tipo,created_at,desc,0,6,4.667,50,158
f1_v0_base,v0,agent,filtro_tipo,created_at,desc,500,1,4.545,0,
f1_v0_base,v0,agent,filtro_tipo,created_at,desc,500,2,4.208,0,
f1_v0_base,v0,agent,filtro_tipo,created_at,desc,500,3,4.441,0,
f1_v0_base,v0,agent,filtro_tipo,created_at,desc,500,4,3.961,0,
f1_v0_base,v0,agent,filtro_tipo,created_at,desc,500,5,4.39,0,
f1_v0_base,v0,agent,filtro_tipo,created_at,desc,500,6,4.208,0,
f1_v0_base,v0,agent,filtro_tipo,company,asc,0,1,5.08,50,158
f1_v0_base,v0,agent,filtro_tipo,company,asc,0,2,4.776,50,158
f1_v0_base,v0,agent,filtro_tipo,company,asc,0,3,4.147,50,158
f1_v0_base,v0,agent,filtro_tipo,company,asc,0,4,5.13,50,158
f1_v0_base,v0,agent,filtro_tipo,company,asc,0,5,4.598,50,158
f1_v0_base,v0,agent,filtro_tipo,company,asc,0,6,4.565,50,158
f1_v0_base,v0,agent,filtro_tipo,company,asc,500,1,4.749,0,
f1_v0_base,v0,agent,filtro_tipo,company,asc,500,2,4.237,0,
f1_v0_base,v0,agent,filtro_tipo,company,asc,500,3,4.42,0,
f1_v0_base,v0,agent,filtro_tipo,company,asc,500,4,5.092,0,
f1_v0_base,v0,agent,filtro_tipo,company,asc,500,5,4.028,0,
f1_v0_base,v0,agent,filtro_tipo,company,asc,500,6,4.123,0,
f1_v0_base,v0,agent,filtro_tipo,company,desc,0,1,4.444,50,158
f1_v0_base,v0,agent,filtro_tipo,company,desc,0,2,4.156,50,158
f1_v0_base,v0,agent,filtro_tipo,company,desc,0,3,4.42,50,158
f1_v0_base,v0,agent,filtro_tipo,company,desc,0,4,4.454,50,158
f1_v0_base,v0,agent,filtro_tipo,company,desc,0,5,4.173,50,158
f1_v0_base,v0,agent,filtro_tipo,company,desc,0,6,4.35,50,158
f1_v0_base,v0,agent,filtro_tipo,company,desc,500,1,4.125,0,
f1_v0_base,v0,agent,filtro_tipo,company,desc,500,2,3.87,0,
f1_v0_base,v0,agent,filtro_tipo,company,desc,500,3,5.115,0,
f1_v0_base,v0,agent,filtro_tipo,company,desc,500,4,4.2,0,
f1_v0_base,v0,agent,filtro_tipo,company,desc,500,5,3.986,0,
f1_v0_base,v0,agent,filtro_tipo,company,desc,500,6,4.749,0,
f1_v0_base,v0,agent,filtro_tag,name,asc,0,1,2.579,50,71
f1_v0_base,v0,agent,filtro_tag,name,asc,0,2,2.57,50,71
f1_v0_base,v0,agent,filtro_tag,name,asc,0,3,2.878,50,71
f1_v0_base,v0,agent,filtro_tag,name,asc,0,4,3.212,50,71
f1_v0_base,v0,agent,filtro_tag,name,asc,0,5,2.698,50,71
f1_v0_base,v0,agent,filtro_tag,name,asc,0,6,2.753,50,71
f1_v0_base,v0,agent,filtro_tag,name,asc,500,1,2.995,0,
f1_v0_base,v0,agent,filtro_tag,name,asc,500,2,3.232,0,
f1_v0_base,v0,agent,filtro_tag,name,asc,500,3,2.609,0,
f1_v0_base,v0,agent,filtro_tag,name,asc,500,4,2.665,0,
f1_v0_base,v0,agent,filtro_tag,name,asc,500,5,2.598,0,
f1_v0_base,v0,agent,filtro_tag,name,asc,500,6,2.494,0,
f1_v0_base,v0,agent,filtro_tag,name,desc,0,1,2.678,50,71
f1_v0_base,v0,agent,filtro_tag,name,desc,0,2,2.646,50,71
f1_v0_base,v0,agent,filtro_tag,name,desc,0,3,2.365,50,71
f1_v0_base,v0,agent,filtro_tag,name,desc,0,4,2.259,50,71
f1_v0_base,v0,agent,filtro_tag,name,desc,0,5,2.37,50,71
f1_v0_base,v0,agent,filtro_tag,name,desc,0,6,2.636,50,71
f1_v0_base,v0,agent,filtro_tag,name,desc,500,1,2.365,0,
f1_v0_base,v0,agent,filtro_tag,name,desc,500,2,2.359,0,
f1_v0_base,v0,agent,filtro_tag,name,desc,500,3,2.412,0,
f1_v0_base,v0,agent,filtro_tag,name,desc,500,4,2.898,0,
f1_v0_base,v0,agent,filtro_tag,name,desc,500,5,2.6,0,
f1_v0_base,v0,agent,filtro_tag,name,desc,500,6,2.532,0,
f1_v0_base,v0,agent,filtro_tag,created_at,asc,0,1,2.675,50,71
f1_v0_base,v0,agent,filtro_tag,created_at,asc,0,2,2.835,50,71
f1_v0_base,v0,agent,filtro_tag,created_at,asc,0,3,2.98,50,71
f1_v0_base,v0,agent,filtro_tag,created_at,asc,0,4,2.439,50,71
f1_v0_base,v0,agent,filtro_tag,created_at,asc,0,5,2.384,50,71
f1_v0_base,v0,agent,filtro_tag,created_at,asc,0,6,2.339,50,71
f1_v0_base,v0,agent,filtro_tag,created_at,asc,500,1,2.826,0,
f1_v0_base,v0,agent,filtro_tag,created_at,asc,500,2,2.321,0,
f1_v0_base,v0,agent,filtro_tag,created_at,asc,500,3,2.634,0,
f1_v0_base,v0,agent,filtro_tag,created_at,asc,500,4,2.574,0,
f1_v0_base,v0,agent,filtro_tag,created_at,asc,500,5,2.275,0,
f1_v0_base,v0,agent,filtro_tag,created_at,asc,500,6,2.998,0,
f1_v0_base,v0,agent,filtro_tag,created_at,desc,0,1,2.768,50,71
f1_v0_base,v0,agent,filtro_tag,created_at,desc,0,2,2.58,50,71
f1_v0_base,v0,agent,filtro_tag,created_at,desc,0,3,2.33,50,71
f1_v0_base,v0,agent,filtro_tag,created_at,desc,0,4,2.848,50,71
f1_v0_base,v0,agent,filtro_tag,created_at,desc,0,5,2.992,50,71
f1_v0_base,v0,agent,filtro_tag,created_at,desc,0,6,3.175,50,71
f1_v0_base,v0,agent,filtro_tag,created_at,desc,500,1,2.672,0,
f1_v0_base,v0,agent,filtro_tag,created_at,desc,500,2,3.747,0,
f1_v0_base,v0,agent,filtro_tag,created_at,desc,500,3,2.987,0,
f1_v0_base,v0,agent,filtro_tag,created_at,desc,500,4,2.728,0,
f1_v0_base,v0,agent,filtro_tag,created_at,desc,500,5,2.642,0,
f1_v0_base,v0,agent,filtro_tag,created_at,desc,500,6,2.491,0,
f1_v0_base,v0,agent,filtro_tag,company,asc,0,1,2.782,50,71
f1_v0_base,v0,agent,filtro_tag,company,asc,0,2,2.8,50,71
f1_v0_base,v0,agent,filtro_tag,company,asc,0,3,2.561,50,71
f1_v0_base,v0,agent,filtro_tag,company,asc,0,4,2.45,50,71
f1_v0_base,v0,agent,filtro_tag,company,asc,0,5,2.424,50,71
f1_v0_base,v0,agent,filtro_tag,company,asc,0,6,2.909,50,71
f1_v0_base,v0,agent,filtro_tag,company,asc,500,1,2.326,0,
f1_v0_base,v0,agent,filtro_tag,company,asc,500,2,2.272,0,
f1_v0_base,v0,agent,filtro_tag,company,asc,500,3,1.95,0,
f1_v0_base,v0,agent,filtro_tag,company,asc,500,4,2.534,0,
f1_v0_base,v0,agent,filtro_tag,company,asc,500,5,3.636,0,
f1_v0_base,v0,agent,filtro_tag,company,asc,500,6,2.48,0,
f1_v0_base,v0,agent,filtro_tag,company,desc,0,1,2.381,50,71
f1_v0_base,v0,agent,filtro_tag,company,desc,0,2,2.54,50,71
f1_v0_base,v0,agent,filtro_tag,company,desc,0,3,2.998,50,71
f1_v0_base,v0,agent,filtro_tag,company,desc,0,4,2.515,50,71
f1_v0_base,v0,agent,filtro_tag,company,desc,0,5,2.47,50,71
f1_v0_base,v0,agent,filtro_tag,company,desc,0,6,2.609,50,71
f1_v0_base,v0,agent,filtro_tag,company,desc,500,1,2.693,0,
f1_v0_base,v0,agent,filtro_tag,company,desc,500,2,2.665,0,
f1_v0_base,v0,agent,filtro_tag,company,desc,500,3,2.57,0,
f1_v0_base,v0,agent,filtro_tag,company,desc,500,4,2.309,0,
f1_v0_base,v0,agent,filtro_tag,company,desc,500,5,2.415,0,
f1_v0_base,v0,agent,filtro_tag,company,desc,500,6,2.515,0,
f1_v0_base,v0,agent,intervalo_data,name,asc,0,1,4.881,50,207
f1_v0_base,v0,agent,intervalo_data,name,asc,0,2,4.535,50,207
f1_v0_base,v0,agent,intervalo_data,name,asc,0,3,4.832,50,207
f1_v0_base,v0,agent,intervalo_data,name,asc,0,4,4.682,50,207
f1_v0_base,v0,agent,intervalo_data,name,asc,0,5,4.512,50,207
f1_v0_base,v0,agent,intervalo_data,name,asc,0,6,5.568,50,207
f1_v0_base,v0,agent,intervalo_data,name,asc,500,1,5.529,0,
f1_v0_base,v0,agent,intervalo_data,name,asc,500,2,5.751,0,
f1_v0_base,v0,agent,intervalo_data,name,asc,500,3,5.351,0,
f1_v0_base,v0,agent,intervalo_data,name,asc,500,4,5.737,0,
f1_v0_base,v0,agent,intervalo_data,name,asc,500,5,5.564,0,
f1_v0_base,v0,agent,intervalo_data,name,asc,500,6,5.643,0,
f1_v0_base,v0,agent,intervalo_data,name,desc,0,1,4.983,50,207
f1_v0_base,v0,agent,intervalo_data,name,desc,0,2,5.92,50,207
f1_v0_base,v0,agent,intervalo_data,name,desc,0,3,5.066,50,207
f1_v0_base,v0,agent,intervalo_data,name,desc,0,4,5.73,50,207
f1_v0_base,v0,agent,intervalo_data,name,desc,0,5,5.665,50,207
f1_v0_base,v0,agent,intervalo_data,name,desc,0,6,5.531,50,207
f1_v0_base,v0,agent,intervalo_data,name,desc,500,1,5.489,0,
f1_v0_base,v0,agent,intervalo_data,name,desc,500,2,5.298,0,
f1_v0_base,v0,agent,intervalo_data,name,desc,500,3,5.427,0,
f1_v0_base,v0,agent,intervalo_data,name,desc,500,4,5.871,0,
f1_v0_base,v0,agent,intervalo_data,name,desc,500,5,5.666,0,
f1_v0_base,v0,agent,intervalo_data,name,desc,500,6,6.362,0,
f1_v0_base,v0,agent,intervalo_data,created_at,asc,0,1,6.361,50,207
f1_v0_base,v0,agent,intervalo_data,created_at,asc,0,2,5.703,50,207
f1_v0_base,v0,agent,intervalo_data,created_at,asc,0,3,5.634,50,207
f1_v0_base,v0,agent,intervalo_data,created_at,asc,0,4,6.546,50,207
f1_v0_base,v0,agent,intervalo_data,created_at,asc,0,5,6.48,50,207
f1_v0_base,v0,agent,intervalo_data,created_at,asc,0,6,5.847,50,207
f1_v0_base,v0,agent,intervalo_data,created_at,asc,500,1,5.95,0,
f1_v0_base,v0,agent,intervalo_data,created_at,asc,500,2,5.561,0,
f1_v0_base,v0,agent,intervalo_data,created_at,asc,500,3,5.716,0,
f1_v0_base,v0,agent,intervalo_data,created_at,asc,500,4,6.019,0,
f1_v0_base,v0,agent,intervalo_data,created_at,asc,500,5,4.943,0,
f1_v0_base,v0,agent,intervalo_data,created_at,asc,500,6,5.431,0,
f1_v0_base,v0,agent,intervalo_data,created_at,desc,0,1,5.095,50,207
f1_v0_base,v0,agent,intervalo_data,created_at,desc,0,2,5.535,50,207
f1_v0_base,v0,agent,intervalo_data,created_at,desc,0,3,5.475,50,207
f1_v0_base,v0,agent,intervalo_data,created_at,desc,0,4,5.527,50,207
f1_v0_base,v0,agent,intervalo_data,created_at,desc,0,5,5.644,50,207
f1_v0_base,v0,agent,intervalo_data,created_at,desc,0,6,5.135,50,207
f1_v0_base,v0,agent,intervalo_data,created_at,desc,500,1,5.246,0,
f1_v0_base,v0,agent,intervalo_data,created_at,desc,500,2,5.647,0,
f1_v0_base,v0,agent,intervalo_data,created_at,desc,500,3,5.78,0,
f1_v0_base,v0,agent,intervalo_data,created_at,desc,500,4,5.575,0,
f1_v0_base,v0,agent,intervalo_data,created_at,desc,500,5,6.007,0,
f1_v0_base,v0,agent,intervalo_data,created_at,desc,500,6,6.799,0,
f1_v0_base,v0,agent,intervalo_data,company,asc,0,1,5.741,50,207
f1_v0_base,v0,agent,intervalo_data,company,asc,0,2,5.155,50,207
f1_v0_base,v0,agent,intervalo_data,company,asc,0,3,5.675,50,207
f1_v0_base,v0,agent,intervalo_data,company,asc,0,4,5.596,50,207
f1_v0_base,v0,agent,intervalo_data,company,asc,0,5,5.317,50,207
f1_v0_base,v0,agent,intervalo_data,company,asc,0,6,5.879,50,207
f1_v0_base,v0,agent,intervalo_data,company,asc,500,1,5.525,0,
f1_v0_base,v0,agent,intervalo_data,company,asc,500,2,6.034,0,
f1_v0_base,v0,agent,intervalo_data,company,asc,500,3,5.149,0,
f1_v0_base,v0,agent,intervalo_data,company,asc,500,4,5.183,0,
f1_v0_base,v0,agent,intervalo_data,company,asc,500,5,4.968,0,
f1_v0_base,v0,agent,intervalo_data,company,asc,500,6,5.359,0,
f1_v0_base,v0,agent,intervalo_data,company,desc,0,1,5.379,50,207
f1_v0_base,v0,agent,intervalo_data,company,desc,0,2,5.558,50,207
f1_v0_base,v0,agent,intervalo_data,company,desc,0,3,6.182,50,207
f1_v0_base,v0,agent,intervalo_data,company,desc,0,4,4.87,50,207
f1_v0_base,v0,agent,intervalo_data,company,desc,0,5,5.413,50,207
f1_v0_base,v0,agent,intervalo_data,company,desc,0,6,5.176,50,207
f1_v0_base,v0,agent,intervalo_data,company,desc,500,1,5.244,0,
f1_v0_base,v0,agent,intervalo_data,company,desc,500,2,5.703,0,
f1_v0_base,v0,agent,intervalo_data,company,desc,500,3,5.78,0,
f1_v0_base,v0,agent,intervalo_data,company,desc,500,4,5.552,0,
f1_v0_base,v0,agent,intervalo_data,company,desc,500,5,5.209,0,
f1_v0_base,v0,agent,intervalo_data,company,desc,500,6,5.205,0,
f1_v0_base,v0,agent,combinado,name,asc,0,1,0.916,1,1
f1_v0_base,v0,agent,combinado,name,asc,0,2,0.841,1,1
f1_v0_base,v0,agent,combinado,name,asc,0,3,1.118,1,1
f1_v0_base,v0,agent,combinado,name,asc,0,4,0.893,1,1
f1_v0_base,v0,agent,combinado,name,asc,0,5,0.944,1,1
f1_v0_base,v0,agent,combinado,name,asc,0,6,0.871,1,1
f1_v0_base,v0,agent,combinado,name,asc,500,1,0.884,0,
f1_v0_base,v0,agent,combinado,name,asc,500,2,0.932,0,
f1_v0_base,v0,agent,combinado,name,asc,500,3,1.143,0,
f1_v0_base,v0,agent,combinado,name,asc,500,4,0.849,0,
f1_v0_base,v0,agent,combinado,name,asc,500,5,0.855,0,
f1_v0_base,v0,agent,combinado,name,asc,500,6,0.818,0,
f1_v0_base,v0,agent,combinado,name,desc,0,1,0.846,1,1
f1_v0_base,v0,agent,combinado,name,desc,0,2,0.845,1,1
f1_v0_base,v0,agent,combinado,name,desc,0,3,0.896,1,1
f1_v0_base,v0,agent,combinado,name,desc,0,4,0.903,1,1
f1_v0_base,v0,agent,combinado,name,desc,0,5,0.805,1,1
f1_v0_base,v0,agent,combinado,name,desc,0,6,0.834,1,1
f1_v0_base,v0,agent,combinado,name,desc,500,1,0.805,0,
f1_v0_base,v0,agent,combinado,name,desc,500,2,0.857,0,
f1_v0_base,v0,agent,combinado,name,desc,500,3,0.85,0,
f1_v0_base,v0,agent,combinado,name,desc,500,4,0.79,0,
f1_v0_base,v0,agent,combinado,name,desc,500,5,1.158,0,
f1_v0_base,v0,agent,combinado,name,desc,500,6,0.874,0,
f1_v0_base,v0,agent,combinado,created_at,asc,0,1,1.344,1,1
f1_v0_base,v0,agent,combinado,created_at,asc,0,2,0.848,1,1
f1_v0_base,v0,agent,combinado,created_at,asc,0,3,0.925,1,1
f1_v0_base,v0,agent,combinado,created_at,asc,0,4,0.887,1,1
f1_v0_base,v0,agent,combinado,created_at,asc,0,5,0.951,1,1
f1_v0_base,v0,agent,combinado,created_at,asc,0,6,0.775,1,1
f1_v0_base,v0,agent,combinado,created_at,asc,500,1,0.699,0,
f1_v0_base,v0,agent,combinado,created_at,asc,500,2,0.818,0,
f1_v0_base,v0,agent,combinado,created_at,asc,500,3,0.758,0,
f1_v0_base,v0,agent,combinado,created_at,asc,500,4,0.74,0,
f1_v0_base,v0,agent,combinado,created_at,asc,500,5,0.783,0,
f1_v0_base,v0,agent,combinado,created_at,asc,500,6,0.715,0,
f1_v0_base,v0,agent,combinado,created_at,desc,0,1,0.818,1,1
f1_v0_base,v0,agent,combinado,created_at,desc,0,2,0.712,1,1
f1_v0_base,v0,agent,combinado,created_at,desc,0,3,0.723,1,1
f1_v0_base,v0,agent,combinado,created_at,desc,0,4,0.852,1,1
f1_v0_base,v0,agent,combinado,created_at,desc,0,5,0.739,1,1
f1_v0_base,v0,agent,combinado,created_at,desc,0,6,0.694,1,1
f1_v0_base,v0,agent,combinado,created_at,desc,500,1,0.9,0,
f1_v0_base,v0,agent,combinado,created_at,desc,500,2,0.727,0,
f1_v0_base,v0,agent,combinado,created_at,desc,500,3,0.693,0,
f1_v0_base,v0,agent,combinado,created_at,desc,500,4,0.699,0,
f1_v0_base,v0,agent,combinado,created_at,desc,500,5,0.665,0,
f1_v0_base,v0,agent,combinado,created_at,desc,500,6,0.76,0,
f1_v0_base,v0,agent,combinado,company,asc,0,1,0.715,1,1
f1_v0_base,v0,agent,combinado,company,asc,0,2,0.706,1,1
f1_v0_base,v0,agent,combinado,company,asc,0,3,0.787,1,1
f1_v0_base,v0,agent,combinado,company,asc,0,4,0.833,1,1
f1_v0_base,v0,agent,combinado,company,asc,0,5,0.796,1,1
f1_v0_base,v0,agent,combinado,company,asc,0,6,0.773,1,1
f1_v0_base,v0,agent,combinado,company,asc,500,1,0.779,0,
f1_v0_base,v0,agent,combinado,company,asc,500,2,0.728,0,
f1_v0_base,v0,agent,combinado,company,asc,500,3,0.714,0,
f1_v0_base,v0,agent,combinado,company,asc,500,4,0.681,0,
f1_v0_base,v0,agent,combinado,company,asc,500,5,0.675,0,
f1_v0_base,v0,agent,combinado,company,asc,500,6,1.046,0,
f1_v0_base,v0,agent,combinado,company,desc,0,1,0.712,1,1
f1_v0_base,v0,agent,combinado,company,desc,0,2,1.012,1,1
f1_v0_base,v0,agent,combinado,company,desc,0,3,0.766,1,1
f1_v0_base,v0,agent,combinado,company,desc,0,4,0.816,1,1
f1_v0_base,v0,agent,combinado,company,desc,0,5,0.809,1,1
f1_v0_base,v0,agent,combinado,company,desc,0,6,0.845,1,1
f1_v0_base,v0,agent,combinado,company,desc,500,1,0.858,0,
f1_v0_base,v0,agent,combinado,company,desc,500,2,0.788,0,
f1_v0_base,v0,agent,combinado,company,desc,500,3,0.979,0,
f1_v0_base,v0,agent,combinado,company,desc,500,4,0.794,0,
f1_v0_base,v0,agent,combinado,company,desc,500,5,0.806,0,
f1_v0_base,v0,agent,combinado,company,desc,500,6,0.717,0,
f1_v0_base,v0,agent,termo_nome_2ch,name,asc,0,1,8.906,50,168
f1_v0_base,v0,agent,termo_nome_2ch,name,asc,0,2,8.577,50,168
f1_v0_base,v0,agent,termo_nome_2ch,name,asc,0,3,8.696,50,168
f1_v0_base,v0,agent,termo_nome_2ch,name,asc,0,4,8.795,50,168
f1_v0_base,v0,agent,termo_nome_2ch,name,asc,0,5,8.626,50,168
f1_v0_base,v0,agent,termo_nome_2ch,name,asc,0,6,9.614,50,168
f1_v0_base,v0,agent,termo_nome_2ch,name,asc,500,1,9.179,0,
f1_v0_base,v0,agent,termo_nome_2ch,name,asc,500,2,9.221,0,
f1_v0_base,v0,agent,termo_nome_2ch,name,asc,500,3,9.288,0,
f1_v0_base,v0,agent,termo_nome_2ch,name,asc,500,4,9.019,0,
f1_v0_base,v0,agent,termo_nome_2ch,name,asc,500,5,8.395,0,
f1_v0_base,v0,agent,termo_nome_2ch,name,asc,500,6,9.39,0,
f1_v0_base,v0,agent,termo_nome_2ch,name,desc,0,1,8.636,50,168
f1_v0_base,v0,agent,termo_nome_2ch,name,desc,0,2,8.268,50,168
f1_v0_base,v0,agent,termo_nome_2ch,name,desc,0,3,8.945,50,168
f1_v0_base,v0,agent,termo_nome_2ch,name,desc,0,4,8.746,50,168
f1_v0_base,v0,agent,termo_nome_2ch,name,desc,0,5,8.792,50,168
f1_v0_base,v0,agent,termo_nome_2ch,name,desc,0,6,8.874,50,168
f1_v0_base,v0,agent,termo_nome_2ch,name,desc,500,1,8.698,0,
f1_v0_base,v0,agent,termo_nome_2ch,name,desc,500,2,8.356,0,
f1_v0_base,v0,agent,termo_nome_2ch,name,desc,500,3,9.571,0,
f1_v0_base,v0,agent,termo_nome_2ch,name,desc,500,4,8.355,0,
f1_v0_base,v0,agent,termo_nome_2ch,name,desc,500,5,8.495,0,
f1_v0_base,v0,agent,termo_nome_2ch,name,desc,500,6,8.701,0,
f1_v0_base,v0,agent,termo_nome_2ch,created_at,asc,0,1,8.449,50,168
f1_v0_base,v0,agent,termo_nome_2ch,created_at,asc,0,2,8.839,50,168
f1_v0_base,v0,agent,termo_nome_2ch,created_at,asc,0,3,8.469,50,168
f1_v0_base,v0,agent,termo_nome_2ch,created_at,asc,0,4,8.727,50,168
f1_v0_base,v0,agent,termo_nome_2ch,created_at,asc,0,5,8.405,50,168
f1_v0_base,v0,agent,termo_nome_2ch,created_at,asc,0,6,10.518,50,168
f1_v0_base,v0,agent,termo_nome_2ch,created_at,asc,500,1,8.526,0,
f1_v0_base,v0,agent,termo_nome_2ch,created_at,asc,500,2,9.059,0,
f1_v0_base,v0,agent,termo_nome_2ch,created_at,asc,500,3,9.09,0,
f1_v0_base,v0,agent,termo_nome_2ch,created_at,asc,500,4,10.609,0,
f1_v0_base,v0,agent,termo_nome_2ch,created_at,asc,500,5,8.543,0,
f1_v0_base,v0,agent,termo_nome_2ch,created_at,asc,500,6,8.708,0,
f1_v0_base,v0,agent,termo_nome_2ch,created_at,desc,0,1,8.911,50,168
f1_v0_base,v0,agent,termo_nome_2ch,created_at,desc,0,2,8.938,50,168
f1_v0_base,v0,agent,termo_nome_2ch,created_at,desc,0,3,9.608,50,168
f1_v0_base,v0,agent,termo_nome_2ch,created_at,desc,0,4,9.089,50,168
f1_v0_base,v0,agent,termo_nome_2ch,created_at,desc,0,5,9.617,50,168
f1_v0_base,v0,agent,termo_nome_2ch,created_at,desc,0,6,8.701,50,168
f1_v0_base,v0,agent,termo_nome_2ch,created_at,desc,500,1,9.069,0,
f1_v0_base,v0,agent,termo_nome_2ch,created_at,desc,500,2,8.501,0,
f1_v0_base,v0,agent,termo_nome_2ch,created_at,desc,500,3,8.772,0,
f1_v0_base,v0,agent,termo_nome_2ch,created_at,desc,500,4,8.468,0,
f1_v0_base,v0,agent,termo_nome_2ch,created_at,desc,500,5,8.085,0,
f1_v0_base,v0,agent,termo_nome_2ch,created_at,desc,500,6,8.853,0,
f1_v0_base,v0,agent,termo_nome_2ch,company,asc,0,1,9.129,50,168
f1_v0_base,v0,agent,termo_nome_2ch,company,asc,0,2,9.272,50,168
f1_v0_base,v0,agent,termo_nome_2ch,company,asc,0,3,8.896,50,168
f1_v0_base,v0,agent,termo_nome_2ch,company,asc,0,4,9.564,50,168
f1_v0_base,v0,agent,termo_nome_2ch,company,asc,0,5,9.073,50,168
f1_v0_base,v0,agent,termo_nome_2ch,company,asc,0,6,9.581,50,168
f1_v0_base,v0,agent,termo_nome_2ch,company,asc,500,1,9.715,0,
f1_v0_base,v0,agent,termo_nome_2ch,company,asc,500,2,10.207,0,
f1_v0_base,v0,agent,termo_nome_2ch,company,asc,500,3,8.922,0,
f1_v0_base,v0,agent,termo_nome_2ch,company,asc,500,4,8.263,0,
f1_v0_base,v0,agent,termo_nome_2ch,company,asc,500,5,9.151,0,
f1_v0_base,v0,agent,termo_nome_2ch,company,asc,500,6,10.127,0,
f1_v0_base,v0,agent,termo_nome_2ch,company,desc,0,1,8.294,50,168
f1_v0_base,v0,agent,termo_nome_2ch,company,desc,0,2,8.636,50,168
f1_v0_base,v0,agent,termo_nome_2ch,company,desc,0,3,8.204,50,168
f1_v0_base,v0,agent,termo_nome_2ch,company,desc,0,4,8.685,50,168
f1_v0_base,v0,agent,termo_nome_2ch,company,desc,0,5,8.718,50,168
f1_v0_base,v0,agent,termo_nome_2ch,company,desc,0,6,8.569,50,168
f1_v0_base,v0,agent,termo_nome_2ch,company,desc,500,1,8.906,0,
f1_v0_base,v0,agent,termo_nome_2ch,company,desc,500,2,8.524,0,
f1_v0_base,v0,agent,termo_nome_2ch,company,desc,500,3,9.276,0,
f1_v0_base,v0,agent,termo_nome_2ch,company,desc,500,4,8.492,0,
f1_v0_base,v0,agent,termo_nome_2ch,company,desc,500,5,8.109,0,
f1_v0_base,v0,agent,termo_nome_2ch,company,desc,500,6,8.637,0,
f1_v0_base,v0,agent,termo_nome_3ch,name,asc,0,1,8.106,50,127
f1_v0_base,v0,agent,termo_nome_3ch,name,asc,0,2,7.516,50,127
f1_v0_base,v0,agent,termo_nome_3ch,name,asc,0,3,7.407,50,127
f1_v0_base,v0,agent,termo_nome_3ch,name,asc,0,4,7.63,50,127
f1_v0_base,v0,agent,termo_nome_3ch,name,asc,0,5,7.143,50,127
f1_v0_base,v0,agent,termo_nome_3ch,name,asc,0,6,10.191,50,127
f1_v0_base,v0,agent,termo_nome_3ch,name,asc,500,1,9.625,0,
f1_v0_base,v0,agent,termo_nome_3ch,name,asc,500,2,8.497,0,
f1_v0_base,v0,agent,termo_nome_3ch,name,asc,500,3,9.775,0,
f1_v0_base,v0,agent,termo_nome_3ch,name,asc,500,4,8.72,0,
f1_v0_base,v0,agent,termo_nome_3ch,name,asc,500,5,8.843,0,
f1_v0_base,v0,agent,termo_nome_3ch,name,asc,500,6,8.171,0,
f1_v0_base,v0,agent,termo_nome_3ch,name,desc,0,1,8.331,50,127
f1_v0_base,v0,agent,termo_nome_3ch,name,desc,0,2,8.737,50,127
f1_v0_base,v0,agent,termo_nome_3ch,name,desc,0,3,8.761,50,127
f1_v0_base,v0,agent,termo_nome_3ch,name,desc,0,4,10.425,50,127
f1_v0_base,v0,agent,termo_nome_3ch,name,desc,0,5,9.003,50,127
f1_v0_base,v0,agent,termo_nome_3ch,name,desc,0,6,8.331,50,127
f1_v0_base,v0,agent,termo_nome_3ch,name,desc,500,1,10.759,0,
f1_v0_base,v0,agent,termo_nome_3ch,name,desc,500,2,8.287,0,
f1_v0_base,v0,agent,termo_nome_3ch,name,desc,500,3,9.469,0,
f1_v0_base,v0,agent,termo_nome_3ch,name,desc,500,4,8.298,0,
f1_v0_base,v0,agent,termo_nome_3ch,name,desc,500,5,9.004,0,
f1_v0_base,v0,agent,termo_nome_3ch,name,desc,500,6,8.576,0,
f1_v0_base,v0,agent,termo_nome_3ch,created_at,asc,0,1,8.694,50,127
f1_v0_base,v0,agent,termo_nome_3ch,created_at,asc,0,2,8.716,50,127
f1_v0_base,v0,agent,termo_nome_3ch,created_at,asc,0,3,8.249,50,127
f1_v0_base,v0,agent,termo_nome_3ch,created_at,asc,0,4,8.076,50,127
f1_v0_base,v0,agent,termo_nome_3ch,created_at,asc,0,5,8.179,50,127
f1_v0_base,v0,agent,termo_nome_3ch,created_at,asc,0,6,8.615,50,127
f1_v0_base,v0,agent,termo_nome_3ch,created_at,asc,500,1,7.642,0,
f1_v0_base,v0,agent,termo_nome_3ch,created_at,asc,500,2,7.397,0,
f1_v0_base,v0,agent,termo_nome_3ch,created_at,asc,500,3,7.983,0,
f1_v0_base,v0,agent,termo_nome_3ch,created_at,asc,500,4,8.183,0,
f1_v0_base,v0,agent,termo_nome_3ch,created_at,asc,500,5,7.998,0,
f1_v0_base,v0,agent,termo_nome_3ch,created_at,asc,500,6,8.562,0,
f1_v0_base,v0,agent,termo_nome_3ch,created_at,desc,0,1,7.701,50,127
f1_v0_base,v0,agent,termo_nome_3ch,created_at,desc,0,2,7.921,50,127
f1_v0_base,v0,agent,termo_nome_3ch,created_at,desc,0,3,8.109,50,127
f1_v0_base,v0,agent,termo_nome_3ch,created_at,desc,0,4,7.717,50,127
f1_v0_base,v0,agent,termo_nome_3ch,created_at,desc,0,5,8.136,50,127
f1_v0_base,v0,agent,termo_nome_3ch,created_at,desc,0,6,7.398,50,127
f1_v0_base,v0,agent,termo_nome_3ch,created_at,desc,500,1,7.817,0,
f1_v0_base,v0,agent,termo_nome_3ch,created_at,desc,500,2,7.737,0,
f1_v0_base,v0,agent,termo_nome_3ch,created_at,desc,500,3,8.049,0,
f1_v0_base,v0,agent,termo_nome_3ch,created_at,desc,500,4,7.793,0,
f1_v0_base,v0,agent,termo_nome_3ch,created_at,desc,500,5,8.443,0,
f1_v0_base,v0,agent,termo_nome_3ch,created_at,desc,500,6,7.96,0,
f1_v0_base,v0,agent,termo_nome_3ch,company,asc,0,1,8.831,50,127
f1_v0_base,v0,agent,termo_nome_3ch,company,asc,0,2,8.093,50,127
f1_v0_base,v0,agent,termo_nome_3ch,company,asc,0,3,8.184,50,127
f1_v0_base,v0,agent,termo_nome_3ch,company,asc,0,4,7.945,50,127
f1_v0_base,v0,agent,termo_nome_3ch,company,asc,0,5,9.02,50,127
f1_v0_base,v0,agent,termo_nome_3ch,company,asc,0,6,8.144,50,127
f1_v0_base,v0,agent,termo_nome_3ch,company,asc,500,1,9.286,0,
f1_v0_base,v0,agent,termo_nome_3ch,company,asc,500,2,8.052,0,
f1_v0_base,v0,agent,termo_nome_3ch,company,asc,500,3,8.42,0,
f1_v0_base,v0,agent,termo_nome_3ch,company,asc,500,4,8.285,0,
f1_v0_base,v0,agent,termo_nome_3ch,company,asc,500,5,7.869,0,
f1_v0_base,v0,agent,termo_nome_3ch,company,asc,500,6,8.079,0,
f1_v0_base,v0,agent,termo_nome_3ch,company,desc,0,1,8.31,50,127
f1_v0_base,v0,agent,termo_nome_3ch,company,desc,0,2,8.015,50,127
f1_v0_base,v0,agent,termo_nome_3ch,company,desc,0,3,10.853,50,127
f1_v0_base,v0,agent,termo_nome_3ch,company,desc,0,4,9.011,50,127
f1_v0_base,v0,agent,termo_nome_3ch,company,desc,0,5,10.142,50,127
f1_v0_base,v0,agent,termo_nome_3ch,company,desc,0,6,10.967,50,127
f1_v0_base,v0,agent,termo_nome_3ch,company,desc,500,1,8.584,0,
f1_v0_base,v0,agent,termo_nome_3ch,company,desc,500,2,8.46,0,
f1_v0_base,v0,agent,termo_nome_3ch,company,desc,500,3,8.262,0,
f1_v0_base,v0,agent,termo_nome_3ch,company,desc,500,4,8.855,0,
f1_v0_base,v0,agent,termo_nome_3ch,company,desc,500,5,8.984,0,
f1_v0_base,v0,agent,termo_nome_3ch,company,desc,500,6,8.62,0,
f1_v0_base,v0,agent,termo_telefone,name,asc,0,1,5.196,0,
f1_v0_base,v0,agent,termo_telefone,name,asc,0,2,5.134,0,
f1_v0_base,v0,agent,termo_telefone,name,asc,0,3,5.794,0,
f1_v0_base,v0,agent,termo_telefone,name,asc,0,4,5.464,0,
f1_v0_base,v0,agent,termo_telefone,name,asc,0,5,5.532,0,
f1_v0_base,v0,agent,termo_telefone,name,asc,0,6,5.662,0,
f1_v0_base,v0,agent,termo_telefone,name,asc,500,1,5.805,0,
f1_v0_base,v0,agent,termo_telefone,name,asc,500,2,5.404,0,
f1_v0_base,v0,agent,termo_telefone,name,asc,500,3,5.415,0,
f1_v0_base,v0,agent,termo_telefone,name,asc,500,4,5.63,0,
f1_v0_base,v0,agent,termo_telefone,name,asc,500,5,7.668,0,
f1_v0_base,v0,agent,termo_telefone,name,asc,500,6,8.094,0,
f1_v0_base,v0,agent,termo_telefone,name,desc,0,1,5.925,0,
f1_v0_base,v0,agent,termo_telefone,name,desc,0,2,5.436,0,
f1_v0_base,v0,agent,termo_telefone,name,desc,0,3,4.975,0,
f1_v0_base,v0,agent,termo_telefone,name,desc,0,4,5.513,0,
f1_v0_base,v0,agent,termo_telefone,name,desc,0,5,4.863,0,
f1_v0_base,v0,agent,termo_telefone,name,desc,0,6,5.017,0,
f1_v0_base,v0,agent,termo_telefone,name,desc,500,1,5.446,0,
f1_v0_base,v0,agent,termo_telefone,name,desc,500,2,5.568,0,
f1_v0_base,v0,agent,termo_telefone,name,desc,500,3,5.407,0,
f1_v0_base,v0,agent,termo_telefone,name,desc,500,4,4.794,0,
f1_v0_base,v0,agent,termo_telefone,name,desc,500,5,5.064,0,
f1_v0_base,v0,agent,termo_telefone,name,desc,500,6,5.266,0,
f1_v0_base,v0,agent,termo_telefone,created_at,asc,0,1,5.268,0,
f1_v0_base,v0,agent,termo_telefone,created_at,asc,0,2,5.478,0,
f1_v0_base,v0,agent,termo_telefone,created_at,asc,0,3,4.953,0,
f1_v0_base,v0,agent,termo_telefone,created_at,asc,0,4,5.371,0,
f1_v0_base,v0,agent,termo_telefone,created_at,asc,0,5,5.021,0,
f1_v0_base,v0,agent,termo_telefone,created_at,asc,0,6,5.023,0,
f1_v0_base,v0,agent,termo_telefone,created_at,asc,500,1,5.125,0,
f1_v0_base,v0,agent,termo_telefone,created_at,asc,500,2,5.589,0,
f1_v0_base,v0,agent,termo_telefone,created_at,asc,500,3,5.156,0,
f1_v0_base,v0,agent,termo_telefone,created_at,asc,500,4,5.287,0,
f1_v0_base,v0,agent,termo_telefone,created_at,asc,500,5,6.926,0,
f1_v0_base,v0,agent,termo_telefone,created_at,asc,500,6,5.065,0,
f1_v0_base,v0,agent,termo_telefone,created_at,desc,0,1,5.665,0,
f1_v0_base,v0,agent,termo_telefone,created_at,desc,0,2,5.395,0,
f1_v0_base,v0,agent,termo_telefone,created_at,desc,0,3,7.618,0,
f1_v0_base,v0,agent,termo_telefone,created_at,desc,0,4,5.3,0,
f1_v0_base,v0,agent,termo_telefone,created_at,desc,0,5,5.533,0,
f1_v0_base,v0,agent,termo_telefone,created_at,desc,0,6,5.543,0,
f1_v0_base,v0,agent,termo_telefone,created_at,desc,500,1,6.104,0,
f1_v0_base,v0,agent,termo_telefone,created_at,desc,500,2,5.107,0,
f1_v0_base,v0,agent,termo_telefone,created_at,desc,500,3,5.018,0,
f1_v0_base,v0,agent,termo_telefone,created_at,desc,500,4,5.048,0,
f1_v0_base,v0,agent,termo_telefone,created_at,desc,500,5,4.938,0,
f1_v0_base,v0,agent,termo_telefone,created_at,desc,500,6,4.93,0,
f1_v0_base,v0,agent,termo_telefone,company,asc,0,1,5.29,0,
f1_v0_base,v0,agent,termo_telefone,company,asc,0,2,5.19,0,
f1_v0_base,v0,agent,termo_telefone,company,asc,0,3,4.997,0,
f1_v0_base,v0,agent,termo_telefone,company,asc,0,4,4.943,0,
f1_v0_base,v0,agent,termo_telefone,company,asc,0,5,5.489,0,
f1_v0_base,v0,agent,termo_telefone,company,asc,0,6,5.05,0,
f1_v0_base,v0,agent,termo_telefone,company,asc,500,1,5.087,0,
f1_v0_base,v0,agent,termo_telefone,company,asc,500,2,4.922,0,
f1_v0_base,v0,agent,termo_telefone,company,asc,500,3,6.303,0,
f1_v0_base,v0,agent,termo_telefone,company,asc,500,4,5.095,0,
f1_v0_base,v0,agent,termo_telefone,company,asc,500,5,5.427,0,
f1_v0_base,v0,agent,termo_telefone,company,asc,500,6,5.793,0,
f1_v0_base,v0,agent,termo_telefone,company,desc,0,1,5.012,0,
f1_v0_base,v0,agent,termo_telefone,company,desc,0,2,4.919,0,
f1_v0_base,v0,agent,termo_telefone,company,desc,0,3,4.828,0,
f1_v0_base,v0,agent,termo_telefone,company,desc,0,4,4.636,0,
f1_v0_base,v0,agent,termo_telefone,company,desc,0,5,5.103,0,
f1_v0_base,v0,agent,termo_telefone,company,desc,0,6,5.017,0,
f1_v0_base,v0,agent,termo_telefone,company,desc,500,1,4.83,0,
f1_v0_base,v0,agent,termo_telefone,company,desc,500,2,4.561,0,
f1_v0_base,v0,agent,termo_telefone,company,desc,500,3,4.975,0,
f1_v0_base,v0,agent,termo_telefone,company,desc,500,4,5.262,0,
f1_v0_base,v0,agent,termo_telefone,company,desc,500,5,4.675,0,
f1_v0_base,v0,agent,termo_telefone,company,desc,500,6,4.538,0,
f1_v0_base,v0,agent,empresa_igual,name,asc,0,1,2.99,50,88
f1_v0_base,v0,agent,empresa_igual,name,asc,0,2,3.026,50,88
f1_v0_base,v0,agent,empresa_igual,name,asc,0,3,2.618,50,88
f1_v0_base,v0,agent,empresa_igual,name,asc,0,4,3.376,50,88
f1_v0_base,v0,agent,empresa_igual,name,asc,0,5,3.719,50,88
f1_v0_base,v0,agent,empresa_igual,name,asc,0,6,3.212,50,88
f1_v0_base,v0,agent,empresa_igual,name,asc,500,1,2.705,0,
f1_v0_base,v0,agent,empresa_igual,name,asc,500,2,2.971,0,
f1_v0_base,v0,agent,empresa_igual,name,asc,500,3,2.723,0,
f1_v0_base,v0,agent,empresa_igual,name,asc,500,4,2.422,0,
f1_v0_base,v0,agent,empresa_igual,name,asc,500,5,2.495,0,
f1_v0_base,v0,agent,empresa_igual,name,asc,500,6,2.325,0,
f1_v0_base,v0,agent,empresa_igual,name,desc,0,3,3.196,50,88
f1_v0_base,v0,agent,empresa_igual,name,desc,0,4,2.786,50,88
f1_v0_base,v0,agent,empresa_igual,name,desc,0,1,2.662,50,88
f1_v0_base,v0,agent,empresa_igual,name,desc,0,2,2.514,50,88
f1_v0_base,v0,agent,empresa_igual,name,desc,0,5,2.728,50,88
f1_v0_base,v0,agent,empresa_igual,name,desc,0,6,2.846,50,88
f1_v0_base,v0,agent,empresa_igual,name,desc,500,1,2.916,0,
f1_v0_base,v0,agent,empresa_igual,name,desc,500,2,2.919,0,
f1_v0_base,v0,agent,empresa_igual,name,desc,500,3,3.1,0,
f1_v0_base,v0,agent,empresa_igual,name,desc,500,4,3.061,0,
f1_v0_base,v0,agent,empresa_igual,name,desc,500,5,2.768,0,
f1_v0_base,v0,agent,empresa_igual,name,desc,500,6,3.035,0,
f1_v0_base,v0,agent,empresa_igual,created_at,asc,0,1,3.08,50,88
f1_v0_base,v0,agent,empresa_igual,created_at,asc,0,2,2.802,50,88
f1_v0_base,v0,agent,empresa_igual,created_at,asc,0,3,2.96,50,88
f1_v0_base,v0,agent,empresa_igual,created_at,asc,0,4,2.797,50,88
f1_v0_base,v0,agent,empresa_igual,created_at,asc,0,5,2.6,50,88
f1_v0_base,v0,agent,empresa_igual,created_at,asc,0,6,2.824,50,88
f1_v0_base,v0,agent,empresa_igual,created_at,asc,500,1,2.775,0,
f1_v0_base,v0,agent,empresa_igual,created_at,asc,500,2,2.71,0,
f1_v0_base,v0,agent,empresa_igual,created_at,asc,500,3,3.081,0,
f1_v0_base,v0,agent,empresa_igual,created_at,asc,500,4,2.916,0,
f1_v0_base,v0,agent,empresa_igual,created_at,asc,500,5,2.956,0,
f1_v0_base,v0,agent,empresa_igual,created_at,asc,500,6,2.756,0,
f1_v0_base,v0,agent,empresa_igual,created_at,desc,0,1,2.649,50,88
f1_v0_base,v0,agent,empresa_igual,created_at,desc,0,2,3.345,50,88
f1_v0_base,v0,agent,empresa_igual,created_at,desc,0,3,3.1,50,88
f1_v0_base,v0,agent,empresa_igual,created_at,desc,0,4,2.886,50,88
f1_v0_base,v0,agent,empresa_igual,created_at,desc,0,5,2.688,50,88
f1_v0_base,v0,agent,empresa_igual,created_at,desc,0,6,2.526,50,88
f1_v0_base,v0,agent,empresa_igual,created_at,desc,500,1,3.003,0,
f1_v0_base,v0,agent,empresa_igual,created_at,desc,500,2,2.913,0,
f1_v0_base,v0,agent,empresa_igual,created_at,desc,500,3,2.698,0,
f1_v0_base,v0,agent,empresa_igual,created_at,desc,500,4,2.736,0,
f1_v0_base,v0,agent,empresa_igual,created_at,desc,500,5,2.826,0,
f1_v0_base,v0,agent,empresa_igual,created_at,desc,500,6,2.978,0,
f1_v0_base,v0,agent,empresa_igual,company,asc,0,1,3.224,50,88
f1_v0_base,v0,agent,empresa_igual,company,asc,0,2,2.848,50,88
f1_v0_base,v0,agent,empresa_igual,company,asc,0,3,2.855,50,88
f1_v0_base,v0,agent,empresa_igual,company,asc,0,4,2.655,50,88
f1_v0_base,v0,agent,empresa_igual,company,asc,0,5,2.761,50,88
f1_v0_base,v0,agent,empresa_igual,company,asc,0,6,2.742,50,88
f1_v0_base,v0,agent,empresa_igual,company,asc,500,1,3.281,0,
f1_v0_base,v0,agent,empresa_igual,company,asc,500,2,3.208,0,
f1_v0_base,v0,agent,empresa_igual,company,asc,500,3,3.668,0,
f1_v0_base,v0,agent,empresa_igual,company,asc,500,4,3.112,0,
f1_v0_base,v0,agent,empresa_igual,company,asc,500,5,3.754,0,
f1_v0_base,v0,agent,empresa_igual,company,asc,500,6,3.428,0,
f1_v0_base,v0,agent,empresa_igual,company,desc,0,1,2.921,50,88
f1_v0_base,v0,agent,empresa_igual,company,desc,0,2,3.899,50,88
f1_v0_base,v0,agent,empresa_igual,company,desc,0,3,3.892,50,88
f1_v0_base,v0,agent,empresa_igual,company,desc,0,4,3.122,50,88
f1_v0_base,v0,agent,empresa_igual,company,desc,0,5,3.05,50,88
f1_v0_base,v0,agent,empresa_igual,company,desc,0,6,2.791,50,88
f1_v0_base,v0,agent,empresa_igual,company,desc,500,1,3.144,0,
f1_v0_base,v0,agent,empresa_igual,company,desc,500,2,3.092,0,
f1_v0_base,v0,agent,empresa_igual,company,desc,500,3,3.109,0,
f1_v0_base,v0,agent,empresa_igual,company,desc,500,4,3.912,0,
f1_v0_base,v0,agent,empresa_igual,company,desc,500,5,3.503,0,
f1_v0_base,v0,agent,empresa_igual,company,desc,500,6,3.061,0,
f1_v0_base,v0,agent,cargo_igual,name,asc,0,1,2.03,48,48
f1_v0_base,v0,agent,cargo_igual,name,asc,0,2,3.261,48,48
f1_v0_base,v0,agent,cargo_igual,name,asc,0,3,2.56,48,48
f1_v0_base,v0,agent,cargo_igual,name,asc,0,4,2.096,48,48
f1_v0_base,v0,agent,cargo_igual,name,asc,0,5,2.063,48,48
f1_v0_base,v0,agent,cargo_igual,name,asc,0,6,1.993,48,48
f1_v0_base,v0,agent,cargo_igual,name,asc,500,1,1.98,0,
f1_v0_base,v0,agent,cargo_igual,name,asc,500,2,2.459,0,
f1_v0_base,v0,agent,cargo_igual,name,asc,500,3,2.219,0,
f1_v0_base,v0,agent,cargo_igual,name,asc,500,4,1.907,0,
f1_v0_base,v0,agent,cargo_igual,name,asc,500,5,1.723,0,
f1_v0_base,v0,agent,cargo_igual,name,asc,500,6,1.674,0,
f1_v0_base,v0,agent,cargo_igual,name,desc,0,1,1.988,48,48
f1_v0_base,v0,agent,cargo_igual,name,desc,0,2,2.925,48,48
f1_v0_base,v0,agent,cargo_igual,name,desc,0,3,2.232,48,48
f1_v0_base,v0,agent,cargo_igual,name,desc,0,4,2.169,48,48
f1_v0_base,v0,agent,cargo_igual,name,desc,0,5,2.284,48,48
f1_v0_base,v0,agent,cargo_igual,name,desc,0,6,2.303,48,48
f1_v0_base,v0,agent,cargo_igual,name,desc,500,1,2.373,0,
f1_v0_base,v0,agent,cargo_igual,name,desc,500,2,2.528,0,
f1_v0_base,v0,agent,cargo_igual,name,desc,500,3,2.391,0,
f1_v0_base,v0,agent,cargo_igual,name,desc,500,4,2.195,0,
f1_v0_base,v0,agent,cargo_igual,name,desc,500,5,2.171,0,
f1_v0_base,v0,agent,cargo_igual,name,desc,500,6,1.928,0,
f1_v0_base,v0,agent,cargo_igual,created_at,asc,0,1,4.71,48,48
f1_v0_base,v0,agent,cargo_igual,created_at,asc,0,2,2.142,48,48
f1_v0_base,v0,agent,cargo_igual,created_at,asc,0,3,2.144,48,48
f1_v0_base,v0,agent,cargo_igual,created_at,asc,0,4,2.069,48,48
f1_v0_base,v0,agent,cargo_igual,created_at,asc,0,5,2.554,48,48
f1_v0_base,v0,agent,cargo_igual,created_at,asc,0,6,2.279,48,48
f1_v0_base,v0,agent,cargo_igual,created_at,asc,500,1,1.969,0,
f1_v0_base,v0,agent,cargo_igual,created_at,asc,500,2,2.272,0,
f1_v0_base,v0,agent,cargo_igual,created_at,asc,500,3,1.972,0,
f1_v0_base,v0,agent,cargo_igual,created_at,asc,500,4,1.931,0,
f1_v0_base,v0,agent,cargo_igual,created_at,asc,500,5,1.986,0,
f1_v0_base,v0,agent,cargo_igual,created_at,asc,500,6,2.14,0,
f1_v0_base,v0,agent,cargo_igual,created_at,desc,0,1,1.805,48,48
f1_v0_base,v0,agent,cargo_igual,created_at,desc,0,2,2.072,48,48
f1_v0_base,v0,agent,cargo_igual,created_at,desc,0,3,1.863,48,48
f1_v0_base,v0,agent,cargo_igual,created_at,desc,0,4,2.057,48,48
f1_v0_base,v0,agent,cargo_igual,created_at,desc,0,5,1.907,48,48
f1_v0_base,v0,agent,cargo_igual,created_at,desc,0,6,2.019,48,48
f1_v0_base,v0,agent,cargo_igual,created_at,desc,500,1,1.904,0,
f1_v0_base,v0,agent,cargo_igual,created_at,desc,500,2,1.848,0,
f1_v0_base,v0,agent,cargo_igual,created_at,desc,500,3,1.768,0,
f1_v0_base,v0,agent,cargo_igual,created_at,desc,500,4,1.904,0,
f1_v0_base,v0,agent,cargo_igual,created_at,desc,500,5,1.617,0,
f1_v0_base,v0,agent,cargo_igual,created_at,desc,500,6,1.786,0,
f1_v0_base,v0,agent,cargo_igual,company,asc,0,1,1.892,48,48
f1_v0_base,v0,agent,cargo_igual,company,asc,0,2,1.931,48,48
f1_v0_base,v0,agent,cargo_igual,company,asc,0,3,1.94,48,48
f1_v0_base,v0,agent,cargo_igual,company,asc,0,4,1.891,48,48
f1_v0_base,v0,agent,cargo_igual,company,asc,0,5,1.677,48,48
f1_v0_base,v0,agent,cargo_igual,company,asc,0,6,1.842,48,48
f1_v0_base,v0,agent,cargo_igual,company,asc,500,1,2.096,0,
f1_v0_base,v0,agent,cargo_igual,company,asc,500,2,1.804,0,
f1_v0_base,v0,agent,cargo_igual,company,asc,500,3,1.778,0,
f1_v0_base,v0,agent,cargo_igual,company,asc,500,4,1.923,0,
f1_v0_base,v0,agent,cargo_igual,company,asc,500,5,1.837,0,
f1_v0_base,v0,agent,cargo_igual,company,asc,500,6,2.006,0,
f1_v0_base,v0,agent,cargo_igual,company,desc,0,1,2.097,48,48
f1_v0_base,v0,agent,cargo_igual,company,desc,0,2,2.013,48,48
f1_v0_base,v0,agent,cargo_igual,company,desc,0,3,1.945,48,48
f1_v0_base,v0,agent,cargo_igual,company,desc,0,4,1.928,48,48
f1_v0_base,v0,agent,cargo_igual,company,desc,0,5,1.831,48,48
f1_v0_base,v0,agent,cargo_igual,company,desc,0,6,1.818,48,48
f1_v0_base,v0,agent,cargo_igual,company,desc,500,1,2.032,0,
f1_v0_base,v0,agent,cargo_igual,company,desc,500,2,1.856,0,
f1_v0_base,v0,agent,cargo_igual,company,desc,500,3,1.845,0,
f1_v0_base,v0,agent,cargo_igual,company,desc,500,4,1.996,0,
f1_v0_base,v0,agent,cargo_igual,company,desc,500,5,1.928,0,
f1_v0_base,v0,agent,cargo_igual,company,desc,500,6,1.823,0,
f1_v1_inline,v1,agent,__overhead_wrapper__,-,-,-1,0,0.299,0,0
f1_v1_inline,v1,agent,sem_filtro,name,asc,0,1,11.341,50,861
f1_v1_inline,v1,agent,sem_filtro,name,asc,0,2,9.997,50,861
f1_v1_inline,v1,agent,sem_filtro,name,asc,0,3,9.387,50,861
f1_v1_inline,v1,agent,sem_filtro,name,asc,0,4,10.155,50,861
f1_v1_inline,v1,agent,sem_filtro,name,asc,0,5,9.826,50,861
f1_v1_inline,v1,agent,sem_filtro,name,asc,0,6,10.071,50,861
f1_v1_inline,v1,agent,sem_filtro,name,asc,500,1,9.932,50,861
f1_v1_inline,v1,agent,sem_filtro,name,asc,500,2,10.576,50,861
f1_v1_inline,v1,agent,sem_filtro,name,asc,500,3,10.283,50,861
f1_v1_inline,v1,agent,sem_filtro,name,asc,500,4,9.957,50,861
f1_v1_inline,v1,agent,sem_filtro,name,asc,500,5,9.953,50,861
f1_v1_inline,v1,agent,sem_filtro,name,asc,500,6,11.154,50,861
f1_v1_inline,v1,agent,sem_filtro,name,desc,0,1,9.035,50,861
f1_v1_inline,v1,agent,sem_filtro,name,desc,0,2,8.623,50,861
f1_v1_inline,v1,agent,sem_filtro,name,desc,0,3,9.306,50,861
f1_v1_inline,v1,agent,sem_filtro,name,desc,0,4,8.679,50,861
f1_v1_inline,v1,agent,sem_filtro,name,desc,0,5,8.674,50,861
f1_v1_inline,v1,agent,sem_filtro,name,desc,0,6,8.845,50,861
f1_v1_inline,v1,agent,sem_filtro,name,desc,500,1,9.657,50,861
f1_v1_inline,v1,agent,sem_filtro,name,desc,500,2,9.509,50,861
f1_v1_inline,v1,agent,sem_filtro,name,desc,500,3,9.131,50,861
f1_v1_inline,v1,agent,sem_filtro,name,desc,500,4,8.599,50,861
f1_v1_inline,v1,agent,sem_filtro,name,desc,500,5,8.392,50,861
f1_v1_inline,v1,agent,sem_filtro,name,desc,500,6,9.671,50,861
f1_v1_inline,v1,agent,sem_filtro,created_at,asc,0,1,8.96,50,861
f1_v1_inline,v1,agent,sem_filtro,created_at,asc,0,2,8.44,50,861
f1_v1_inline,v1,agent,sem_filtro,created_at,asc,0,3,8.826,50,861
f1_v1_inline,v1,agent,sem_filtro,created_at,asc,0,4,8.725,50,861
f1_v1_inline,v1,agent,sem_filtro,created_at,asc,0,5,8.348,50,861
f1_v1_inline,v1,agent,sem_filtro,created_at,asc,0,6,8.68,50,861
f1_v1_inline,v1,agent,sem_filtro,created_at,asc,500,1,8.6,50,861
f1_v1_inline,v1,agent,sem_filtro,created_at,asc,500,2,9.699,50,861
f1_v1_inline,v1,agent,sem_filtro,created_at,asc,500,3,8.815,50,861
f1_v1_inline,v1,agent,sem_filtro,created_at,asc,500,4,8.722,50,861
f1_v1_inline,v1,agent,sem_filtro,created_at,asc,500,5,8.273,50,861
f1_v1_inline,v1,agent,sem_filtro,created_at,asc,500,6,8.371,50,861
f1_v1_inline,v1,agent,sem_filtro,created_at,desc,0,1,8.523,50,861
f1_v1_inline,v1,agent,sem_filtro,created_at,desc,0,2,8.978,50,861
f1_v1_inline,v1,agent,sem_filtro,created_at,desc,0,3,8.099,50,861
f1_v1_inline,v1,agent,sem_filtro,created_at,desc,0,4,7.728,50,861
f1_v1_inline,v1,agent,sem_filtro,created_at,desc,0,5,8.234,50,861
f1_v1_inline,v1,agent,sem_filtro,created_at,desc,0,6,8.225,50,861
f1_v1_inline,v1,agent,sem_filtro,created_at,desc,500,1,8.767,50,861
f1_v1_inline,v1,agent,sem_filtro,created_at,desc,500,2,8.644,50,861
f1_v1_inline,v1,agent,sem_filtro,created_at,desc,500,3,8.589,50,861
f1_v1_inline,v1,agent,sem_filtro,created_at,desc,500,4,8.83,50,861
f1_v1_inline,v1,agent,sem_filtro,created_at,desc,500,5,11.798,50,861
f1_v1_inline,v1,agent,sem_filtro,created_at,desc,500,6,9.054,50,861
f1_v1_inline,v1,agent,sem_filtro,company,asc,0,1,8.727,50,861
f1_v1_inline,v1,agent,sem_filtro,company,asc,0,2,9.344,50,861
f1_v1_inline,v1,agent,sem_filtro,company,asc,0,3,9.335,50,861
f1_v1_inline,v1,agent,sem_filtro,company,asc,0,4,9.23,50,861
f1_v1_inline,v1,agent,sem_filtro,company,asc,0,5,9.196,50,861
f1_v1_inline,v1,agent,sem_filtro,company,asc,0,6,8.924,50,861
f1_v1_inline,v1,agent,sem_filtro,company,asc,500,1,10.221,50,861
f1_v1_inline,v1,agent,sem_filtro,company,asc,500,2,13.208,50,861
f1_v1_inline,v1,agent,sem_filtro,company,asc,500,3,11.471,50,861
f1_v1_inline,v1,agent,sem_filtro,company,asc,500,4,13.099,50,861
f1_v1_inline,v1,agent,sem_filtro,company,asc,500,5,12.638,50,861
f1_v1_inline,v1,agent,sem_filtro,company,asc,500,6,10.73,50,861
f1_v1_inline,v1,agent,sem_filtro,company,desc,0,1,9.939,50,861
f1_v1_inline,v1,agent,sem_filtro,company,desc,0,2,9.966,50,861
f1_v1_inline,v1,agent,sem_filtro,company,desc,0,3,10.031,50,861
f1_v1_inline,v1,agent,sem_filtro,company,desc,0,4,11.093,50,861
f1_v1_inline,v1,agent,sem_filtro,company,desc,0,5,10.201,50,861
f1_v1_inline,v1,agent,sem_filtro,company,desc,0,6,10.785,50,861
f1_v1_inline,v1,agent,sem_filtro,company,desc,500,1,11.563,50,861
f1_v1_inline,v1,agent,sem_filtro,company,desc,500,2,11.519,50,861
f1_v1_inline,v1,agent,sem_filtro,company,desc,500,3,15.778,50,861
f1_v1_inline,v1,agent,sem_filtro,company,desc,500,4,14.633,50,861
f1_v1_inline,v1,agent,sem_filtro,company,desc,500,5,10.854,50,861
f1_v1_inline,v1,agent,sem_filtro,company,desc,500,6,13.183,50,861
f1_v1_inline,v1,agent,termo_nome_5ch,name,asc,0,1,12.073,50,109
f1_v1_inline,v1,agent,termo_nome_5ch,name,asc,0,2,8.332,50,109
f1_v1_inline,v1,agent,termo_nome_5ch,name,asc,0,3,8.597,50,109
f1_v1_inline,v1,agent,termo_nome_5ch,name,asc,0,4,7.314,50,109
f1_v1_inline,v1,agent,termo_nome_5ch,name,asc,0,5,6.902,50,109
f1_v1_inline,v1,agent,termo_nome_5ch,name,asc,0,6,7.331,50,109
f1_v1_inline,v1,agent,termo_nome_5ch,name,asc,500,1,7.061,0,
f1_v1_inline,v1,agent,termo_nome_5ch,name,asc,500,2,7.097,0,
f1_v1_inline,v1,agent,termo_nome_5ch,name,asc,500,3,6.423,0,
f1_v1_inline,v1,agent,termo_nome_5ch,name,asc,500,4,6.644,0,
f1_v1_inline,v1,agent,termo_nome_5ch,name,asc,500,5,6.447,0,
f1_v1_inline,v1,agent,termo_nome_5ch,name,asc,500,6,6.524,0,
f1_v1_inline,v1,agent,termo_nome_5ch,name,desc,0,1,9.093,50,109
f1_v1_inline,v1,agent,termo_nome_5ch,name,desc,0,2,6.492,50,109
f1_v1_inline,v1,agent,termo_nome_5ch,name,desc,0,3,7.352,50,109
f1_v1_inline,v1,agent,termo_nome_5ch,name,desc,0,4,6.835,50,109
f1_v1_inline,v1,agent,termo_nome_5ch,name,desc,0,5,6.625,50,109
f1_v1_inline,v1,agent,termo_nome_5ch,name,desc,0,6,6.959,50,109
f1_v1_inline,v1,agent,termo_nome_5ch,name,desc,500,1,6.474,0,
f1_v1_inline,v1,agent,termo_nome_5ch,name,desc,500,2,6.536,0,
f1_v1_inline,v1,agent,termo_nome_5ch,name,desc,500,3,6.793,0,
f1_v1_inline,v1,agent,termo_nome_5ch,name,desc,500,4,6.41,0,
f1_v1_inline,v1,agent,termo_nome_5ch,name,desc,500,5,6.753,0,
f1_v1_inline,v1,agent,termo_nome_5ch,name,desc,500,6,7.075,0,
f1_v1_inline,v1,agent,termo_nome_5ch,created_at,asc,0,1,6.939,50,109
f1_v1_inline,v1,agent,termo_nome_5ch,created_at,asc,0,2,6.746,50,109
f1_v1_inline,v1,agent,termo_nome_5ch,created_at,asc,0,3,6.687,50,109
f1_v1_inline,v1,agent,termo_nome_5ch,created_at,asc,0,4,6.25,50,109
f1_v1_inline,v1,agent,termo_nome_5ch,created_at,asc,0,5,6.374,50,109
f1_v1_inline,v1,agent,termo_nome_5ch,created_at,asc,0,6,6.564,50,109
f1_v1_inline,v1,agent,termo_nome_5ch,created_at,asc,500,1,7.172,0,
f1_v1_inline,v1,agent,termo_nome_5ch,created_at,asc,500,2,6.296,0,
f1_v1_inline,v1,agent,termo_nome_5ch,created_at,asc,500,3,6.163,0,
f1_v1_inline,v1,agent,termo_nome_5ch,created_at,asc,500,4,7.1,0,
f1_v1_inline,v1,agent,termo_nome_5ch,created_at,asc,500,5,6.29,0,
f1_v1_inline,v1,agent,termo_nome_5ch,created_at,asc,500,6,7.792,0,
f1_v1_inline,v1,agent,termo_nome_5ch,created_at,desc,0,1,7.038,50,109
f1_v1_inline,v1,agent,termo_nome_5ch,created_at,desc,0,2,6.21,50,109
f1_v1_inline,v1,agent,termo_nome_5ch,created_at,desc,0,3,6.496,50,109
f1_v1_inline,v1,agent,termo_nome_5ch,created_at,desc,0,4,7.282,50,109
f1_v1_inline,v1,agent,termo_nome_5ch,created_at,desc,0,5,6.05,50,109
f1_v1_inline,v1,agent,termo_nome_5ch,created_at,desc,0,6,7.385,50,109
f1_v1_inline,v1,agent,termo_nome_5ch,created_at,desc,500,1,6.394,0,
f1_v1_inline,v1,agent,termo_nome_5ch,created_at,desc,500,2,6.011,0,
f1_v1_inline,v1,agent,termo_nome_5ch,created_at,desc,500,3,6.283,0,
f1_v1_inline,v1,agent,termo_nome_5ch,created_at,desc,500,4,6.365,0,
f1_v1_inline,v1,agent,termo_nome_5ch,created_at,desc,500,5,5.865,0,
f1_v1_inline,v1,agent,termo_nome_5ch,created_at,desc,500,6,6.914,0,
f1_v1_inline,v1,agent,termo_nome_5ch,company,asc,0,1,5.439,50,109
f1_v1_inline,v1,agent,termo_nome_5ch,company,asc,0,2,5.462,50,109
f1_v1_inline,v1,agent,termo_nome_5ch,company,asc,0,3,5.871,50,109
f1_v1_inline,v1,agent,termo_nome_5ch,company,asc,0,4,5.95,50,109
f1_v1_inline,v1,agent,termo_nome_5ch,company,asc,0,5,6.066,50,109
f1_v1_inline,v1,agent,termo_nome_5ch,company,asc,0,6,6.271,50,109
f1_v1_inline,v1,agent,termo_nome_5ch,company,asc,500,1,6.018,0,
f1_v1_inline,v1,agent,termo_nome_5ch,company,asc,500,2,5.559,0,
f1_v1_inline,v1,agent,termo_nome_5ch,company,asc,500,3,5.131,0,
f1_v1_inline,v1,agent,termo_nome_5ch,company,asc,500,4,6.672,0,
f1_v1_inline,v1,agent,termo_nome_5ch,company,asc,500,5,5.859,0,
f1_v1_inline,v1,agent,termo_nome_5ch,company,asc,500,6,6.355,0,
f1_v1_inline,v1,agent,termo_nome_5ch,company,desc,0,1,6.27,50,109
f1_v1_inline,v1,agent,termo_nome_5ch,company,desc,0,2,5.76,50,109
f1_v1_inline,v1,agent,termo_nome_5ch,company,desc,0,3,5.292,50,109
f1_v1_inline,v1,agent,termo_nome_5ch,company,desc,0,4,6.584,50,109
f1_v1_inline,v1,agent,termo_nome_5ch,company,desc,0,5,5.58,50,109
f1_v1_inline,v1,agent,termo_nome_5ch,company,desc,0,6,5.956,50,109
f1_v1_inline,v1,agent,termo_nome_5ch,company,desc,500,1,5.632,0,
f1_v1_inline,v1,agent,termo_nome_5ch,company,desc,500,2,6.115,0,
f1_v1_inline,v1,agent,termo_nome_5ch,company,desc,500,3,5.653,0,
f1_v1_inline,v1,agent,termo_nome_5ch,company,desc,500,4,6.638,0,
f1_v1_inline,v1,agent,termo_nome_5ch,company,desc,500,5,7.012,0,
f1_v1_inline,v1,agent,termo_nome_5ch,company,desc,500,6,5.592,0,
f1_v1_inline,v1,agent,termo_empresa,name,asc,0,1,5.955,50,88
f1_v1_inline,v1,agent,termo_empresa,name,asc,0,2,6.559,50,88
f1_v1_inline,v1,agent,termo_empresa,name,asc,0,3,6.197,50,88
f1_v1_inline,v1,agent,termo_empresa,name,asc,0,4,10.223,50,88
f1_v1_inline,v1,agent,termo_empresa,name,asc,0,5,6.151,50,88
f1_v1_inline,v1,agent,termo_empresa,name,asc,0,6,6.238,50,88
f1_v1_inline,v1,agent,termo_empresa,name,asc,500,1,6.758,0,
f1_v1_inline,v1,agent,termo_empresa,name,asc,500,2,6.232,0,
f1_v1_inline,v1,agent,termo_empresa,name,asc,500,3,6.181,0,
f1_v1_inline,v1,agent,termo_empresa,name,asc,500,4,6.722,0,
f1_v1_inline,v1,agent,termo_empresa,name,asc,500,5,6.277,0,
f1_v1_inline,v1,agent,termo_empresa,name,asc,500,6,6.475,0,
f1_v1_inline,v1,agent,termo_empresa,name,desc,0,1,6.065,50,88
f1_v1_inline,v1,agent,termo_empresa,name,desc,0,2,6.147,50,88
f1_v1_inline,v1,agent,termo_empresa,name,desc,0,3,6.334,50,88
f1_v1_inline,v1,agent,termo_empresa,name,desc,0,4,6.253,50,88
f1_v1_inline,v1,agent,termo_empresa,name,desc,0,5,6.431,50,88
f1_v1_inline,v1,agent,termo_empresa,name,desc,0,6,6.831,50,88
f1_v1_inline,v1,agent,termo_empresa,name,desc,500,1,6.257,0,
f1_v1_inline,v1,agent,termo_empresa,name,desc,500,2,6.017,0,
f1_v1_inline,v1,agent,termo_empresa,name,desc,500,3,7.333,0,
f1_v1_inline,v1,agent,termo_empresa,name,desc,500,4,6.38,0,
f1_v1_inline,v1,agent,termo_empresa,name,desc,500,5,6.363,0,
f1_v1_inline,v1,agent,termo_empresa,name,desc,500,6,6.815,0,
f1_v1_inline,v1,agent,termo_empresa,created_at,asc,0,1,6.508,50,88
f1_v1_inline,v1,agent,termo_empresa,created_at,asc,0,2,6.065,50,88
f1_v1_inline,v1,agent,termo_empresa,created_at,asc,0,3,6.389,50,88
f1_v1_inline,v1,agent,termo_empresa,created_at,asc,0,4,6.384,50,88
f1_v1_inline,v1,agent,termo_empresa,created_at,asc,0,5,6.904,50,88
f1_v1_inline,v1,agent,termo_empresa,created_at,asc,0,6,6.394,50,88
f1_v1_inline,v1,agent,termo_empresa,created_at,asc,500,1,6.175,0,
f1_v1_inline,v1,agent,termo_empresa,created_at,asc,500,2,6.1,0,
f1_v1_inline,v1,agent,termo_empresa,created_at,asc,500,3,6.444,0,
f1_v1_inline,v1,agent,termo_empresa,created_at,asc,500,4,6.503,0,
f1_v1_inline,v1,agent,termo_empresa,created_at,asc,500,5,6.417,0,
f1_v1_inline,v1,agent,termo_empresa,created_at,asc,500,6,5.948,0,
f1_v1_inline,v1,agent,termo_empresa,created_at,desc,0,1,6.404,50,88
f1_v1_inline,v1,agent,termo_empresa,created_at,desc,0,2,6.623,50,88
f1_v1_inline,v1,agent,termo_empresa,created_at,desc,0,3,6.235,50,88
f1_v1_inline,v1,agent,termo_empresa,created_at,desc,0,4,6.095,50,88
f1_v1_inline,v1,agent,termo_empresa,created_at,desc,0,5,6.613,50,88
f1_v1_inline,v1,agent,termo_empresa,created_at,desc,0,6,6.352,50,88
f1_v1_inline,v1,agent,termo_empresa,created_at,desc,500,1,6.374,0,
f1_v1_inline,v1,agent,termo_empresa,created_at,desc,500,2,7.724,0,
f1_v1_inline,v1,agent,termo_empresa,created_at,desc,500,3,6.582,0,
f1_v1_inline,v1,agent,termo_empresa,created_at,desc,500,4,6.307,0,
f1_v1_inline,v1,agent,termo_empresa,created_at,desc,500,5,6.794,0,
f1_v1_inline,v1,agent,termo_empresa,created_at,desc,500,6,6.417,0,
f1_v1_inline,v1,agent,termo_empresa,company,asc,0,1,6.986,50,88
f1_v1_inline,v1,agent,termo_empresa,company,asc,0,2,6.399,50,88
f1_v1_inline,v1,agent,termo_empresa,company,asc,0,3,6.54,50,88
f1_v1_inline,v1,agent,termo_empresa,company,asc,0,4,7.272,50,88
f1_v1_inline,v1,agent,termo_empresa,company,asc,0,5,6.091,50,88
f1_v1_inline,v1,agent,termo_empresa,company,asc,0,6,7.876,50,88
f1_v1_inline,v1,agent,termo_empresa,company,asc,500,1,6.612,0,
f1_v1_inline,v1,agent,termo_empresa,company,asc,500,2,6.606,0,
f1_v1_inline,v1,agent,termo_empresa,company,asc,500,3,7.661,0,
f1_v1_inline,v1,agent,termo_empresa,company,asc,500,4,8.244,0,
f1_v1_inline,v1,agent,termo_empresa,company,asc,500,5,6.528,0,
f1_v1_inline,v1,agent,termo_empresa,company,asc,500,6,6.673,0,
f1_v1_inline,v1,agent,termo_empresa,company,desc,0,1,6.75,50,88
f1_v1_inline,v1,agent,termo_empresa,company,desc,0,2,6.571,50,88
f1_v1_inline,v1,agent,termo_empresa,company,desc,0,3,6.152,50,88
f1_v1_inline,v1,agent,termo_empresa,company,desc,0,4,6.55,50,88
f1_v1_inline,v1,agent,termo_empresa,company,desc,0,5,6.633,50,88
f1_v1_inline,v1,agent,termo_empresa,company,desc,0,6,6.233,50,88
f1_v1_inline,v1,agent,termo_empresa,company,desc,500,1,6.374,0,
f1_v1_inline,v1,agent,termo_empresa,company,desc,500,2,6.585,0,
f1_v1_inline,v1,agent,termo_empresa,company,desc,500,3,6.2,0,
f1_v1_inline,v1,agent,termo_empresa,company,desc,500,4,6.954,0,
f1_v1_inline,v1,agent,termo_empresa,company,desc,500,5,7.665,0,
f1_v1_inline,v1,agent,termo_empresa,company,desc,500,6,6.452,0,
f1_v1_inline,v1,agent,filtro_tipo,name,asc,0,2,5.881,50,158
f1_v1_inline,v1,agent,filtro_tipo,name,asc,0,1,2.494,50,158
f1_v1_inline,v1,agent,filtro_tipo,name,asc,0,3,2.661,50,158
f1_v1_inline,v1,agent,filtro_tipo,name,asc,0,4,2.589,50,158
f1_v1_inline,v1,agent,filtro_tipo,name,asc,0,5,2.444,50,158
f1_v1_inline,v1,agent,filtro_tipo,name,asc,0,6,2.367,50,158
f1_v1_inline,v1,agent,filtro_tipo,name,asc,500,1,3.775,0,
f1_v1_inline,v1,agent,filtro_tipo,name,asc,500,2,2.819,0,
f1_v1_inline,v1,agent,filtro_tipo,name,asc,500,3,2.592,0,
f1_v1_inline,v1,agent,filtro_tipo,name,asc,500,4,2.509,0,
f1_v1_inline,v1,agent,filtro_tipo,name,asc,500,5,2.419,0,
f1_v1_inline,v1,agent,filtro_tipo,name,asc,500,6,3.104,0,
f1_v1_inline,v1,agent,filtro_tipo,name,desc,0,1,2.454,50,158
f1_v1_inline,v1,agent,filtro_tipo,name,desc,0,2,3.568,50,158
f1_v1_inline,v1,agent,filtro_tipo,name,desc,0,3,3.009,50,158
f1_v1_inline,v1,agent,filtro_tipo,name,desc,0,4,2.687,50,158
f1_v1_inline,v1,agent,filtro_tipo,name,desc,0,5,2.415,50,158
f1_v1_inline,v1,agent,filtro_tipo,name,desc,0,6,3.042,50,158
f1_v1_inline,v1,agent,filtro_tipo,name,desc,500,1,2.966,0,
f1_v1_inline,v1,agent,filtro_tipo,name,desc,500,2,2.696,0,
f1_v1_inline,v1,agent,filtro_tipo,name,desc,500,3,2.446,0,
f1_v1_inline,v1,agent,filtro_tipo,name,desc,500,4,2.755,0,
f1_v1_inline,v1,agent,filtro_tipo,name,desc,500,5,2.391,0,
f1_v1_inline,v1,agent,filtro_tipo,name,desc,500,6,2.535,0,
f1_v1_inline,v1,agent,filtro_tipo,created_at,asc,0,1,2.482,50,158
f1_v1_inline,v1,agent,filtro_tipo,created_at,asc,0,2,2.533,50,158
f1_v1_inline,v1,agent,filtro_tipo,created_at,asc,0,3,2.497,50,158
f1_v1_inline,v1,agent,filtro_tipo,created_at,asc,0,4,2.517,50,158
f1_v1_inline,v1,agent,filtro_tipo,created_at,asc,0,5,2.881,50,158
f1_v1_inline,v1,agent,filtro_tipo,created_at,asc,0,6,3.377,50,158
f1_v1_inline,v1,agent,filtro_tipo,created_at,asc,500,1,2.496,0,
f1_v1_inline,v1,agent,filtro_tipo,created_at,asc,500,2,2.993,0,
f1_v1_inline,v1,agent,filtro_tipo,created_at,asc,500,3,3.008,0,
f1_v1_inline,v1,agent,filtro_tipo,created_at,asc,500,4,3.644,0,
f1_v1_inline,v1,agent,filtro_tipo,created_at,asc,500,5,2.679,0,
f1_v1_inline,v1,agent,filtro_tipo,created_at,asc,500,6,2.477,0,
f1_v1_inline,v1,agent,filtro_tipo,created_at,desc,0,1,3.923,50,158
f1_v1_inline,v1,agent,filtro_tipo,created_at,desc,0,2,3.669,50,158
f1_v1_inline,v1,agent,filtro_tipo,created_at,desc,0,3,2.495,50,158
f1_v1_inline,v1,agent,filtro_tipo,created_at,desc,0,4,2.352,50,158
f1_v1_inline,v1,agent,filtro_tipo,created_at,desc,0,5,2.376,50,158
f1_v1_inline,v1,agent,filtro_tipo,created_at,desc,0,6,2.391,50,158
f1_v1_inline,v1,agent,filtro_tipo,created_at,desc,500,1,2.534,0,
f1_v1_inline,v1,agent,filtro_tipo,created_at,desc,500,2,2.426,0,
f1_v1_inline,v1,agent,filtro_tipo,created_at,desc,500,3,2.49,0,
f1_v1_inline,v1,agent,filtro_tipo,created_at,desc,500,4,2.662,0,
f1_v1_inline,v1,agent,filtro_tipo,created_at,desc,500,5,2.826,0,
f1_v1_inline,v1,agent,filtro_tipo,created_at,desc,500,6,2.801,0,
f1_v1_inline,v1,agent,filtro_tipo,company,asc,0,1,3.024,50,158
f1_v1_inline,v1,agent,filtro_tipo,company,asc,0,2,2.607,50,158
f1_v1_inline,v1,agent,filtro_tipo,company,asc,0,3,2.636,50,158
f1_v1_inline,v1,agent,filtro_tipo,company,asc,0,4,2.476,50,158
f1_v1_inline,v1,agent,filtro_tipo,company,asc,0,5,2.269,50,158
f1_v1_inline,v1,agent,filtro_tipo,company,asc,0,6,2.17,50,158
f1_v1_inline,v1,agent,filtro_tipo,company,asc,500,1,2.222,0,
f1_v1_inline,v1,agent,filtro_tipo,company,asc,500,2,2.322,0,
f1_v1_inline,v1,agent,filtro_tipo,company,asc,500,3,2.33,0,
f1_v1_inline,v1,agent,filtro_tipo,company,asc,500,4,2.316,0,
f1_v1_inline,v1,agent,filtro_tipo,company,asc,500,5,2.223,0,
f1_v1_inline,v1,agent,filtro_tipo,company,asc,500,6,2.307,0,
f1_v1_inline,v1,agent,filtro_tipo,company,desc,0,1,2.877,50,158
f1_v1_inline,v1,agent,filtro_tipo,company,desc,0,2,2.455,50,158
f1_v1_inline,v1,agent,filtro_tipo,company,desc,0,3,2.271,50,158
f1_v1_inline,v1,agent,filtro_tipo,company,desc,0,4,2.25,50,158
f1_v1_inline,v1,agent,filtro_tipo,company,desc,0,5,2.171,50,158
f1_v1_inline,v1,agent,filtro_tipo,company,desc,0,6,2.927,50,158
f1_v1_inline,v1,agent,filtro_tipo,company,desc,500,1,2.575,0,
f1_v1_inline,v1,agent,filtro_tipo,company,desc,500,2,2.738,0,
f1_v1_inline,v1,agent,filtro_tipo,company,desc,500,3,2.423,0,
f1_v1_inline,v1,agent,filtro_tipo,company,desc,500,4,2.547,0,
f1_v1_inline,v1,agent,filtro_tipo,company,desc,500,5,4.054,0,
f1_v1_inline,v1,agent,filtro_tipo,company,desc,500,6,2.97,0,
f1_v1_inline,v1,agent,filtro_tag,name,asc,0,1,1.818,50,71
f1_v1_inline,v1,agent,filtro_tag,name,asc,0,2,2.001,50,71
f1_v1_inline,v1,agent,filtro_tag,name,asc,0,3,4.089,50,71
f1_v1_inline,v1,agent,filtro_tag,name,asc,0,4,2.566,50,71
f1_v1_inline,v1,agent,filtro_tag,name,asc,0,5,2.072,50,71
f1_v1_inline,v1,agent,filtro_tag,name,asc,0,6,1.952,50,71
f1_v1_inline,v1,agent,filtro_tag,name,asc,500,1,1.814,0,
f1_v1_inline,v1,agent,filtro_tag,name,asc,500,2,1.981,0,
f1_v1_inline,v1,agent,filtro_tag,name,asc,500,3,2.207,0,
f1_v1_inline,v1,agent,filtro_tag,name,asc,500,4,2.574,0,
f1_v1_inline,v1,agent,filtro_tag,name,asc,500,5,1.954,0,
f1_v1_inline,v1,agent,filtro_tag,name,asc,500,6,1.995,0,
f1_v1_inline,v1,agent,filtro_tag,name,desc,0,1,1.899,50,71
f1_v1_inline,v1,agent,filtro_tag,name,desc,0,2,2.05,50,71
f1_v1_inline,v1,agent,filtro_tag,name,desc,0,3,4.472,50,71
f1_v1_inline,v1,agent,filtro_tag,name,desc,0,4,3.046,50,71
f1_v1_inline,v1,agent,filtro_tag,name,desc,0,5,1.932,50,71
f1_v1_inline,v1,agent,filtro_tag,name,desc,0,6,1.943,50,71
f1_v1_inline,v1,agent,filtro_tag,name,desc,500,1,2.178,0,
f1_v1_inline,v1,agent,filtro_tag,name,desc,500,2,2.132,0,
f1_v1_inline,v1,agent,filtro_tag,name,desc,500,3,1.941,0,
f1_v1_inline,v1,agent,filtro_tag,name,desc,500,4,1.987,0,
f1_v1_inline,v1,agent,filtro_tag,name,desc,500,5,2.016,0,
f1_v1_inline,v1,agent,filtro_tag,name,desc,500,6,1.867,0,
f1_v1_inline,v1,agent,filtro_tag,created_at,asc,0,1,2.121,50,71
f1_v1_inline,v1,agent,filtro_tag,created_at,asc,0,2,2.08,50,71
f1_v1_inline,v1,agent,filtro_tag,created_at,asc,0,3,2.189,50,71
f1_v1_inline,v1,agent,filtro_tag,created_at,asc,0,4,2.43,50,71
f1_v1_inline,v1,agent,filtro_tag,created_at,asc,0,5,2.288,50,71
f1_v1_inline,v1,agent,filtro_tag,created_at,asc,0,6,2.047,50,71
f1_v1_inline,v1,agent,filtro_tag,created_at,asc,500,1,2.208,0,
f1_v1_inline,v1,agent,filtro_tag,created_at,asc,500,2,2.579,0,
f1_v1_inline,v1,agent,filtro_tag,created_at,asc,500,3,2.274,0,
f1_v1_inline,v1,agent,filtro_tag,created_at,asc,500,4,2.004,0,
f1_v1_inline,v1,agent,filtro_tag,created_at,asc,500,5,1.777,0,
f1_v1_inline,v1,agent,filtro_tag,created_at,asc,500,6,2.176,0,
f1_v1_inline,v1,agent,filtro_tag,created_at,desc,0,1,2.152,50,71
f1_v1_inline,v1,agent,filtro_tag,created_at,desc,0,2,1.956,50,71
f1_v1_inline,v1,agent,filtro_tag,created_at,desc,0,3,1.76,50,71
f1_v1_inline,v1,agent,filtro_tag,created_at,desc,0,4,1.814,50,71
f1_v1_inline,v1,agent,filtro_tag,created_at,desc,0,5,1.797,50,71
f1_v1_inline,v1,agent,filtro_tag,created_at,desc,0,6,1.837,50,71
f1_v1_inline,v1,agent,filtro_tag,created_at,desc,500,1,2.033,0,
f1_v1_inline,v1,agent,filtro_tag,created_at,desc,500,2,2.334,0,
f1_v1_inline,v1,agent,filtro_tag,created_at,desc,500,3,1.811,0,
f1_v1_inline,v1,agent,filtro_tag,created_at,desc,500,4,1.608,0,
f1_v1_inline,v1,agent,filtro_tag,created_at,desc,500,5,2.018,0,
f1_v1_inline,v1,agent,filtro_tag,created_at,desc,500,6,1.648,0,
f1_v1_inline,v1,agent,filtro_tag,company,asc,0,1,1.791,50,71
f1_v1_inline,v1,agent,filtro_tag,company,asc,0,2,2.081,50,71
f1_v1_inline,v1,agent,filtro_tag,company,asc,0,3,2.649,50,71
f1_v1_inline,v1,agent,filtro_tag,company,asc,0,4,1.841,50,71
f1_v1_inline,v1,agent,filtro_tag,company,asc,0,5,1.78,50,71
f1_v1_inline,v1,agent,filtro_tag,company,asc,0,6,1.541,50,71
f1_v1_inline,v1,agent,filtro_tag,company,asc,500,1,2.167,0,
f1_v1_inline,v1,agent,filtro_tag,company,asc,500,2,1.939,0,
f1_v1_inline,v1,agent,filtro_tag,company,asc,500,3,2.286,0,
f1_v1_inline,v1,agent,filtro_tag,company,asc,500,4,2.028,0,
f1_v1_inline,v1,agent,filtro_tag,company,asc,500,5,1.879,0,
f1_v1_inline,v1,agent,filtro_tag,company,asc,500,6,1.903,0,
f1_v1_inline,v1,agent,filtro_tag,company,desc,0,1,2.104,50,71
f1_v1_inline,v1,agent,filtro_tag,company,desc,0,2,2.175,50,71
f1_v1_inline,v1,agent,filtro_tag,company,desc,0,3,2.291,50,71
f1_v1_inline,v1,agent,filtro_tag,company,desc,0,4,1.997,50,71
f1_v1_inline,v1,agent,filtro_tag,company,desc,0,5,1.924,50,71
f1_v1_inline,v1,agent,filtro_tag,company,desc,0,6,2.712,50,71
f1_v1_inline,v1,agent,filtro_tag,company,desc,500,1,1.8,0,
f1_v1_inline,v1,agent,filtro_tag,company,desc,500,2,1.807,0,
f1_v1_inline,v1,agent,filtro_tag,company,desc,500,3,2.126,0,
f1_v1_inline,v1,agent,filtro_tag,company,desc,500,4,1.982,0,
f1_v1_inline,v1,agent,filtro_tag,company,desc,500,5,2.07,0,
f1_v1_inline,v1,agent,filtro_tag,company,desc,500,6,1.931,0,
f1_v1_inline,v1,agent,intervalo_data,name,asc,0,1,2.565,50,207
f1_v1_inline,v1,agent,intervalo_data,name,asc,0,2,2.948,50,207
f1_v1_inline,v1,agent,intervalo_data,name,asc,0,3,2.939,50,207
f1_v1_inline,v1,agent,intervalo_data,name,asc,0,4,2.503,50,207
f1_v1_inline,v1,agent,intervalo_data,name,asc,0,5,2.576,50,207
f1_v1_inline,v1,agent,intervalo_data,name,asc,0,6,2.218,50,207
f1_v1_inline,v1,agent,intervalo_data,name,asc,500,1,2.96,0,
f1_v1_inline,v1,agent,intervalo_data,name,asc,500,2,2.528,0,
f1_v1_inline,v1,agent,intervalo_data,name,asc,500,3,2.336,0,
f1_v1_inline,v1,agent,intervalo_data,name,asc,500,4,2.331,0,
f1_v1_inline,v1,agent,intervalo_data,name,asc,500,5,3.356,0,
f1_v1_inline,v1,agent,intervalo_data,name,asc,500,6,3.088,0,
f1_v1_inline,v1,agent,intervalo_data,name,desc,0,1,2.56,50,207
f1_v1_inline,v1,agent,intervalo_data,name,desc,0,2,2.852,50,207
f1_v1_inline,v1,agent,intervalo_data,name,desc,0,3,2.954,50,207
f1_v1_inline,v1,agent,intervalo_data,name,desc,0,4,3.206,50,207
f1_v1_inline,v1,agent,intervalo_data,name,desc,0,5,2.689,50,207
f1_v1_inline,v1,agent,intervalo_data,name,desc,0,6,2.841,50,207
f1_v1_inline,v1,agent,intervalo_data,name,desc,500,1,2.911,0,
f1_v1_inline,v1,agent,intervalo_data,name,desc,500,2,3.288,0,
f1_v1_inline,v1,agent,intervalo_data,name,desc,500,3,2.69,0,
f1_v1_inline,v1,agent,intervalo_data,name,desc,500,4,2.777,0,
f1_v1_inline,v1,agent,intervalo_data,name,desc,500,5,2.754,0,
f1_v1_inline,v1,agent,intervalo_data,name,desc,500,6,2.741,0,
f1_v1_inline,v1,agent,intervalo_data,created_at,asc,0,1,2.76,50,207
f1_v1_inline,v1,agent,intervalo_data,created_at,asc,0,2,2.599,50,207
f1_v1_inline,v1,agent,intervalo_data,created_at,asc,0,3,2.506,50,207
f1_v1_inline,v1,agent,intervalo_data,created_at,asc,0,4,2.853,50,207
f1_v1_inline,v1,agent,intervalo_data,created_at,asc,0,5,3.173,50,207
f1_v1_inline,v1,agent,intervalo_data,created_at,asc,0,6,2.967,50,207
f1_v1_inline,v1,agent,intervalo_data,created_at,asc,500,1,2.388,0,
f1_v1_inline,v1,agent,intervalo_data,created_at,asc,500,2,2.654,0,
f1_v1_inline,v1,agent,intervalo_data,created_at,asc,500,3,2.751,0,
f1_v1_inline,v1,agent,intervalo_data,created_at,asc,500,4,2.903,0,
f1_v1_inline,v1,agent,intervalo_data,created_at,asc,500,5,2.405,0,
f1_v1_inline,v1,agent,intervalo_data,created_at,asc,500,6,2.104,0,
f1_v1_inline,v1,agent,intervalo_data,created_at,desc,0,1,2.646,50,207
f1_v1_inline,v1,agent,intervalo_data,created_at,desc,0,2,2.695,50,207
f1_v1_inline,v1,agent,intervalo_data,created_at,desc,0,3,3.198,50,207
f1_v1_inline,v1,agent,intervalo_data,created_at,desc,0,4,2.718,50,207
f1_v1_inline,v1,agent,intervalo_data,created_at,desc,0,5,2.447,50,207
f1_v1_inline,v1,agent,intervalo_data,created_at,desc,0,6,2.256,50,207
f1_v1_inline,v1,agent,intervalo_data,created_at,desc,500,1,3.767,0,
f1_v1_inline,v1,agent,intervalo_data,created_at,desc,500,2,2.736,0,
f1_v1_inline,v1,agent,intervalo_data,created_at,desc,500,3,2.53,0,
f1_v1_inline,v1,agent,intervalo_data,created_at,desc,500,4,2.501,0,
f1_v1_inline,v1,agent,intervalo_data,created_at,desc,500,5,2.475,0,
f1_v1_inline,v1,agent,intervalo_data,created_at,desc,500,6,5.662,0,
f1_v1_inline,v1,agent,intervalo_data,company,asc,0,1,2.483,50,207
f1_v1_inline,v1,agent,intervalo_data,company,asc,0,2,3.713,50,207
f1_v1_inline,v1,agent,intervalo_data,company,asc,0,3,5.686,50,207
f1_v1_inline,v1,agent,intervalo_data,company,asc,0,4,3.126,50,207
f1_v1_inline,v1,agent,intervalo_data,company,asc,0,5,2.715,50,207
f1_v1_inline,v1,agent,intervalo_data,company,asc,0,6,2.725,50,207
f1_v1_inline,v1,agent,intervalo_data,company,asc,500,1,2.757,0,
f1_v1_inline,v1,agent,intervalo_data,company,asc,500,2,2.695,0,
f1_v1_inline,v1,agent,intervalo_data,company,asc,500,3,2.559,0,
f1_v1_inline,v1,agent,intervalo_data,company,asc,500,4,2.567,0,
f1_v1_inline,v1,agent,intervalo_data,company,asc,500,5,2.909,0,
f1_v1_inline,v1,agent,intervalo_data,company,asc,500,6,3.257,0,
f1_v1_inline,v1,agent,intervalo_data,company,desc,0,1,2.798,50,207
f1_v1_inline,v1,agent,intervalo_data,company,desc,0,2,2.729,50,207
f1_v1_inline,v1,agent,intervalo_data,company,desc,0,3,3.186,50,207
f1_v1_inline,v1,agent,intervalo_data,company,desc,0,4,2.558,50,207
f1_v1_inline,v1,agent,intervalo_data,company,desc,0,5,2.434,50,207
f1_v1_inline,v1,agent,intervalo_data,company,desc,0,6,2.517,50,207
f1_v1_inline,v1,agent,intervalo_data,company,desc,500,1,2.739,0,
f1_v1_inline,v1,agent,intervalo_data,company,desc,500,2,2.639,0,
f1_v1_inline,v1,agent,intervalo_data,company,desc,500,3,2.433,0,
f1_v1_inline,v1,agent,intervalo_data,company,desc,500,4,2.344,0,
f1_v1_inline,v1,agent,intervalo_data,company,desc,500,5,2.494,0,
f1_v1_inline,v1,agent,intervalo_data,company,desc,500,6,2.286,0,
f1_v1_inline,v1,agent,combinado,name,asc,0,1,1.039,1,1
f1_v1_inline,v1,agent,combinado,name,asc,0,2,0.85,1,1
f1_v1_inline,v1,agent,combinado,name,asc,0,3,0.828,1,1
f1_v1_inline,v1,agent,combinado,name,asc,0,4,0.716,1,1
f1_v1_inline,v1,agent,combinado,name,asc,0,5,0.749,1,1
f1_v1_inline,v1,agent,combinado,name,asc,0,6,0.695,1,1
f1_v1_inline,v1,agent,combinado,name,asc,500,1,0.634,0,
f1_v1_inline,v1,agent,combinado,name,asc,500,2,0.885,0,
f1_v1_inline,v1,agent,combinado,name,asc,500,3,0.769,0,
f1_v1_inline,v1,agent,combinado,name,asc,500,4,0.827,0,
f1_v1_inline,v1,agent,combinado,name,asc,500,5,0.724,0,
f1_v1_inline,v1,agent,combinado,name,asc,500,6,0.675,0,
f1_v1_inline,v1,agent,combinado,name,desc,0,1,0.71,1,1
f1_v1_inline,v1,agent,combinado,name,desc,0,2,0.725,1,1
f1_v1_inline,v1,agent,combinado,name,desc,0,3,0.974,1,1
f1_v1_inline,v1,agent,combinado,name,desc,0,4,0.919,1,1
f1_v1_inline,v1,agent,combinado,name,desc,0,5,0.937,1,1
f1_v1_inline,v1,agent,combinado,name,desc,0,6,0.84,1,1
f1_v1_inline,v1,agent,combinado,name,desc,500,1,0.724,0,
f1_v1_inline,v1,agent,combinado,name,desc,500,2,0.744,0,
f1_v1_inline,v1,agent,combinado,name,desc,500,3,0.665,0,
f1_v1_inline,v1,agent,combinado,name,desc,500,4,0.788,0,
f1_v1_inline,v1,agent,combinado,name,desc,500,5,0.834,0,
f1_v1_inline,v1,agent,combinado,name,desc,500,6,0.782,0,
f1_v1_inline,v1,agent,combinado,created_at,asc,0,1,0.628,1,1
f1_v1_inline,v1,agent,combinado,created_at,asc,0,2,0.641,1,1
f1_v1_inline,v1,agent,combinado,created_at,asc,0,3,0.752,1,1
f1_v1_inline,v1,agent,combinado,created_at,asc,0,4,0.91,1,1
f1_v1_inline,v1,agent,combinado,created_at,asc,0,5,0.819,1,1
f1_v1_inline,v1,agent,combinado,created_at,asc,0,6,0.698,1,1
f1_v1_inline,v1,agent,combinado,created_at,asc,500,1,1.678,0,
f1_v1_inline,v1,agent,combinado,created_at,asc,500,2,0.883,0,
f1_v1_inline,v1,agent,combinado,created_at,asc,500,3,0.911,0,
f1_v1_inline,v1,agent,combinado,created_at,asc,500,4,0.726,0,
f1_v1_inline,v1,agent,combinado,created_at,asc,500,5,0.632,0,
f1_v1_inline,v1,agent,combinado,created_at,asc,500,6,0.8,0,
f1_v1_inline,v1,agent,combinado,created_at,desc,0,1,0.711,1,1
f1_v1_inline,v1,agent,combinado,created_at,desc,0,2,0.689,1,1
f1_v1_inline,v1,agent,combinado,created_at,desc,0,3,0.702,1,1
f1_v1_inline,v1,agent,combinado,created_at,desc,0,4,0.723,1,1
f1_v1_inline,v1,agent,combinado,created_at,desc,0,5,0.835,1,1
f1_v1_inline,v1,agent,combinado,created_at,desc,0,6,1.334,1,1
f1_v1_inline,v1,agent,combinado,created_at,desc,500,1,0.719,0,
f1_v1_inline,v1,agent,combinado,created_at,desc,500,2,0.879,0,
f1_v1_inline,v1,agent,combinado,created_at,desc,500,3,1.025,0,
f1_v1_inline,v1,agent,combinado,created_at,desc,500,4,1.211,0,
f1_v1_inline,v1,agent,combinado,created_at,desc,500,5,0.915,0,
f1_v1_inline,v1,agent,combinado,created_at,desc,500,6,1.033,0,
f1_v1_inline,v1,agent,combinado,company,asc,0,1,0.74,1,1
f1_v1_inline,v1,agent,combinado,company,asc,0,2,0.805,1,1
f1_v1_inline,v1,agent,combinado,company,asc,0,3,0.798,1,1
f1_v1_inline,v1,agent,combinado,company,asc,0,4,0.761,1,1
f1_v1_inline,v1,agent,combinado,company,asc,0,5,0.814,1,1
f1_v1_inline,v1,agent,combinado,company,asc,0,6,0.707,1,1
f1_v1_inline,v1,agent,combinado,company,asc,500,1,0.778,0,
f1_v1_inline,v1,agent,combinado,company,asc,500,2,0.763,0,
f1_v1_inline,v1,agent,combinado,company,asc,500,3,0.67,0,
f1_v1_inline,v1,agent,combinado,company,asc,500,4,0.669,0,
f1_v1_inline,v1,agent,combinado,company,asc,500,5,1.034,0,
f1_v1_inline,v1,agent,combinado,company,asc,500,6,0.738,0,
f1_v1_inline,v1,agent,combinado,company,desc,0,1,1.225,1,1
f1_v1_inline,v1,agent,combinado,company,desc,0,2,1.131,1,1
f1_v1_inline,v1,agent,combinado,company,desc,0,3,0.964,1,1
f1_v1_inline,v1,agent,combinado,company,desc,0,4,1.063,1,1
f1_v1_inline,v1,agent,combinado,company,desc,0,5,0.858,1,1
f1_v1_inline,v1,agent,combinado,company,desc,0,6,0.756,1,1
f1_v1_inline,v1,agent,combinado,company,desc,500,1,0.726,0,
f1_v1_inline,v1,agent,combinado,company,desc,500,2,0.687,0,
f1_v1_inline,v1,agent,combinado,company,desc,500,3,0.693,0,
f1_v1_inline,v1,agent,combinado,company,desc,500,4,0.705,0,
f1_v1_inline,v1,agent,combinado,company,desc,500,5,0.733,0,
f1_v1_inline,v1,agent,combinado,company,desc,500,6,0.717,0,
f1_v2_branch,v2,agent,__overhead_wrapper__,-,-,-1,0,0.257,0,0
f1_v2_branch,v2,agent,sem_filtro,name,asc,0,1,20.625,50,861
f1_v2_branch,v2,agent,sem_filtro,name,asc,0,2,19.972,50,861
f1_v2_branch,v2,agent,sem_filtro,name,asc,0,3,19.92,50,861
f1_v2_branch,v2,agent,sem_filtro,name,asc,0,4,28.526,50,861
f1_v2_branch,v2,agent,sem_filtro,name,asc,0,5,25.82,50,861
f1_v2_branch,v2,agent,sem_filtro,name,asc,0,6,24.476,50,861
f1_v2_branch,v2,agent,sem_filtro,name,asc,500,1,22.194,50,861
f1_v2_branch,v2,agent,sem_filtro,name,asc,500,2,22.529,50,861
f1_v2_branch,v2,agent,sem_filtro,name,asc,500,3,21.16,50,861
f1_v2_branch,v2,agent,sem_filtro,name,asc,500,4,21.56,50,861
f1_v2_branch,v2,agent,sem_filtro,name,asc,500,5,21.192,50,861
f1_v2_branch,v2,agent,sem_filtro,name,asc,500,6,21.069,50,861
f1_v2_branch,v2,agent,sem_filtro,name,desc,0,1,18.519,50,861
f1_v2_branch,v2,agent,sem_filtro,name,desc,0,2,18.662,50,861
f1_v2_branch,v2,agent,sem_filtro,name,desc,0,3,18.197,50,861
f1_v2_branch,v2,agent,sem_filtro,name,desc,0,4,19.13,50,861
f1_v2_branch,v2,agent,sem_filtro,name,desc,0,5,18.926,50,861
f1_v2_branch,v2,agent,sem_filtro,name,desc,0,6,18.526,50,861
f1_v2_branch,v2,agent,sem_filtro,name,desc,500,1,20.311,50,861
f1_v2_branch,v2,agent,sem_filtro,name,desc,500,2,17.821,50,861
f1_v2_branch,v2,agent,sem_filtro,name,desc,500,3,17.859,50,861
f1_v2_branch,v2,agent,sem_filtro,name,desc,500,4,18.803,50,861
f1_v2_branch,v2,agent,sem_filtro,name,desc,500,5,20.448,50,861
f1_v2_branch,v2,agent,sem_filtro,name,desc,500,6,20.336,50,861
f1_v2_branch,v2,agent,sem_filtro,created_at,asc,0,1,20.424,50,861
f1_v2_branch,v2,agent,sem_filtro,created_at,asc,0,2,21.05,50,861
f1_v2_branch,v2,agent,sem_filtro,created_at,asc,0,3,20.271,50,861
f1_v2_branch,v2,agent,sem_filtro,created_at,asc,0,4,21.547,50,861
f1_v2_branch,v2,agent,sem_filtro,created_at,asc,0,5,20.1,50,861
f1_v2_branch,v2,agent,sem_filtro,created_at,asc,0,6,20.018,50,861
f1_v2_branch,v2,agent,sem_filtro,created_at,asc,500,1,20.225,50,861
f1_v2_branch,v2,agent,sem_filtro,created_at,asc,500,2,21.734,50,861
f1_v2_branch,v2,agent,sem_filtro,created_at,asc,500,3,23.409,50,861
f1_v2_branch,v2,agent,sem_filtro,created_at,asc,500,4,20.468,50,861
f1_v2_branch,v2,agent,sem_filtro,created_at,asc,500,5,24.45,50,861
f1_v2_branch,v2,agent,sem_filtro,created_at,asc,500,6,24.198,50,861
f1_v2_branch,v2,agent,sem_filtro,created_at,desc,0,1,20.736,50,861
f1_v2_branch,v2,agent,sem_filtro,created_at,desc,0,2,21.562,50,861
f1_v2_branch,v2,agent,sem_filtro,created_at,desc,0,3,20.78,50,861
f1_v2_branch,v2,agent,sem_filtro,created_at,desc,0,4,19.826,50,861
f1_v2_branch,v2,agent,sem_filtro,created_at,desc,0,5,23.114,50,861
f1_v2_branch,v2,agent,sem_filtro,created_at,desc,0,6,19.898,50,861
f1_v2_branch,v2,agent,sem_filtro,created_at,desc,500,1,18.313,50,861
f1_v2_branch,v2,agent,sem_filtro,created_at,desc,500,2,18.652,50,861
f1_v2_branch,v2,agent,sem_filtro,created_at,desc,500,3,19.017,50,861
f1_v2_branch,v2,agent,sem_filtro,created_at,desc,500,4,21.268,50,861
f1_v2_branch,v2,agent,sem_filtro,created_at,desc,500,5,19.868,50,861
f1_v2_branch,v2,agent,sem_filtro,created_at,desc,500,6,19.691,50,861
f1_v2_branch,v2,agent,sem_filtro,company,asc,0,1,20.905,50,861
f1_v2_branch,v2,agent,sem_filtro,company,asc,0,2,20.808,50,861
f1_v2_branch,v2,agent,sem_filtro,company,asc,0,3,21.291,50,861
f1_v2_branch,v2,agent,sem_filtro,company,asc,0,4,19.895,50,861
f1_v2_branch,v2,agent,sem_filtro,company,asc,0,5,20.679,50,861
f1_v2_branch,v2,agent,sem_filtro,company,asc,0,6,19.111,50,861
f1_v2_branch,v2,agent,sem_filtro,company,asc,500,1,21.335,50,861
f1_v2_branch,v2,agent,sem_filtro,company,asc,500,2,22.178,50,861
f1_v2_branch,v2,agent,sem_filtro,company,asc,500,3,19.471,50,861
f1_v2_branch,v2,agent,sem_filtro,company,asc,500,4,21.136,50,861
f1_v2_branch,v2,agent,sem_filtro,company,asc,500,5,21.245,50,861
f1_v2_branch,v2,agent,sem_filtro,company,asc,500,6,19.492,50,861
f1_v2_branch,v2,agent,sem_filtro,company,desc,0,1,18.999,50,861
f1_v2_branch,v2,agent,sem_filtro,company,desc,0,2,20.269,50,861
f1_v2_branch,v2,agent,sem_filtro,company,desc,0,3,18.184,50,861
f1_v2_branch,v2,agent,sem_filtro,company,desc,0,4,19.304,50,861
f1_v2_branch,v2,agent,sem_filtro,company,desc,0,5,20.267,50,861
f1_v2_branch,v2,agent,sem_filtro,company,desc,0,6,19.469,50,861
f1_v2_branch,v2,agent,sem_filtro,company,desc,500,1,19.989,50,861
f1_v2_branch,v2,agent,sem_filtro,company,desc,500,2,19.367,50,861
f1_v2_branch,v2,agent,sem_filtro,company,desc,500,3,19.867,50,861
f1_v2_branch,v2,agent,sem_filtro,company,desc,500,4,20.935,50,861
f1_v2_branch,v2,agent,sem_filtro,company,desc,500,5,22.881,50,861
f1_v2_branch,v2,agent,sem_filtro,company,desc,500,6,19.683,50,861
f1_v2_branch,v2,agent,termo_nome_5ch,name,asc,0,1,7.169,50,109
f1_v2_branch,v2,agent,termo_nome_5ch,name,asc,0,2,7.611,50,109
f1_v2_branch,v2,agent,termo_nome_5ch,name,asc,0,3,8.139,50,109
f1_v2_branch,v2,agent,termo_nome_5ch,name,asc,0,4,7.961,50,109
f1_v2_branch,v2,agent,termo_nome_5ch,name,asc,0,5,7.743,50,109
f1_v2_branch,v2,agent,termo_nome_5ch,name,asc,0,6,7.772,50,109
f1_v2_branch,v2,agent,termo_nome_5ch,name,asc,500,1,7.248,0,
f1_v2_branch,v2,agent,termo_nome_5ch,name,asc,500,2,7.792,0,
f1_v2_branch,v2,agent,termo_nome_5ch,name,asc,500,3,7.069,0,
f1_v2_branch,v2,agent,termo_nome_5ch,name,asc,500,4,7,0,
f1_v2_branch,v2,agent,termo_nome_5ch,name,asc,500,5,7.852,0,
f1_v2_branch,v2,agent,termo_nome_5ch,name,asc,500,6,7.317,0,
f1_v2_branch,v2,agent,termo_nome_5ch,name,desc,0,1,6.384,50,109
f1_v2_branch,v2,agent,termo_nome_5ch,name,desc,0,2,7.833,50,109
f1_v2_branch,v2,agent,termo_nome_5ch,name,desc,0,3,7.136,50,109
f1_v2_branch,v2,agent,termo_nome_5ch,name,desc,0,4,7.437,50,109
f1_v2_branch,v2,agent,termo_nome_5ch,name,desc,0,5,7.154,50,109
f1_v2_branch,v2,agent,termo_nome_5ch,name,desc,0,6,7.674,50,109
f1_v2_branch,v2,agent,termo_nome_5ch,name,desc,500,1,7.721,0,
f1_v2_branch,v2,agent,termo_nome_5ch,name,desc,500,2,7.258,0,
f1_v2_branch,v2,agent,termo_nome_5ch,name,desc,500,3,8.756,0,
f1_v2_branch,v2,agent,termo_nome_5ch,name,desc,500,4,6.727,0,
f1_v2_branch,v2,agent,termo_nome_5ch,name,desc,500,5,7.877,0,
f1_v2_branch,v2,agent,termo_nome_5ch,name,desc,500,6,7.077,0,
f1_v2_branch,v2,agent,termo_nome_5ch,created_at,asc,0,1,6.556,50,109
f1_v2_branch,v2,agent,termo_nome_5ch,created_at,asc,0,2,6.87,50,109
f1_v2_branch,v2,agent,termo_nome_5ch,created_at,asc,0,3,6.679,50,109
f1_v2_branch,v2,agent,termo_nome_5ch,created_at,asc,0,4,7.004,50,109
f1_v2_branch,v2,agent,termo_nome_5ch,created_at,asc,0,5,7.905,50,109
f1_v2_branch,v2,agent,termo_nome_5ch,created_at,asc,0,6,7.119,50,109
f1_v2_branch,v2,agent,termo_nome_5ch,created_at,asc,500,1,7.241,0,
f1_v2_branch,v2,agent,termo_nome_5ch,created_at,asc,500,2,6.835,0,
f1_v2_branch,v2,agent,termo_nome_5ch,created_at,asc,500,3,7.28,0,
f1_v2_branch,v2,agent,termo_nome_5ch,created_at,asc,500,4,6.94,0,
f1_v2_branch,v2,agent,termo_nome_5ch,created_at,asc,500,5,7.329,0,
f1_v2_branch,v2,agent,termo_nome_5ch,created_at,asc,500,6,7.134,0,
f1_v2_branch,v2,agent,termo_nome_5ch,created_at,desc,0,1,8.321,50,109
f1_v2_branch,v2,agent,termo_nome_5ch,created_at,desc,0,2,8.732,50,109
f1_v2_branch,v2,agent,termo_nome_5ch,created_at,desc,0,3,8.702,50,109
f1_v2_branch,v2,agent,termo_nome_5ch,created_at,desc,0,4,8.406,50,109
f1_v2_branch,v2,agent,termo_nome_5ch,created_at,desc,0,5,7.792,50,109
f1_v2_branch,v2,agent,termo_nome_5ch,created_at,desc,0,6,8.338,50,109
f1_v2_branch,v2,agent,termo_nome_5ch,created_at,desc,500,1,7.678,0,
f1_v2_branch,v2,agent,termo_nome_5ch,created_at,desc,500,2,7.437,0,
f1_v2_branch,v2,agent,termo_nome_5ch,created_at,desc,500,3,7.412,0,
f1_v2_branch,v2,agent,termo_nome_5ch,created_at,desc,500,4,8.367,0,
f1_v2_branch,v2,agent,termo_nome_5ch,created_at,desc,500,5,7.674,0,
f1_v2_branch,v2,agent,termo_nome_5ch,created_at,desc,500,6,7.7,0,
f1_v2_branch,v2,agent,termo_nome_5ch,company,asc,0,1,7.202,50,109
f1_v2_branch,v2,agent,termo_nome_5ch,company,asc,0,2,8.297,50,109
f1_v2_branch,v2,agent,termo_nome_5ch,company,asc,0,3,7.516,50,109
f1_v2_branch,v2,agent,termo_nome_5ch,company,asc,0,4,7.873,50,109
f1_v2_branch,v2,agent,termo_nome_5ch,company,asc,0,5,7.45,50,109
f1_v2_branch,v2,agent,termo_nome_5ch,company,asc,0,6,8.625,50,109
f1_v2_branch,v2,agent,termo_nome_5ch,company,asc,500,1,7.663,0,
f1_v2_branch,v2,agent,termo_nome_5ch,company,asc,500,2,7.403,0,
f1_v2_branch,v2,agent,termo_nome_5ch,company,asc,500,3,7.163,0,
f1_v2_branch,v2,agent,termo_nome_5ch,company,asc,500,4,7.773,0,
f1_v2_branch,v2,agent,termo_nome_5ch,company,asc,500,5,8.704,0,
f1_v2_branch,v2,agent,termo_nome_5ch,company,asc,500,6,7.496,0,
f1_v2_branch,v2,agent,termo_nome_5ch,company,desc,0,1,7.115,50,109
f1_v2_branch,v2,agent,termo_nome_5ch,company,desc,0,2,7.602,50,109
f1_v2_branch,v2,agent,termo_nome_5ch,company,desc,0,3,7.2,50,109
f1_v2_branch,v2,agent,termo_nome_5ch,company,desc,0,4,7.453,50,109
f1_v2_branch,v2,agent,termo_nome_5ch,company,desc,0,5,7.86,50,109
f1_v2_branch,v2,agent,termo_nome_5ch,company,desc,0,6,7.025,50,109
f1_v2_branch,v2,agent,termo_nome_5ch,company,desc,500,1,6.547,0,
f1_v2_branch,v2,agent,termo_nome_5ch,company,desc,500,2,8.327,0,
f1_v2_branch,v2,agent,termo_nome_5ch,company,desc,500,3,7.273,0,
f1_v2_branch,v2,agent,termo_nome_5ch,company,desc,500,4,7.485,0,
f1_v2_branch,v2,agent,termo_nome_5ch,company,desc,500,5,8.403,0,
f1_v2_branch,v2,agent,termo_nome_5ch,company,desc,500,6,7.668,0,
f1_v2_branch,v2,agent,termo_empresa,name,asc,0,1,7.328,50,88
f1_v2_branch,v2,agent,termo_empresa,name,asc,0,2,7.923,50,88
f1_v2_branch,v2,agent,termo_empresa,name,asc,0,3,7.461,50,88
f1_v2_branch,v2,agent,termo_empresa,name,asc,0,4,7.18,50,88
f1_v2_branch,v2,agent,termo_empresa,name,asc,0,5,7.265,50,88
f1_v2_branch,v2,agent,termo_empresa,name,asc,0,6,6.845,50,88
f1_v2_branch,v2,agent,termo_empresa,name,asc,500,1,8.036,0,
f1_v2_branch,v2,agent,termo_empresa,name,asc,500,2,6.97,0,
f1_v2_branch,v2,agent,termo_empresa,name,asc,500,3,8.973,0,
f1_v2_branch,v2,agent,termo_empresa,name,asc,500,4,7.509,0,
f1_v2_branch,v2,agent,termo_empresa,name,asc,500,5,7.274,0,
f1_v2_branch,v2,agent,termo_empresa,name,asc,500,6,8.18,0,
f1_v2_branch,v2,agent,termo_empresa,name,desc,0,1,7.561,50,88
f1_v2_branch,v2,agent,termo_empresa,name,desc,0,2,9.261,50,88
f1_v2_branch,v2,agent,termo_empresa,name,desc,0,3,7.721,50,88
f1_v2_branch,v2,agent,termo_empresa,name,desc,0,4,8.292,50,88
f1_v2_branch,v2,agent,termo_empresa,name,desc,0,5,7.214,50,88
f1_v2_branch,v2,agent,termo_empresa,name,desc,0,6,7.917,50,88
f1_v2_branch,v2,agent,termo_empresa,name,desc,500,1,7.292,0,
f1_v2_branch,v2,agent,termo_empresa,name,desc,500,2,7.536,0,
f1_v2_branch,v2,agent,termo_empresa,name,desc,500,3,7.54,0,
f1_v2_branch,v2,agent,termo_empresa,name,desc,500,4,8.354,0,
f1_v2_branch,v2,agent,termo_empresa,name,desc,500,5,7.755,0,
f1_v2_branch,v2,agent,termo_empresa,name,desc,500,6,10.273,0,
f1_v2_branch,v2,agent,termo_empresa,created_at,asc,0,1,7.805,50,88
f1_v2_branch,v2,agent,termo_empresa,created_at,asc,0,2,9.681,50,88
f1_v2_branch,v2,agent,termo_empresa,created_at,asc,0,3,7.858,50,88
f1_v2_branch,v2,agent,termo_empresa,created_at,asc,0,4,8.522,50,88
f1_v2_branch,v2,agent,termo_empresa,created_at,asc,0,5,7.69,50,88
f1_v2_branch,v2,agent,termo_empresa,created_at,asc,0,6,8.481,50,88
f1_v2_branch,v2,agent,termo_empresa,created_at,asc,500,1,8.596,0,
f1_v2_branch,v2,agent,termo_empresa,created_at,asc,500,2,8.103,0,
f1_v2_branch,v2,agent,termo_empresa,created_at,asc,500,3,8.002,0,
f1_v2_branch,v2,agent,termo_empresa,created_at,asc,500,4,7.853,0,
f1_v2_branch,v2,agent,termo_empresa,created_at,asc,500,5,7.899,0,
f1_v2_branch,v2,agent,termo_empresa,created_at,asc,500,6,7.566,0,
f1_v2_branch,v2,agent,termo_empresa,created_at,desc,0,1,7.551,50,88
f1_v2_branch,v2,agent,termo_empresa,created_at,desc,0,2,7.506,50,88
f1_v2_branch,v2,agent,termo_empresa,created_at,desc,0,3,7.343,50,88
f1_v2_branch,v2,agent,termo_empresa,created_at,desc,0,4,8.183,50,88
f1_v2_branch,v2,agent,termo_empresa,created_at,desc,0,5,8.556,50,88
f1_v2_branch,v2,agent,termo_empresa,created_at,desc,0,6,7.795,50,88
f1_v2_branch,v2,agent,termo_empresa,created_at,desc,500,1,8.989,0,
f1_v2_branch,v2,agent,termo_empresa,created_at,desc,500,2,7.901,0,
f1_v2_branch,v2,agent,termo_empresa,created_at,desc,500,3,8.604,0,
f1_v2_branch,v2,agent,termo_empresa,created_at,desc,500,4,8.206,0,
f1_v2_branch,v2,agent,termo_empresa,created_at,desc,500,5,9.045,0,
f1_v2_branch,v2,agent,termo_empresa,created_at,desc,500,6,7.357,0,
f1_v2_branch,v2,agent,termo_empresa,company,asc,0,1,8.315,50,88
f1_v2_branch,v2,agent,termo_empresa,company,asc,0,2,7.163,50,88
f1_v2_branch,v2,agent,termo_empresa,company,asc,0,3,8.647,50,88
f1_v2_branch,v2,agent,termo_empresa,company,asc,0,4,7.329,50,88
f1_v2_branch,v2,agent,termo_empresa,company,asc,0,5,7.896,50,88
f1_v2_branch,v2,agent,termo_empresa,company,asc,0,6,7.628,50,88
f1_v2_branch,v2,agent,termo_empresa,company,asc,500,1,8.681,0,
f1_v2_branch,v2,agent,termo_empresa,company,asc,500,2,7.601,0,
f1_v2_branch,v2,agent,termo_empresa,company,asc,500,3,8.054,0,
f1_v2_branch,v2,agent,termo_empresa,company,asc,500,4,7.608,0,
f1_v2_branch,v2,agent,termo_empresa,company,asc,500,5,9.151,0,
f1_v2_branch,v2,agent,termo_empresa,company,asc,500,6,7.533,0,
f1_v2_branch,v2,agent,termo_empresa,company,desc,0,1,7.552,50,88
f1_v2_branch,v2,agent,termo_empresa,company,desc,0,2,7.86,50,88
f1_v2_branch,v2,agent,termo_empresa,company,desc,0,3,8.247,50,88
f1_v2_branch,v2,agent,termo_empresa,company,desc,0,4,8.31,50,88
f1_v2_branch,v2,agent,termo_empresa,company,desc,0,5,7.784,50,88
f1_v2_branch,v2,agent,termo_empresa,company,desc,0,6,8.793,50,88
f1_v2_branch,v2,agent,termo_empresa,company,desc,500,1,7.761,0,
f1_v2_branch,v2,agent,termo_empresa,company,desc,500,2,9.542,0,
f1_v2_branch,v2,agent,termo_empresa,company,desc,500,3,7.94,0,
f1_v2_branch,v2,agent,termo_empresa,company,desc,500,4,8.244,0,
f1_v2_branch,v2,agent,termo_empresa,company,desc,500,5,8.05,0,
f1_v2_branch,v2,agent,termo_empresa,company,desc,500,6,9.199,0,
f1_v2_branch,v2,agent,filtro_tipo,name,asc,0,1,4.833,50,158
f1_v2_branch,v2,agent,filtro_tipo,name,asc,0,2,4.576,50,158
f1_v2_branch,v2,agent,filtro_tipo,name,asc,0,3,4.771,50,158
f1_v2_branch,v2,agent,filtro_tipo,name,asc,0,4,5.359,50,158
f1_v2_branch,v2,agent,filtro_tipo,name,asc,0,5,5.181,50,158
f1_v2_branch,v2,agent,filtro_tipo,name,asc,0,6,5.085,50,158
f1_v2_branch,v2,agent,filtro_tipo,name,asc,500,1,5.712,0,
f1_v2_branch,v2,agent,filtro_tipo,name,asc,500,2,4.931,0,
f1_v2_branch,v2,agent,filtro_tipo,name,asc,500,3,4.844,0,
f1_v2_branch,v2,agent,filtro_tipo,name,asc,500,4,6.523,0,
f1_v2_branch,v2,agent,filtro_tipo,name,asc,500,5,5.198,0,
f1_v2_branch,v2,agent,filtro_tipo,name,asc,500,6,4.693,0,
f1_v2_branch,v2,agent,filtro_tipo,name,desc,0,1,4.804,50,158
f1_v2_branch,v2,agent,filtro_tipo,name,desc,0,2,5.245,50,158
f1_v2_branch,v2,agent,filtro_tipo,name,desc,0,3,5.377,50,158
f1_v2_branch,v2,agent,filtro_tipo,name,desc,0,4,4.666,50,158
f1_v2_branch,v2,agent,filtro_tipo,name,desc,0,5,4.975,50,158
f1_v2_branch,v2,agent,filtro_tipo,name,desc,0,6,5.155,50,158
f1_v2_branch,v2,agent,filtro_tipo,name,desc,500,1,5.553,0,
f1_v2_branch,v2,agent,filtro_tipo,name,desc,500,2,5.017,0,
f1_v2_branch,v2,agent,filtro_tipo,name,desc,500,3,5.223,0,
f1_v2_branch,v2,agent,filtro_tipo,name,desc,500,4,5.217,0,
f1_v2_branch,v2,agent,filtro_tipo,name,desc,500,5,5.436,0,
f1_v2_branch,v2,agent,filtro_tipo,name,desc,500,6,5.039,0,
f1_v2_branch,v2,agent,filtro_tipo,created_at,asc,0,1,4.504,50,158
f1_v2_branch,v2,agent,filtro_tipo,created_at,asc,0,2,5.113,50,158
f1_v2_branch,v2,agent,filtro_tipo,created_at,asc,0,3,5.221,50,158
f1_v2_branch,v2,agent,filtro_tipo,created_at,asc,0,4,4.785,50,158
f1_v2_branch,v2,agent,filtro_tipo,created_at,asc,0,5,4.614,50,158
f1_v2_branch,v2,agent,filtro_tipo,created_at,asc,0,6,5.063,50,158
f1_v2_branch,v2,agent,filtro_tipo,created_at,asc,500,1,4.678,0,
f1_v2_branch,v2,agent,filtro_tipo,created_at,asc,500,2,5.163,0,
f1_v2_branch,v2,agent,filtro_tipo,created_at,asc,500,3,4.862,0,
f1_v2_branch,v2,agent,filtro_tipo,created_at,asc,500,4,4.242,0,
f1_v2_branch,v2,agent,filtro_tipo,created_at,asc,500,5,5.453,0,
f1_v2_branch,v2,agent,filtro_tipo,created_at,asc,500,6,4.91,0,
f1_v2_branch,v2,agent,filtro_tipo,created_at,desc,0,1,4.587,50,158
f1_v2_branch,v2,agent,filtro_tipo,created_at,desc,0,2,4.453,50,158
f1_v2_branch,v2,agent,filtro_tipo,created_at,desc,0,3,5.167,50,158
f1_v2_branch,v2,agent,filtro_tipo,created_at,desc,0,4,4.916,50,158
f1_v2_branch,v2,agent,filtro_tipo,created_at,desc,0,5,4.286,50,158
f1_v2_branch,v2,agent,filtro_tipo,created_at,desc,0,6,4.236,50,158
f1_v2_branch,v2,agent,filtro_tipo,created_at,desc,500,1,4.332,0,
f1_v2_branch,v2,agent,filtro_tipo,created_at,desc,500,2,4.342,0,
f1_v2_branch,v2,agent,filtro_tipo,created_at,desc,500,3,5.475,0,
f1_v2_branch,v2,agent,filtro_tipo,created_at,desc,500,4,4.416,0,
f1_v2_branch,v2,agent,filtro_tipo,created_at,desc,500,5,4.207,0,
f1_v2_branch,v2,agent,filtro_tipo,created_at,desc,500,6,5.714,0,
f1_v2_branch,v2,agent,filtro_tipo,company,asc,0,1,4.795,50,158
f1_v2_branch,v2,agent,filtro_tipo,company,asc,0,2,5.266,50,158
f1_v2_branch,v2,agent,filtro_tipo,company,asc,0,3,4.393,50,158
f1_v2_branch,v2,agent,filtro_tipo,company,asc,0,4,4.374,50,158
f1_v2_branch,v2,agent,filtro_tipo,company,asc,0,5,4.892,50,158
f1_v2_branch,v2,agent,filtro_tipo,company,asc,0,6,4.887,50,158
f1_v2_branch,v2,agent,filtro_tipo,company,asc,500,1,5.503,0,
f1_v2_branch,v2,agent,filtro_tipo,company,asc,500,2,4.752,0,
f1_v2_branch,v2,agent,filtro_tipo,company,asc,500,3,4.065,0,
f1_v2_branch,v2,agent,filtro_tipo,company,asc,500,4,5.579,0,
f1_v2_branch,v2,agent,filtro_tipo,company,asc,500,5,4.743,0,
f1_v2_branch,v2,agent,filtro_tipo,company,asc,500,6,5.583,0,
f1_v2_branch,v2,agent,filtro_tipo,company,desc,0,1,4.498,50,158
f1_v2_branch,v2,agent,filtro_tipo,company,desc,0,2,4.579,50,158
f1_v2_branch,v2,agent,filtro_tipo,company,desc,0,3,5.9,50,158
f1_v2_branch,v2,agent,filtro_tipo,company,desc,0,4,5.048,50,158
f1_v2_branch,v2,agent,filtro_tipo,company,desc,0,5,4.21,50,158
f1_v2_branch,v2,agent,filtro_tipo,company,desc,0,6,5.182,50,158
f1_v2_branch,v2,agent,filtro_tipo,company,desc,500,1,4.663,0,
f1_v2_branch,v2,agent,filtro_tipo,company,desc,500,2,5.374,0,
f1_v2_branch,v2,agent,filtro_tipo,company,desc,500,3,4.6,0,
f1_v2_branch,v2,agent,filtro_tipo,company,desc,500,4,4.158,0,
f1_v2_branch,v2,agent,filtro_tipo,company,desc,500,5,5.247,0,
f1_v2_branch,v2,agent,filtro_tipo,company,desc,500,6,4.958,0,
f1_v2_branch,v2,agent,filtro_tag,name,asc,0,5,2.447,50,71
f1_v2_branch,v2,agent,filtro_tag,name,asc,0,1,3.488,50,71
f1_v2_branch,v2,agent,filtro_tag,name,asc,0,2,3.003,50,71
f1_v2_branch,v2,agent,filtro_tag,name,asc,0,3,2.89,50,71
f1_v2_branch,v2,agent,filtro_tag,name,asc,0,4,2.414,50,71
f1_v2_branch,v2,agent,filtro_tag,name,asc,0,6,2.796,50,71
f1_v2_branch,v2,agent,filtro_tag,name,asc,500,1,2.386,0,
f1_v2_branch,v2,agent,filtro_tag,name,asc,500,2,2.243,0,
f1_v2_branch,v2,agent,filtro_tag,name,asc,500,3,2.096,0,
f1_v2_branch,v2,agent,filtro_tag,name,asc,500,4,2.819,0,
f1_v2_branch,v2,agent,filtro_tag,name,asc,500,5,3.635,0,
f1_v2_branch,v2,agent,filtro_tag,name,asc,500,6,3.339,0,
f1_v2_branch,v2,agent,filtro_tag,name,desc,0,1,2.438,50,71
f1_v2_branch,v2,agent,filtro_tag,name,desc,0,2,3.194,50,71
f1_v2_branch,v2,agent,filtro_tag,name,desc,0,3,3.12,50,71
f1_v2_branch,v2,agent,filtro_tag,name,desc,0,4,2.49,50,71
f1_v2_branch,v2,agent,filtro_tag,name,desc,0,5,2.401,50,71
f1_v2_branch,v2,agent,filtro_tag,name,desc,0,6,2.346,50,71
f1_v2_branch,v2,agent,filtro_tag,name,desc,500,1,4.19,0,
f1_v2_branch,v2,agent,filtro_tag,name,desc,500,2,2.76,0,
f1_v2_branch,v2,agent,filtro_tag,name,desc,500,3,2.941,0,
f1_v2_branch,v2,agent,filtro_tag,name,desc,500,4,2.676,0,
f1_v2_branch,v2,agent,filtro_tag,name,desc,500,5,2.447,0,
f1_v2_branch,v2,agent,filtro_tag,name,desc,500,6,3.924,0,
f1_v2_branch,v2,agent,filtro_tag,created_at,asc,0,1,3.214,50,71
f1_v2_branch,v2,agent,filtro_tag,created_at,asc,0,2,2.711,50,71
f1_v2_branch,v2,agent,filtro_tag,created_at,asc,0,3,3.037,50,71
f1_v2_branch,v2,agent,filtro_tag,created_at,asc,0,4,2.959,50,71
f1_v2_branch,v2,agent,filtro_tag,created_at,asc,0,5,3.61,50,71
f1_v2_branch,v2,agent,filtro_tag,created_at,asc,0,6,2.886,50,71
f1_v2_branch,v2,agent,filtro_tag,created_at,asc,500,1,3.071,0,
f1_v2_branch,v2,agent,filtro_tag,created_at,asc,500,2,2.784,0,
f1_v2_branch,v2,agent,filtro_tag,created_at,asc,500,3,2.548,0,
f1_v2_branch,v2,agent,filtro_tag,created_at,asc,500,4,2.543,0,
f1_v2_branch,v2,agent,filtro_tag,created_at,asc,500,5,2.546,0,
f1_v2_branch,v2,agent,filtro_tag,created_at,asc,500,6,2.425,0,
f1_v2_branch,v2,agent,filtro_tag,created_at,desc,0,1,2.442,50,71
f1_v2_branch,v2,agent,filtro_tag,created_at,desc,0,2,2.523,50,71
f1_v2_branch,v2,agent,filtro_tag,created_at,desc,0,3,2.28,50,71
f1_v2_branch,v2,agent,filtro_tag,created_at,desc,0,4,3.086,50,71
f1_v2_branch,v2,agent,filtro_tag,created_at,desc,0,5,3.36,50,71
f1_v2_branch,v2,agent,filtro_tag,created_at,desc,0,6,2.579,50,71
f1_v2_branch,v2,agent,filtro_tag,created_at,desc,500,1,2.333,0,
f1_v2_branch,v2,agent,filtro_tag,created_at,desc,500,2,2.647,0,
f1_v2_branch,v2,agent,filtro_tag,created_at,desc,500,3,4.207,0,
f1_v2_branch,v2,agent,filtro_tag,created_at,desc,500,4,3.056,0,
f1_v2_branch,v2,agent,filtro_tag,created_at,desc,500,5,2.443,0,
f1_v2_branch,v2,agent,filtro_tag,created_at,desc,500,6,2.338,0,
f1_v2_branch,v2,agent,filtro_tag,company,asc,0,1,3.898,50,71
f1_v2_branch,v2,agent,filtro_tag,company,asc,0,2,2.953,50,71
f1_v2_branch,v2,agent,filtro_tag,company,asc,0,3,2.422,50,71
f1_v2_branch,v2,agent,filtro_tag,company,asc,0,4,2.41,50,71
f1_v2_branch,v2,agent,filtro_tag,company,asc,0,5,2.722,50,71
f1_v2_branch,v2,agent,filtro_tag,company,asc,0,6,3.371,50,71
f1_v2_branch,v2,agent,filtro_tag,company,asc,500,1,3.535,0,
f1_v2_branch,v2,agent,filtro_tag,company,asc,500,2,2.637,0,
f1_v2_branch,v2,agent,filtro_tag,company,asc,500,3,2.555,0,
f1_v2_branch,v2,agent,filtro_tag,company,asc,500,4,2.85,0,
f1_v2_branch,v2,agent,filtro_tag,company,asc,500,5,2.945,0,
f1_v2_branch,v2,agent,filtro_tag,company,asc,500,6,2.869,0,
f1_v2_branch,v2,agent,filtro_tag,company,desc,0,1,2.622,50,71
f1_v2_branch,v2,agent,filtro_tag,company,desc,0,2,2.572,50,71
f1_v2_branch,v2,agent,filtro_tag,company,desc,0,3,2.874,50,71
f1_v2_branch,v2,agent,filtro_tag,company,desc,0,4,2.604,50,71
f1_v2_branch,v2,agent,filtro_tag,company,desc,0,5,2.201,50,71
f1_v2_branch,v2,agent,filtro_tag,company,desc,0,6,2.329,50,71
f1_v2_branch,v2,agent,filtro_tag,company,desc,500,1,2.705,0,
f1_v2_branch,v2,agent,filtro_tag,company,desc,500,2,2.483,0,
f1_v2_branch,v2,agent,filtro_tag,company,desc,500,3,2.294,0,
f1_v2_branch,v2,agent,filtro_tag,company,desc,500,4,1.991,0,
f1_v2_branch,v2,agent,filtro_tag,company,desc,500,5,2.172,0,
f1_v2_branch,v2,agent,filtro_tag,company,desc,500,6,2.17,0,
f1_v2_branch,v2,agent,intervalo_data,name,asc,0,1,4.435,50,207
f1_v2_branch,v2,agent,intervalo_data,name,asc,0,2,4.838,50,207
f1_v2_branch,v2,agent,intervalo_data,name,asc,0,3,5.033,50,207
f1_v2_branch,v2,agent,intervalo_data,name,asc,0,4,4.582,50,207
f1_v2_branch,v2,agent,intervalo_data,name,asc,0,5,4.208,50,207
f1_v2_branch,v2,agent,intervalo_data,name,asc,0,6,4.469,50,207
f1_v2_branch,v2,agent,intervalo_data,name,asc,500,1,4.24,0,
f1_v2_branch,v2,agent,intervalo_data,name,asc,500,2,5.48,0,
f1_v2_branch,v2,agent,intervalo_data,name,asc,500,3,4.503,0,
f1_v2_branch,v2,agent,intervalo_data,name,asc,500,4,4.441,0,
f1_v2_branch,v2,agent,intervalo_data,name,asc,500,5,4.407,0,
f1_v2_branch,v2,agent,intervalo_data,name,asc,500,6,6.236,0,
f1_v2_branch,v2,agent,intervalo_data,name,desc,0,1,4.979,50,207
f1_v2_branch,v2,agent,intervalo_data,name,desc,0,2,4.534,50,207
f1_v2_branch,v2,agent,intervalo_data,name,desc,0,3,4.38,50,207
f1_v2_branch,v2,agent,intervalo_data,name,desc,0,4,5.109,50,207
f1_v2_branch,v2,agent,intervalo_data,name,desc,0,5,5.933,50,207
f1_v2_branch,v2,agent,intervalo_data,name,desc,0,6,4.981,50,207
f1_v2_branch,v2,agent,intervalo_data,name,desc,500,1,4.87,0,
f1_v2_branch,v2,agent,intervalo_data,name,desc,500,2,7.903,0,
f1_v2_branch,v2,agent,intervalo_data,name,desc,500,3,5.488,0,
f1_v2_branch,v2,agent,intervalo_data,name,desc,500,4,4.947,0,
f1_v2_branch,v2,agent,intervalo_data,name,desc,500,5,6.506,0,
f1_v2_branch,v2,agent,intervalo_data,name,desc,500,6,4.928,0,
f1_v2_branch,v2,agent,intervalo_data,created_at,asc,0,1,4.983,50,207
f1_v2_branch,v2,agent,intervalo_data,created_at,asc,0,2,5.174,50,207
f1_v2_branch,v2,agent,intervalo_data,created_at,asc,0,3,4.934,50,207
f1_v2_branch,v2,agent,intervalo_data,created_at,asc,0,4,5.411,50,207
f1_v2_branch,v2,agent,intervalo_data,created_at,asc,0,5,4.973,50,207
f1_v2_branch,v2,agent,intervalo_data,created_at,asc,0,6,4.595,50,207
f1_v2_branch,v2,agent,intervalo_data,created_at,asc,500,1,12.317,0,
f1_v2_branch,v2,agent,intervalo_data,created_at,asc,500,2,5.365,0,
f1_v2_branch,v2,agent,intervalo_data,created_at,asc,500,3,7.824,0,
f1_v2_branch,v2,agent,intervalo_data,created_at,asc,500,4,7.236,0,
f1_v2_branch,v2,agent,intervalo_data,created_at,asc,500,5,5.409,0,
f1_v2_branch,v2,agent,intervalo_data,created_at,asc,500,6,5.135,0,
f1_v2_branch,v2,agent,intervalo_data,created_at,desc,0,1,5.867,50,207
f1_v2_branch,v2,agent,intervalo_data,created_at,desc,0,2,5.469,50,207
f1_v2_branch,v2,agent,intervalo_data,created_at,desc,0,3,5.369,50,207
f1_v2_branch,v2,agent,intervalo_data,created_at,desc,0,4,6.696,50,207
f1_v2_branch,v2,agent,intervalo_data,created_at,desc,0,5,8.94,50,207
f1_v2_branch,v2,agent,intervalo_data,created_at,desc,0,6,5.567,50,207
f1_v2_branch,v2,agent,intervalo_data,created_at,desc,500,1,5.379,0,
f1_v2_branch,v2,agent,intervalo_data,created_at,desc,500,2,4.968,0,
f1_v2_branch,v2,agent,intervalo_data,created_at,desc,500,3,4.907,0,
f1_v2_branch,v2,agent,intervalo_data,created_at,desc,500,4,4.99,0,
f1_v2_branch,v2,agent,intervalo_data,created_at,desc,500,5,5.004,0,
f1_v2_branch,v2,agent,intervalo_data,created_at,desc,500,6,4.771,0,
f1_v2_branch,v2,agent,intervalo_data,company,asc,0,1,4.672,50,207
f1_v2_branch,v2,agent,intervalo_data,company,asc,0,2,6.968,50,207
f1_v2_branch,v2,agent,intervalo_data,company,asc,0,3,7.356,50,207
f1_v2_branch,v2,agent,intervalo_data,company,asc,0,4,5.107,50,207
f1_v2_branch,v2,agent,intervalo_data,company,asc,0,5,4.947,50,207
f1_v2_branch,v2,agent,intervalo_data,company,asc,0,6,4.975,50,207
f1_v2_branch,v2,agent,intervalo_data,company,asc,500,1,5.176,0,
f1_v2_branch,v2,agent,intervalo_data,company,asc,500,2,4.612,0,
f1_v2_branch,v2,agent,intervalo_data,company,asc,500,3,5.07,0,
f1_v2_branch,v2,agent,intervalo_data,company,asc,500,4,5.013,0,
f1_v2_branch,v2,agent,intervalo_data,company,asc,500,5,4.872,0,
f1_v2_branch,v2,agent,intervalo_data,company,asc,500,6,4.784,0,
f1_v2_branch,v2,agent,intervalo_data,company,desc,0,1,4.782,50,207
f1_v2_branch,v2,agent,intervalo_data,company,desc,0,2,4.504,50,207
f1_v2_branch,v2,agent,intervalo_data,company,desc,0,3,5.216,50,207
f1_v2_branch,v2,agent,intervalo_data,company,desc,0,4,4.321,50,207
f1_v2_branch,v2,agent,intervalo_data,company,desc,0,5,4.564,50,207
f1_v2_branch,v2,agent,intervalo_data,company,desc,0,6,5.893,50,207
f1_v2_branch,v2,agent,intervalo_data,company,desc,500,1,5.756,0,
f1_v2_branch,v2,agent,intervalo_data,company,desc,500,2,5.486,0,
f1_v2_branch,v2,agent,intervalo_data,company,desc,500,3,5.818,0,
f1_v2_branch,v2,agent,intervalo_data,company,desc,500,4,5.446,0,
f1_v2_branch,v2,agent,intervalo_data,company,desc,500,5,5.68,0,
f1_v2_branch,v2,agent,intervalo_data,company,desc,500,6,5.787,0,
f1_v2_branch,v2,agent,combinado,name,asc,0,1,0.975,1,1
f1_v2_branch,v2,agent,combinado,name,asc,0,2,0.857,1,1
f1_v2_branch,v2,agent,combinado,name,asc,0,3,0.749,1,1
f1_v2_branch,v2,agent,combinado,name,asc,0,4,0.704,1,1
f1_v2_branch,v2,agent,combinado,name,asc,0,5,0.603,1,1
f1_v2_branch,v2,agent,combinado,name,asc,0,6,0.66,1,1
f1_v2_branch,v2,agent,combinado,name,asc,500,1,1.057,0,
f1_v2_branch,v2,agent,combinado,name,asc,500,2,0.948,0,
f1_v2_branch,v2,agent,combinado,name,asc,500,3,0.775,0,
f1_v2_branch,v2,agent,combinado,name,asc,500,4,0.72,0,
f1_v2_branch,v2,agent,combinado,name,asc,500,5,0.666,0,
f1_v2_branch,v2,agent,combinado,name,asc,500,6,0.698,0,
f1_v2_branch,v2,agent,combinado,name,desc,0,1,0.728,1,1
f1_v2_branch,v2,agent,combinado,name,desc,0,2,0.686,1,1
f1_v2_branch,v2,agent,combinado,name,desc,0,3,0.707,1,1
f1_v2_branch,v2,agent,combinado,name,desc,0,4,0.646,1,1
f1_v2_branch,v2,agent,combinado,name,desc,0,5,0.606,1,1
f1_v2_branch,v2,agent,combinado,name,desc,0,6,0.62,1,1
f1_v2_branch,v2,agent,combinado,name,desc,500,1,0.644,0,
f1_v2_branch,v2,agent,combinado,name,desc,500,2,0.635,0,
f1_v2_branch,v2,agent,combinado,name,desc,500,3,0.624,0,
f1_v2_branch,v2,agent,combinado,name,desc,500,4,0.676,0,
f1_v2_branch,v2,agent,combinado,name,desc,500,5,0.706,0,
f1_v2_branch,v2,agent,combinado,name,desc,500,6,0.66,0,
f1_v2_branch,v2,agent,combinado,created_at,asc,0,1,0.856,1,1
f1_v2_branch,v2,agent,combinado,created_at,asc,0,2,0.801,1,1
f1_v2_branch,v2,agent,combinado,created_at,asc,0,3,0.684,1,1
f1_v2_branch,v2,agent,combinado,created_at,asc,0,4,0.634,1,1
f1_v2_branch,v2,agent,combinado,created_at,asc,0,5,0.664,1,1
f1_v2_branch,v2,agent,combinado,created_at,asc,0,6,0.677,1,1
f1_v2_branch,v2,agent,combinado,created_at,asc,500,1,0.69,0,
f1_v2_branch,v2,agent,combinado,created_at,asc,500,2,0.816,0,
f1_v2_branch,v2,agent,combinado,created_at,asc,500,3,0.76,0,
f1_v2_branch,v2,agent,combinado,created_at,asc,500,4,0.737,0,
f1_v2_branch,v2,agent,combinado,created_at,asc,500,5,0.744,0,
f1_v2_branch,v2,agent,combinado,created_at,asc,500,6,0.665,0,
f1_v2_branch,v2,agent,combinado,created_at,desc,0,1,0.51,1,1
f1_v2_branch,v2,agent,combinado,created_at,desc,0,2,0.595,1,1
f1_v2_branch,v2,agent,combinado,created_at,desc,0,3,0.65,1,1
f1_v2_branch,v2,agent,combinado,created_at,desc,0,4,0.597,1,1
f1_v2_branch,v2,agent,combinado,created_at,desc,0,5,0.587,1,1
f1_v2_branch,v2,agent,combinado,created_at,desc,0,6,0.554,1,1
f1_v2_branch,v2,agent,combinado,created_at,desc,500,1,0.89,0,
f1_v2_branch,v2,agent,combinado,created_at,desc,500,2,0.705,0,
f1_v2_branch,v2,agent,combinado,created_at,desc,500,3,0.59,0,
f1_v2_branch,v2,agent,combinado,created_at,desc,500,4,0.579,0,
f1_v2_branch,v2,agent,combinado,created_at,desc,500,5,0.638,0,
f1_v2_branch,v2,agent,combinado,created_at,desc,500,6,0.63,0,
f1_v2_branch,v2,agent,combinado,company,asc,0,1,0.807,1,1
f1_v2_branch,v2,agent,combinado,company,asc,0,2,0.826,1,1
f1_v2_branch,v2,agent,combinado,company,asc,0,3,0.647,1,1
f1_v2_branch,v2,agent,combinado,company,asc,0,4,0.729,1,1
f1_v2_branch,v2,agent,combinado,company,asc,0,5,0.641,1,1
f1_v2_branch,v2,agent,combinado,company,asc,0,6,0.645,1,1
f1_v2_branch,v2,agent,combinado,company,asc,500,1,0.627,0,
f1_v2_branch,v2,agent,combinado,company,asc,500,2,0.636,0,
f1_v2_branch,v2,agent,combinado,company,asc,500,3,0.631,0,
f1_v2_branch,v2,agent,combinado,company,asc,500,4,0.764,0,
f1_v2_branch,v2,agent,combinado,company,asc,500,5,0.651,0,
f1_v2_branch,v2,agent,combinado,company,asc,500,6,0.59,0,
f1_v2_branch,v2,agent,combinado,company,desc,0,1,0.582,1,1
f1_v2_branch,v2,agent,combinado,company,desc,0,2,0.608,1,1
f1_v2_branch,v2,agent,combinado,company,desc,0,3,0.623,1,1
f1_v2_branch,v2,agent,combinado,company,desc,0,4,0.58,1,1
f1_v2_branch,v2,agent,combinado,company,desc,0,5,0.614,1,1
f1_v2_branch,v2,agent,combinado,company,desc,0,6,0.643,1,1
f1_v2_branch,v2,agent,combinado,company,desc,500,1,0.59,0,
f1_v2_branch,v2,agent,combinado,company,desc,500,2,0.618,0,
f1_v2_branch,v2,agent,combinado,company,desc,500,3,0.649,0,
f1_v2_branch,v2,agent,combinado,company,desc,500,4,0.598,0,
f1_v2_branch,v2,agent,combinado,company,desc,500,5,0.569,0,
f1_v2_branch,v2,agent,combinado,company,desc,500,6,0.526,0,
f1_v0_admin,v0,admin,__overhead_wrapper__,-,-,-1,0,0.33,0,0
f1_v0_admin,v0,admin,sem_filtro,name,asc,0,1,17.924,50,2869
f1_v0_admin,v0,admin,sem_filtro,name,asc,0,2,16.55,50,2869
f1_v0_admin,v0,admin,sem_filtro,name,asc,0,3,16.865,50,2869
f1_v0_admin,v0,admin,sem_filtro,name,asc,0,4,16.946,50,2869
f1_v0_admin,v0,admin,sem_filtro,name,asc,0,5,17.927,50,2869
f1_v0_admin,v0,admin,sem_filtro,name,asc,0,6,16.775,50,2869
f1_v0_admin,v0,admin,sem_filtro,name,asc,500,1,18.778,50,2869
f1_v0_admin,v0,admin,sem_filtro,name,asc,500,2,18.168,50,2869
f1_v0_admin,v0,admin,sem_filtro,name,asc,500,3,18.365,50,2869
f1_v0_admin,v0,admin,sem_filtro,name,asc,500,4,18.102,50,2869
f1_v0_admin,v0,admin,sem_filtro,name,asc,500,5,18.128,50,2869
f1_v0_admin,v0,admin,sem_filtro,name,asc,500,6,17.364,50,2869
f1_v0_admin,v0,admin,sem_filtro,name,desc,0,1,17.403,50,2869
f1_v0_admin,v0,admin,sem_filtro,name,desc,0,2,17.283,50,2869
f1_v0_admin,v0,admin,sem_filtro,name,desc,0,3,17.019,50,2869
f1_v0_admin,v0,admin,sem_filtro,name,desc,0,4,16.774,50,2869
f1_v0_admin,v0,admin,sem_filtro,name,desc,0,5,16.95,50,2869
f1_v0_admin,v0,admin,sem_filtro,name,desc,0,6,16.585,50,2869
f1_v0_admin,v0,admin,sem_filtro,name,desc,500,1,20.234,50,2869
f1_v0_admin,v0,admin,sem_filtro,name,desc,500,2,17.127,50,2869
f1_v0_admin,v0,admin,sem_filtro,name,desc,500,3,17.933,50,2869
f1_v0_admin,v0,admin,sem_filtro,name,desc,500,4,17.439,50,2869
f1_v0_admin,v0,admin,sem_filtro,name,desc,500,5,16.601,50,2869
f1_v0_admin,v0,admin,sem_filtro,name,desc,500,6,16.161,50,2869
f1_v0_admin,v0,admin,sem_filtro,created_at,asc,0,1,14.957,50,2869
f1_v0_admin,v0,admin,sem_filtro,created_at,asc,0,2,15.639,50,2869
f1_v0_admin,v0,admin,sem_filtro,created_at,asc,0,3,15.155,50,2869
f1_v0_admin,v0,admin,sem_filtro,created_at,asc,0,4,15.373,50,2869
f1_v0_admin,v0,admin,sem_filtro,created_at,asc,0,5,14.886,50,2869
f1_v0_admin,v0,admin,sem_filtro,created_at,asc,0,6,15.355,50,2869
f1_v0_admin,v0,admin,sem_filtro,created_at,asc,500,1,15.323,50,2869
f1_v0_admin,v0,admin,sem_filtro,created_at,asc,500,2,15.038,50,2869
f1_v0_admin,v0,admin,sem_filtro,created_at,asc,500,3,16.866,50,2869
f1_v0_admin,v0,admin,sem_filtro,created_at,asc,500,4,16.299,50,2869
f1_v0_admin,v0,admin,sem_filtro,created_at,asc,500,5,16.261,50,2869
f1_v0_admin,v0,admin,sem_filtro,created_at,asc,500,6,15.523,50,2869
f1_v0_admin,v0,admin,sem_filtro,created_at,desc,0,1,15.093,50,2869
f1_v0_admin,v0,admin,sem_filtro,created_at,desc,0,2,14.903,50,2869
f1_v0_admin,v0,admin,sem_filtro,created_at,desc,0,3,14.812,50,2869
f1_v0_admin,v0,admin,sem_filtro,created_at,desc,0,4,16.147,50,2869
f1_v0_admin,v0,admin,sem_filtro,created_at,desc,0,5,15.686,50,2869
f1_v0_admin,v0,admin,sem_filtro,created_at,desc,0,6,16.009,50,2869
f1_v0_admin,v0,admin,sem_filtro,created_at,desc,500,1,15.449,50,2869
f1_v0_admin,v0,admin,sem_filtro,created_at,desc,500,2,15.522,50,2869
f1_v0_admin,v0,admin,sem_filtro,created_at,desc,500,3,15.941,50,2869
f1_v0_admin,v0,admin,sem_filtro,created_at,desc,500,4,15.264,50,2869
f1_v0_admin,v0,admin,sem_filtro,created_at,desc,500,5,15.703,50,2869
f1_v0_admin,v0,admin,sem_filtro,created_at,desc,500,6,15.793,50,2869
f1_v0_admin,v0,admin,sem_filtro,company,asc,0,1,16.216,50,2869
f1_v0_admin,v0,admin,sem_filtro,company,asc,0,2,15.994,50,2869
f1_v0_admin,v0,admin,sem_filtro,company,asc,0,3,15.599,50,2869
f1_v0_admin,v0,admin,sem_filtro,company,asc,0,4,15.632,50,2869
f1_v0_admin,v0,admin,sem_filtro,company,asc,0,5,17.866,50,2869
f1_v0_admin,v0,admin,sem_filtro,company,asc,0,6,16.82,50,2869
f1_v0_admin,v0,admin,sem_filtro,company,asc,500,1,17.277,50,2869
f1_v0_admin,v0,admin,sem_filtro,company,asc,500,2,16.663,50,2869
f1_v0_admin,v0,admin,sem_filtro,company,asc,500,3,16.904,50,2869
f1_v0_admin,v0,admin,sem_filtro,company,asc,500,4,16.608,50,2869
f1_v0_admin,v0,admin,sem_filtro,company,asc,500,5,16.889,50,2869
f1_v0_admin,v0,admin,sem_filtro,company,asc,500,6,17.312,50,2869
f1_v0_admin,v0,admin,sem_filtro,company,desc,0,1,16.313,50,2869
f1_v0_admin,v0,admin,sem_filtro,company,desc,0,2,15.936,50,2869
f1_v0_admin,v0,admin,sem_filtro,company,desc,0,3,15.697,50,2869
f1_v0_admin,v0,admin,sem_filtro,company,desc,0,4,16.142,50,2869
f1_v0_admin,v0,admin,sem_filtro,company,desc,0,5,17.184,50,2869
f1_v0_admin,v0,admin,sem_filtro,company,desc,0,6,15.559,50,2869
f1_v0_admin,v0,admin,sem_filtro,company,desc,500,1,18.697,50,2869
f1_v0_admin,v0,admin,sem_filtro,company,desc,500,2,17.999,50,2869
f1_v0_admin,v0,admin,sem_filtro,company,desc,500,3,17.041,50,2869
f1_v0_admin,v0,admin,sem_filtro,company,desc,500,4,17.803,50,2869
f1_v0_admin,v0,admin,sem_filtro,company,desc,500,5,16.983,50,2869
f1_v0_admin,v0,admin,sem_filtro,company,desc,500,6,16.765,50,2869
f1_v0_admin,v0,admin,termo_nome_5ch,name,asc,0,1,6.33,50,342
f1_v0_admin,v0,admin,termo_nome_5ch,name,asc,0,2,5.953,50,342
f1_v0_admin,v0,admin,termo_nome_5ch,name,asc,0,3,5.954,50,342
f1_v0_admin,v0,admin,termo_nome_5ch,name,asc,0,4,6.249,50,342
f1_v0_admin,v0,admin,termo_nome_5ch,name,asc,0,5,5.837,50,342
f1_v0_admin,v0,admin,termo_nome_5ch,name,asc,0,6,5.946,50,342
f1_v0_admin,v0,admin,termo_nome_5ch,name,asc,500,1,5.836,0,
f1_v0_admin,v0,admin,termo_nome_5ch,name,asc,500,2,5.943,0,
f1_v0_admin,v0,admin,termo_nome_5ch,name,asc,500,3,5.658,0,
f1_v0_admin,v0,admin,termo_nome_5ch,name,asc,500,4,6.015,0,
f1_v0_admin,v0,admin,termo_nome_5ch,name,asc,500,5,5.807,0,
f1_v0_admin,v0,admin,termo_nome_5ch,name,asc,500,6,5.476,0,
f1_v0_admin,v0,admin,termo_nome_5ch,name,desc,0,1,5.997,50,342
f1_v0_admin,v0,admin,termo_nome_5ch,name,desc,0,2,5.76,50,342
f1_v0_admin,v0,admin,termo_nome_5ch,name,desc,0,3,5.839,50,342
f1_v0_admin,v0,admin,termo_nome_5ch,name,desc,0,4,7.018,50,342
f1_v0_admin,v0,admin,termo_nome_5ch,name,desc,0,5,6.146,50,342
f1_v0_admin,v0,admin,termo_nome_5ch,name,desc,0,6,6.452,50,342
f1_v0_admin,v0,admin,termo_nome_5ch,name,desc,500,1,6.155,0,
f1_v0_admin,v0,admin,termo_nome_5ch,name,desc,500,2,7.031,0,
f1_v0_admin,v0,admin,termo_nome_5ch,name,desc,500,3,6.32,0,
f1_v0_admin,v0,admin,termo_nome_5ch,name,desc,500,4,7.532,0,
f1_v0_admin,v0,admin,termo_nome_5ch,name,desc,500,5,8.073,0,
f1_v0_admin,v0,admin,termo_nome_5ch,name,desc,500,6,7.625,0,
f1_v0_admin,v0,admin,termo_nome_5ch,created_at,asc,0,1,6.811,50,342
f1_v0_admin,v0,admin,termo_nome_5ch,created_at,asc,0,2,6.117,50,342
f1_v0_admin,v0,admin,termo_nome_5ch,created_at,asc,0,3,6.527,50,342
f1_v0_admin,v0,admin,termo_nome_5ch,created_at,asc,0,4,6.334,50,342
f1_v0_admin,v0,admin,termo_nome_5ch,created_at,asc,0,5,5.842,50,342
f1_v0_admin,v0,admin,termo_nome_5ch,created_at,asc,0,6,6.409,50,342
f1_v0_admin,v0,admin,termo_nome_5ch,created_at,asc,500,1,6.145,0,
f1_v0_admin,v0,admin,termo_nome_5ch,created_at,asc,500,2,5.555,0,
f1_v0_admin,v0,admin,termo_nome_5ch,created_at,asc,500,3,6.771,0,
f1_v0_admin,v0,admin,termo_nome_5ch,created_at,asc,500,4,5.841,0,
f1_v0_admin,v0,admin,termo_nome_5ch,created_at,asc,500,5,5.563,0,
f1_v0_admin,v0,admin,termo_nome_5ch,created_at,asc,500,6,6.197,0,
f1_v0_admin,v0,admin,termo_nome_5ch,created_at,desc,0,1,6.208,50,342
f1_v0_admin,v0,admin,termo_nome_5ch,created_at,desc,0,2,6.132,50,342
f1_v0_admin,v0,admin,termo_nome_5ch,created_at,desc,0,3,7.574,50,342
f1_v0_admin,v0,admin,termo_nome_5ch,created_at,desc,0,4,6.255,50,342
f1_v0_admin,v0,admin,termo_nome_5ch,created_at,desc,0,5,6.219,50,342
f1_v0_admin,v0,admin,termo_nome_5ch,created_at,desc,0,6,6.498,50,342
f1_v0_admin,v0,admin,termo_nome_5ch,created_at,desc,500,1,6.608,0,
f1_v0_admin,v0,admin,termo_nome_5ch,created_at,desc,500,2,6.948,0,
f1_v0_admin,v0,admin,termo_nome_5ch,created_at,desc,500,3,7.008,0,
f1_v0_admin,v0,admin,termo_nome_5ch,created_at,desc,500,4,6.521,0,
f1_v0_admin,v0,admin,termo_nome_5ch,created_at,desc,500,5,7.424,0,
f1_v0_admin,v0,admin,termo_nome_5ch,created_at,desc,500,6,6.848,0,
f1_v0_admin,v0,admin,termo_nome_5ch,company,asc,0,1,6.234,50,342
f1_v0_admin,v0,admin,termo_nome_5ch,company,asc,0,2,6.606,50,342
f1_v0_admin,v0,admin,termo_nome_5ch,company,asc,0,3,6.404,50,342
f1_v0_admin,v0,admin,termo_nome_5ch,company,asc,0,4,5.777,50,342
f1_v0_admin,v0,admin,termo_nome_5ch,company,asc,0,5,6.563,50,342
f1_v0_admin,v0,admin,termo_nome_5ch,company,asc,0,6,5.775,50,342
f1_v0_admin,v0,admin,termo_nome_5ch,company,asc,500,1,5.709,0,
f1_v0_admin,v0,admin,termo_nome_5ch,company,asc,500,2,6.257,0,
f1_v0_admin,v0,admin,termo_nome_5ch,company,asc,500,3,5.996,0,
f1_v0_admin,v0,admin,termo_nome_5ch,company,asc,500,4,5.761,0,
f1_v0_admin,v0,admin,termo_nome_5ch,company,asc,500,5,7.127,0,
f1_v0_admin,v0,admin,termo_nome_5ch,company,asc,500,6,7.572,0,
f1_v0_admin,v0,admin,termo_nome_5ch,company,desc,0,1,6.257,50,342
f1_v0_admin,v0,admin,termo_nome_5ch,company,desc,0,2,6.454,50,342
f1_v0_admin,v0,admin,termo_nome_5ch,company,desc,0,3,5.831,50,342
f1_v0_admin,v0,admin,termo_nome_5ch,company,desc,0,4,6.202,50,342
f1_v0_admin,v0,admin,termo_nome_5ch,company,desc,0,5,6.165,50,342
f1_v0_admin,v0,admin,termo_nome_5ch,company,desc,0,6,6.364,50,342
f1_v0_admin,v0,admin,termo_nome_5ch,company,desc,500,1,7.104,0,
f1_v0_admin,v0,admin,termo_nome_5ch,company,desc,500,2,6.246,0,
f1_v0_admin,v0,admin,termo_nome_5ch,company,desc,500,3,6.185,0,
f1_v0_admin,v0,admin,termo_nome_5ch,company,desc,500,4,6.33,0,
f1_v0_admin,v0,admin,termo_nome_5ch,company,desc,500,5,6.018,0,
f1_v0_admin,v0,admin,termo_nome_5ch,company,desc,500,6,6.405,0,
f1_v0_admin,v0,admin,combinado,name,asc,0,1,0.69,2,2
f1_v0_admin,v0,admin,combinado,name,asc,0,2,0.601,2,2
f1_v0_admin,v0,admin,combinado,name,asc,0,3,0.565,2,2
f1_v0_admin,v0,admin,combinado,name,asc,0,4,0.593,2,2
f1_v0_admin,v0,admin,combinado,name,asc,0,5,0.676,2,2
f1_v0_admin,v0,admin,combinado,name,asc,0,6,0.686,2,2
f1_v0_admin,v0,admin,combinado,name,asc,500,1,0.868,0,
f1_v0_admin,v0,admin,combinado,name,asc,500,2,1.178,0,
f1_v0_admin,v0,admin,combinado,name,asc,500,3,0.752,0,
f1_v0_admin,v0,admin,combinado,name,asc,500,4,0.703,0,
f1_v0_admin,v0,admin,combinado,name,asc,500,5,0.865,0,
f1_v0_admin,v0,admin,combinado,name,asc,500,6,0.746,0,
f1_v0_admin,v0,admin,combinado,name,desc,0,1,0.916,2,2
f1_v0_admin,v0,admin,combinado,name,desc,0,2,0.919,2,2
f1_v0_admin,v0,admin,combinado,name,desc,0,3,0.844,2,2
f1_v0_admin,v0,admin,combinado,name,desc,0,4,0.666,2,2
f1_v0_admin,v0,admin,combinado,name,desc,0,5,0.641,2,2
f1_v0_admin,v0,admin,combinado,name,desc,0,6,0.739,2,2
f1_v0_admin,v0,admin,combinado,name,desc,500,1,0.678,0,
f1_v0_admin,v0,admin,combinado,name,desc,500,2,0.606,0,
f1_v0_admin,v0,admin,combinado,name,desc,500,3,0.597,0,
f1_v0_admin,v0,admin,combinado,name,desc,500,4,0.576,0,
f1_v0_admin,v0,admin,combinado,name,desc,500,5,0.609,0,
f1_v0_admin,v0,admin,combinado,name,desc,500,6,0.58,0,
f1_v0_admin,v0,admin,combinado,created_at,asc,0,1,0.665,2,2
f1_v0_admin,v0,admin,combinado,created_at,asc,0,2,0.735,2,2
f1_v0_admin,v0,admin,combinado,created_at,asc,0,3,0.727,2,2
f1_v0_admin,v0,admin,combinado,created_at,asc,0,4,0.905,2,2
f1_v0_admin,v0,admin,combinado,created_at,asc,0,5,0.681,2,2
f1_v0_admin,v0,admin,combinado,created_at,asc,0,6,0.657,2,2
f1_v0_admin,v0,admin,combinado,created_at,asc,500,1,0.998,0,
f1_v0_admin,v0,admin,combinado,created_at,asc,500,2,0.678,0,
f1_v0_admin,v0,admin,combinado,created_at,asc,500,3,0.64,0,
f1_v0_admin,v0,admin,combinado,created_at,asc,500,4,0.647,0,
f1_v0_admin,v0,admin,combinado,created_at,asc,500,5,0.641,0,
f1_v0_admin,v0,admin,combinado,created_at,asc,500,6,0.695,0,
f1_v0_admin,v0,admin,combinado,created_at,desc,0,1,0.771,2,2
f1_v0_admin,v0,admin,combinado,created_at,desc,0,2,0.579,2,2
f1_v0_admin,v0,admin,combinado,created_at,desc,0,3,0.592,2,2
f1_v0_admin,v0,admin,combinado,created_at,desc,0,4,0.674,2,2
f1_v0_admin,v0,admin,combinado,created_at,desc,0,5,0.636,2,2
f1_v0_admin,v0,admin,combinado,created_at,desc,0,6,0.667,2,2
f1_v0_admin,v0,admin,combinado,created_at,desc,500,1,0.643,0,
f1_v0_admin,v0,admin,combinado,created_at,desc,500,2,0.857,0,
f1_v0_admin,v0,admin,combinado,created_at,desc,500,3,0.667,0,
f1_v0_admin,v0,admin,combinado,created_at,desc,500,4,0.666,0,
f1_v0_admin,v0,admin,combinado,created_at,desc,500,5,0.646,0,
f1_v0_admin,v0,admin,combinado,created_at,desc,500,6,0.639,0,
f1_v0_admin,v0,admin,combinado,company,asc,0,1,0.627,2,2
f1_v0_admin,v0,admin,combinado,company,asc,0,2,0.595,2,2
f1_v0_admin,v0,admin,combinado,company,asc,0,3,0.723,2,2
f1_v0_admin,v0,admin,combinado,company,asc,0,4,0.572,2,2
f1_v0_admin,v0,admin,combinado,company,asc,0,5,0.734,2,2
f1_v0_admin,v0,admin,combinado,company,asc,0,6,0.672,2,2
f1_v0_admin,v0,admin,combinado,company,asc,500,1,0.583,0,
f1_v0_admin,v0,admin,combinado,company,asc,500,2,0.58,0,
f1_v0_admin,v0,admin,combinado,company,asc,500,3,0.636,0,
f1_v0_admin,v0,admin,combinado,company,asc,500,4,0.65,0,
f1_v0_admin,v0,admin,combinado,company,asc,500,5,0.624,0,
f1_v0_admin,v0,admin,combinado,company,asc,500,6,0.656,0,
f1_v0_admin,v0,admin,combinado,company,desc,0,1,0.755,2,2
f1_v0_admin,v0,admin,combinado,company,desc,0,2,0.745,2,2
f1_v0_admin,v0,admin,combinado,company,desc,0,3,0.672,2,2
f1_v0_admin,v0,admin,combinado,company,desc,0,4,0.694,2,2
f1_v0_admin,v0,admin,combinado,company,desc,0,5,0.702,2,2
f1_v0_admin,v0,admin,combinado,company,desc,0,6,0.711,2,2
f1_v0_admin,v0,admin,combinado,company,desc,500,1,0.76,0,
f1_v0_admin,v0,admin,combinado,company,desc,500,2,0.655,0,
f1_v0_admin,v0,admin,combinado,company,desc,500,3,0.637,0,
f1_v0_admin,v0,admin,combinado,company,desc,500,4,0.912,0,
f1_v0_admin,v0,admin,combinado,company,desc,500,5,0.706,0,
f1_v0_admin,v0,admin,combinado,company,desc,500,6,0.583,0,
f2_v0_idx1,v0,agent,__overhead_wrapper__,-,-,-1,0,0.223,0,0
f2_v0_idx1,v0,agent,sem_filtro,name,asc,0,1,17.878,50,861
f2_v0_idx1,v0,agent,sem_filtro,name,asc,0,2,17.804,50,861
f2_v0_idx1,v0,agent,sem_filtro,name,asc,0,3,17.537,50,861
f2_v0_idx1,v0,agent,sem_filtro,name,asc,0,4,17.322,50,861
f2_v0_idx1,v0,agent,sem_filtro,name,asc,0,5,18.335,50,861
f2_v0_idx1,v0,agent,sem_filtro,name,asc,0,6,17.412,50,861
f2_v0_idx1,v0,agent,sem_filtro,name,asc,500,1,18.52,50,861
f2_v0_idx1,v0,agent,sem_filtro,name,asc,500,2,18.397,50,861
f2_v0_idx1,v0,agent,sem_filtro,name,asc,500,3,20.129,50,861
f2_v0_idx1,v0,agent,sem_filtro,name,asc,500,4,19.161,50,861
f2_v0_idx1,v0,agent,sem_filtro,name,asc,500,5,17.765,50,861
f2_v0_idx1,v0,agent,sem_filtro,name,asc,500,6,17.777,50,861
f2_v0_idx1,v0,agent,sem_filtro,name,desc,0,1,17.637,50,861
f2_v0_idx1,v0,agent,sem_filtro,name,desc,0,2,17.323,50,861
f2_v0_idx1,v0,agent,sem_filtro,name,desc,0,3,16.967,50,861
f2_v0_idx1,v0,agent,sem_filtro,name,desc,0,4,16.988,50,861
f2_v0_idx1,v0,agent,sem_filtro,name,desc,0,5,18.622,50,861
f2_v0_idx1,v0,agent,sem_filtro,name,desc,0,6,17.49,50,861
f2_v0_idx1,v0,agent,sem_filtro,name,desc,500,1,17.093,50,861
f2_v0_idx1,v0,agent,sem_filtro,name,desc,500,2,17.2,50,861
f2_v0_idx1,v0,agent,sem_filtro,name,desc,500,3,17.769,50,861
f2_v0_idx1,v0,agent,sem_filtro,name,desc,500,4,17.423,50,861
f2_v0_idx1,v0,agent,sem_filtro,name,desc,500,5,19.326,50,861
f2_v0_idx1,v0,agent,sem_filtro,name,desc,500,6,18.277,50,861
f2_v0_idx1,v0,agent,sem_filtro,created_at,asc,0,1,18.363,50,861
f2_v0_idx1,v0,agent,sem_filtro,created_at,asc,0,2,18.537,50,861
f2_v0_idx1,v0,agent,sem_filtro,created_at,asc,0,3,19.195,50,861
f2_v0_idx1,v0,agent,sem_filtro,created_at,asc,0,4,18.409,50,861
f2_v0_idx1,v0,agent,sem_filtro,created_at,asc,0,5,19.123,50,861
f2_v0_idx1,v0,agent,sem_filtro,created_at,asc,0,6,21.045,50,861
f2_v0_idx1,v0,agent,sem_filtro,created_at,asc,500,1,18.774,50,861
f2_v0_idx1,v0,agent,sem_filtro,created_at,asc,500,2,17.534,50,861
f2_v0_idx1,v0,agent,sem_filtro,created_at,asc,500,3,16.568,50,861
f2_v0_idx1,v0,agent,sem_filtro,created_at,asc,500,4,16.734,50,861
f2_v0_idx1,v0,agent,sem_filtro,created_at,asc,500,5,16.932,50,861
f2_v0_idx1,v0,agent,sem_filtro,created_at,asc,500,6,16.501,50,861
f2_v0_idx1,v0,agent,sem_filtro,created_at,desc,0,1,17.232,50,861
f2_v0_idx1,v0,agent,sem_filtro,created_at,desc,0,2,16.616,50,861
f2_v0_idx1,v0,agent,sem_filtro,created_at,desc,0,3,17.452,50,861
f2_v0_idx1,v0,agent,sem_filtro,created_at,desc,0,4,17.624,50,861
f2_v0_idx1,v0,agent,sem_filtro,created_at,desc,0,5,17.987,50,861
f2_v0_idx1,v0,agent,sem_filtro,created_at,desc,0,6,18.206,50,861
f2_v0_idx1,v0,agent,sem_filtro,created_at,desc,500,1,18.365,50,861
f2_v0_idx1,v0,agent,sem_filtro,created_at,desc,500,2,17.748,50,861
f2_v0_idx1,v0,agent,sem_filtro,created_at,desc,500,3,18.138,50,861
f2_v0_idx1,v0,agent,sem_filtro,created_at,desc,500,4,17.691,50,861
f2_v0_idx1,v0,agent,sem_filtro,created_at,desc,500,5,18.643,50,861
f2_v0_idx1,v0,agent,sem_filtro,created_at,desc,500,6,16.956,50,861
f2_v0_idx1,v0,agent,sem_filtro,company,asc,0,1,16.434,50,861
f2_v0_idx1,v0,agent,sem_filtro,company,asc,0,2,15.881,50,861
f2_v0_idx1,v0,agent,sem_filtro,company,asc,0,3,16.178,50,861
f2_v0_idx1,v0,agent,sem_filtro,company,asc,0,4,17.413,50,861
f2_v0_idx1,v0,agent,sem_filtro,company,asc,0,5,16.576,50,861
f2_v0_idx1,v0,agent,sem_filtro,company,asc,0,6,17.819,50,861
f2_v0_idx1,v0,agent,sem_filtro,company,asc,500,1,19.281,50,861
f2_v0_idx1,v0,agent,sem_filtro,company,asc,500,2,18.252,50,861
f2_v0_idx1,v0,agent,sem_filtro,company,asc,500,3,18.129,50,861
f2_v0_idx1,v0,agent,sem_filtro,company,asc,500,4,18.631,50,861
f2_v0_idx1,v0,agent,sem_filtro,company,asc,500,5,18.039,50,861
f2_v0_idx1,v0,agent,sem_filtro,company,asc,500,6,17.476,50,861
f2_v0_idx1,v0,agent,sem_filtro,company,desc,0,1,17.84,50,861
f2_v0_idx1,v0,agent,sem_filtro,company,desc,0,2,18.614,50,861
f2_v0_idx1,v0,agent,sem_filtro,company,desc,0,3,19.917,50,861
f2_v0_idx1,v0,agent,sem_filtro,company,desc,0,4,18.785,50,861
f2_v0_idx1,v0,agent,sem_filtro,company,desc,0,5,19.025,50,861
f2_v0_idx1,v0,agent,sem_filtro,company,desc,0,6,18.065,50,861
f2_v0_idx1,v0,agent,sem_filtro,company,desc,500,1,17.735,50,861
f2_v0_idx1,v0,agent,sem_filtro,company,desc,500,2,18.17,50,861
f2_v0_idx1,v0,agent,sem_filtro,company,desc,500,3,17.515,50,861
f2_v0_idx1,v0,agent,sem_filtro,company,desc,500,4,16.986,50,861
f2_v0_idx1,v0,agent,sem_filtro,company,desc,500,5,17.664,50,861
f2_v0_idx1,v0,agent,sem_filtro,company,desc,500,6,17.633,50,861
f2_v0_idx1,v0,agent,termo_nome_5ch,name,asc,0,1,6.472,50,109
f2_v0_idx1,v0,agent,termo_nome_5ch,name,asc,0,2,6.581,50,109
f2_v0_idx1,v0,agent,termo_nome_5ch,name,asc,0,3,6.085,50,109
f2_v0_idx1,v0,agent,termo_nome_5ch,name,asc,0,4,6.604,50,109
f2_v0_idx1,v0,agent,termo_nome_5ch,name,asc,0,5,6.5,50,109
f2_v0_idx1,v0,agent,termo_nome_5ch,name,asc,0,6,6.536,50,109
f2_v0_idx1,v0,agent,termo_nome_5ch,name,asc,500,1,6.595,0,
f2_v0_idx1,v0,agent,termo_nome_5ch,name,asc,500,2,7.294,0,
f2_v0_idx1,v0,agent,termo_nome_5ch,name,asc,500,3,5.83,0,
f2_v0_idx1,v0,agent,termo_nome_5ch,name,asc,500,4,6.858,0,
f2_v0_idx1,v0,agent,termo_nome_5ch,name,asc,500,5,6.462,0,
f2_v0_idx1,v0,agent,termo_nome_5ch,name,asc,500,6,6.529,0,
f2_v0_idx1,v0,agent,termo_nome_5ch,name,desc,0,1,8.189,50,109
f2_v0_idx1,v0,agent,termo_nome_5ch,name,desc,0,2,7.053,50,109
f2_v0_idx1,v0,agent,termo_nome_5ch,name,desc,0,3,7.672,50,109
f2_v0_idx1,v0,agent,termo_nome_5ch,name,desc,0,4,7.045,50,109
f2_v0_idx1,v0,agent,termo_nome_5ch,name,desc,0,5,6.188,50,109
f2_v0_idx1,v0,agent,termo_nome_5ch,name,desc,0,6,7.111,50,109
f2_v0_idx1,v0,agent,termo_nome_5ch,name,desc,500,1,6.36,0,
f2_v0_idx1,v0,agent,termo_nome_5ch,name,desc,500,2,6.325,0,
f2_v0_idx1,v0,agent,termo_nome_5ch,name,desc,500,3,6.63,0,
f2_v0_idx1,v0,agent,termo_nome_5ch,name,desc,500,4,6.051,0,
f2_v0_idx1,v0,agent,termo_nome_5ch,name,desc,500,5,6.067,0,
f2_v0_idx1,v0,agent,termo_nome_5ch,name,desc,500,6,6.348,0,
f2_v0_idx1,v0,agent,termo_nome_5ch,created_at,asc,0,1,5.993,50,109
f2_v0_idx1,v0,agent,termo_nome_5ch,created_at,asc,0,2,5.711,50,109
f2_v0_idx1,v0,agent,termo_nome_5ch,created_at,asc,0,3,6.492,50,109
f2_v0_idx1,v0,agent,termo_nome_5ch,created_at,asc,0,4,5.808,50,109
f2_v0_idx1,v0,agent,termo_nome_5ch,created_at,asc,0,5,5.925,50,109
f2_v0_idx1,v0,agent,termo_nome_5ch,created_at,asc,0,6,6.461,50,109
f2_v0_idx1,v0,agent,termo_nome_5ch,created_at,asc,500,1,6.339,0,
f2_v0_idx1,v0,agent,termo_nome_5ch,created_at,asc,500,2,6.15,0,
f2_v0_idx1,v0,agent,termo_nome_5ch,created_at,asc,500,3,6.403,0,
f2_v0_idx1,v0,agent,termo_nome_5ch,created_at,asc,500,4,6.214,0,
f2_v0_idx1,v0,agent,termo_nome_5ch,created_at,asc,500,5,6.385,0,
f2_v0_idx1,v0,agent,termo_nome_5ch,created_at,asc,500,6,6.979,0,
f2_v0_idx1,v0,agent,termo_nome_5ch,created_at,desc,0,1,7.033,50,109
f2_v0_idx1,v0,agent,termo_nome_5ch,created_at,desc,0,2,6.389,50,109
f2_v0_idx1,v0,agent,termo_nome_5ch,created_at,desc,0,3,7.531,50,109
f2_v0_idx1,v0,agent,termo_nome_5ch,created_at,desc,0,4,6.2,50,109
f2_v0_idx1,v0,agent,termo_nome_5ch,created_at,desc,0,5,6.48,50,109
f2_v0_idx1,v0,agent,termo_nome_5ch,created_at,desc,0,6,6.408,50,109
f2_v0_idx1,v0,agent,termo_nome_5ch,created_at,desc,500,1,6.203,0,
f2_v0_idx1,v0,agent,termo_nome_5ch,created_at,desc,500,2,7.116,0,
f2_v0_idx1,v0,agent,termo_nome_5ch,created_at,desc,500,3,6.744,0,
f2_v0_idx1,v0,agent,termo_nome_5ch,created_at,desc,500,4,7.115,0,
f2_v0_idx1,v0,agent,termo_nome_5ch,created_at,desc,500,5,6.087,0,
f2_v0_idx1,v0,agent,termo_nome_5ch,created_at,desc,500,6,5.993,0,
f2_v0_idx1,v0,agent,termo_nome_5ch,company,asc,0,1,7.557,50,109
f2_v0_idx1,v0,agent,termo_nome_5ch,company,asc,0,2,7.899,50,109
f2_v0_idx1,v0,agent,termo_nome_5ch,company,asc,0,3,6.927,50,109
f2_v0_idx1,v0,agent,termo_nome_5ch,company,asc,0,4,9.668,50,109
f2_v0_idx1,v0,agent,termo_nome_5ch,company,asc,0,5,7.274,50,109
f2_v0_idx1,v0,agent,termo_nome_5ch,company,asc,0,6,7.577,50,109
f2_v0_idx1,v0,agent,termo_nome_5ch,company,asc,500,1,7.259,0,
f2_v0_idx1,v0,agent,termo_nome_5ch,company,asc,500,2,9.71,0,
f2_v0_idx1,v0,agent,termo_nome_5ch,company,asc,500,3,9.428,0,
f2_v0_idx1,v0,agent,termo_nome_5ch,company,asc,500,4,9.395,0,
f2_v0_idx1,v0,agent,termo_nome_5ch,company,asc,500,5,7.867,0,
f2_v0_idx1,v0,agent,termo_nome_5ch,company,asc,500,6,8.198,0,
f2_v0_idx1,v0,agent,termo_nome_5ch,company,desc,0,1,7.915,50,109
f2_v0_idx1,v0,agent,termo_nome_5ch,company,desc,0,2,6.681,50,109
f2_v0_idx1,v0,agent,termo_nome_5ch,company,desc,0,3,7.013,50,109
f2_v0_idx1,v0,agent,termo_nome_5ch,company,desc,0,4,7.357,50,109
f2_v0_idx1,v0,agent,termo_nome_5ch,company,desc,0,5,7.279,50,109
f2_v0_idx1,v0,agent,termo_nome_5ch,company,desc,0,6,7.268,50,109
f2_v0_idx1,v0,agent,termo_nome_5ch,company,desc,500,1,7.081,0,
f2_v0_idx1,v0,agent,termo_nome_5ch,company,desc,500,2,6.996,0,
f2_v0_idx1,v0,agent,termo_nome_5ch,company,desc,500,3,8.385,0,
f2_v0_idx1,v0,agent,termo_nome_5ch,company,desc,500,4,7.406,0,
f2_v0_idx1,v0,agent,termo_nome_5ch,company,desc,500,5,7.756,0,
f2_v0_idx1,v0,agent,termo_nome_5ch,company,desc,500,6,7.454,0,
f2_v0_idx1,v0,agent,combinado,name,asc,0,1,1.502,1,1
f2_v0_idx1,v0,agent,combinado,name,asc,0,2,1.073,1,1
f2_v0_idx1,v0,agent,combinado,name,asc,0,3,0.807,1,1
f2_v0_idx1,v0,agent,combinado,name,asc,0,4,0.899,1,1
f2_v0_idx1,v0,agent,combinado,name,asc,0,5,0.78,1,1
f2_v0_idx1,v0,agent,combinado,name,asc,0,6,0.672,1,1
f2_v0_idx1,v0,agent,combinado,name,asc,500,1,0.866,0,
f2_v0_idx1,v0,agent,combinado,name,asc,500,2,0.798,0,
f2_v0_idx1,v0,agent,combinado,name,asc,500,3,0.819,0,
f2_v0_idx1,v0,agent,combinado,name,asc,500,4,0.762,0,
f2_v0_idx1,v0,agent,combinado,name,asc,500,5,0.69,0,
f2_v0_idx1,v0,agent,combinado,name,asc,500,6,0.863,0,
f2_v0_idx1,v0,agent,combinado,name,desc,0,1,0.902,1,1
f2_v0_idx1,v0,agent,combinado,name,desc,0,2,0.947,1,1
f2_v0_idx1,v0,agent,combinado,name,desc,0,3,0.916,1,1
f2_v0_idx1,v0,agent,combinado,name,desc,0,4,0.97,1,1
f2_v0_idx1,v0,agent,combinado,name,desc,0,5,1.012,1,1
f2_v0_idx1,v0,agent,combinado,name,desc,0,6,1.011,1,1
f2_v0_idx1,v0,agent,combinado,name,desc,500,1,1.306,0,
f2_v0_idx1,v0,agent,combinado,name,desc,500,2,1.326,0,
f2_v0_idx1,v0,agent,combinado,name,desc,500,3,0.994,0,
f2_v0_idx1,v0,agent,combinado,name,desc,500,4,0.816,0,
f2_v0_idx1,v0,agent,combinado,name,desc,500,5,0.727,0,
f2_v0_idx1,v0,agent,combinado,name,desc,500,6,0.997,0,
f2_v0_idx1,v0,agent,combinado,created_at,asc,0,1,0.861,1,1
f2_v0_idx1,v0,agent,combinado,created_at,asc,0,2,0.908,1,1
f2_v0_idx1,v0,agent,combinado,created_at,asc,0,3,1.006,1,1
f2_v0_idx1,v0,agent,combinado,created_at,asc,0,4,0.925,1,1
f2_v0_idx1,v0,agent,combinado,created_at,asc,0,5,0.778,1,1
f2_v0_idx1,v0,agent,combinado,created_at,asc,0,6,0.881,1,1
f2_v0_idx1,v0,agent,combinado,created_at,asc,500,1,0.825,0,
f2_v0_idx1,v0,agent,combinado,created_at,asc,500,2,1.067,0,
f2_v0_idx1,v0,agent,combinado,created_at,asc,500,3,0.949,0,
f2_v0_idx1,v0,agent,combinado,created_at,asc,500,4,0.842,0,
f2_v0_idx1,v0,agent,combinado,created_at,asc,500,5,0.804,0,
f2_v0_idx1,v0,agent,combinado,created_at,asc,500,6,0.788,0,
f2_v0_idx1,v0,agent,combinado,created_at,desc,0,1,0.719,1,1
f2_v0_idx1,v0,agent,combinado,created_at,desc,0,2,0.829,1,1
f2_v0_idx1,v0,agent,combinado,created_at,desc,0,3,0.8,1,1
f2_v0_idx1,v0,agent,combinado,created_at,desc,0,4,0.916,1,1
f2_v0_idx1,v0,agent,combinado,created_at,desc,0,5,0.883,1,1
f2_v0_idx1,v0,agent,combinado,created_at,desc,0,6,0.929,1,1
f2_v0_idx1,v0,agent,combinado,created_at,desc,500,1,0.742,0,
f2_v0_idx1,v0,agent,combinado,created_at,desc,500,2,0.698,0,
f2_v0_idx1,v0,agent,combinado,created_at,desc,500,3,0.807,0,
f2_v0_idx1,v0,agent,combinado,created_at,desc,500,4,0.679,0,
f2_v0_idx1,v0,agent,combinado,created_at,desc,500,5,1.051,0,
f2_v0_idx1,v0,agent,combinado,created_at,desc,500,6,0.786,0,
f2_v0_idx1,v0,agent,combinado,company,asc,0,1,0.838,1,1
f2_v0_idx1,v0,agent,combinado,company,asc,0,2,0.912,1,1
f2_v0_idx1,v0,agent,combinado,company,asc,0,3,0.725,1,1
f2_v0_idx1,v0,agent,combinado,company,asc,0,4,0.66,1,1
f2_v0_idx1,v0,agent,combinado,company,asc,0,5,0.782,1,1
f2_v0_idx1,v0,agent,combinado,company,asc,0,6,0.904,1,1
f2_v0_idx1,v0,agent,combinado,company,asc,500,1,0.887,0,
f2_v0_idx1,v0,agent,combinado,company,asc,500,2,1.069,0,
f2_v0_idx1,v0,agent,combinado,company,asc,500,3,0.838,0,
f2_v0_idx1,v0,agent,combinado,company,asc,500,4,0.846,0,
f2_v0_idx1,v0,agent,combinado,company,asc,500,5,0.692,0,
f2_v0_idx1,v0,agent,combinado,company,asc,500,6,0.826,0,
f2_v0_idx1,v0,agent,combinado,company,desc,0,1,0.877,1,1
f2_v0_idx1,v0,agent,combinado,company,desc,0,2,0.928,1,1
f2_v0_idx1,v0,agent,combinado,company,desc,0,3,0.797,1,1
f2_v0_idx1,v0,agent,combinado,company,desc,0,4,0.901,1,1
f2_v0_idx1,v0,agent,combinado,company,desc,0,5,0.818,1,1
f2_v0_idx1,v0,agent,combinado,company,desc,0,6,0.795,1,1
f2_v0_idx1,v0,agent,combinado,company,desc,500,1,1.03,0,
f2_v0_idx1,v0,agent,combinado,company,desc,500,2,0.935,0,
f2_v0_idx1,v0,agent,combinado,company,desc,500,3,0.793,0,
f2_v0_idx1,v0,agent,combinado,company,desc,500,4,1.016,0,
f2_v0_idx1,v0,agent,combinado,company,desc,500,5,0.729,0,
f2_v0_idx1,v0,agent,combinado,company,desc,500,6,0.679,0,
f2_v0_idx1,v0,agent,__overhead_wrapper__,-,-,-1,0,0.297,0,0
f2_v0_idx1,v0,agent,sem_filtro,name,asc,0,1,20.61,50,861
f2_v0_idx1,v0,agent,sem_filtro,name,asc,0,2,18.941,50,861
f2_v0_idx1,v0,agent,sem_filtro,name,asc,0,3,19.89,50,861
f2_v0_idx1,v0,agent,sem_filtro,name,asc,0,4,19.621,50,861
f2_v0_idx1,v0,agent,sem_filtro,name,asc,0,5,18.945,50,861
f2_v0_idx1,v0,agent,sem_filtro,name,asc,0,6,19.637,50,861
f2_v0_idx1,v0,agent,sem_filtro,name,asc,500,1,18.211,50,861
f2_v0_idx1,v0,agent,sem_filtro,name,asc,500,2,18.592,50,861
f2_v0_idx1,v0,agent,sem_filtro,name,asc,500,3,18.507,50,861
f2_v0_idx1,v0,agent,sem_filtro,name,asc,500,4,19.846,50,861
f2_v0_idx1,v0,agent,sem_filtro,name,asc,500,5,19.517,50,861
f2_v0_idx1,v0,agent,sem_filtro,name,asc,500,6,19.15,50,861
f2_v0_idx1,v0,agent,sem_filtro,name,desc,0,1,17.436,50,861
f2_v0_idx1,v0,agent,sem_filtro,name,desc,0,2,17.617,50,861
f2_v0_idx1,v0,agent,sem_filtro,name,desc,0,3,17.865,50,861
f2_v0_idx1,v0,agent,sem_filtro,name,desc,0,4,16.995,50,861
f2_v0_idx1,v0,agent,sem_filtro,name,desc,0,5,18.01,50,861
f2_v0_idx1,v0,agent,sem_filtro,name,desc,0,6,17.307,50,861
f2_v0_idx1,v0,agent,sem_filtro,name,desc,500,1,17.687,50,861
f2_v0_idx1,v0,agent,sem_filtro,name,desc,500,2,18.476,50,861
f2_v0_idx1,v0,agent,sem_filtro,name,desc,500,3,17.42,50,861
f2_v0_idx1,v0,agent,sem_filtro,name,desc,500,4,17.211,50,861
f2_v0_idx1,v0,agent,sem_filtro,name,desc,500,5,17.386,50,861
f2_v0_idx1,v0,agent,sem_filtro,name,desc,500,6,17.056,50,861
f2_v0_idx1,v0,agent,sem_filtro,created_at,asc,0,1,19.759,50,861
f2_v0_idx1,v0,agent,sem_filtro,created_at,asc,0,2,17.577,50,861
f2_v0_idx1,v0,agent,sem_filtro,created_at,asc,0,3,17.004,50,861
f2_v0_idx1,v0,agent,sem_filtro,created_at,asc,0,4,16.711,50,861
f2_v0_idx1,v0,agent,sem_filtro,created_at,asc,0,5,15.85,50,861
f2_v0_idx1,v0,agent,sem_filtro,created_at,asc,0,6,16.007,50,861
f2_v0_idx1,v0,agent,sem_filtro,created_at,asc,500,1,17.31,50,861
f2_v0_idx1,v0,agent,sem_filtro,created_at,asc,500,2,17.71,50,861
f2_v0_idx1,v0,agent,sem_filtro,created_at,asc,500,3,16.876,50,861
f2_v0_idx1,v0,agent,sem_filtro,created_at,asc,500,4,16.984,50,861
f2_v0_idx1,v0,agent,sem_filtro,created_at,asc,500,5,18.743,50,861
f2_v0_idx1,v0,agent,sem_filtro,created_at,asc,500,6,17.332,50,861
f2_v0_idx1,v0,agent,sem_filtro,created_at,desc,0,1,16.921,50,861
f2_v0_idx1,v0,agent,sem_filtro,created_at,desc,0,2,16.512,50,861
f2_v0_idx1,v0,agent,sem_filtro,created_at,desc,0,3,17.556,50,861
f2_v0_idx1,v0,agent,sem_filtro,created_at,desc,0,4,19.9,50,861
f2_v0_idx1,v0,agent,sem_filtro,created_at,desc,0,5,19.122,50,861
f2_v0_idx1,v0,agent,sem_filtro,created_at,desc,0,6,17.689,50,861
f2_v0_idx1,v0,agent,sem_filtro,created_at,desc,500,1,16.403,50,861
f2_v0_idx1,v0,agent,sem_filtro,created_at,desc,500,2,16.719,50,861
f2_v0_idx1,v0,agent,sem_filtro,created_at,desc,500,3,16.953,50,861
f2_v0_idx1,v0,agent,sem_filtro,created_at,desc,500,4,17.528,50,861
f2_v0_idx1,v0,agent,sem_filtro,created_at,desc,500,5,16.461,50,861
f2_v0_idx1,v0,agent,sem_filtro,created_at,desc,500,6,16.554,50,861
f2_v0_idx1,v0,agent,sem_filtro,company,asc,0,1,16.423,50,861
f2_v0_idx1,v0,agent,sem_filtro,company,asc,0,2,16.412,50,861
f2_v0_idx1,v0,agent,sem_filtro,company,asc,0,3,16.641,50,861
f2_v0_idx1,v0,agent,sem_filtro,company,asc,0,4,16.986,50,861
f2_v0_idx1,v0,agent,sem_filtro,company,asc,0,5,16.979,50,861
f2_v0_idx1,v0,agent,sem_filtro,company,asc,0,6,16.741,50,861
f2_v0_idx1,v0,agent,sem_filtro,company,asc,500,1,16.682,50,861
f2_v0_idx1,v0,agent,sem_filtro,company,asc,500,2,16.9,50,861
f2_v0_idx1,v0,agent,sem_filtro,company,asc,500,3,17.13,50,861
f2_v0_idx1,v0,agent,sem_filtro,company,asc,500,4,17.546,50,861
f2_v0_idx1,v0,agent,sem_filtro,company,asc,500,5,17.748,50,861
f2_v0_idx1,v0,agent,sem_filtro,company,asc,500,6,16.741,50,861
f2_v0_idx1,v0,agent,sem_filtro,company,desc,0,1,17.024,50,861
f2_v0_idx1,v0,agent,sem_filtro,company,desc,0,2,16.437,50,861
f2_v0_idx1,v0,agent,sem_filtro,company,desc,0,3,16.479,50,861
f2_v0_idx1,v0,agent,sem_filtro,company,desc,0,4,16.611,50,861
f2_v0_idx1,v0,agent,sem_filtro,company,desc,0,5,15.668,50,861
f2_v0_idx1,v0,agent,sem_filtro,company,desc,0,6,15.664,50,861
f2_v0_idx1,v0,agent,sem_filtro,company,desc,500,1,16.673,50,861
f2_v0_idx1,v0,agent,sem_filtro,company,desc,500,2,16.941,50,861
f2_v0_idx1,v0,agent,sem_filtro,company,desc,500,3,17.342,50,861
f2_v0_idx1,v0,agent,sem_filtro,company,desc,500,4,17.175,50,861
f2_v0_idx1,v0,agent,sem_filtro,company,desc,500,5,17.447,50,861
f2_v0_idx1,v0,agent,sem_filtro,company,desc,500,6,17.607,50,861
f2_v0_idx1,v0,agent,termo_nome_5ch,name,asc,0,1,6.4,50,109
f2_v0_idx1,v0,agent,termo_nome_5ch,name,asc,0,2,7.349,50,109
f2_v0_idx1,v0,agent,termo_nome_5ch,name,asc,0,3,6.839,50,109
f2_v0_idx1,v0,agent,termo_nome_5ch,name,asc,0,4,6.807,50,109
f2_v0_idx1,v0,agent,termo_nome_5ch,name,asc,0,5,7.276,50,109
f2_v0_idx1,v0,agent,termo_nome_5ch,name,asc,0,6,7.067,50,109
f2_v0_idx1,v0,agent,termo_nome_5ch,name,asc,500,1,6.491,0,
f2_v0_idx1,v0,agent,termo_nome_5ch,name,asc,500,2,7.244,0,
f2_v0_idx1,v0,agent,termo_nome_5ch,name,asc,500,3,6.699,0,
f2_v0_idx1,v0,agent,termo_nome_5ch,name,asc,500,4,7.201,0,
f2_v0_idx1,v0,agent,termo_nome_5ch,name,asc,500,5,6.457,0,
f2_v0_idx1,v0,agent,termo_nome_5ch,name,asc,500,6,6.566,0,
f2_v0_idx1,v0,agent,termo_nome_5ch,name,desc,0,1,6.716,50,109
f2_v0_idx1,v0,agent,termo_nome_5ch,name,desc,0,2,6.152,50,109
f2_v0_idx1,v0,agent,termo_nome_5ch,name,desc,0,3,6.417,50,109
f2_v0_idx1,v0,agent,termo_nome_5ch,name,desc,0,4,6.904,50,109
f2_v0_idx1,v0,agent,termo_nome_5ch,name,desc,0,5,6.123,50,109
f2_v0_idx1,v0,agent,termo_nome_5ch,name,desc,0,6,7.068,50,109
f2_v0_idx1,v0,agent,termo_nome_5ch,name,desc,500,1,6.788,0,
f2_v0_idx1,v0,agent,termo_nome_5ch,name,desc,500,2,5.757,0,
f2_v0_idx1,v0,agent,termo_nome_5ch,name,desc,500,3,7.115,0,
f2_v0_idx1,v0,agent,termo_nome_5ch,name,desc,500,4,6.522,0,
f2_v0_idx1,v0,agent,termo_nome_5ch,name,desc,500,5,9.127,0,
f2_v0_idx1,v0,agent,termo_nome_5ch,name,desc,500,6,7.312,0,
f2_v0_idx1,v0,agent,termo_nome_5ch,created_at,asc,0,1,6.203,50,109
f2_v0_idx1,v0,agent,termo_nome_5ch,created_at,asc,0,2,6.565,50,109
f2_v0_idx1,v0,agent,termo_nome_5ch,created_at,asc,0,3,6.47,50,109
f2_v0_idx1,v0,agent,termo_nome_5ch,created_at,asc,0,4,5.749,50,109
f2_v0_idx1,v0,agent,termo_nome_5ch,created_at,asc,0,5,7.015,50,109
f2_v0_idx1,v0,agent,termo_nome_5ch,created_at,asc,0,6,5.897,50,109
f2_v0_idx1,v0,agent,termo_nome_5ch,created_at,asc,500,1,6.138,0,
f2_v0_idx1,v0,agent,termo_nome_5ch,created_at,asc,500,2,6.513,0,
f2_v0_idx1,v0,agent,termo_nome_5ch,created_at,asc,500,3,5.936,0,
f2_v0_idx1,v0,agent,termo_nome_5ch,created_at,asc,500,4,6.85,0,
f2_v0_idx1,v0,agent,termo_nome_5ch,created_at,asc,500,5,6.087,0,
f2_v0_idx1,v0,agent,termo_nome_5ch,created_at,asc,500,6,6.302,0,
f2_v0_idx1,v0,agent,termo_nome_5ch,created_at,desc,0,1,7.753,50,109
f2_v0_idx1,v0,agent,termo_nome_5ch,created_at,desc,0,2,6.559,50,109
f2_v0_idx1,v0,agent,termo_nome_5ch,created_at,desc,0,3,6.978,50,109
f2_v0_idx1,v0,agent,termo_nome_5ch,created_at,desc,0,4,8.434,50,109
f2_v0_idx1,v0,agent,termo_nome_5ch,created_at,desc,0,5,7.048,50,109
f2_v0_idx1,v0,agent,termo_nome_5ch,created_at,desc,0,6,7.156,50,109
f2_v0_idx1,v0,agent,termo_nome_5ch,created_at,desc,500,1,6.689,0,
f2_v0_idx1,v0,agent,termo_nome_5ch,created_at,desc,500,2,6.024,0,
f2_v0_idx1,v0,agent,termo_nome_5ch,created_at,desc,500,3,6.994,0,
f2_v0_idx1,v0,agent,termo_nome_5ch,created_at,desc,500,4,6.018,0,
f2_v0_idx1,v0,agent,termo_nome_5ch,created_at,desc,500,5,6.201,0,
f2_v0_idx1,v0,agent,termo_nome_5ch,created_at,desc,500,6,6.824,0,
f2_v0_idx1,v0,agent,termo_nome_5ch,company,asc,0,1,6.659,50,109
f2_v0_idx1,v0,agent,termo_nome_5ch,company,asc,0,2,6.99,50,109
f2_v0_idx1,v0,agent,termo_nome_5ch,company,asc,0,3,6.309,50,109
f2_v0_idx1,v0,agent,termo_nome_5ch,company,asc,0,4,6.485,50,109
f2_v0_idx1,v0,agent,termo_nome_5ch,company,asc,0,5,6.803,50,109
f2_v0_idx1,v0,agent,termo_nome_5ch,company,asc,0,6,6.39,50,109
f2_v0_idx1,v0,agent,termo_nome_5ch,company,asc,500,1,6.28,0,
f2_v0_idx1,v0,agent,termo_nome_5ch,company,asc,500,2,7.041,0,
f2_v0_idx1,v0,agent,termo_nome_5ch,company,asc,500,3,6.054,0,
f2_v0_idx1,v0,agent,termo_nome_5ch,company,asc,500,4,6.646,0,
f2_v0_idx1,v0,agent,termo_nome_5ch,company,asc,500,5,6.366,0,
f2_v0_idx1,v0,agent,termo_nome_5ch,company,asc,500,6,5.982,0,
f2_v0_idx1,v0,agent,termo_nome_5ch,company,desc,0,1,6.606,50,109
f2_v0_idx1,v0,agent,termo_nome_5ch,company,desc,0,2,6.368,50,109
f2_v0_idx1,v0,agent,termo_nome_5ch,company,desc,0,3,5.926,50,109
f2_v0_idx1,v0,agent,termo_nome_5ch,company,desc,0,4,7.219,50,109
f2_v0_idx1,v0,agent,termo_nome_5ch,company,desc,0,5,6.063,50,109
f2_v0_idx1,v0,agent,termo_nome_5ch,company,desc,0,6,6.315,50,109
f2_v0_idx1,v0,agent,termo_nome_5ch,company,desc,500,1,7.206,0,
f2_v0_idx1,v0,agent,termo_nome_5ch,company,desc,500,2,6.303,0,
f2_v0_idx1,v0,agent,termo_nome_5ch,company,desc,500,3,7.032,0,
f2_v0_idx1,v0,agent,termo_nome_5ch,company,desc,500,4,6.987,0,
f2_v0_idx1,v0,agent,termo_nome_5ch,company,desc,500,5,6.804,0,
f2_v0_idx1,v0,agent,termo_nome_5ch,company,desc,500,6,6.83,0,
f2_v0_idx1,v0,agent,termo_empresa,name,asc,0,1,6.91,50,88
f2_v0_idx1,v0,agent,termo_empresa,name,asc,0,2,7.387,50,88
f2_v0_idx1,v0,agent,termo_empresa,name,asc,0,3,8.138,50,88
f2_v0_idx1,v0,agent,termo_empresa,name,asc,0,4,6.876,50,88
f2_v0_idx1,v0,agent,termo_empresa,name,asc,0,5,6.822,50,88
f2_v0_idx1,v0,agent,termo_empresa,name,asc,0,6,7.335,50,88
f2_v0_idx1,v0,agent,termo_empresa,name,asc,500,1,7.406,0,
f2_v0_idx1,v0,agent,termo_empresa,name,asc,500,2,8.541,0,
f2_v0_idx1,v0,agent,termo_empresa,name,asc,500,3,8.184,0,
f2_v0_idx1,v0,agent,termo_empresa,name,asc,500,4,7.333,0,
f2_v0_idx1,v0,agent,termo_empresa,name,asc,500,5,9.562,0,
f2_v0_idx1,v0,agent,termo_empresa,name,asc,500,6,7.167,0,
f2_v0_idx1,v0,agent,termo_empresa,name,desc,0,1,7.617,50,88
f2_v0_idx1,v0,agent,termo_empresa,name,desc,0,2,7.384,50,88
f2_v0_idx1,v0,agent,termo_empresa,name,desc,0,3,7.341,50,88
f2_v0_idx1,v0,agent,termo_empresa,name,desc,0,4,6.916,50,88
f2_v0_idx1,v0,agent,termo_empresa,name,desc,0,5,7.451,50,88
f2_v0_idx1,v0,agent,termo_empresa,name,desc,0,6,7.781,50,88
f2_v0_idx1,v0,agent,termo_empresa,name,desc,500,1,7.483,0,
f2_v0_idx1,v0,agent,termo_empresa,name,desc,500,2,7.993,0,
f2_v0_idx1,v0,agent,termo_empresa,name,desc,500,3,7.018,0,
f2_v0_idx1,v0,agent,termo_empresa,name,desc,500,4,7.844,0,
f2_v0_idx1,v0,agent,termo_empresa,name,desc,500,5,7.252,0,
f2_v0_idx1,v0,agent,termo_empresa,name,desc,500,6,7.548,0,
f2_v0_idx1,v0,agent,termo_empresa,created_at,asc,0,1,7.177,50,88
f2_v0_idx1,v0,agent,termo_empresa,created_at,asc,0,2,6.639,50,88
f2_v0_idx1,v0,agent,termo_empresa,created_at,asc,0,3,6.922,50,88
f2_v0_idx1,v0,agent,termo_empresa,created_at,asc,0,4,6.71,50,88
f2_v0_idx1,v0,agent,termo_empresa,created_at,asc,0,5,7.499,50,88
f2_v0_idx1,v0,agent,termo_empresa,created_at,asc,0,6,7.236,50,88
f2_v0_idx1,v0,agent,termo_empresa,created_at,asc,500,1,7.278,0,
f2_v0_idx1,v0,agent,termo_empresa,created_at,asc,500,2,7.36,0,
f2_v0_idx1,v0,agent,termo_empresa,created_at,asc,500,3,6.994,0,
f2_v0_idx1,v0,agent,termo_empresa,created_at,asc,500,4,7.736,0,
f2_v0_idx1,v0,agent,termo_empresa,created_at,asc,500,5,8.44,0,
f2_v0_idx1,v0,agent,termo_empresa,created_at,asc,500,6,8.381,0,
f2_v0_idx1,v0,agent,termo_empresa,created_at,desc,0,1,7.548,50,88
f2_v0_idx1,v0,agent,termo_empresa,created_at,desc,0,2,8.286,50,88
f2_v0_idx1,v0,agent,termo_empresa,created_at,desc,0,3,7.668,50,88
f2_v0_idx1,v0,agent,termo_empresa,created_at,desc,0,4,7.015,50,88
f2_v0_idx1,v0,agent,termo_empresa,created_at,desc,0,5,7.351,50,88
f2_v0_idx1,v0,agent,termo_empresa,created_at,desc,0,6,6.913,50,88
f2_v0_idx1,v0,agent,termo_empresa,created_at,desc,500,1,6.785,0,
f2_v0_idx1,v0,agent,termo_empresa,created_at,desc,500,2,7.031,0,
f2_v0_idx1,v0,agent,termo_empresa,created_at,desc,500,3,7.892,0,
f2_v0_idx1,v0,agent,termo_empresa,created_at,desc,500,4,6.973,0,
f2_v0_idx1,v0,agent,termo_empresa,created_at,desc,500,5,7.122,0,
f2_v0_idx1,v0,agent,termo_empresa,created_at,desc,500,6,8.363,0,
f2_v0_idx1,v0,agent,termo_empresa,company,asc,0,1,7.436,50,88
f2_v0_idx1,v0,agent,termo_empresa,company,asc,0,2,7.16,50,88
f2_v0_idx1,v0,agent,termo_empresa,company,asc,0,3,6.775,50,88
f2_v0_idx1,v0,agent,termo_empresa,company,asc,0,4,8.464,50,88
f2_v0_idx1,v0,agent,termo_empresa,company,asc,0,5,8.26,50,88
f2_v0_idx1,v0,agent,termo_empresa,company,asc,0,6,7.305,50,88
f2_v0_idx1,v0,agent,termo_empresa,company,asc,500,1,7.321,0,
f2_v0_idx1,v0,agent,termo_empresa,company,asc,500,2,7.839,0,
f2_v0_idx1,v0,agent,termo_empresa,company,asc,500,3,7.29,0,
f2_v0_idx1,v0,agent,termo_empresa,company,asc,500,4,7.156,0,
f2_v0_idx1,v0,agent,termo_empresa,company,asc,500,5,7.521,0,
f2_v0_idx1,v0,agent,termo_empresa,company,asc,500,6,6.995,0,
f2_v0_idx1,v0,agent,termo_empresa,company,desc,0,1,7.454,50,88
f2_v0_idx1,v0,agent,termo_empresa,company,desc,0,2,7.726,50,88
f2_v0_idx1,v0,agent,termo_empresa,company,desc,0,3,6.774,50,88
f2_v0_idx1,v0,agent,termo_empresa,company,desc,0,4,8.311,50,88
f2_v0_idx1,v0,agent,termo_empresa,company,desc,0,5,7.505,50,88
f2_v0_idx1,v0,agent,termo_empresa,company,desc,0,6,8.048,50,88
f2_v0_idx1,v0,agent,termo_empresa,company,desc,500,1,7.55,0,
f2_v0_idx1,v0,agent,termo_empresa,company,desc,500,2,7.647,0,
f2_v0_idx1,v0,agent,termo_empresa,company,desc,500,3,7.131,0,
f2_v0_idx1,v0,agent,termo_empresa,company,desc,500,4,7.472,0,
f2_v0_idx1,v0,agent,termo_empresa,company,desc,500,5,7.029,0,
f2_v0_idx1,v0,agent,termo_empresa,company,desc,500,6,7.893,0,
f2_v0_idx1,v0,agent,filtro_tipo,name,asc,0,1,3.868,50,158
f2_v0_idx1,v0,agent,filtro_tipo,name,asc,0,2,4.471,50,158
f2_v0_idx1,v0,agent,filtro_tipo,name,asc,0,3,3.867,50,158
f2_v0_idx1,v0,agent,filtro_tipo,name,asc,0,4,3.611,50,158
f2_v0_idx1,v0,agent,filtro_tipo,name,asc,0,5,3.774,50,158
f2_v0_idx1,v0,agent,filtro_tipo,name,asc,0,6,4.133,50,158
f2_v0_idx1,v0,agent,filtro_tipo,name,asc,500,1,3.901,0,
f2_v0_idx1,v0,agent,filtro_tipo,name,asc,500,2,3.926,0,
f2_v0_idx1,v0,agent,filtro_tipo,name,asc,500,3,3.775,0,
f2_v0_idx1,v0,agent,filtro_tipo,name,asc,500,4,3.978,0,
f2_v0_idx1,v0,agent,filtro_tipo,name,asc,500,5,3.627,0,
f2_v0_idx1,v0,agent,filtro_tipo,name,asc,500,6,3.56,0,
f2_v0_idx1,v0,agent,filtro_tipo,name,desc,0,4,3.541,50,158
f2_v0_idx1,v0,agent,filtro_tipo,name,desc,0,1,3.823,50,158
f2_v0_idx1,v0,agent,filtro_tipo,name,desc,0,2,3.621,50,158
f2_v0_idx1,v0,agent,filtro_tipo,name,desc,0,3,4.04,50,158
f2_v0_idx1,v0,agent,filtro_tipo,name,desc,0,5,4.28,50,158
f2_v0_idx1,v0,agent,filtro_tipo,name,desc,0,6,4.241,50,158
f2_v0_idx1,v0,agent,filtro_tipo,name,desc,500,1,4.266,0,
f2_v0_idx1,v0,agent,filtro_tipo,name,desc,500,2,4.558,0,
f2_v0_idx1,v0,agent,filtro_tipo,name,desc,500,3,4.244,0,
f2_v0_idx1,v0,agent,filtro_tipo,name,desc,500,4,4.282,0,
f2_v0_idx1,v0,agent,filtro_tipo,name,desc,500,5,4.332,0,
f2_v0_idx1,v0,agent,filtro_tipo,name,desc,500,6,4.191,0,
f2_v0_idx1,v0,agent,filtro_tipo,created_at,asc,0,1,4.328,50,158
f2_v0_idx1,v0,agent,filtro_tipo,created_at,asc,0,2,3.954,50,158
f2_v0_idx1,v0,agent,filtro_tipo,created_at,asc,0,3,3.981,50,158
f2_v0_idx1,v0,agent,filtro_tipo,created_at,asc,0,4,4.663,50,158
f2_v0_idx1,v0,agent,filtro_tipo,created_at,asc,0,5,4.973,50,158
f2_v0_idx1,v0,agent,filtro_tipo,created_at,asc,0,6,4.867,50,158
f2_v0_idx1,v0,agent,filtro_tipo,created_at,asc,500,1,4.701,0,
f2_v0_idx1,v0,agent,filtro_tipo,created_at,asc,500,2,4.208,0,
f2_v0_idx1,v0,agent,filtro_tipo,created_at,asc,500,3,3.872,0,
f2_v0_idx1,v0,agent,filtro_tipo,created_at,asc,500,4,6.158,0,
f2_v0_idx1,v0,agent,filtro_tipo,created_at,asc,500,5,5.756,0,
f2_v0_idx1,v0,agent,filtro_tipo,created_at,asc,500,6,4.597,0,
f2_v0_idx1,v0,agent,filtro_tipo,created_at,desc,0,1,4.57,50,158
f2_v0_idx1,v0,agent,filtro_tipo,created_at,desc,0,2,4.609,50,158
f2_v0_idx1,v0,agent,filtro_tipo,created_at,desc,0,3,5.221,50,158
f2_v0_idx1,v0,agent,filtro_tipo,created_at,desc,0,4,5.166,50,158
f2_v0_idx1,v0,agent,filtro_tipo,created_at,desc,0,5,4.756,50,158
f2_v0_idx1,v0,agent,filtro_tipo,created_at,desc,0,6,4.737,50,158
f2_v0_idx1,v0,agent,filtro_tipo,created_at,desc,500,1,4.687,0,
f2_v0_idx1,v0,agent,filtro_tipo,created_at,desc,500,2,4.4,0,
f2_v0_idx1,v0,agent,filtro_tipo,created_at,desc,500,3,4.473,0,
f2_v0_idx1,v0,agent,filtro_tipo,created_at,desc,500,4,4.271,0,
f2_v0_idx1,v0,agent,filtro_tipo,created_at,desc,500,5,4.517,0,
f2_v0_idx1,v0,agent,filtro_tipo,created_at,desc,500,6,4.351,0,
f2_v0_idx1,v0,agent,filtro_tipo,company,asc,0,1,4.817,50,158
f2_v0_idx1,v0,agent,filtro_tipo,company,asc,0,2,4.849,50,158
f2_v0_idx1,v0,agent,filtro_tipo,company,asc,0,3,4.199,50,158
f2_v0_idx1,v0,agent,filtro_tipo,company,asc,0,4,4.63,50,158
f2_v0_idx1,v0,agent,filtro_tipo,company,asc,0,5,4.589,50,158
f2_v0_idx1,v0,agent,filtro_tipo,company,asc,0,6,4.221,50,158
f2_v0_idx1,v0,agent,filtro_tipo,company,asc,500,1,4.302,0,
f2_v0_idx1,v0,agent,filtro_tipo,company,asc,500,2,4.37,0,
f2_v0_idx1,v0,agent,filtro_tipo,company,asc,500,3,5.205,0,
f2_v0_idx1,v0,agent,filtro_tipo,company,asc,500,4,5.277,0,
f2_v0_idx1,v0,agent,filtro_tipo,company,asc,500,5,4.867,0,
f2_v0_idx1,v0,agent,filtro_tipo,company,asc,500,6,4.911,0,
f2_v0_idx1,v0,agent,filtro_tipo,company,desc,0,1,4.344,50,158
f2_v0_idx1,v0,agent,filtro_tipo,company,desc,0,2,4.303,50,158
f2_v0_idx1,v0,agent,filtro_tipo,company,desc,0,3,4.469,50,158
f2_v0_idx1,v0,agent,filtro_tipo,company,desc,0,4,4.509,50,158
f2_v0_idx1,v0,agent,filtro_tipo,company,desc,0,5,4.195,50,158
f2_v0_idx1,v0,agent,filtro_tipo,company,desc,0,6,4.372,50,158
f2_v0_idx1,v0,agent,filtro_tipo,company,desc,500,1,3.946,0,
f2_v0_idx1,v0,agent,filtro_tipo,company,desc,500,2,4.295,0,
f2_v0_idx1,v0,agent,filtro_tipo,company,desc,500,3,4.261,0,
f2_v0_idx1,v0,agent,filtro_tipo,company,desc,500,4,4.886,0,
f2_v0_idx1,v0,agent,filtro_tipo,company,desc,500,5,5.084,0,
f2_v0_idx1,v0,agent,filtro_tipo,company,desc,500,6,4.579,0,
f2_v0_idx1,v0,agent,filtro_tag,name,asc,0,1,2.389,50,71
f2_v0_idx1,v0,agent,filtro_tag,name,asc,0,2,2.707,50,71
f2_v0_idx1,v0,agent,filtro_tag,name,asc,0,3,3.051,50,71
f2_v0_idx1,v0,agent,filtro_tag,name,asc,0,4,2.61,50,71
f2_v0_idx1,v0,agent,filtro_tag,name,asc,0,5,3.141,50,71
f2_v0_idx1,v0,agent,filtro_tag,name,asc,0,6,3.33,50,71
f2_v0_idx1,v0,agent,filtro_tag,name,asc,500,1,2.938,0,
f2_v0_idx1,v0,agent,filtro_tag,name,asc,500,2,3.256,0,
f2_v0_idx1,v0,agent,filtro_tag,name,asc,500,3,2.938,0,
f2_v0_idx1,v0,agent,filtro_tag,name,asc,500,4,3.694,0,
f2_v0_idx1,v0,agent,filtro_tag,name,asc,500,5,4.027,0,
f2_v0_idx1,v0,agent,filtro_tag,name,asc,500,6,4.015,0,
f2_v0_idx1,v0,agent,filtro_tag,name,desc,0,1,3.832,50,71
f2_v0_idx1,v0,agent,filtro_tag,name,desc,0,2,4.234,50,71
f2_v0_idx1,v0,agent,filtro_tag,name,desc,0,3,3.457,50,71
f2_v0_idx1,v0,agent,filtro_tag,name,desc,0,4,3.096,50,71
f2_v0_idx1,v0,agent,filtro_tag,name,desc,0,5,2.879,50,71
f2_v0_idx1,v0,agent,filtro_tag,name,desc,0,6,2.942,50,71
f2_v0_idx1,v0,agent,filtro_tag,name,desc,500,1,3.094,0,
f2_v0_idx1,v0,agent,filtro_tag,name,desc,500,2,2.888,0,
f2_v0_idx1,v0,agent,filtro_tag,name,desc,500,3,3.213,0,
f2_v0_idx1,v0,agent,filtro_tag,name,desc,500,4,2.951,0,
f2_v0_idx1,v0,agent,filtro_tag,name,desc,500,5,2.876,0,
f2_v0_idx1,v0,agent,filtro_tag,name,desc,500,6,2.859,0,
f2_v0_idx1,v0,agent,filtro_tag,created_at,asc,0,1,2.902,50,71
f2_v0_idx1,v0,agent,filtro_tag,created_at,asc,0,2,2.628,50,71
f2_v0_idx1,v0,agent,filtro_tag,created_at,asc,0,3,2.909,50,71
f2_v0_idx1,v0,agent,filtro_tag,created_at,asc,0,4,2.938,50,71
f2_v0_idx1,v0,agent,filtro_tag,created_at,asc,0,5,2.796,50,71
f2_v0_idx1,v0,agent,filtro_tag,created_at,asc,0,6,2.746,50,71
f2_v0_idx1,v0,agent,filtro_tag,created_at,asc,500,1,2.748,0,
f2_v0_idx1,v0,agent,filtro_tag,created_at,asc,500,2,2.828,0,
f2_v0_idx1,v0,agent,filtro_tag,created_at,asc,500,3,2.743,0,
f2_v0_idx1,v0,agent,filtro_tag,created_at,asc,500,4,2.541,0,
f2_v0_idx1,v0,agent,filtro_tag,created_at,asc,500,5,2.492,0,
f2_v0_idx1,v0,agent,filtro_tag,created_at,asc,500,6,2.562,0,
f2_v0_idx1,v0,agent,filtro_tag,created_at,desc,0,1,2.656,50,71
f2_v0_idx1,v0,agent,filtro_tag,created_at,desc,0,2,2.419,50,71
f2_v0_idx1,v0,agent,filtro_tag,created_at,desc,0,3,2.561,50,71
f2_v0_idx1,v0,agent,filtro_tag,created_at,desc,0,4,2.526,50,71
f2_v0_idx1,v0,agent,filtro_tag,created_at,desc,0,5,3.466,50,71
f2_v0_idx1,v0,agent,filtro_tag,created_at,desc,0,6,4.682,50,71
f2_v0_idx1,v0,agent,filtro_tag,created_at,desc,500,1,2.474,0,
f2_v0_idx1,v0,agent,filtro_tag,created_at,desc,500,2,2.593,0,
f2_v0_idx1,v0,agent,filtro_tag,created_at,desc,500,3,3.031,0,
f2_v0_idx1,v0,agent,filtro_tag,created_at,desc,500,4,3.045,0,
f2_v0_idx1,v0,agent,filtro_tag,created_at,desc,500,5,3.123,0,
f2_v0_idx1,v0,agent,filtro_tag,created_at,desc,500,6,2.491,0,
f2_v0_idx1,v0,agent,filtro_tag,company,asc,0,1,3.314,50,71
f2_v0_idx1,v0,agent,filtro_tag,company,asc,0,2,3.156,50,71
f2_v0_idx1,v0,agent,filtro_tag,company,asc,0,3,2.684,50,71
f2_v0_idx1,v0,agent,filtro_tag,company,asc,0,4,2.657,50,71
f2_v0_idx1,v0,agent,filtro_tag,company,asc,0,5,2.742,50,71
f2_v0_idx1,v0,agent,filtro_tag,company,asc,0,6,2.788,50,71
f2_v0_idx1,v0,agent,filtro_tag,company,asc,500,1,2.372,0,
f2_v0_idx1,v0,agent,filtro_tag,company,asc,500,2,2.621,0,
f2_v0_idx1,v0,agent,filtro_tag,company,asc,500,3,2.725,0,
f2_v0_idx1,v0,agent,filtro_tag,company,asc,500,4,3.068,0,
f2_v0_idx1,v0,agent,filtro_tag,company,asc,500,5,2.892,0,
f2_v0_idx1,v0,agent,filtro_tag,company,asc,500,6,2.568,0,
f2_v0_idx1,v0,agent,filtro_tag,company,desc,0,1,2.655,50,71
f2_v0_idx1,v0,agent,filtro_tag,company,desc,0,2,2.818,50,71
f2_v0_idx1,v0,agent,filtro_tag,company,desc,0,3,3.024,50,71
f2_v0_idx1,v0,agent,filtro_tag,company,desc,0,4,2.556,50,71
f2_v0_idx1,v0,agent,filtro_tag,company,desc,0,5,2.495,50,71
f2_v0_idx1,v0,agent,filtro_tag,company,desc,0,6,2.324,50,71
f2_v0_idx1,v0,agent,filtro_tag,company,desc,500,1,2.927,0,
f2_v0_idx1,v0,agent,filtro_tag,company,desc,500,2,2.753,0,
f2_v0_idx1,v0,agent,filtro_tag,company,desc,500,3,2.386,0,
f2_v0_idx1,v0,agent,filtro_tag,company,desc,500,4,2.314,0,
f2_v0_idx1,v0,agent,filtro_tag,company,desc,500,5,2.28,0,
f2_v0_idx1,v0,agent,filtro_tag,company,desc,500,6,2.696,0,
f2_v0_idx1,v0,agent,intervalo_data,name,asc,0,1,5.106,50,207
f2_v0_idx1,v0,agent,intervalo_data,name,asc,0,2,5.746,50,207
f2_v0_idx1,v0,agent,intervalo_data,name,asc,0,3,5.159,50,207
f2_v0_idx1,v0,agent,intervalo_data,name,asc,0,4,4.889,50,207
f2_v0_idx1,v0,agent,intervalo_data,name,asc,0,5,4.865,50,207
f2_v0_idx1,v0,agent,intervalo_data,name,asc,0,6,5.74,50,207
f2_v0_idx1,v0,agent,intervalo_data,name,asc,500,1,5.35,0,
f2_v0_idx1,v0,agent,intervalo_data,name,asc,500,2,4.992,0,
f2_v0_idx1,v0,agent,intervalo_data,name,asc,500,3,5.065,0,
f2_v0_idx1,v0,agent,intervalo_data,name,asc,500,4,5.47,0,
f2_v0_idx1,v0,agent,intervalo_data,name,asc,500,5,4.865,0,
f2_v0_idx1,v0,agent,intervalo_data,name,asc,500,6,5.039,0,
f2_v0_idx1,v0,agent,intervalo_data,name,desc,0,1,4.915,50,207
f2_v0_idx1,v0,agent,intervalo_data,name,desc,0,2,6.152,50,207
f2_v0_idx1,v0,agent,intervalo_data,name,desc,0,3,5.247,50,207
f2_v0_idx1,v0,agent,intervalo_data,name,desc,0,4,4.967,50,207
f2_v0_idx1,v0,agent,intervalo_data,name,desc,0,5,5.645,50,207
f2_v0_idx1,v0,agent,intervalo_data,name,desc,0,6,6.03,50,207
f2_v0_idx1,v0,agent,intervalo_data,name,desc,500,1,5.953,0,
f2_v0_idx1,v0,agent,intervalo_data,name,desc,500,2,5.907,0,
f2_v0_idx1,v0,agent,intervalo_data,name,desc,500,3,6.969,0,
f2_v0_idx1,v0,agent,intervalo_data,name,desc,500,4,5.699,0,
f2_v0_idx1,v0,agent,intervalo_data,name,desc,500,5,7.861,0,
f2_v0_idx1,v0,agent,intervalo_data,name,desc,500,6,6.554,0,
f2_v0_idx1,v0,agent,intervalo_data,created_at,asc,0,1,6.246,50,207
f2_v0_idx1,v0,agent,intervalo_data,created_at,asc,0,2,6.63,50,207
f2_v0_idx1,v0,agent,intervalo_data,created_at,asc,0,3,6.593,50,207
f2_v0_idx1,v0,agent,intervalo_data,created_at,asc,0,4,6.849,50,207
f2_v0_idx1,v0,agent,intervalo_data,created_at,asc,0,5,6.875,50,207
f2_v0_idx1,v0,agent,intervalo_data,created_at,asc,0,6,6.677,50,207
f2_v0_idx1,v0,agent,intervalo_data,created_at,asc,500,1,6.418,0,
f2_v0_idx1,v0,agent,intervalo_data,created_at,asc,500,2,6.427,0,
f2_v0_idx1,v0,agent,intervalo_data,created_at,asc,500,3,5.27,0,
f2_v0_idx1,v0,agent,intervalo_data,created_at,asc,500,4,5.84,0,
f2_v0_idx1,v0,agent,intervalo_data,created_at,asc,500,5,5.741,0,
f2_v0_idx1,v0,agent,intervalo_data,created_at,asc,500,6,5.375,0,
f2_v0_idx1,v0,agent,intervalo_data,created_at,desc,0,1,5.008,50,207
f2_v0_idx1,v0,agent,intervalo_data,created_at,desc,0,2,16.245,50,207
f2_v0_idx1,v0,agent,intervalo_data,created_at,desc,0,3,7.767,50,207
f2_v0_idx1,v0,agent,intervalo_data,created_at,desc,0,4,6.228,50,207
f2_v0_idx1,v0,agent,intervalo_data,created_at,desc,0,5,5.387,50,207
f2_v0_idx1,v0,agent,intervalo_data,created_at,desc,0,6,8.801,50,207
f2_v0_idx1,v0,agent,intervalo_data,created_at,desc,500,1,6.723,0,
f2_v0_idx1,v0,agent,intervalo_data,created_at,desc,500,2,4.808,0,
f2_v0_idx1,v0,agent,intervalo_data,created_at,desc,500,3,5.797,0,
f2_v0_idx1,v0,agent,intervalo_data,created_at,desc,500,4,5.668,0,
f2_v0_idx1,v0,agent,intervalo_data,created_at,desc,500,5,7.854,0,
f2_v0_idx1,v0,agent,intervalo_data,created_at,desc,500,6,5.41,0,
f2_v0_idx1,v0,agent,intervalo_data,company,asc,0,1,5.57,50,207
f2_v0_idx1,v0,agent,intervalo_data,company,asc,0,2,4.826,50,207
f2_v0_idx1,v0,agent,intervalo_data,company,asc,0,3,4.432,50,207
f2_v0_idx1,v0,agent,intervalo_data,company,asc,0,4,4.941,50,207
f2_v0_idx1,v0,agent,intervalo_data,company,asc,0,5,5.187,50,207
f2_v0_idx1,v0,agent,intervalo_data,company,asc,0,6,4.51,50,207
f2_v0_idx1,v0,agent,intervalo_data,company,asc,500,1,4.264,0,
f2_v0_idx1,v0,agent,intervalo_data,company,asc,500,2,4.116,0,
f2_v0_idx1,v0,agent,intervalo_data,company,asc,500,3,6.697,0,
f2_v0_idx1,v0,agent,intervalo_data,company,asc,500,4,5.017,0,
f2_v0_idx1,v0,agent,intervalo_data,company,asc,500,5,4.162,0,
f2_v0_idx1,v0,agent,intervalo_data,company,asc,500,6,5.338,0,
f2_v0_idx1,v0,agent,intervalo_data,company,desc,0,1,4.294,50,207
f2_v0_idx1,v0,agent,intervalo_data,company,desc,0,2,5.255,50,207
f2_v0_idx1,v0,agent,intervalo_data,company,desc,0,3,4.718,50,207
f2_v0_idx1,v0,agent,intervalo_data,company,desc,0,4,4.508,50,207
f2_v0_idx1,v0,agent,intervalo_data,company,desc,0,5,4.802,50,207
f2_v0_idx1,v0,agent,intervalo_data,company,desc,0,6,5.059,50,207
f2_v0_idx1,v0,agent,intervalo_data,company,desc,500,1,4.644,0,
f2_v0_idx1,v0,agent,intervalo_data,company,desc,500,2,4.683,0,
f2_v0_idx1,v0,agent,intervalo_data,company,desc,500,3,4.533,0,
f2_v0_idx1,v0,agent,intervalo_data,company,desc,500,4,4.422,0,
f2_v0_idx1,v0,agent,intervalo_data,company,desc,500,5,4.663,0,
f2_v0_idx1,v0,agent,intervalo_data,company,desc,500,6,4.294,0,
f2_v0_idx1,v0,agent,combinado,name,asc,0,1,0.848,1,1
f2_v0_idx1,v0,agent,combinado,name,asc,0,2,1.06,1,1
f2_v0_idx1,v0,agent,combinado,name,asc,0,3,1.049,1,1
f2_v0_idx1,v0,agent,combinado,name,asc,0,4,0.757,1,1
f2_v0_idx1,v0,agent,combinado,name,asc,0,5,0.838,1,1
f2_v0_idx1,v0,agent,combinado,name,asc,0,6,0.719,1,1
f2_v0_idx1,v0,agent,combinado,name,asc,500,1,0.665,0,
f2_v0_idx1,v0,agent,combinado,name,asc,500,2,0.67,0,
f2_v0_idx1,v0,agent,combinado,name,asc,500,3,0.693,0,
f2_v0_idx1,v0,agent,combinado,name,asc,500,4,0.724,0,
f2_v0_idx1,v0,agent,combinado,name,asc,500,5,0.728,0,
f2_v0_idx1,v0,agent,combinado,name,asc,500,6,0.68,0,
f2_v0_idx1,v0,agent,combinado,name,desc,0,1,0.666,1,1
f2_v0_idx1,v0,agent,combinado,name,desc,0,2,0.635,1,1
f2_v0_idx1,v0,agent,combinado,name,desc,0,3,0.725,1,1
f2_v0_idx1,v0,agent,combinado,name,desc,0,4,0.713,1,1
f2_v0_idx1,v0,agent,combinado,name,desc,0,5,0.71,1,1
f2_v0_idx1,v0,agent,combinado,name,desc,0,6,1.365,1,1
f2_v0_idx1,v0,agent,combinado,name,desc,500,1,0.748,0,
f2_v0_idx1,v0,agent,combinado,name,desc,500,2,0.651,0,
f2_v0_idx1,v0,agent,combinado,name,desc,500,3,0.672,0,
f2_v0_idx1,v0,agent,combinado,name,desc,500,4,0.756,0,
f2_v0_idx1,v0,agent,combinado,name,desc,500,5,0.697,0,
f2_v0_idx1,v0,agent,combinado,name,desc,500,6,0.698,0,
f2_v0_idx1,v0,agent,combinado,created_at,asc,0,1,1.024,1,1
f2_v0_idx1,v0,agent,combinado,created_at,asc,0,2,0.737,1,1
f2_v0_idx1,v0,agent,combinado,created_at,asc,0,3,0.766,1,1
f2_v0_idx1,v0,agent,combinado,created_at,asc,0,4,0.66,1,1
f2_v0_idx1,v0,agent,combinado,created_at,asc,0,5,0.664,1,1
f2_v0_idx1,v0,agent,combinado,created_at,asc,0,6,0.738,1,1
f2_v0_idx1,v0,agent,combinado,created_at,asc,500,1,0.689,0,
f2_v0_idx1,v0,agent,combinado,created_at,asc,500,2,0.674,0,
f2_v0_idx1,v0,agent,combinado,created_at,asc,500,3,0.81,0,
f2_v0_idx1,v0,agent,combinado,created_at,asc,500,4,0.791,0,
f2_v0_idx1,v0,agent,combinado,created_at,asc,500,5,0.822,0,
f2_v0_idx1,v0,agent,combinado,created_at,asc,500,6,0.772,0,
f2_v0_idx1,v0,agent,combinado,created_at,desc,0,1,0.678,1,1
f2_v0_idx1,v0,agent,combinado,created_at,desc,0,2,0.869,1,1
f2_v0_idx1,v0,agent,combinado,created_at,desc,0,3,0.678,1,1
f2_v0_idx1,v0,agent,combinado,created_at,desc,0,4,0.702,1,1
f2_v0_idx1,v0,agent,combinado,created_at,desc,0,5,0.71,1,1
f2_v0_idx1,v0,agent,combinado,created_at,desc,0,6,0.668,1,1
f2_v0_idx1,v0,agent,combinado,created_at,desc,500,1,0.643,0,
f2_v0_idx1,v0,agent,combinado,created_at,desc,500,2,0.634,0,
f2_v0_idx1,v0,agent,combinado,created_at,desc,500,3,0.796,0,
f2_v0_idx1,v0,agent,combinado,created_at,desc,500,4,0.659,0,
f2_v0_idx1,v0,agent,combinado,created_at,desc,500,5,0.703,0,
f2_v0_idx1,v0,agent,combinado,created_at,desc,500,6,0.734,0,
f2_v0_idx1,v0,agent,combinado,company,asc,0,1,0.687,1,1
f2_v0_idx1,v0,agent,combinado,company,asc,0,2,0.777,1,1
f2_v0_idx1,v0,agent,combinado,company,asc,0,3,0.716,1,1
f2_v0_idx1,v0,agent,combinado,company,asc,0,4,0.686,1,1
f2_v0_idx1,v0,agent,combinado,company,asc,0,5,0.699,1,1
f2_v0_idx1,v0,agent,combinado,company,asc,0,6,0.65,1,1
f2_v0_idx1,v0,agent,combinado,company,asc,500,1,0.656,0,
f2_v0_idx1,v0,agent,combinado,company,asc,500,2,0.697,0,
f2_v0_idx1,v0,agent,combinado,company,asc,500,3,0.72,0,
f2_v0_idx1,v0,agent,combinado,company,asc,500,4,0.655,0,
f2_v0_idx1,v0,agent,combinado,company,asc,500,5,0.861,0,
f2_v0_idx1,v0,agent,combinado,company,asc,500,6,0.902,0,
f2_v0_idx1,v0,agent,combinado,company,desc,0,1,0.713,1,1
f2_v0_idx1,v0,agent,combinado,company,desc,0,2,0.855,1,1
f2_v0_idx1,v0,agent,combinado,company,desc,0,3,0.7,1,1
f2_v0_idx1,v0,agent,combinado,company,desc,0,4,0.74,1,1
f2_v0_idx1,v0,agent,combinado,company,desc,0,5,0.814,1,1
f2_v0_idx1,v0,agent,combinado,company,desc,0,6,0.675,1,1
f2_v0_idx1,v0,agent,combinado,company,desc,500,1,0.748,0,
f2_v0_idx1,v0,agent,combinado,company,desc,500,2,0.694,0,
f2_v0_idx1,v0,agent,combinado,company,desc,500,3,0.655,0,
f2_v0_idx1,v0,agent,combinado,company,desc,500,4,0.66,0,
f2_v0_idx1,v0,agent,combinado,company,desc,500,5,0.623,0,
f2_v0_idx1,v0,agent,combinado,company,desc,500,6,0.638,0,
f2_v0_idx1,v0,agent,termo_nome_2ch,name,asc,0,1,8.466,50,168
f2_v0_idx1,v0,agent,termo_nome_2ch,name,asc,0,2,7.592,50,168
f2_v0_idx1,v0,agent,termo_nome_2ch,name,asc,0,3,9.546,50,168
f2_v0_idx1,v0,agent,termo_nome_2ch,name,asc,0,4,8.012,50,168
f2_v0_idx1,v0,agent,termo_nome_2ch,name,asc,0,5,8.294,50,168
f2_v0_idx1,v0,agent,termo_nome_2ch,name,asc,0,6,9.032,50,168
f2_v0_idx1,v0,agent,termo_nome_2ch,name,asc,500,1,8.594,0,
f2_v0_idx1,v0,agent,termo_nome_2ch,name,asc,500,2,8.048,0,
f2_v0_idx1,v0,agent,termo_nome_2ch,name,asc,500,3,7.73,0,
f2_v0_idx1,v0,agent,termo_nome_2ch,name,asc,500,4,7.832,0,
f2_v0_idx1,v0,agent,termo_nome_2ch,name,asc,500,5,7.907,0,
f2_v0_idx1,v0,agent,termo_nome_2ch,name,asc,500,6,7.705,0,
f2_v0_idx1,v0,agent,termo_nome_2ch,name,desc,0,1,7.607,50,168
f2_v0_idx1,v0,agent,termo_nome_2ch,name,desc,0,2,8.696,50,168
f2_v0_idx1,v0,agent,termo_nome_2ch,name,desc,0,3,7.871,50,168
f2_v0_idx1,v0,agent,termo_nome_2ch,name,desc,0,4,8.436,50,168
f2_v0_idx1,v0,agent,termo_nome_2ch,name,desc,0,5,7.532,50,168
f2_v0_idx1,v0,agent,termo_nome_2ch,name,desc,0,6,7.554,50,168
f2_v0_idx1,v0,agent,termo_nome_2ch,name,desc,500,1,7.59,0,
f2_v0_idx1,v0,agent,termo_nome_2ch,name,desc,500,2,7.549,0,
f2_v0_idx1,v0,agent,termo_nome_2ch,name,desc,500,3,7.621,0,
f2_v0_idx1,v0,agent,termo_nome_2ch,name,desc,500,4,7.84,0,
f2_v0_idx1,v0,agent,termo_nome_2ch,name,desc,500,5,7.455,0,
f2_v0_idx1,v0,agent,termo_nome_2ch,name,desc,500,6,7.313,0,
f2_v0_idx1,v0,agent,termo_nome_2ch,created_at,asc,0,1,7.323,50,168
f2_v0_idx1,v0,agent,termo_nome_2ch,created_at,asc,0,2,7.53,50,168
f2_v0_idx1,v0,agent,termo_nome_2ch,created_at,asc,0,3,7.495,50,168
f2_v0_idx1,v0,agent,termo_nome_2ch,created_at,asc,0,4,7.543,50,168
f2_v0_idx1,v0,agent,termo_nome_2ch,created_at,asc,0,5,7.82,50,168
f2_v0_idx1,v0,agent,termo_nome_2ch,created_at,asc,0,6,8.074,50,168
f2_v0_idx1,v0,agent,termo_nome_2ch,created_at,asc,500,1,7.52,0,
f2_v0_idx1,v0,agent,termo_nome_2ch,created_at,asc,500,2,7.717,0,
f2_v0_idx1,v0,agent,termo_nome_2ch,created_at,asc,500,3,7.379,0,
f2_v0_idx1,v0,agent,termo_nome_2ch,created_at,asc,500,4,7.689,0,
f2_v0_idx1,v0,agent,termo_nome_2ch,created_at,asc,500,5,7.345,0,
f2_v0_idx1,v0,agent,termo_nome_2ch,created_at,asc,500,6,7.671,0,
f2_v0_idx1,v0,agent,termo_nome_2ch,created_at,desc,0,1,7.202,50,168
f2_v0_idx1,v0,agent,termo_nome_2ch,created_at,desc,0,2,7.675,50,168
f2_v0_idx1,v0,agent,termo_nome_2ch,created_at,desc,0,3,7.446,50,168
f2_v0_idx1,v0,agent,termo_nome_2ch,created_at,desc,0,4,8.038,50,168
f2_v0_idx1,v0,agent,termo_nome_2ch,created_at,desc,0,5,7.563,50,168
f2_v0_idx1,v0,agent,termo_nome_2ch,created_at,desc,0,6,7.645,50,168
f2_v0_idx1,v0,agent,termo_nome_2ch,created_at,desc,500,1,7.258,0,
f2_v0_idx1,v0,agent,termo_nome_2ch,created_at,desc,500,2,7.96,0,
f2_v0_idx1,v0,agent,termo_nome_2ch,created_at,desc,500,3,7.491,0,
f2_v0_idx1,v0,agent,termo_nome_2ch,created_at,desc,500,4,7.664,0,
f2_v0_idx1,v0,agent,termo_nome_2ch,created_at,desc,500,5,7.969,0,
f2_v0_idx1,v0,agent,termo_nome_2ch,created_at,desc,500,6,8.073,0,
f2_v0_idx1,v0,agent,termo_nome_2ch,company,asc,0,1,8.055,50,168
f2_v0_idx1,v0,agent,termo_nome_2ch,company,asc,0,2,8.008,50,168
f2_v0_idx1,v0,agent,termo_nome_2ch,company,asc,0,3,7.837,50,168
f2_v0_idx1,v0,agent,termo_nome_2ch,company,asc,0,4,7.404,50,168
f2_v0_idx1,v0,agent,termo_nome_2ch,company,asc,0,5,7.708,50,168
f2_v0_idx1,v0,agent,termo_nome_2ch,company,asc,0,6,8.161,50,168
f2_v0_idx1,v0,agent,termo_nome_2ch,company,asc,500,1,8.292,0,
f2_v0_idx1,v0,agent,termo_nome_2ch,company,asc,500,2,7.634,0,
f2_v0_idx1,v0,agent,termo_nome_2ch,company,asc,500,3,7.948,0,
f2_v0_idx1,v0,agent,termo_nome_2ch,company,asc,500,4,8.103,0,
f2_v0_idx1,v0,agent,termo_nome_2ch,company,asc,500,5,8.193,0,
f2_v0_idx1,v0,agent,termo_nome_2ch,company,asc,500,6,8.833,0,
f2_v0_idx1,v0,agent,termo_nome_2ch,company,desc,0,1,8.094,50,168
f2_v0_idx1,v0,agent,termo_nome_2ch,company,desc,0,2,8.076,50,168
f2_v0_idx1,v0,agent,termo_nome_2ch,company,desc,0,3,7.616,50,168
f2_v0_idx1,v0,agent,termo_nome_2ch,company,desc,0,4,7.621,50,168
f2_v0_idx1,v0,agent,termo_nome_2ch,company,desc,0,5,7.872,50,168
f2_v0_idx1,v0,agent,termo_nome_2ch,company,desc,0,6,7.875,50,168
f2_v0_idx1,v0,agent,termo_nome_2ch,company,desc,500,1,7.915,0,
f2_v0_idx1,v0,agent,termo_nome_2ch,company,desc,500,2,7.832,0,
f2_v0_idx1,v0,agent,termo_nome_2ch,company,desc,500,3,7.861,0,
f2_v0_idx1,v0,agent,termo_nome_2ch,company,desc,500,4,7.301,0,
f2_v0_idx1,v0,agent,termo_nome_2ch,company,desc,500,5,7.552,0,
f2_v0_idx1,v0,agent,termo_nome_2ch,company,desc,500,6,7.298,0,
f2_v0_idx1,v0,agent,termo_nome_3ch,name,asc,0,1,7.374,50,127
f2_v0_idx1,v0,agent,termo_nome_3ch,name,asc,0,2,7.012,50,127
f2_v0_idx1,v0,agent,termo_nome_3ch,name,asc,0,3,6.959,50,127
f2_v0_idx1,v0,agent,termo_nome_3ch,name,asc,0,4,7.995,50,127
f2_v0_idx1,v0,agent,termo_nome_3ch,name,asc,0,5,7.342,50,127
f2_v0_idx1,v0,agent,termo_nome_3ch,name,asc,0,6,7.332,50,127
f2_v0_idx1,v0,agent,termo_nome_3ch,name,asc,500,1,7.041,0,
f2_v0_idx1,v0,agent,termo_nome_3ch,name,asc,500,2,7.148,0,
f2_v0_idx1,v0,agent,termo_nome_3ch,name,asc,500,3,7.476,0,
f2_v0_idx1,v0,agent,termo_nome_3ch,name,asc,500,4,6.908,0,
f2_v0_idx1,v0,agent,termo_nome_3ch,name,asc,500,5,7.097,0,
f2_v0_idx1,v0,agent,termo_nome_3ch,name,asc,500,6,6.973,0,
f2_v0_idx1,v0,agent,termo_nome_3ch,name,desc,0,1,7.135,50,127
f2_v0_idx1,v0,agent,termo_nome_3ch,name,desc,0,2,7.053,50,127
f2_v0_idx1,v0,agent,termo_nome_3ch,name,desc,0,3,7.101,50,127
f2_v0_idx1,v0,agent,termo_nome_3ch,name,desc,0,4,6.591,50,127
f2_v0_idx1,v0,agent,termo_nome_3ch,name,desc,0,5,7.171,50,127
f2_v0_idx1,v0,agent,termo_nome_3ch,name,desc,0,6,6.598,50,127
f2_v0_idx1,v0,agent,termo_nome_3ch,name,desc,500,1,7.398,0,
f2_v0_idx1,v0,agent,termo_nome_3ch,name,desc,500,2,7.113,0,
f2_v0_idx1,v0,agent,termo_nome_3ch,name,desc,500,3,6.774,0,
f2_v0_idx1,v0,agent,termo_nome_3ch,name,desc,500,4,7.612,0,
f2_v0_idx1,v0,agent,termo_nome_3ch,name,desc,500,5,6.513,0,
f2_v0_idx1,v0,agent,termo_nome_3ch,name,desc,500,6,7.849,0,
f2_v0_idx1,v0,agent,termo_nome_3ch,created_at,asc,0,1,6.708,50,127
f2_v0_idx1,v0,agent,termo_nome_3ch,created_at,asc,0,2,7.162,50,127
f2_v0_idx1,v0,agent,termo_nome_3ch,created_at,asc,0,3,7.01,50,127
f2_v0_idx1,v0,agent,termo_nome_3ch,created_at,asc,0,4,6.719,50,127
f2_v0_idx1,v0,agent,termo_nome_3ch,created_at,asc,0,5,7.03,50,127
f2_v0_idx1,v0,agent,termo_nome_3ch,created_at,asc,0,6,6.882,50,127
f2_v0_idx1,v0,agent,termo_nome_3ch,created_at,asc,500,1,9.935,0,
f2_v0_idx1,v0,agent,termo_nome_3ch,created_at,asc,500,2,6.909,0,
f2_v0_idx1,v0,agent,termo_nome_3ch,created_at,asc,500,3,7.913,0,
f2_v0_idx1,v0,agent,termo_nome_3ch,created_at,asc,500,4,6.966,0,
f2_v0_idx1,v0,agent,termo_nome_3ch,created_at,asc,500,5,7.19,0,
f2_v0_idx1,v0,agent,termo_nome_3ch,created_at,asc,500,6,7.437,0,
f2_v0_idx1,v0,agent,termo_nome_3ch,created_at,desc,0,1,6.968,50,127
f2_v0_idx1,v0,agent,termo_nome_3ch,created_at,desc,0,2,7.181,50,127
f2_v0_idx1,v0,agent,termo_nome_3ch,created_at,desc,0,3,6.662,50,127
f2_v0_idx1,v0,agent,termo_nome_3ch,created_at,desc,0,4,7.065,50,127
f2_v0_idx1,v0,agent,termo_nome_3ch,created_at,desc,0,5,7.577,50,127
f2_v0_idx1,v0,agent,termo_nome_3ch,created_at,desc,0,6,6.934,50,127
f2_v0_idx1,v0,agent,termo_nome_3ch,created_at,desc,500,1,7.134,0,
f2_v0_idx1,v0,agent,termo_nome_3ch,created_at,desc,500,2,6.763,0,
f2_v0_idx1,v0,agent,termo_nome_3ch,created_at,desc,500,3,7.219,0,
f2_v0_idx1,v0,agent,termo_nome_3ch,created_at,desc,500,4,6.845,0,
f2_v0_idx1,v0,agent,termo_nome_3ch,created_at,desc,500,5,7.614,0,
f2_v0_idx1,v0,agent,termo_nome_3ch,created_at,desc,500,6,6.728,0,
f2_v0_idx1,v0,agent,termo_nome_3ch,company,asc,0,1,6.526,50,127
f2_v0_idx1,v0,agent,termo_nome_3ch,company,asc,0,2,7.893,50,127
f2_v0_idx1,v0,agent,termo_nome_3ch,company,asc,0,3,6.837,50,127
f2_v0_idx1,v0,agent,termo_nome_3ch,company,asc,0,4,6.885,50,127
f2_v0_idx1,v0,agent,termo_nome_3ch,company,asc,0,5,7.34,50,127
f2_v0_idx1,v0,agent,termo_nome_3ch,company,asc,0,6,7.175,50,127
f2_v0_idx1,v0,agent,termo_nome_3ch,company,asc,500,1,12.823,0,
f2_v0_idx1,v0,agent,termo_nome_3ch,company,asc,500,2,9.518,0,
f2_v0_idx1,v0,agent,termo_nome_3ch,company,asc,500,3,8.502,0,
f2_v0_idx1,v0,agent,termo_nome_3ch,company,asc,500,4,8.659,0,
f2_v0_idx1,v0,agent,termo_nome_3ch,company,asc,500,5,8.078,0,
f2_v0_idx1,v0,agent,termo_nome_3ch,company,asc,500,6,8.348,0,
f2_v0_idx1,v0,agent,termo_nome_3ch,company,desc,0,1,8.363,50,127
f2_v0_idx1,v0,agent,termo_nome_3ch,company,desc,0,2,7.87,50,127
f2_v0_idx1,v0,agent,termo_nome_3ch,company,desc,0,3,7.399,50,127
f2_v0_idx1,v0,agent,termo_nome_3ch,company,desc,0,4,7.626,50,127
f2_v0_idx1,v0,agent,termo_nome_3ch,company,desc,0,5,7.609,50,127
f2_v0_idx1,v0,agent,termo_nome_3ch,company,desc,0,6,7.928,50,127
f2_v0_idx1,v0,agent,termo_nome_3ch,company,desc,500,1,7.646,0,
f2_v0_idx1,v0,agent,termo_nome_3ch,company,desc,500,2,7.83,0,
f2_v0_idx1,v0,agent,termo_nome_3ch,company,desc,500,3,7.074,0,
f2_v0_idx1,v0,agent,termo_nome_3ch,company,desc,500,4,7.192,0,
f2_v0_idx1,v0,agent,termo_nome_3ch,company,desc,500,5,6.945,0,
f2_v0_idx1,v0,agent,termo_nome_3ch,company,desc,500,6,6.774,0,
f2_v0_idx1,v0,agent,termo_telefone,name,asc,0,1,4.424,0,
f2_v0_idx1,v0,agent,termo_telefone,name,asc,0,2,4.277,0,
f2_v0_idx1,v0,agent,termo_telefone,name,asc,0,3,4.228,0,
f2_v0_idx1,v0,agent,termo_telefone,name,asc,0,4,4.071,0,
f2_v0_idx1,v0,agent,termo_telefone,name,asc,0,5,4.218,0,
f2_v0_idx1,v0,agent,termo_telefone,name,asc,0,6,4.031,0,
f2_v0_idx1,v0,agent,termo_telefone,name,asc,500,6,4.322,0,
f2_v0_idx1,v0,agent,termo_telefone,name,asc,500,1,4.071,0,
f2_v0_idx1,v0,agent,termo_telefone,name,asc,500,2,4.22,0,
f2_v0_idx1,v0,agent,termo_telefone,name,asc,500,3,3.799,0,
f2_v0_idx1,v0,agent,termo_telefone,name,asc,500,4,3.952,0,
f2_v0_idx1,v0,agent,termo_telefone,name,asc,500,5,4.302,0,
f2_v0_idx1,v0,agent,termo_telefone,name,desc,0,1,4.704,0,
f2_v0_idx1,v0,agent,termo_telefone,name,desc,0,2,4.092,0,
f2_v0_idx1,v0,agent,termo_telefone,name,desc,0,3,3.981,0,
f2_v0_idx1,v0,agent,termo_telefone,name,desc,0,4,4.393,0,
f2_v0_idx1,v0,agent,termo_telefone,name,desc,0,5,4.561,0,
f2_v0_idx1,v0,agent,termo_telefone,name,desc,0,6,3.875,0,
f2_v0_idx1,v0,agent,termo_telefone,name,desc,500,1,4.407,0,
f2_v0_idx1,v0,agent,termo_telefone,name,desc,500,2,4.163,0,
f2_v0_idx1,v0,agent,termo_telefone,name,desc,500,3,3.889,0,
f2_v0_idx1,v0,agent,termo_telefone,name,desc,500,4,4.624,0,
f2_v0_idx1,v0,agent,termo_telefone,name,desc,500,5,4.848,0,
f2_v0_idx1,v0,agent,termo_telefone,name,desc,500,6,4.07,0,
f2_v0_idx1,v0,agent,termo_telefone,created_at,asc,0,1,4.492,0,
f2_v0_idx1,v0,agent,termo_telefone,created_at,asc,0,2,4.122,0,
f2_v0_idx1,v0,agent,termo_telefone,created_at,asc,0,3,4.319,0,
f2_v0_idx1,v0,agent,termo_telefone,created_at,asc,0,4,4.475,0,
f2_v0_idx1,v0,agent,termo_telefone,created_at,asc,0,5,4.117,0,
f2_v0_idx1,v0,agent,termo_telefone,created_at,asc,0,6,3.769,0,
f2_v0_idx1,v0,agent,termo_telefone,created_at,asc,500,1,4.589,0,
f2_v0_idx1,v0,agent,termo_telefone,created_at,asc,500,2,4.465,0,
f2_v0_idx1,v0,agent,termo_telefone,created_at,asc,500,3,4.391,0,
f2_v0_idx1,v0,agent,termo_telefone,created_at,asc,500,4,4.031,0,
f2_v0_idx1,v0,agent,termo_telefone,created_at,asc,500,5,4.465,0,
f2_v0_idx1,v0,agent,termo_telefone,created_at,asc,500,6,4.397,0,
f2_v0_idx1,v0,agent,termo_telefone,created_at,desc,0,1,4.075,0,
f2_v0_idx1,v0,agent,termo_telefone,created_at,desc,0,2,4.334,0,
f2_v0_idx1,v0,agent,termo_telefone,created_at,desc,0,3,5.138,0,
f2_v0_idx1,v0,agent,termo_telefone,created_at,desc,0,4,4.308,0,
f2_v0_idx1,v0,agent,termo_telefone,created_at,desc,0,5,4.239,0,
f2_v0_idx1,v0,agent,termo_telefone,created_at,desc,0,6,4.317,0,
f2_v0_idx1,v0,agent,termo_telefone,created_at,desc,500,1,3.752,0,
f2_v0_idx1,v0,agent,termo_telefone,created_at,desc,500,2,4.113,0,
f2_v0_idx1,v0,agent,termo_telefone,created_at,desc,500,3,3.926,0,
f2_v0_idx1,v0,agent,termo_telefone,created_at,desc,500,4,4.613,0,
f2_v0_idx1,v0,agent,termo_telefone,created_at,desc,500,5,4.207,0,
f2_v0_idx1,v0,agent,termo_telefone,created_at,desc,500,6,4.152,0,
f2_v0_idx1,v0,agent,termo_telefone,company,asc,0,1,4.079,0,
f2_v0_idx1,v0,agent,termo_telefone,company,asc,0,2,4.151,0,
f2_v0_idx1,v0,agent,termo_telefone,company,asc,0,3,4.092,0,
f2_v0_idx1,v0,agent,termo_telefone,company,asc,0,4,4.008,0,
f2_v0_idx1,v0,agent,termo_telefone,company,asc,0,5,3.707,0,
f2_v0_idx1,v0,agent,termo_telefone,company,asc,0,6,5.051,0,
f2_v0_idx1,v0,agent,termo_telefone,company,asc,500,1,5.704,0,
f2_v0_idx1,v0,agent,termo_telefone,company,asc,500,2,5.025,0,
f2_v0_idx1,v0,agent,termo_telefone,company,asc,500,3,4.892,0,
f2_v0_idx1,v0,agent,termo_telefone,company,asc,500,4,4.911,0,
f2_v0_idx1,v0,agent,termo_telefone,company,asc,500,5,4.663,0,
f2_v0_idx1,v0,agent,termo_telefone,company,asc,500,6,5.37,0,
f2_v0_idx1,v0,agent,termo_telefone,company,desc,0,1,4.087,0,
f2_v0_idx1,v0,agent,termo_telefone,company,desc,0,2,4.482,0,
f2_v0_idx1,v0,agent,termo_telefone,company,desc,0,3,4.415,0,
f2_v0_idx1,v0,agent,termo_telefone,company,desc,0,4,4.29,0,
f2_v0_idx1,v0,agent,termo_telefone,company,desc,0,5,4.481,0,
f2_v0_idx1,v0,agent,termo_telefone,company,desc,0,6,4.595,0,
f2_v0_idx1,v0,agent,termo_telefone,company,desc,500,1,4.641,0,
f2_v0_idx1,v0,agent,termo_telefone,company,desc,500,2,4.399,0,
f2_v0_idx1,v0,agent,termo_telefone,company,desc,500,3,4.315,0,
f2_v0_idx1,v0,agent,termo_telefone,company,desc,500,4,3.997,0,
f2_v0_idx1,v0,agent,termo_telefone,company,desc,500,5,4.626,0,
f2_v0_idx1,v0,agent,termo_telefone,company,desc,500,6,4.249,0,
f2_v0_idx1,v0,agent,empresa_igual,name,asc,0,1,2.298,50,88
f2_v0_idx1,v0,agent,empresa_igual,name,asc,0,2,2.639,50,88
f2_v0_idx1,v0,agent,empresa_igual,name,asc,0,3,2.497,50,88
f2_v0_idx1,v0,agent,empresa_igual,name,asc,0,4,2.067,50,88
f2_v0_idx1,v0,agent,empresa_igual,name,asc,0,5,2.443,50,88
f2_v0_idx1,v0,agent,empresa_igual,name,asc,0,6,2.392,50,88
f2_v0_idx1,v0,agent,empresa_igual,name,asc,500,1,2.787,0,
f2_v0_idx1,v0,agent,empresa_igual,name,asc,500,2,2.457,0,
f2_v0_idx1,v0,agent,empresa_igual,name,asc,500,3,2.416,0,
f2_v0_idx1,v0,agent,empresa_igual,name,asc,500,4,2.764,0,
f2_v0_idx1,v0,agent,empresa_igual,name,asc,500,5,2.516,0,
f2_v0_idx1,v0,agent,empresa_igual,name,asc,500,6,3.829,0,
f2_v0_idx1,v0,agent,empresa_igual,name,desc,0,3,2.285,50,88
f2_v0_idx1,v0,agent,empresa_igual,name,desc,0,1,2.477,50,88
f2_v0_idx1,v0,agent,empresa_igual,name,desc,0,2,2.462,50,88
f2_v0_idx1,v0,agent,empresa_igual,name,desc,0,4,3.23,50,88
f2_v0_idx1,v0,agent,empresa_igual,name,desc,0,5,2.877,50,88
f2_v0_idx1,v0,agent,empresa_igual,name,desc,0,6,2.577,50,88
f2_v0_idx1,v0,agent,empresa_igual,name,desc,500,1,2.5,0,
f2_v0_idx1,v0,agent,empresa_igual,name,desc,500,2,2.499,0,
f2_v0_idx1,v0,agent,empresa_igual,name,desc,500,3,3.931,0,
f2_v0_idx1,v0,agent,empresa_igual,name,desc,500,4,3.032,0,
f2_v0_idx1,v0,agent,empresa_igual,name,desc,500,5,3.758,0,
f2_v0_idx1,v0,agent,empresa_igual,name,desc,500,6,2.748,0,
f2_v0_idx1,v0,agent,empresa_igual,created_at,asc,0,1,2.686,50,88
f2_v0_idx1,v0,agent,empresa_igual,created_at,asc,0,2,2.978,50,88
f2_v0_idx1,v0,agent,empresa_igual,created_at,asc,0,3,3.094,50,88
f2_v0_idx1,v0,agent,empresa_igual,created_at,asc,0,4,2.611,50,88
f2_v0_idx1,v0,agent,empresa_igual,created_at,asc,0,5,2.57,50,88
f2_v0_idx1,v0,agent,empresa_igual,created_at,asc,0,6,2.542,50,88
f2_v0_idx1,v0,agent,empresa_igual,created_at,asc,500,1,2.958,0,
f2_v0_idx1,v0,agent,empresa_igual,created_at,asc,500,2,2.694,0,
f2_v0_idx1,v0,agent,empresa_igual,created_at,asc,500,3,2.741,0,
f2_v0_idx1,v0,agent,empresa_igual,created_at,asc,500,4,2.444,0,
f2_v0_idx1,v0,agent,empresa_igual,created_at,asc,500,5,2.513,0,
f2_v0_idx1,v0,agent,empresa_igual,created_at,asc,500,6,2.839,0,
f2_v0_idx1,v0,agent,empresa_igual,created_at,desc,0,1,5.87,50,88
f2_v0_idx1,v0,agent,empresa_igual,created_at,desc,0,2,3.343,50,88
f2_v0_idx1,v0,agent,empresa_igual,created_at,desc,0,3,2.991,50,88
f2_v0_idx1,v0,agent,empresa_igual,created_at,desc,0,4,2.806,50,88
f2_v0_idx1,v0,agent,empresa_igual,created_at,desc,0,5,2.653,50,88
f2_v0_idx1,v0,agent,empresa_igual,created_at,desc,0,6,2.757,50,88
f2_v0_idx1,v0,agent,empresa_igual,created_at,desc,500,1,2.941,0,
f2_v0_idx1,v0,agent,empresa_igual,created_at,desc,500,2,2.698,0,
f2_v0_idx1,v0,agent,empresa_igual,created_at,desc,500,3,2.634,0,
f2_v0_idx1,v0,agent,empresa_igual,created_at,desc,500,4,2.59,0,
f2_v0_idx1,v0,agent,empresa_igual,created_at,desc,500,5,2.957,0,
f2_v0_idx1,v0,agent,empresa_igual,created_at,desc,500,6,2.926,0,
f2_v0_idx1,v0,agent,empresa_igual,company,asc,0,1,2.656,50,88
f2_v0_idx1,v0,agent,empresa_igual,company,asc,0,2,2.526,50,88
f2_v0_idx1,v0,agent,empresa_igual,company,asc,0,3,3.035,50,88
f2_v0_idx1,v0,agent,empresa_igual,company,asc,0,4,3.755,50,88
f2_v0_idx1,v0,agent,empresa_igual,company,asc,0,5,2.587,50,88
f2_v0_idx1,v0,agent,empresa_igual,company,asc,0,6,2.812,50,88
f2_v0_idx1,v0,agent,empresa_igual,company,asc,500,1,2.622,0,
f2_v0_idx1,v0,agent,empresa_igual,company,asc,500,2,2.776,0,
f2_v0_idx1,v0,agent,empresa_igual,company,asc,500,3,2.721,0,
f2_v0_idx1,v0,agent,empresa_igual,company,asc,500,4,2.89,0,
f2_v0_idx1,v0,agent,empresa_igual,company,asc,500,5,2.97,0,
f2_v0_idx1,v0,agent,empresa_igual,company,asc,500,6,2.84,0,
f2_v0_idx1,v0,agent,empresa_igual,company,desc,0,1,2.65,50,88
f2_v0_idx1,v0,agent,empresa_igual,company,desc,0,2,3.077,50,88
f2_v0_idx1,v0,agent,empresa_igual,company,desc,0,3,2.513,50,88
f2_v0_idx1,v0,agent,empresa_igual,company,desc,0,4,2.646,50,88
f2_v0_idx1,v0,agent,empresa_igual,company,desc,0,5,2.703,50,88
f2_v0_idx1,v0,agent,empresa_igual,company,desc,0,6,2.73,50,88
f2_v0_idx1,v0,agent,empresa_igual,company,desc,500,1,2.582,0,
f2_v0_idx1,v0,agent,empresa_igual,company,desc,500,2,2.532,0,
f2_v0_idx1,v0,agent,empresa_igual,company,desc,500,3,2.591,0,
f2_v0_idx1,v0,agent,empresa_igual,company,desc,500,4,2.817,0,
f2_v0_idx1,v0,agent,empresa_igual,company,desc,500,5,2.572,0,
f2_v0_idx1,v0,agent,empresa_igual,company,desc,500,6,2.492,0,
f2_v0_idx1,v0,agent,cargo_igual,name,asc,0,1,1.974,48,48
f2_v0_idx1,v0,agent,cargo_igual,name,asc,0,2,1.991,48,48
f2_v0_idx1,v0,agent,cargo_igual,name,asc,0,3,1.866,48,48
f2_v0_idx1,v0,agent,cargo_igual,name,asc,0,4,1.598,48,48
f2_v0_idx1,v0,agent,cargo_igual,name,asc,0,5,1.673,48,48
f2_v0_idx1,v0,agent,cargo_igual,name,asc,0,6,1.597,48,48
f2_v0_idx1,v0,agent,cargo_igual,name,asc,500,1,2.389,0,
f2_v0_idx1,v0,agent,cargo_igual,name,asc,500,2,2.424,0,
f2_v0_idx1,v0,agent,cargo_igual,name,asc,500,3,2.74,0,
f2_v0_idx1,v0,agent,cargo_igual,name,asc,500,4,1.705,0,
f2_v0_idx1,v0,agent,cargo_igual,name,asc,500,5,1.63,0,
f2_v0_idx1,v0,agent,cargo_igual,name,asc,500,6,1.74,0,
f2_v0_idx1,v0,agent,cargo_igual,name,desc,0,1,2.997,48,48
f2_v0_idx1,v0,agent,cargo_igual,name,desc,0,2,5.14,48,48
f2_v0_idx1,v0,agent,cargo_igual,name,desc,0,3,2.026,48,48
f2_v0_idx1,v0,agent,cargo_igual,name,desc,0,4,1.807,48,48
f2_v0_idx1,v0,agent,cargo_igual,name,desc,0,5,1.801,48,48
f2_v0_idx1,v0,agent,cargo_igual,name,desc,0,6,1.765,48,48
f2_v0_idx1,v0,agent,cargo_igual,name,desc,500,1,1.922,0,
f2_v0_idx1,v0,agent,cargo_igual,name,desc,500,2,1.967,0,
f2_v0_idx1,v0,agent,cargo_igual,name,desc,500,3,1.474,0,
f2_v0_idx1,v0,agent,cargo_igual,name,desc,500,4,1.632,0,
f2_v0_idx1,v0,agent,cargo_igual,name,desc,500,5,1.761,0,
f2_v0_idx1,v0,agent,cargo_igual,name,desc,500,6,2.712,0,
f2_v0_idx1,v0,agent,cargo_igual,created_at,asc,0,1,1.849,48,48
f2_v0_idx1,v0,agent,cargo_igual,created_at,asc,0,2,1.99,48,48
f2_v0_idx1,v0,agent,cargo_igual,created_at,asc,0,3,1.749,48,48
f2_v0_idx1,v0,agent,cargo_igual,created_at,asc,0,4,1.885,48,48
f2_v0_idx1,v0,agent,cargo_igual,created_at,asc,0,5,1.816,48,48
f2_v0_idx1,v0,agent,cargo_igual,created_at,asc,0,6,1.815,48,48
f2_v0_idx1,v0,agent,cargo_igual,created_at,asc,500,1,1.77,0,
f2_v0_idx1,v0,agent,cargo_igual,created_at,asc,500,2,1.83,0,
f2_v0_idx1,v0,agent,cargo_igual,created_at,asc,500,3,1.988,0,
f2_v0_idx1,v0,agent,cargo_igual,created_at,asc,500,4,1.901,0,
f2_v0_idx1,v0,agent,cargo_igual,created_at,asc,500,5,2.336,0,
f2_v0_idx1,v0,agent,cargo_igual,created_at,asc,500,6,1.93,0,
f2_v0_idx1,v0,agent,cargo_igual,created_at,desc,0,1,1.781,48,48
f2_v0_idx1,v0,agent,cargo_igual,created_at,desc,0,2,1.708,48,48
f2_v0_idx1,v0,agent,cargo_igual,created_at,desc,0,3,1.731,48,48
f2_v0_idx1,v0,agent,cargo_igual,created_at,desc,0,4,1.855,48,48
f2_v0_idx1,v0,agent,cargo_igual,created_at,desc,0,5,2.094,48,48
f2_v0_idx1,v0,agent,cargo_igual,created_at,desc,0,6,1.535,48,48
f2_v0_idx1,v0,agent,cargo_igual,created_at,desc,500,1,1.413,0,
f2_v0_idx1,v0,agent,cargo_igual,created_at,desc,500,2,1.842,0,
f2_v0_idx1,v0,agent,cargo_igual,created_at,desc,500,3,1.481,0,
f2_v0_idx1,v0,agent,cargo_igual,created_at,desc,500,4,1.619,0,
f2_v0_idx1,v0,agent,cargo_igual,created_at,desc,500,5,1.632,0,
f2_v0_idx1,v0,agent,cargo_igual,created_at,desc,500,6,1.997,0,
f2_v0_idx1,v0,agent,cargo_igual,company,asc,0,1,1.889,48,48
f2_v0_idx1,v0,agent,cargo_igual,company,asc,0,2,1.756,48,48
f2_v0_idx1,v0,agent,cargo_igual,company,asc,0,3,1.79,48,48
f2_v0_idx1,v0,agent,cargo_igual,company,asc,0,4,1.668,48,48
f2_v0_idx1,v0,agent,cargo_igual,company,asc,0,5,1.737,48,48
f2_v0_idx1,v0,agent,cargo_igual,company,asc,0,6,1.8,48,48
f2_v0_idx1,v0,agent,cargo_igual,company,asc,500,1,1.837,0,
f2_v0_idx1,v0,agent,cargo_igual,company,asc,500,2,1.419,0,
f2_v0_idx1,v0,agent,cargo_igual,company,asc,500,3,2.051,0,
f2_v0_idx1,v0,agent,cargo_igual,company,asc,500,4,1.528,0,
f2_v0_idx1,v0,agent,cargo_igual,company,asc,500,5,1.805,0,
f2_v0_idx1,v0,agent,cargo_igual,company,asc,500,6,1.709,0,
f2_v0_idx1,v0,agent,cargo_igual,company,desc,0,1,1.826,48,48
f2_v0_idx1,v0,agent,cargo_igual,company,desc,0,2,1.639,48,48
f2_v0_idx1,v0,agent,cargo_igual,company,desc,0,3,1.795,48,48
f2_v0_idx1,v0,agent,cargo_igual,company,desc,0,4,1.555,48,48
f2_v0_idx1,v0,agent,cargo_igual,company,desc,0,5,1.542,48,48
f2_v0_idx1,v0,agent,cargo_igual,company,desc,0,6,1.763,48,48
f2_v0_idx1,v0,agent,cargo_igual,company,desc,500,1,1.739,0,
f2_v0_idx1,v0,agent,cargo_igual,company,desc,500,2,1.7,0,
f2_v0_idx1,v0,agent,cargo_igual,company,desc,500,3,1.448,0,
f2_v0_idx1,v0,agent,cargo_igual,company,desc,500,4,1.511,0,
f2_v0_idx1,v0,agent,cargo_igual,company,desc,500,5,1.467,0,
f2_v0_idx1,v0,agent,cargo_igual,company,desc,500,6,1.365,0,
f3_v0_idx2,v0,agent,__overhead_wrapper__,-,-,-1,0,0.225,0,0
f3_v0_idx2,v0,agent,sem_filtro,name,asc,0,1,18.914,50,861
f3_v0_idx2,v0,agent,sem_filtro,name,asc,0,2,17.698,50,861
f3_v0_idx2,v0,agent,sem_filtro,name,asc,0,3,17.967,50,861
f3_v0_idx2,v0,agent,sem_filtro,name,asc,0,4,17.446,50,861
f3_v0_idx2,v0,agent,sem_filtro,name,asc,0,5,17.072,50,861
f3_v0_idx2,v0,agent,sem_filtro,name,asc,0,6,17.447,50,861
f3_v0_idx2,v0,agent,sem_filtro,name,asc,500,1,17.188,50,861
f3_v0_idx2,v0,agent,sem_filtro,name,asc,500,2,17.333,50,861
f3_v0_idx2,v0,agent,sem_filtro,name,asc,500,3,17.728,50,861
f3_v0_idx2,v0,agent,sem_filtro,name,asc,500,4,16.893,50,861
f3_v0_idx2,v0,agent,sem_filtro,name,asc,500,5,16.894,50,861
f3_v0_idx2,v0,agent,sem_filtro,name,asc,500,6,16.405,50,861
f3_v0_idx2,v0,agent,sem_filtro,name,desc,0,1,16.195,50,861
f3_v0_idx2,v0,agent,sem_filtro,name,desc,0,2,17.18,50,861
f3_v0_idx2,v0,agent,sem_filtro,name,desc,0,3,17.859,50,861
f3_v0_idx2,v0,agent,sem_filtro,name,desc,0,4,16.685,50,861
f3_v0_idx2,v0,agent,sem_filtro,name,desc,0,5,17.577,50,861
f3_v0_idx2,v0,agent,sem_filtro,name,desc,0,6,16.583,50,861
f3_v0_idx2,v0,agent,sem_filtro,name,desc,500,1,17.025,50,861
f3_v0_idx2,v0,agent,sem_filtro,name,desc,500,2,16.676,50,861
f3_v0_idx2,v0,agent,sem_filtro,name,desc,500,3,18.959,50,861
f3_v0_idx2,v0,agent,sem_filtro,name,desc,500,4,17.911,50,861
f3_v0_idx2,v0,agent,sem_filtro,name,desc,500,5,17.924,50,861
f3_v0_idx2,v0,agent,sem_filtro,name,desc,500,6,18.081,50,861
f3_v0_idx2,v0,agent,sem_filtro,created_at,asc,0,1,16.037,50,861
f3_v0_idx2,v0,agent,sem_filtro,created_at,asc,0,2,17.134,50,861
f3_v0_idx2,v0,agent,sem_filtro,created_at,asc,0,3,16.513,50,861
f3_v0_idx2,v0,agent,sem_filtro,created_at,asc,0,4,16.654,50,861
f3_v0_idx2,v0,agent,sem_filtro,created_at,asc,0,5,15.844,50,861
f3_v0_idx2,v0,agent,sem_filtro,created_at,asc,0,6,16.12,50,861
f3_v0_idx2,v0,agent,sem_filtro,created_at,asc,500,1,15.329,50,861
f3_v0_idx2,v0,agent,sem_filtro,created_at,asc,500,2,15.382,50,861
f3_v0_idx2,v0,agent,sem_filtro,created_at,asc,500,3,16.503,50,861
f3_v0_idx2,v0,agent,sem_filtro,created_at,asc,500,4,17.889,50,861
f3_v0_idx2,v0,agent,sem_filtro,created_at,asc,500,5,17.32,50,861
f3_v0_idx2,v0,agent,sem_filtro,created_at,asc,500,6,18.801,50,861
f3_v0_idx2,v0,agent,sem_filtro,created_at,desc,0,1,17.769,50,861
f3_v0_idx2,v0,agent,sem_filtro,created_at,desc,0,2,18.162,50,861
f3_v0_idx2,v0,agent,sem_filtro,created_at,desc,0,3,17.098,50,861
f3_v0_idx2,v0,agent,sem_filtro,created_at,desc,0,4,17.464,50,861
f3_v0_idx2,v0,agent,sem_filtro,created_at,desc,0,5,18.292,50,861
f3_v0_idx2,v0,agent,sem_filtro,created_at,desc,0,6,17.403,50,861
f3_v0_idx2,v0,agent,sem_filtro,created_at,desc,500,1,16.691,50,861
f3_v0_idx2,v0,agent,sem_filtro,created_at,desc,500,2,16.573,50,861
f3_v0_idx2,v0,agent,sem_filtro,created_at,desc,500,3,16.439,50,861
f3_v0_idx2,v0,agent,sem_filtro,created_at,desc,500,4,16.993,50,861
f3_v0_idx2,v0,agent,sem_filtro,created_at,desc,500,5,17.379,50,861
f3_v0_idx2,v0,agent,sem_filtro,created_at,desc,500,6,16.939,50,861
f3_v0_idx2,v0,agent,sem_filtro,company,asc,0,1,16.753,50,861
f3_v0_idx2,v0,agent,sem_filtro,company,asc,0,2,16.957,50,861
f3_v0_idx2,v0,agent,sem_filtro,company,asc,0,3,17.073,50,861
f3_v0_idx2,v0,agent,sem_filtro,company,asc,0,4,16.817,50,861
f3_v0_idx2,v0,agent,sem_filtro,company,asc,0,5,15.781,50,861
f3_v0_idx2,v0,agent,sem_filtro,company,asc,0,6,17.066,50,861
f3_v0_idx2,v0,agent,sem_filtro,company,asc,500,1,17.558,50,861
f3_v0_idx2,v0,agent,sem_filtro,company,asc,500,2,17.378,50,861
f3_v0_idx2,v0,agent,sem_filtro,company,asc,500,3,17.943,50,861
f3_v0_idx2,v0,agent,sem_filtro,company,asc,500,4,18.722,50,861
f3_v0_idx2,v0,agent,sem_filtro,company,asc,500,5,18.734,50,861
f3_v0_idx2,v0,agent,sem_filtro,company,asc,500,6,18.358,50,861
f3_v0_idx2,v0,agent,sem_filtro,company,desc,0,1,18.127,50,861
f3_v0_idx2,v0,agent,sem_filtro,company,desc,0,2,18.252,50,861
f3_v0_idx2,v0,agent,sem_filtro,company,desc,0,3,17.105,50,861
f3_v0_idx2,v0,agent,sem_filtro,company,desc,0,4,17.47,50,861
f3_v0_idx2,v0,agent,sem_filtro,company,desc,0,5,16.712,50,861
f3_v0_idx2,v0,agent,sem_filtro,company,desc,0,6,16.848,50,861
f3_v0_idx2,v0,agent,sem_filtro,company,desc,500,1,17.16,50,861
f3_v0_idx2,v0,agent,sem_filtro,company,desc,500,2,20.378,50,861
f3_v0_idx2,v0,agent,sem_filtro,company,desc,500,3,19.613,50,861
f3_v0_idx2,v0,agent,sem_filtro,company,desc,500,4,19.783,50,861
f3_v0_idx2,v0,agent,sem_filtro,company,desc,500,5,20.909,50,861
f3_v0_idx2,v0,agent,sem_filtro,company,desc,500,6,19.574,50,861
f3_v0_idx2,v0,agent,termo_nome_5ch,name,asc,0,1,7.491,50,109
f3_v0_idx2,v0,agent,termo_nome_5ch,name,asc,0,2,7.512,50,109
f3_v0_idx2,v0,agent,termo_nome_5ch,name,asc,0,3,7.24,50,109
f3_v0_idx2,v0,agent,termo_nome_5ch,name,asc,0,4,7.842,50,109
f3_v0_idx2,v0,agent,termo_nome_5ch,name,asc,0,5,7.255,50,109
f3_v0_idx2,v0,agent,termo_nome_5ch,name,asc,0,6,7.438,50,109
f3_v0_idx2,v0,agent,termo_nome_5ch,name,asc,500,1,8.005,0,
f3_v0_idx2,v0,agent,termo_nome_5ch,name,asc,500,2,7.375,0,
f3_v0_idx2,v0,agent,termo_nome_5ch,name,asc,500,3,7.509,0,
f3_v0_idx2,v0,agent,termo_nome_5ch,name,asc,500,4,7.131,0,
f3_v0_idx2,v0,agent,termo_nome_5ch,name,asc,500,5,7.246,0,
f3_v0_idx2,v0,agent,termo_nome_5ch,name,asc,500,6,6.709,0,
f3_v0_idx2,v0,agent,termo_nome_5ch,name,desc,0,1,7.354,50,109
f3_v0_idx2,v0,agent,termo_nome_5ch,name,desc,0,2,6.741,50,109
f3_v0_idx2,v0,agent,termo_nome_5ch,name,desc,0,3,6.786,50,109
f3_v0_idx2,v0,agent,termo_nome_5ch,name,desc,0,4,7.222,50,109
f3_v0_idx2,v0,agent,termo_nome_5ch,name,desc,0,5,6.801,50,109
f3_v0_idx2,v0,agent,termo_nome_5ch,name,desc,0,6,7.257,50,109
f3_v0_idx2,v0,agent,termo_nome_5ch,name,desc,500,1,7.24,0,
f3_v0_idx2,v0,agent,termo_nome_5ch,name,desc,500,2,7.403,0,
f3_v0_idx2,v0,agent,termo_nome_5ch,name,desc,500,3,7.831,0,
f3_v0_idx2,v0,agent,termo_nome_5ch,name,desc,500,4,6.93,0,
f3_v0_idx2,v0,agent,termo_nome_5ch,name,desc,500,5,6.832,0,
f3_v0_idx2,v0,agent,termo_nome_5ch,name,desc,500,6,7.04,0,
f3_v0_idx2,v0,agent,termo_nome_5ch,created_at,asc,0,1,6.772,50,109
f3_v0_idx2,v0,agent,termo_nome_5ch,created_at,asc,0,2,6.724,50,109
f3_v0_idx2,v0,agent,termo_nome_5ch,created_at,asc,0,3,6.238,50,109
f3_v0_idx2,v0,agent,termo_nome_5ch,created_at,asc,0,4,7.067,50,109
f3_v0_idx2,v0,agent,termo_nome_5ch,created_at,asc,0,5,6.805,50,109
f3_v0_idx2,v0,agent,termo_nome_5ch,created_at,asc,0,6,6.638,50,109
f3_v0_idx2,v0,agent,termo_nome_5ch,created_at,asc,500,1,6.755,0,
f3_v0_idx2,v0,agent,termo_nome_5ch,created_at,asc,500,2,6.944,0,
f3_v0_idx2,v0,agent,termo_nome_5ch,created_at,asc,500,3,6.865,0,
f3_v0_idx2,v0,agent,termo_nome_5ch,created_at,asc,500,4,6.492,0,
f3_v0_idx2,v0,agent,termo_nome_5ch,created_at,asc,500,5,6.529,0,
f3_v0_idx2,v0,agent,termo_nome_5ch,created_at,asc,500,6,6.709,0,
f3_v0_idx2,v0,agent,termo_nome_5ch,created_at,desc,0,1,7.53,50,109
f3_v0_idx2,v0,agent,termo_nome_5ch,created_at,desc,0,2,8.485,50,109
f3_v0_idx2,v0,agent,termo_nome_5ch,created_at,desc,0,3,7.58,50,109
f3_v0_idx2,v0,agent,termo_nome_5ch,created_at,desc,0,4,7.888,50,109
f3_v0_idx2,v0,agent,termo_nome_5ch,created_at,desc,0,5,6.418,50,109
f3_v0_idx2,v0,agent,termo_nome_5ch,created_at,desc,0,6,6.523,50,109
f3_v0_idx2,v0,agent,termo_nome_5ch,created_at,desc,500,1,6.838,0,
f3_v0_idx2,v0,agent,termo_nome_5ch,created_at,desc,500,2,6.482,0,
f3_v0_idx2,v0,agent,termo_nome_5ch,created_at,desc,500,3,6.386,0,
f3_v0_idx2,v0,agent,termo_nome_5ch,created_at,desc,500,4,6.242,0,
f3_v0_idx2,v0,agent,termo_nome_5ch,created_at,desc,500,5,5.843,0,
f3_v0_idx2,v0,agent,termo_nome_5ch,created_at,desc,500,6,6.131,0,
f3_v0_idx2,v0,agent,termo_nome_5ch,company,asc,0,1,7.1,50,109
f3_v0_idx2,v0,agent,termo_nome_5ch,company,asc,0,2,7.219,50,109
f3_v0_idx2,v0,agent,termo_nome_5ch,company,asc,0,3,8.132,50,109
f3_v0_idx2,v0,agent,termo_nome_5ch,company,asc,0,4,6.777,50,109
f3_v0_idx2,v0,agent,termo_nome_5ch,company,asc,0,5,7.711,50,109
f3_v0_idx2,v0,agent,termo_nome_5ch,company,asc,0,6,6.878,50,109
f3_v0_idx2,v0,agent,termo_nome_5ch,company,asc,500,1,7.423,0,
f3_v0_idx2,v0,agent,termo_nome_5ch,company,asc,500,2,7.761,0,
f3_v0_idx2,v0,agent,termo_nome_5ch,company,asc,500,3,7.213,0,
f3_v0_idx2,v0,agent,termo_nome_5ch,company,asc,500,4,7.534,0,
f3_v0_idx2,v0,agent,termo_nome_5ch,company,asc,500,5,6.643,0,
f3_v0_idx2,v0,agent,termo_nome_5ch,company,asc,500,6,7.33,0,
f3_v0_idx2,v0,agent,termo_nome_5ch,company,desc,0,1,7.442,50,109
f3_v0_idx2,v0,agent,termo_nome_5ch,company,desc,0,2,7.125,50,109
f3_v0_idx2,v0,agent,termo_nome_5ch,company,desc,0,3,7.646,50,109
f3_v0_idx2,v0,agent,termo_nome_5ch,company,desc,0,4,6.818,50,109
f3_v0_idx2,v0,agent,termo_nome_5ch,company,desc,0,5,7.259,50,109
f3_v0_idx2,v0,agent,termo_nome_5ch,company,desc,0,6,6.845,50,109
f3_v0_idx2,v0,agent,termo_nome_5ch,company,desc,500,1,7.152,0,
f3_v0_idx2,v0,agent,termo_nome_5ch,company,desc,500,2,7.499,0,
f3_v0_idx2,v0,agent,termo_nome_5ch,company,desc,500,3,6.616,0,
f3_v0_idx2,v0,agent,termo_nome_5ch,company,desc,500,4,6.812,0,
f3_v0_idx2,v0,agent,termo_nome_5ch,company,desc,500,5,7.27,0,
f3_v0_idx2,v0,agent,termo_nome_5ch,company,desc,500,6,6.531,0,
f3_v0_idx2,v0,agent,termo_empresa,name,asc,0,1,3.4,50,88
f3_v0_idx2,v0,agent,termo_empresa,name,asc,0,2,3.416,50,88
f3_v0_idx2,v0,agent,termo_empresa,name,asc,0,3,3.594,50,88
f3_v0_idx2,v0,agent,termo_empresa,name,asc,0,4,3.568,50,88
f3_v0_idx2,v0,agent,termo_empresa,name,asc,0,5,3.197,50,88
f3_v0_idx2,v0,agent,termo_empresa,name,asc,0,6,3.256,50,88
f3_v0_idx2,v0,agent,termo_empresa,name,asc,500,1,3.472,0,
f3_v0_idx2,v0,agent,termo_empresa,name,asc,500,2,2.909,0,
f3_v0_idx2,v0,agent,termo_empresa,name,asc,500,3,3.119,0,
f3_v0_idx2,v0,agent,termo_empresa,name,asc,500,4,3.517,0,
f3_v0_idx2,v0,agent,termo_empresa,name,asc,500,5,3.207,0,
f3_v0_idx2,v0,agent,termo_empresa,name,asc,500,6,3.039,0,
f3_v0_idx2,v0,agent,termo_empresa,name,desc,0,1,3.861,50,88
f3_v0_idx2,v0,agent,termo_empresa,name,desc,0,2,3.391,50,88
f3_v0_idx2,v0,agent,termo_empresa,name,desc,0,3,3.322,50,88
f3_v0_idx2,v0,agent,termo_empresa,name,desc,0,4,3.353,50,88
f3_v0_idx2,v0,agent,termo_empresa,name,desc,0,5,3.396,50,88
f3_v0_idx2,v0,agent,termo_empresa,name,desc,0,6,3.892,50,88
f3_v0_idx2,v0,agent,termo_empresa,name,desc,500,1,3.676,0,
f3_v0_idx2,v0,agent,termo_empresa,name,desc,500,2,4.091,0,
f3_v0_idx2,v0,agent,termo_empresa,name,desc,500,3,3.576,0,
f3_v0_idx2,v0,agent,termo_empresa,name,desc,500,4,3.236,0,
f3_v0_idx2,v0,agent,termo_empresa,name,desc,500,5,3.423,0,
f3_v0_idx2,v0,agent,termo_empresa,name,desc,500,6,4.12,0,
f3_v0_idx2,v0,agent,termo_empresa,created_at,asc,0,1,3.739,50,88
f3_v0_idx2,v0,agent,termo_empresa,created_at,asc,0,2,3.718,50,88
f3_v0_idx2,v0,agent,termo_empresa,created_at,asc,0,3,3.787,50,88
f3_v0_idx2,v0,agent,termo_empresa,created_at,asc,0,4,3.564,50,88
f3_v0_idx2,v0,agent,termo_empresa,created_at,asc,0,5,3.457,50,88
f3_v0_idx2,v0,agent,termo_empresa,created_at,asc,0,6,3.272,50,88
f3_v0_idx2,v0,agent,termo_empresa,created_at,asc,500,1,3.354,0,
f3_v0_idx2,v0,agent,termo_empresa,created_at,asc,500,2,3.389,0,
f3_v0_idx2,v0,agent,termo_empresa,created_at,asc,500,3,3.424,0,
f3_v0_idx2,v0,agent,termo_empresa,created_at,asc,500,4,3.739,0,
f3_v0_idx2,v0,agent,termo_empresa,created_at,asc,500,5,3.743,0,
f3_v0_idx2,v0,agent,termo_empresa,created_at,asc,500,6,3.443,0,
f3_v0_idx2,v0,agent,termo_empresa,created_at,desc,0,1,3.914,50,88
f3_v0_idx2,v0,agent,termo_empresa,created_at,desc,0,2,3.61,50,88
f3_v0_idx2,v0,agent,termo_empresa,created_at,desc,0,3,4.242,50,88
f3_v0_idx2,v0,agent,termo_empresa,created_at,desc,0,4,4.029,50,88
f3_v0_idx2,v0,agent,termo_empresa,created_at,desc,0,5,4.319,50,88
f3_v0_idx2,v0,agent,termo_empresa,created_at,desc,0,6,3.968,50,88
f3_v0_idx2,v0,agent,termo_empresa,created_at,desc,500,1,3.918,0,
f3_v0_idx2,v0,agent,termo_empresa,created_at,desc,500,2,3.914,0,
f3_v0_idx2,v0,agent,termo_empresa,created_at,desc,500,3,3.694,0,
f3_v0_idx2,v0,agent,termo_empresa,created_at,desc,500,4,3.862,0,
f3_v0_idx2,v0,agent,termo_empresa,created_at,desc,500,5,3.885,0,
f3_v0_idx2,v0,agent,termo_empresa,created_at,desc,500,6,3.56,0,
f3_v0_idx2,v0,agent,termo_empresa,company,asc,0,1,3.434,50,88
f3_v0_idx2,v0,agent,termo_empresa,company,asc,0,2,3.867,50,88
f3_v0_idx2,v0,agent,termo_empresa,company,asc,0,3,3.824,50,88
f3_v0_idx2,v0,agent,termo_empresa,company,asc,0,4,3.911,50,88
f3_v0_idx2,v0,agent,termo_empresa,company,asc,0,5,3.755,50,88
f3_v0_idx2,v0,agent,termo_empresa,company,asc,0,6,4.086,50,88
f3_v0_idx2,v0,agent,termo_empresa,company,asc,500,1,3.682,0,
f3_v0_idx2,v0,agent,termo_empresa,company,asc,500,2,3.875,0,
f3_v0_idx2,v0,agent,termo_empresa,company,asc,500,3,3.736,0,
f3_v0_idx2,v0,agent,termo_empresa,company,asc,500,4,3.724,0,
f3_v0_idx2,v0,agent,termo_empresa,company,asc,500,5,3.513,0,
f3_v0_idx2,v0,agent,termo_empresa,company,asc,500,6,3.742,0,
f3_v0_idx2,v0,agent,termo_empresa,company,desc,0,1,3.512,50,88
f3_v0_idx2,v0,agent,termo_empresa,company,desc,0,2,3.782,50,88
f3_v0_idx2,v0,agent,termo_empresa,company,desc,0,3,4.051,50,88
f3_v0_idx2,v0,agent,termo_empresa,company,desc,0,4,3.802,50,88
f3_v0_idx2,v0,agent,termo_empresa,company,desc,0,5,3.682,50,88
f3_v0_idx2,v0,agent,termo_empresa,company,desc,0,6,3.535,50,88
f3_v0_idx2,v0,agent,termo_empresa,company,desc,500,1,3.579,0,
f3_v0_idx2,v0,agent,termo_empresa,company,desc,500,2,3.388,0,
f3_v0_idx2,v0,agent,termo_empresa,company,desc,500,3,3.314,0,
f3_v0_idx2,v0,agent,termo_empresa,company,desc,500,4,3.678,0,
f3_v0_idx2,v0,agent,termo_empresa,company,desc,500,5,3.671,0,
f3_v0_idx2,v0,agent,termo_empresa,company,desc,500,6,3.194,0,
f3_v0_idx2,v0,agent,filtro_tipo,name,asc,0,1,4.703,50,158
f3_v0_idx2,v0,agent,filtro_tipo,name,asc,0,2,4.07,50,158
f3_v0_idx2,v0,agent,filtro_tipo,name,asc,0,3,4.092,50,158
f3_v0_idx2,v0,agent,filtro_tipo,name,asc,0,4,4.414,50,158
f3_v0_idx2,v0,agent,filtro_tipo,name,asc,0,5,4.665,50,158
f3_v0_idx2,v0,agent,filtro_tipo,name,asc,0,6,4.271,50,158
f3_v0_idx2,v0,agent,filtro_tipo,name,asc,500,1,4.225,0,
f3_v0_idx2,v0,agent,filtro_tipo,name,asc,500,2,3.917,0,
f3_v0_idx2,v0,agent,filtro_tipo,name,asc,500,3,4.154,0,
f3_v0_idx2,v0,agent,filtro_tipo,name,asc,500,4,4.273,0,
f3_v0_idx2,v0,agent,filtro_tipo,name,asc,500,5,4.567,0,
f3_v0_idx2,v0,agent,filtro_tipo,name,asc,500,6,4.215,0,
f3_v0_idx2,v0,agent,filtro_tipo,name,desc,0,1,4.435,50,158
f3_v0_idx2,v0,agent,filtro_tipo,name,desc,0,2,4.175,50,158
f3_v0_idx2,v0,agent,filtro_tipo,name,desc,0,3,3.89,50,158
f3_v0_idx2,v0,agent,filtro_tipo,name,desc,0,4,4.359,50,158
f3_v0_idx2,v0,agent,filtro_tipo,name,desc,0,5,4.772,50,158
f3_v0_idx2,v0,agent,filtro_tipo,name,desc,0,6,5.048,50,158
f3_v0_idx2,v0,agent,filtro_tipo,name,desc,500,1,3.949,0,
f3_v0_idx2,v0,agent,filtro_tipo,name,desc,500,2,4.443,0,
f3_v0_idx2,v0,agent,filtro_tipo,name,desc,500,3,5.15,0,
f3_v0_idx2,v0,agent,filtro_tipo,name,desc,500,4,4.285,0,
f3_v0_idx2,v0,agent,filtro_tipo,name,desc,500,5,4.436,0,
f3_v0_idx2,v0,agent,filtro_tipo,name,desc,500,6,4.329,0,
f3_v0_idx2,v0,agent,filtro_tipo,created_at,asc,0,1,4.516,50,158
f3_v0_idx2,v0,agent,filtro_tipo,created_at,asc,0,2,4.636,50,158
f3_v0_idx2,v0,agent,filtro_tipo,created_at,asc,0,3,4.53,50,158
f3_v0_idx2,v0,agent,filtro_tipo,created_at,asc,0,4,4.312,50,158
f3_v0_idx2,v0,agent,filtro_tipo,created_at,asc,0,5,4.209,50,158
f3_v0_idx2,v0,agent,filtro_tipo,created_at,asc,0,6,4.481,50,158
f3_v0_idx2,v0,agent,filtro_tipo,created_at,asc,500,1,4.176,0,
f3_v0_idx2,v0,agent,filtro_tipo,created_at,asc,500,2,4.543,0,
f3_v0_idx2,v0,agent,filtro_tipo,created_at,asc,500,3,4.437,0,
f3_v0_idx2,v0,agent,filtro_tipo,created_at,asc,500,4,4.257,0,
f3_v0_idx2,v0,agent,filtro_tipo,created_at,asc,500,5,4.075,0,
f3_v0_idx2,v0,agent,filtro_tipo,created_at,asc,500,6,4.18,0,
f3_v0_idx2,v0,agent,filtro_tipo,created_at,desc,0,1,4.094,50,158
f3_v0_idx2,v0,agent,filtro_tipo,created_at,desc,0,2,4.32,50,158
f3_v0_idx2,v0,agent,filtro_tipo,created_at,desc,0,3,4.011,50,158
f3_v0_idx2,v0,agent,filtro_tipo,created_at,desc,0,4,3.757,50,158
f3_v0_idx2,v0,agent,filtro_tipo,created_at,desc,0,5,3.735,50,158
f3_v0_idx2,v0,agent,filtro_tipo,created_at,desc,0,6,4.005,50,158
f3_v0_idx2,v0,agent,filtro_tipo,created_at,desc,500,5,3.437,0,
f3_v0_idx2,v0,agent,filtro_tipo,created_at,desc,500,1,3.888,0,
f3_v0_idx2,v0,agent,filtro_tipo,created_at,desc,500,2,4.444,0,
f3_v0_idx2,v0,agent,filtro_tipo,created_at,desc,500,3,3.98,0,
f3_v0_idx2,v0,agent,filtro_tipo,created_at,desc,500,4,3.544,0,
f3_v0_idx2,v0,agent,filtro_tipo,created_at,desc,500,6,4.109,0,
f3_v0_idx2,v0,agent,filtro_tipo,company,asc,0,1,3.483,50,158
f3_v0_idx2,v0,agent,filtro_tipo,company,asc,0,2,3.689,50,158
f3_v0_idx2,v0,agent,filtro_tipo,company,asc,0,3,5.534,50,158
f3_v0_idx2,v0,agent,filtro_tipo,company,asc,0,4,3.823,50,158
f3_v0_idx2,v0,agent,filtro_tipo,company,asc,0,5,3.54,50,158
f3_v0_idx2,v0,agent,filtro_tipo,company,asc,0,6,3.663,50,158
f3_v0_idx2,v0,agent,filtro_tipo,company,asc,500,1,3.521,0,
f3_v0_idx2,v0,agent,filtro_tipo,company,asc,500,2,3.807,0,
f3_v0_idx2,v0,agent,filtro_tipo,company,asc,500,3,4.074,0,
f3_v0_idx2,v0,agent,filtro_tipo,company,asc,500,4,3.968,0,
f3_v0_idx2,v0,agent,filtro_tipo,company,asc,500,5,3.82,0,
f3_v0_idx2,v0,agent,filtro_tipo,company,asc,500,6,3.731,0,
f3_v0_idx2,v0,agent,filtro_tipo,company,desc,0,1,3.812,50,158
f3_v0_idx2,v0,agent,filtro_tipo,company,desc,0,2,3.698,50,158
f3_v0_idx2,v0,agent,filtro_tipo,company,desc,0,3,4.045,50,158
f3_v0_idx2,v0,agent,filtro_tipo,company,desc,0,4,4.19,50,158
f3_v0_idx2,v0,agent,filtro_tipo,company,desc,0,5,3.927,50,158
f3_v0_idx2,v0,agent,filtro_tipo,company,desc,0,6,3.594,50,158
f3_v0_idx2,v0,agent,filtro_tipo,company,desc,500,1,3.824,0,
f3_v0_idx2,v0,agent,filtro_tipo,company,desc,500,2,3.843,0,
f3_v0_idx2,v0,agent,filtro_tipo,company,desc,500,3,3.68,0,
f3_v0_idx2,v0,agent,filtro_tipo,company,desc,500,4,4.558,0,
f3_v0_idx2,v0,agent,filtro_tipo,company,desc,500,5,3.934,0,
f3_v0_idx2,v0,agent,filtro_tipo,company,desc,500,6,4.018,0,
f3_v0_idx2,v0,agent,filtro_tag,name,asc,0,1,2.581,50,71
f3_v0_idx2,v0,agent,filtro_tag,name,asc,0,2,2.327,50,71
f3_v0_idx2,v0,agent,filtro_tag,name,asc,0,3,2.432,50,71
f3_v0_idx2,v0,agent,filtro_tag,name,asc,0,4,2.178,50,71
f3_v0_idx2,v0,agent,filtro_tag,name,asc,0,5,2.578,50,71
f3_v0_idx2,v0,agent,filtro_tag,name,asc,0,6,2.577,50,71
f3_v0_idx2,v0,agent,filtro_tag,name,asc,500,1,2.275,0,
f3_v0_idx2,v0,agent,filtro_tag,name,asc,500,2,2.192,0,
f3_v0_idx2,v0,agent,filtro_tag,name,asc,500,3,2.016,0,
f3_v0_idx2,v0,agent,filtro_tag,name,asc,500,4,2.323,0,
f3_v0_idx2,v0,agent,filtro_tag,name,asc,500,5,2.455,0,
f3_v0_idx2,v0,agent,filtro_tag,name,asc,500,6,2.462,0,
f3_v0_idx2,v0,agent,filtro_tag,name,desc,0,1,1.953,50,71
f3_v0_idx2,v0,agent,filtro_tag,name,desc,0,2,2.162,50,71
f3_v0_idx2,v0,agent,filtro_tag,name,desc,0,3,2.256,50,71
f3_v0_idx2,v0,agent,filtro_tag,name,desc,0,4,2.336,50,71
f3_v0_idx2,v0,agent,filtro_tag,name,desc,0,5,2.691,50,71
f3_v0_idx2,v0,agent,filtro_tag,name,desc,0,6,2.684,50,71
f3_v0_idx2,v0,agent,filtro_tag,name,desc,500,1,2.097,0,
f3_v0_idx2,v0,agent,filtro_tag,name,desc,500,2,2.164,0,
f3_v0_idx2,v0,agent,filtro_tag,name,desc,500,3,2.222,0,
f3_v0_idx2,v0,agent,filtro_tag,name,desc,500,4,2.404,0,
f3_v0_idx2,v0,agent,filtro_tag,name,desc,500,5,2.464,0,
f3_v0_idx2,v0,agent,filtro_tag,name,desc,500,6,2.064,0,
f3_v0_idx2,v0,agent,filtro_tag,created_at,asc,0,1,1.976,50,71
f3_v0_idx2,v0,agent,filtro_tag,created_at,asc,0,2,2.231,50,71
f3_v0_idx2,v0,agent,filtro_tag,created_at,asc,0,3,2.077,50,71
f3_v0_idx2,v0,agent,filtro_tag,created_at,asc,0,4,2.218,50,71
f3_v0_idx2,v0,agent,filtro_tag,created_at,asc,0,5,2.053,50,71
f3_v0_idx2,v0,agent,filtro_tag,created_at,asc,0,6,2.048,50,71
f3_v0_idx2,v0,agent,filtro_tag,created_at,asc,500,1,1.997,0,
f3_v0_idx2,v0,agent,filtro_tag,created_at,asc,500,2,2.12,0,
f3_v0_idx2,v0,agent,filtro_tag,created_at,asc,500,3,2.107,0,
f3_v0_idx2,v0,agent,filtro_tag,created_at,asc,500,4,2.419,0,
f3_v0_idx2,v0,agent,filtro_tag,created_at,asc,500,5,2.216,0,
f3_v0_idx2,v0,agent,filtro_tag,created_at,asc,500,6,2.431,0,
f3_v0_idx2,v0,agent,filtro_tag,created_at,desc,0,1,2.569,50,71
f3_v0_idx2,v0,agent,filtro_tag,created_at,desc,0,2,2.362,50,71
f3_v0_idx2,v0,agent,filtro_tag,created_at,desc,0,3,2.222,50,71
f3_v0_idx2,v0,agent,filtro_tag,created_at,desc,0,4,2.245,50,71
f3_v0_idx2,v0,agent,filtro_tag,created_at,desc,0,5,2.128,50,71
f3_v0_idx2,v0,agent,filtro_tag,created_at,desc,0,6,2.149,50,71
f3_v0_idx2,v0,agent,filtro_tag,created_at,desc,500,1,2.092,0,
f3_v0_idx2,v0,agent,filtro_tag,created_at,desc,500,2,2.268,0,
f3_v0_idx2,v0,agent,filtro_tag,created_at,desc,500,3,2.202,0,
f3_v0_idx2,v0,agent,filtro_tag,created_at,desc,500,4,2.088,0,
f3_v0_idx2,v0,agent,filtro_tag,created_at,desc,500,5,2.22,0,
f3_v0_idx2,v0,agent,filtro_tag,created_at,desc,500,6,2.116,0,
f3_v0_idx2,v0,agent,filtro_tag,company,asc,0,1,2.227,50,71
f3_v0_idx2,v0,agent,filtro_tag,company,asc,0,2,2.839,50,71
f3_v0_idx2,v0,agent,filtro_tag,company,asc,0,3,2.575,50,71
f3_v0_idx2,v0,agent,filtro_tag,company,asc,0,4,2.122,50,71
f3_v0_idx2,v0,agent,filtro_tag,company,asc,0,5,2.02,50,71
f3_v0_idx2,v0,agent,filtro_tag,company,asc,0,6,2.002,50,71
f3_v0_idx2,v0,agent,filtro_tag,company,asc,500,1,2.294,0,
f3_v0_idx2,v0,agent,filtro_tag,company,asc,500,2,2.105,0,
f3_v0_idx2,v0,agent,filtro_tag,company,asc,500,3,2.12,0,
f3_v0_idx2,v0,agent,filtro_tag,company,asc,500,4,1.993,0,
f3_v0_idx2,v0,agent,filtro_tag,company,asc,500,5,1.929,0,
f3_v0_idx2,v0,agent,filtro_tag,company,asc,500,6,2.082,0,
f3_v0_idx2,v0,agent,filtro_tag,company,desc,0,1,2.248,50,71
f3_v0_idx2,v0,agent,filtro_tag,company,desc,0,2,2.25,50,71
f3_v0_idx2,v0,agent,filtro_tag,company,desc,0,3,2.098,50,71
f3_v0_idx2,v0,agent,filtro_tag,company,desc,0,4,2.068,50,71
f3_v0_idx2,v0,agent,filtro_tag,company,desc,0,5,2.27,50,71
f3_v0_idx2,v0,agent,filtro_tag,company,desc,0,6,3.497,50,71
f3_v0_idx2,v0,agent,filtro_tag,company,desc,500,1,2.288,0,
f3_v0_idx2,v0,agent,filtro_tag,company,desc,500,2,2.32,0,
f3_v0_idx2,v0,agent,filtro_tag,company,desc,500,3,2.304,0,
f3_v0_idx2,v0,agent,filtro_tag,company,desc,500,4,2.363,0,
f3_v0_idx2,v0,agent,filtro_tag,company,desc,500,5,2.528,0,
f3_v0_idx2,v0,agent,filtro_tag,company,desc,500,6,2.489,0,
f3_v0_idx2,v0,agent,intervalo_data,name,asc,0,1,4.082,50,207
f3_v0_idx2,v0,agent,intervalo_data,name,asc,0,2,4.43,50,207
f3_v0_idx2,v0,agent,intervalo_data,name,asc,0,3,4.197,50,207
f3_v0_idx2,v0,agent,intervalo_data,name,asc,0,4,4.101,50,207
f3_v0_idx2,v0,agent,intervalo_data,name,asc,0,5,3.888,50,207
f3_v0_idx2,v0,agent,intervalo_data,name,asc,0,6,4.132,50,207
f3_v0_idx2,v0,agent,intervalo_data,name,asc,500,1,4.121,0,
f3_v0_idx2,v0,agent,intervalo_data,name,asc,500,2,4.26,0,
f3_v0_idx2,v0,agent,intervalo_data,name,asc,500,3,4.316,0,
f3_v0_idx2,v0,agent,intervalo_data,name,asc,500,4,3.753,0,
f3_v0_idx2,v0,agent,intervalo_data,name,asc,500,5,3.843,0,
f3_v0_idx2,v0,agent,intervalo_data,name,asc,500,6,4.333,0,
f3_v0_idx2,v0,agent,intervalo_data,name,desc,0,1,3.857,50,207
f3_v0_idx2,v0,agent,intervalo_data,name,desc,0,2,4.049,50,207
f3_v0_idx2,v0,agent,intervalo_data,name,desc,0,3,4.246,50,207
f3_v0_idx2,v0,agent,intervalo_data,name,desc,0,4,3.788,50,207
f3_v0_idx2,v0,agent,intervalo_data,name,desc,0,5,3.728,50,207
f3_v0_idx2,v0,agent,intervalo_data,name,desc,0,6,4.092,50,207
f3_v0_idx2,v0,agent,intervalo_data,name,desc,500,1,4.157,0,
f3_v0_idx2,v0,agent,intervalo_data,name,desc,500,2,4.676,0,
f3_v0_idx2,v0,agent,intervalo_data,name,desc,500,3,4.06,0,
f3_v0_idx2,v0,agent,intervalo_data,name,desc,500,4,3.701,0,
f3_v0_idx2,v0,agent,intervalo_data,name,desc,500,5,3.888,0,
f3_v0_idx2,v0,agent,intervalo_data,name,desc,500,6,4.76,0,
f3_v0_idx2,v0,agent,intervalo_data,created_at,asc,0,1,3.827,50,207
f3_v0_idx2,v0,agent,intervalo_data,created_at,asc,0,2,3.929,50,207
f3_v0_idx2,v0,agent,intervalo_data,created_at,asc,0,3,4.337,50,207
f3_v0_idx2,v0,agent,intervalo_data,created_at,asc,0,4,3.841,50,207
f3_v0_idx2,v0,agent,intervalo_data,created_at,asc,0,5,3.777,50,207
f3_v0_idx2,v0,agent,intervalo_data,created_at,asc,0,6,4.497,50,207
f3_v0_idx2,v0,agent,intervalo_data,created_at,asc,500,1,3.682,0,
f3_v0_idx2,v0,agent,intervalo_data,created_at,asc,500,2,3.943,0,
f3_v0_idx2,v0,agent,intervalo_data,created_at,asc,500,3,4.18,0,
f3_v0_idx2,v0,agent,intervalo_data,created_at,asc,500,4,4.147,0,
f3_v0_idx2,v0,agent,intervalo_data,created_at,asc,500,5,3.818,0,
f3_v0_idx2,v0,agent,intervalo_data,created_at,asc,500,6,3.884,0,
f3_v0_idx2,v0,agent,intervalo_data,created_at,desc,0,1,3.854,50,207
f3_v0_idx2,v0,agent,intervalo_data,created_at,desc,0,2,3.927,50,207
f3_v0_idx2,v0,agent,intervalo_data,created_at,desc,0,3,4.05,50,207
f3_v0_idx2,v0,agent,intervalo_data,created_at,desc,0,4,4.168,50,207
f3_v0_idx2,v0,agent,intervalo_data,created_at,desc,0,5,3.846,50,207
f3_v0_idx2,v0,agent,intervalo_data,created_at,desc,0,6,3.716,50,207
f3_v0_idx2,v0,agent,intervalo_data,created_at,desc,500,1,3.758,0,
f3_v0_idx2,v0,agent,intervalo_data,created_at,desc,500,2,3.828,0,
f3_v0_idx2,v0,agent,intervalo_data,created_at,desc,500,3,4.539,0,
f3_v0_idx2,v0,agent,intervalo_data,created_at,desc,500,4,5.353,0,
f3_v0_idx2,v0,agent,intervalo_data,created_at,desc,500,5,3.937,0,
f3_v0_idx2,v0,agent,intervalo_data,created_at,desc,500,6,4.148,0,
f3_v0_idx2,v0,agent,intervalo_data,company,asc,0,1,4.821,50,207
f3_v0_idx2,v0,agent,intervalo_data,company,asc,0,2,4.849,50,207
f3_v0_idx2,v0,agent,intervalo_data,company,asc,0,3,4.406,50,207
f3_v0_idx2,v0,agent,intervalo_data,company,asc,0,4,3.98,50,207
f3_v0_idx2,v0,agent,intervalo_data,company,asc,0,5,4.353,50,207
f3_v0_idx2,v0,agent,intervalo_data,company,asc,0,6,4.64,50,207
f3_v0_idx2,v0,agent,intervalo_data,company,asc,500,1,5.054,0,
f3_v0_idx2,v0,agent,intervalo_data,company,asc,500,2,5.24,0,
f3_v0_idx2,v0,agent,intervalo_data,company,asc,500,3,4.665,0,
f3_v0_idx2,v0,agent,intervalo_data,company,asc,500,4,5.084,0,
f3_v0_idx2,v0,agent,intervalo_data,company,asc,500,5,5.501,0,
f3_v0_idx2,v0,agent,intervalo_data,company,asc,500,6,4.849,0,
f3_v0_idx2,v0,agent,intervalo_data,company,desc,0,1,4.678,50,207
f3_v0_idx2,v0,agent,intervalo_data,company,desc,0,2,4.42,50,207
f3_v0_idx2,v0,agent,intervalo_data,company,desc,0,3,4.197,50,207
f3_v0_idx2,v0,agent,intervalo_data,company,desc,0,4,4.453,50,207
f3_v0_idx2,v0,agent,intervalo_data,company,desc,0,5,4.168,50,207
f3_v0_idx2,v0,agent,intervalo_data,company,desc,0,6,3.85,50,207
f3_v0_idx2,v0,agent,intervalo_data,company,desc,500,1,3.978,0,
f3_v0_idx2,v0,agent,intervalo_data,company,desc,500,2,3.699,0,
f3_v0_idx2,v0,agent,intervalo_data,company,desc,500,3,3.912,0,
f3_v0_idx2,v0,agent,intervalo_data,company,desc,500,4,4.957,0,
f3_v0_idx2,v0,agent,intervalo_data,company,desc,500,5,3.915,0,
f3_v0_idx2,v0,agent,intervalo_data,company,desc,500,6,3.654,0,
f3_v0_idx2,v0,agent,combinado,name,asc,0,1,0.627,1,1
f3_v0_idx2,v0,agent,combinado,name,asc,0,2,0.773,1,1
f3_v0_idx2,v0,agent,combinado,name,asc,0,3,0.758,1,1
f3_v0_idx2,v0,agent,combinado,name,asc,0,4,0.934,1,1
f3_v0_idx2,v0,agent,combinado,name,asc,0,5,0.627,1,1
f3_v0_idx2,v0,agent,combinado,name,asc,0,6,0.609,1,1
f3_v0_idx2,v0,agent,combinado,name,asc,500,1,0.591,0,
f3_v0_idx2,v0,agent,combinado,name,asc,500,2,0.714,0,
f3_v0_idx2,v0,agent,combinado,name,asc,500,3,0.69,0,
f3_v0_idx2,v0,agent,combinado,name,asc,500,4,0.656,0,
f3_v0_idx2,v0,agent,combinado,name,asc,500,5,0.671,0,
f3_v0_idx2,v0,agent,combinado,name,asc,500,6,0.728,0,
f3_v0_idx2,v0,agent,combinado,name,desc,0,1,0.59,1,1
f3_v0_idx2,v0,agent,combinado,name,desc,0,2,0.68,1,1
f3_v0_idx2,v0,agent,combinado,name,desc,0,3,0.677,1,1
f3_v0_idx2,v0,agent,combinado,name,desc,0,4,0.705,1,1
f3_v0_idx2,v0,agent,combinado,name,desc,0,5,0.684,1,1
f3_v0_idx2,v0,agent,combinado,name,desc,0,6,1.059,1,1
f3_v0_idx2,v0,agent,combinado,name,desc,500,1,0.666,0,
f3_v0_idx2,v0,agent,combinado,name,desc,500,2,0.876,0,
f3_v0_idx2,v0,agent,combinado,name,desc,500,3,0.811,0,
f3_v0_idx2,v0,agent,combinado,name,desc,500,4,0.652,0,
f3_v0_idx2,v0,agent,combinado,name,desc,500,5,0.66,0,
f3_v0_idx2,v0,agent,combinado,name,desc,500,6,0.614,0,
f3_v0_idx2,v0,agent,combinado,created_at,asc,0,1,0.601,1,1
f3_v0_idx2,v0,agent,combinado,created_at,asc,0,2,0.589,1,1
f3_v0_idx2,v0,agent,combinado,created_at,asc,0,3,0.643,1,1
f3_v0_idx2,v0,agent,combinado,created_at,asc,0,4,0.699,1,1
f3_v0_idx2,v0,agent,combinado,created_at,asc,0,5,0.584,1,1
f3_v0_idx2,v0,agent,combinado,created_at,asc,0,6,0.576,1,1
f3_v0_idx2,v0,agent,combinado,created_at,asc,500,1,0.751,0,
f3_v0_idx2,v0,agent,combinado,created_at,asc,500,2,0.681,0,
f3_v0_idx2,v0,agent,combinado,created_at,asc,500,3,0.654,0,
f3_v0_idx2,v0,agent,combinado,created_at,asc,500,4,0.627,0,
f3_v0_idx2,v0,agent,combinado,created_at,asc,500,5,0.844,0,
f3_v0_idx2,v0,agent,combinado,created_at,asc,500,6,0.802,0,
f3_v0_idx2,v0,agent,combinado,created_at,desc,0,1,0.691,1,1
f3_v0_idx2,v0,agent,combinado,created_at,desc,0,2,0.724,1,1
f3_v0_idx2,v0,agent,combinado,created_at,desc,0,3,0.682,1,1
f3_v0_idx2,v0,agent,combinado,created_at,desc,0,4,0.656,1,1
f3_v0_idx2,v0,agent,combinado,created_at,desc,0,5,0.618,1,1
f3_v0_idx2,v0,agent,combinado,created_at,desc,0,6,0.61,1,1
f3_v0_idx2,v0,agent,combinado,created_at,desc,500,1,0.601,0,
f3_v0_idx2,v0,agent,combinado,created_at,desc,500,2,0.635,0,
f3_v0_idx2,v0,agent,combinado,created_at,desc,500,3,0.625,0,
f3_v0_idx2,v0,agent,combinado,created_at,desc,500,4,0.629,0,
f3_v0_idx2,v0,agent,combinado,created_at,desc,500,5,0.721,0,
f3_v0_idx2,v0,agent,combinado,created_at,desc,500,6,0.632,0,
f3_v0_idx2,v0,agent,combinado,company,asc,0,1,0.623,1,1
f3_v0_idx2,v0,agent,combinado,company,asc,0,2,0.613,1,1
f3_v0_idx2,v0,agent,combinado,company,asc,0,3,0.613,1,1
f3_v0_idx2,v0,agent,combinado,company,asc,0,4,0.62,1,1
f3_v0_idx2,v0,agent,combinado,company,asc,0,5,0.702,1,1
f3_v0_idx2,v0,agent,combinado,company,asc,0,6,0.761,1,1
f3_v0_idx2,v0,agent,combinado,company,asc,500,1,0.629,0,
f3_v0_idx2,v0,agent,combinado,company,asc,500,2,0.64,0,
f3_v0_idx2,v0,agent,combinado,company,asc,500,3,0.64,0,
f3_v0_idx2,v0,agent,combinado,company,asc,500,4,0.652,0,
f3_v0_idx2,v0,agent,combinado,company,asc,500,5,0.614,0,
f3_v0_idx2,v0,agent,combinado,company,asc,500,6,0.608,0,
f3_v0_idx2,v0,agent,combinado,company,desc,0,1,0.879,1,1
f3_v0_idx2,v0,agent,combinado,company,desc,0,2,0.736,1,1
f3_v0_idx2,v0,agent,combinado,company,desc,0,3,0.807,1,1
f3_v0_idx2,v0,agent,combinado,company,desc,0,4,0.692,1,1
f3_v0_idx2,v0,agent,combinado,company,desc,0,5,0.827,1,1
f3_v0_idx2,v0,agent,combinado,company,desc,0,6,0.962,1,1
f3_v0_idx2,v0,agent,combinado,company,desc,500,1,0.6,0,
f3_v0_idx2,v0,agent,combinado,company,desc,500,2,0.655,0,
f3_v0_idx2,v0,agent,combinado,company,desc,500,3,0.695,0,
f3_v0_idx2,v0,agent,combinado,company,desc,500,4,0.747,0,
f3_v0_idx2,v0,agent,combinado,company,desc,500,5,0.737,0,
f3_v0_idx2,v0,agent,combinado,company,desc,500,6,0.625,0,
f3_v0_idx2,v0,agent,termo_nome_2ch,name,asc,0,1,7.458,50,168
f3_v0_idx2,v0,agent,termo_nome_2ch,name,asc,0,2,6.855,50,168
f3_v0_idx2,v0,agent,termo_nome_2ch,name,asc,0,3,7.026,50,168
f3_v0_idx2,v0,agent,termo_nome_2ch,name,asc,0,4,7.215,50,168
f3_v0_idx2,v0,agent,termo_nome_2ch,name,asc,0,5,6.945,50,168
f3_v0_idx2,v0,agent,termo_nome_2ch,name,asc,0,6,7.658,50,168
f3_v0_idx2,v0,agent,termo_nome_2ch,name,asc,500,1,6.703,0,
f3_v0_idx2,v0,agent,termo_nome_2ch,name,asc,500,2,6.804,0,
f3_v0_idx2,v0,agent,termo_nome_2ch,name,asc,500,3,7.873,0,
f3_v0_idx2,v0,agent,termo_nome_2ch,name,asc,500,4,6.913,0,
f3_v0_idx2,v0,agent,termo_nome_2ch,name,asc,500,5,7.537,0,
f3_v0_idx2,v0,agent,termo_nome_2ch,name,asc,500,6,7.185,0,
f3_v0_idx2,v0,agent,termo_nome_2ch,name,desc,0,1,6.926,50,168
f3_v0_idx2,v0,agent,termo_nome_2ch,name,desc,0,2,7.412,50,168
f3_v0_idx2,v0,agent,termo_nome_2ch,name,desc,0,3,7.117,50,168
f3_v0_idx2,v0,agent,termo_nome_2ch,name,desc,0,4,7.438,50,168
f3_v0_idx2,v0,agent,termo_nome_2ch,name,desc,0,5,7.12,50,168
f3_v0_idx2,v0,agent,termo_nome_2ch,name,desc,0,6,7.211,50,168
f3_v0_idx2,v0,agent,termo_nome_2ch,name,desc,500,1,8.368,0,
f3_v0_idx2,v0,agent,termo_nome_2ch,name,desc,500,2,7.735,0,
f3_v0_idx2,v0,agent,termo_nome_2ch,name,desc,500,3,7.797,0,
f3_v0_idx2,v0,agent,termo_nome_2ch,name,desc,500,4,7.066,0,
f3_v0_idx2,v0,agent,termo_nome_2ch,name,desc,500,5,7.64,0,
f3_v0_idx2,v0,agent,termo_nome_2ch,name,desc,500,6,7.503,0,
f3_v0_idx2,v0,agent,termo_nome_2ch,created_at,asc,0,1,8.023,50,168
f3_v0_idx2,v0,agent,termo_nome_2ch,created_at,asc,0,2,7.741,50,168
f3_v0_idx2,v0,agent,termo_nome_2ch,created_at,asc,0,3,8.177,50,168
f3_v0_idx2,v0,agent,termo_nome_2ch,created_at,asc,0,4,7.418,50,168
f3_v0_idx2,v0,agent,termo_nome_2ch,created_at,asc,0,5,7.907,50,168
f3_v0_idx2,v0,agent,termo_nome_2ch,created_at,asc,0,6,7.975,50,168
f3_v0_idx2,v0,agent,termo_nome_2ch,created_at,asc,500,1,7.81,0,
f3_v0_idx2,v0,agent,termo_nome_2ch,created_at,asc,500,2,8.004,0,
f3_v0_idx2,v0,agent,termo_nome_2ch,created_at,asc,500,3,7.159,0,
f3_v0_idx2,v0,agent,termo_nome_2ch,created_at,asc,500,4,7.818,0,
f3_v0_idx2,v0,agent,termo_nome_2ch,created_at,asc,500,5,7.845,0,
f3_v0_idx2,v0,agent,termo_nome_2ch,created_at,asc,500,6,8.1,0,
f3_v0_idx2,v0,agent,termo_nome_2ch,created_at,desc,0,1,7.53,50,168
f3_v0_idx2,v0,agent,termo_nome_2ch,created_at,desc,0,2,7.67,50,168
f3_v0_idx2,v0,agent,termo_nome_2ch,created_at,desc,0,3,6.976,50,168
f3_v0_idx2,v0,agent,termo_nome_2ch,created_at,desc,0,4,7.883,50,168
f3_v0_idx2,v0,agent,termo_nome_2ch,created_at,desc,0,5,7.274,50,168
f3_v0_idx2,v0,agent,termo_nome_2ch,created_at,desc,0,6,7.47,50,168
f3_v0_idx2,v0,agent,termo_nome_2ch,created_at,desc,500,1,7.263,0,
f3_v0_idx2,v0,agent,termo_nome_2ch,created_at,desc,500,2,6.955,0,
f3_v0_idx2,v0,agent,termo_nome_2ch,created_at,desc,500,3,7.311,0,
f3_v0_idx2,v0,agent,termo_nome_2ch,created_at,desc,500,4,7.455,0,
f3_v0_idx2,v0,agent,termo_nome_2ch,created_at,desc,500,5,7.21,0,
f3_v0_idx2,v0,agent,termo_nome_2ch,created_at,desc,500,6,7.084,0,
f3_v0_idx2,v0,agent,termo_nome_2ch,company,asc,0,1,6.691,50,168
f3_v0_idx2,v0,agent,termo_nome_2ch,company,asc,0,2,6.817,50,168
f3_v0_idx2,v0,agent,termo_nome_2ch,company,asc,0,3,7.036,50,168
f3_v0_idx2,v0,agent,termo_nome_2ch,company,asc,0,4,7.795,50,168
f3_v0_idx2,v0,agent,termo_nome_2ch,company,asc,0,5,7.264,50,168
f3_v0_idx2,v0,agent,termo_nome_2ch,company,asc,0,6,6.894,50,168
f3_v0_idx2,v0,agent,termo_nome_2ch,company,asc,500,1,8.064,0,
f3_v0_idx2,v0,agent,termo_nome_2ch,company,asc,500,2,6.814,0,
f3_v0_idx2,v0,agent,termo_nome_2ch,company,asc,500,3,8.573,0,
f3_v0_idx2,v0,agent,termo_nome_2ch,company,asc,500,4,7.472,0,
f3_v0_idx2,v0,agent,termo_nome_2ch,company,asc,500,5,7.509,0,
f3_v0_idx2,v0,agent,termo_nome_2ch,company,asc,500,6,7.445,0,
f3_v0_idx2,v0,agent,termo_nome_2ch,company,desc,0,1,7.22,50,168
f3_v0_idx2,v0,agent,termo_nome_2ch,company,desc,0,2,7.934,50,168
f3_v0_idx2,v0,agent,termo_nome_2ch,company,desc,0,3,7.357,50,168
f3_v0_idx2,v0,agent,termo_nome_2ch,company,desc,0,4,7.905,50,168
f3_v0_idx2,v0,agent,termo_nome_2ch,company,desc,0,5,7.586,50,168
f3_v0_idx2,v0,agent,termo_nome_2ch,company,desc,0,6,8.309,50,168
f3_v0_idx2,v0,agent,termo_nome_2ch,company,desc,500,1,7.461,0,
f3_v0_idx2,v0,agent,termo_nome_2ch,company,desc,500,2,7.621,0,
f3_v0_idx2,v0,agent,termo_nome_2ch,company,desc,500,3,7.57,0,
f3_v0_idx2,v0,agent,termo_nome_2ch,company,desc,500,4,7.719,0,
f3_v0_idx2,v0,agent,termo_nome_2ch,company,desc,500,5,7.53,0,
f3_v0_idx2,v0,agent,termo_nome_2ch,company,desc,500,6,7.537,0,
f3_v0_idx2,v0,agent,termo_nome_3ch,name,asc,0,1,7.267,50,127
f3_v0_idx2,v0,agent,termo_nome_3ch,name,asc,0,2,6.678,50,127
f3_v0_idx2,v0,agent,termo_nome_3ch,name,asc,0,3,6.892,50,127
f3_v0_idx2,v0,agent,termo_nome_3ch,name,asc,0,4,6.548,50,127
f3_v0_idx2,v0,agent,termo_nome_3ch,name,asc,0,5,6.384,50,127
f3_v0_idx2,v0,agent,termo_nome_3ch,name,asc,0,6,6.852,50,127
f3_v0_idx2,v0,agent,termo_nome_3ch,name,asc,500,1,6.554,0,
f3_v0_idx2,v0,agent,termo_nome_3ch,name,asc,500,2,6.469,0,
f3_v0_idx2,v0,agent,termo_nome_3ch,name,asc,500,3,6.788,0,
f3_v0_idx2,v0,agent,termo_nome_3ch,name,asc,500,4,6.482,0,
f3_v0_idx2,v0,agent,termo_nome_3ch,name,asc,500,5,6.762,0,
f3_v0_idx2,v0,agent,termo_nome_3ch,name,asc,500,6,6.678,0,
f3_v0_idx2,v0,agent,termo_nome_3ch,name,desc,0,1,6.655,50,127
f3_v0_idx2,v0,agent,termo_nome_3ch,name,desc,0,2,7.01,50,127
f3_v0_idx2,v0,agent,termo_nome_3ch,name,desc,0,3,6.983,50,127
f3_v0_idx2,v0,agent,termo_nome_3ch,name,desc,0,4,6.874,50,127
f3_v0_idx2,v0,agent,termo_nome_3ch,name,desc,0,5,6.834,50,127
f3_v0_idx2,v0,agent,termo_nome_3ch,name,desc,0,6,6.713,50,127
f3_v0_idx2,v0,agent,termo_nome_3ch,name,desc,500,1,7.743,0,
f3_v0_idx2,v0,agent,termo_nome_3ch,name,desc,500,2,7.072,0,
f3_v0_idx2,v0,agent,termo_nome_3ch,name,desc,500,3,6.802,0,
f3_v0_idx2,v0,agent,termo_nome_3ch,name,desc,500,4,7.404,0,
f3_v0_idx2,v0,agent,termo_nome_3ch,name,desc,500,5,6.542,0,
f3_v0_idx2,v0,agent,termo_nome_3ch,name,desc,500,6,7.44,0,
f3_v0_idx2,v0,agent,termo_nome_3ch,created_at,asc,0,1,7.088,50,127
f3_v0_idx2,v0,agent,termo_nome_3ch,created_at,asc,0,2,7.078,50,127
f3_v0_idx2,v0,agent,termo_nome_3ch,created_at,asc,0,3,7.47,50,127
f3_v0_idx2,v0,agent,termo_nome_3ch,created_at,asc,0,4,6.919,50,127
f3_v0_idx2,v0,agent,termo_nome_3ch,created_at,asc,0,5,7.211,50,127
f3_v0_idx2,v0,agent,termo_nome_3ch,created_at,asc,0,6,6.485,50,127
f3_v0_idx2,v0,agent,termo_nome_3ch,created_at,asc,500,1,6.747,0,
f3_v0_idx2,v0,agent,termo_nome_3ch,created_at,asc,500,2,7.618,0,
f3_v0_idx2,v0,agent,termo_nome_3ch,created_at,asc,500,3,7.419,0,
f3_v0_idx2,v0,agent,termo_nome_3ch,created_at,asc,500,4,7.27,0,
f3_v0_idx2,v0,agent,termo_nome_3ch,created_at,asc,500,5,7.477,0,
f3_v0_idx2,v0,agent,termo_nome_3ch,created_at,asc,500,6,7.211,0,
f3_v0_idx2,v0,agent,termo_nome_3ch,created_at,desc,0,1,6.834,50,127
f3_v0_idx2,v0,agent,termo_nome_3ch,created_at,desc,0,2,6.833,50,127
f3_v0_idx2,v0,agent,termo_nome_3ch,created_at,desc,0,3,7.349,50,127
f3_v0_idx2,v0,agent,termo_nome_3ch,created_at,desc,0,4,7.023,50,127
f3_v0_idx2,v0,agent,termo_nome_3ch,created_at,desc,0,5,7.065,50,127
f3_v0_idx2,v0,agent,termo_nome_3ch,created_at,desc,0,6,7.23,50,127
f3_v0_idx2,v0,agent,termo_nome_3ch,created_at,desc,500,1,7.675,0,
f3_v0_idx2,v0,agent,termo_nome_3ch,created_at,desc,500,2,7.634,0,
f3_v0_idx2,v0,agent,termo_nome_3ch,created_at,desc,500,3,7.657,0,
f3_v0_idx2,v0,agent,termo_nome_3ch,created_at,desc,500,4,8.246,0,
f3_v0_idx2,v0,agent,termo_nome_3ch,created_at,desc,500,5,8.072,0,
f3_v0_idx2,v0,agent,termo_nome_3ch,created_at,desc,500,6,7.975,0,
f3_v0_idx2,v0,agent,termo_nome_3ch,company,asc,0,1,7.061,50,127
f3_v0_idx2,v0,agent,termo_nome_3ch,company,asc,0,2,7.708,50,127
f3_v0_idx2,v0,agent,termo_nome_3ch,company,asc,0,3,7.382,50,127
f3_v0_idx2,v0,agent,termo_nome_3ch,company,asc,0,4,7.755,50,127
f3_v0_idx2,v0,agent,termo_nome_3ch,company,asc,0,5,6.84,50,127
f3_v0_idx2,v0,agent,termo_nome_3ch,company,asc,0,6,7.432,50,127
f3_v0_idx2,v0,agent,termo_nome_3ch,company,asc,500,1,7.341,0,
f3_v0_idx2,v0,agent,termo_nome_3ch,company,asc,500,2,7.109,0,
f3_v0_idx2,v0,agent,termo_nome_3ch,company,asc,500,3,7.749,0,
f3_v0_idx2,v0,agent,termo_nome_3ch,company,asc,500,4,7.545,0,
f3_v0_idx2,v0,agent,termo_nome_3ch,company,asc,500,5,8.001,0,
f3_v0_idx2,v0,agent,termo_nome_3ch,company,asc,500,6,7.479,0,
f3_v0_idx2,v0,agent,termo_nome_3ch,company,desc,0,1,8.325,50,127
f3_v0_idx2,v0,agent,termo_nome_3ch,company,desc,0,2,8.084,50,127
f3_v0_idx2,v0,agent,termo_nome_3ch,company,desc,0,3,8.285,50,127
f3_v0_idx2,v0,agent,termo_nome_3ch,company,desc,0,4,7.747,50,127
f3_v0_idx2,v0,agent,termo_nome_3ch,company,desc,0,5,8.058,50,127
f3_v0_idx2,v0,agent,termo_nome_3ch,company,desc,0,6,7.797,50,127
f3_v0_idx2,v0,agent,termo_nome_3ch,company,desc,500,1,6.943,0,
f3_v0_idx2,v0,agent,termo_nome_3ch,company,desc,500,2,7.646,0,
f3_v0_idx2,v0,agent,termo_nome_3ch,company,desc,500,3,7.11,0,
f3_v0_idx2,v0,agent,termo_nome_3ch,company,desc,500,4,7.547,0,
f3_v0_idx2,v0,agent,termo_nome_3ch,company,desc,500,5,7.617,0,
f3_v0_idx2,v0,agent,termo_nome_3ch,company,desc,500,6,7.843,0,
f3_v0_idx2,v0,agent,termo_telefone,name,asc,0,1,0.996,0,
f3_v0_idx2,v0,agent,termo_telefone,name,asc,0,2,0.84,0,
f3_v0_idx2,v0,agent,termo_telefone,name,asc,0,3,1.057,0,
f3_v0_idx2,v0,agent,termo_telefone,name,asc,0,4,0.958,0,
f3_v0_idx2,v0,agent,termo_telefone,name,asc,0,5,1.006,0,
f3_v0_idx2,v0,agent,termo_telefone,name,asc,0,6,0.863,0,
f3_v0_idx2,v0,agent,termo_telefone,name,asc,500,1,0.91,0,
f3_v0_idx2,v0,agent,termo_telefone,name,asc,500,2,0.866,0,
f3_v0_idx2,v0,agent,termo_telefone,name,asc,500,3,0.945,0,
f3_v0_idx2,v0,agent,termo_telefone,name,asc,500,4,0.808,0,
f3_v0_idx2,v0,agent,termo_telefone,name,asc,500,5,0.787,0,
f3_v0_idx2,v0,agent,termo_telefone,name,asc,500,6,0.753,0,
f3_v0_idx2,v0,agent,termo_telefone,name,desc,0,1,0.849,0,
f3_v0_idx2,v0,agent,termo_telefone,name,desc,0,2,0.8,0,
f3_v0_idx2,v0,agent,termo_telefone,name,desc,0,3,0.855,0,
f3_v0_idx2,v0,agent,termo_telefone,name,desc,0,4,0.842,0,
f3_v0_idx2,v0,agent,termo_telefone,name,desc,0,5,0.861,0,
f3_v0_idx2,v0,agent,termo_telefone,name,desc,0,6,0.819,0,
f3_v0_idx2,v0,agent,termo_telefone,name,desc,500,1,0.902,0,
f3_v0_idx2,v0,agent,termo_telefone,name,desc,500,2,0.84,0,
f3_v0_idx2,v0,agent,termo_telefone,name,desc,500,3,0.805,0,
f3_v0_idx2,v0,agent,termo_telefone,name,desc,500,4,0.829,0,
f3_v0_idx2,v0,agent,termo_telefone,name,desc,500,5,0.834,0,
f3_v0_idx2,v0,agent,termo_telefone,name,desc,500,6,0.754,0,
f3_v0_idx2,v0,agent,termo_telefone,created_at,asc,0,1,0.812,0,
f3_v0_idx2,v0,agent,termo_telefone,created_at,asc,0,2,0.806,0,
f3_v0_idx2,v0,agent,termo_telefone,created_at,asc,0,3,0.706,0,
f3_v0_idx2,v0,agent,termo_telefone,created_at,asc,0,4,0.673,0,
f3_v0_idx2,v0,agent,termo_telefone,created_at,asc,0,5,0.723,0,
f3_v0_idx2,v0,agent,termo_telefone,created_at,asc,0,6,1.061,0,
f3_v0_idx2,v0,agent,termo_telefone,created_at,asc,500,1,0.745,0,
f3_v0_idx2,v0,agent,termo_telefone,created_at,asc,500,2,0.982,0,
f3_v0_idx2,v0,agent,termo_telefone,created_at,asc,500,3,0.963,0,
f3_v0_idx2,v0,agent,termo_telefone,created_at,asc,500,4,0.897,0,
f3_v0_idx2,v0,agent,termo_telefone,created_at,asc,500,5,0.883,0,
f3_v0_idx2,v0,agent,termo_telefone,created_at,asc,500,6,0.774,0,
f3_v0_idx2,v0,agent,termo_telefone,created_at,desc,0,1,0.754,0,
f3_v0_idx2,v0,agent,termo_telefone,created_at,desc,0,2,0.673,0,
f3_v0_idx2,v0,agent,termo_telefone,created_at,desc,0,3,0.651,0,
f3_v0_idx2,v0,agent,termo_telefone,created_at,desc,0,4,0.736,0,
f3_v0_idx2,v0,agent,termo_telefone,created_at,desc,0,5,0.729,0,
f3_v0_idx2,v0,agent,termo_telefone,created_at,desc,0,6,0.682,0,
f3_v0_idx2,v0,agent,termo_telefone,created_at,desc,500,1,0.728,0,
f3_v0_idx2,v0,agent,termo_telefone,created_at,desc,500,2,0.813,0,
f3_v0_idx2,v0,agent,termo_telefone,created_at,desc,500,3,0.788,0,
f3_v0_idx2,v0,agent,termo_telefone,created_at,desc,500,4,0.801,0,
f3_v0_idx2,v0,agent,termo_telefone,created_at,desc,500,5,0.744,0,
f3_v0_idx2,v0,agent,termo_telefone,created_at,desc,500,6,1.005,0,
f3_v0_idx2,v0,agent,termo_telefone,company,asc,0,1,0.848,0,
f3_v0_idx2,v0,agent,termo_telefone,company,asc,0,2,0.924,0,
f3_v0_idx2,v0,agent,termo_telefone,company,asc,0,3,0.853,0,
f3_v0_idx2,v0,agent,termo_telefone,company,asc,0,4,0.768,0,
f3_v0_idx2,v0,agent,termo_telefone,company,asc,0,5,0.743,0,
f3_v0_idx2,v0,agent,termo_telefone,company,asc,0,6,0.706,0,
f3_v0_idx2,v0,agent,termo_telefone,company,asc,500,1,0.75,0,
f3_v0_idx2,v0,agent,termo_telefone,company,asc,500,2,0.728,0,
f3_v0_idx2,v0,agent,termo_telefone,company,asc,500,3,0.747,0,
f3_v0_idx2,v0,agent,termo_telefone,company,asc,500,4,0.851,0,
f3_v0_idx2,v0,agent,termo_telefone,company,asc,500,5,0.817,0,
f3_v0_idx2,v0,agent,termo_telefone,company,asc,500,6,0.712,0,
f3_v0_idx2,v0,agent,termo_telefone,company,desc,0,1,0.895,0,
f3_v0_idx2,v0,agent,termo_telefone,company,desc,0,2,0.999,0,
f3_v0_idx2,v0,agent,termo_telefone,company,desc,0,3,1.232,0,
f3_v0_idx2,v0,agent,termo_telefone,company,desc,0,4,0.906,0,
f3_v0_idx2,v0,agent,termo_telefone,company,desc,0,5,0.847,0,
f3_v0_idx2,v0,agent,termo_telefone,company,desc,0,6,0.829,0,
f3_v0_idx2,v0,agent,termo_telefone,company,desc,500,1,0.847,0,
f3_v0_idx2,v0,agent,termo_telefone,company,desc,500,2,0.871,0,
f3_v0_idx2,v0,agent,termo_telefone,company,desc,500,3,0.788,0,
f3_v0_idx2,v0,agent,termo_telefone,company,desc,500,4,0.783,0,
f3_v0_idx2,v0,agent,termo_telefone,company,desc,500,5,0.725,0,
f3_v0_idx2,v0,agent,termo_telefone,company,desc,500,6,0.809,0,
f3_v0_idx2,v0,agent,empresa_igual,name,asc,0,1,2.538,50,88
f3_v0_idx2,v0,agent,empresa_igual,name,asc,0,2,2.395,50,88
f3_v0_idx2,v0,agent,empresa_igual,name,asc,0,3,2.321,50,88
f3_v0_idx2,v0,agent,empresa_igual,name,asc,0,4,2.373,50,88
f3_v0_idx2,v0,agent,empresa_igual,name,asc,0,5,2.117,50,88
f3_v0_idx2,v0,agent,empresa_igual,name,asc,0,6,2.102,50,88
f3_v0_idx2,v0,agent,empresa_igual,name,asc,500,1,2.36,0,
f3_v0_idx2,v0,agent,empresa_igual,name,asc,500,2,2.049,0,
f3_v0_idx2,v0,agent,empresa_igual,name,asc,500,3,2.357,0,
f3_v0_idx2,v0,agent,empresa_igual,name,asc,500,4,2.171,0,
f3_v0_idx2,v0,agent,empresa_igual,name,asc,500,5,2.324,0,
f3_v0_idx2,v0,agent,empresa_igual,name,asc,500,6,2.323,0,
f3_v0_idx2,v0,agent,empresa_igual,name,desc,0,1,2.33,50,88
f3_v0_idx2,v0,agent,empresa_igual,name,desc,0,2,1.98,50,88
f3_v0_idx2,v0,agent,empresa_igual,name,desc,0,3,1.99,50,88
f3_v0_idx2,v0,agent,empresa_igual,name,desc,0,4,2.07,50,88
f3_v0_idx2,v0,agent,empresa_igual,name,desc,0,5,2.336,50,88
f3_v0_idx2,v0,agent,empresa_igual,name,desc,0,6,2.825,50,88
f3_v0_idx2,v0,agent,empresa_igual,name,desc,500,1,2.458,0,
f3_v0_idx2,v0,agent,empresa_igual,name,desc,500,2,1.958,0,
f3_v0_idx2,v0,agent,empresa_igual,name,desc,500,3,2.057,0,
f3_v0_idx2,v0,agent,empresa_igual,name,desc,500,4,2.132,0,
f3_v0_idx2,v0,agent,empresa_igual,name,desc,500,5,2.354,0,
f3_v0_idx2,v0,agent,empresa_igual,name,desc,500,6,2.078,0,
f3_v0_idx2,v0,agent,empresa_igual,created_at,asc,0,1,2.152,50,88
f3_v0_idx2,v0,agent,empresa_igual,created_at,asc,0,2,2.11,50,88
f3_v0_idx2,v0,agent,empresa_igual,created_at,asc,0,3,2.116,50,88
f3_v0_idx2,v0,agent,empresa_igual,created_at,asc,0,4,2.16,50,88
f3_v0_idx2,v0,agent,empresa_igual,created_at,asc,0,5,2.384,50,88
f3_v0_idx2,v0,agent,empresa_igual,created_at,asc,0,6,2.31,50,88
f3_v0_idx2,v0,agent,empresa_igual,created_at,asc,500,1,2.272,0,
f3_v0_idx2,v0,agent,empresa_igual,created_at,asc,500,2,2.22,0,
f3_v0_idx2,v0,agent,empresa_igual,created_at,asc,500,3,2.31,0,
f3_v0_idx2,v0,agent,empresa_igual,created_at,asc,500,4,2.203,0,
f3_v0_idx2,v0,agent,empresa_igual,created_at,asc,500,5,2.552,0,
f3_v0_idx2,v0,agent,empresa_igual,created_at,asc,500,6,10.197,0,
f3_v0_idx2,v0,agent,empresa_igual,created_at,desc,0,1,2.796,50,88
f3_v0_idx2,v0,agent,empresa_igual,created_at,desc,0,2,2.801,50,88
f3_v0_idx2,v0,agent,empresa_igual,created_at,desc,0,3,4.639,50,88
f3_v0_idx2,v0,agent,empresa_igual,created_at,desc,0,4,3.496,50,88
f3_v0_idx2,v0,agent,empresa_igual,created_at,desc,0,5,2.872,50,88
f3_v0_idx2,v0,agent,empresa_igual,created_at,desc,0,6,2.883,50,88
f3_v0_idx2,v0,agent,empresa_igual,created_at,desc,500,1,4.166,0,
f3_v0_idx2,v0,agent,empresa_igual,created_at,desc,500,2,3.539,0,
f3_v0_idx2,v0,agent,empresa_igual,created_at,desc,500,3,2.788,0,
f3_v0_idx2,v0,agent,empresa_igual,created_at,desc,500,4,2.596,0,
f3_v0_idx2,v0,agent,empresa_igual,created_at,desc,500,5,2.894,0,
f3_v0_idx2,v0,agent,empresa_igual,created_at,desc,500,6,2.634,0,
f3_v0_idx2,v0,agent,empresa_igual,company,asc,0,1,3.272,50,88
f3_v0_idx2,v0,agent,empresa_igual,company,asc,0,2,3.156,50,88
f3_v0_idx2,v0,agent,empresa_igual,company,asc,0,3,2.968,50,88
f3_v0_idx2,v0,agent,empresa_igual,company,asc,0,4,3.019,50,88
f3_v0_idx2,v0,agent,empresa_igual,company,asc,0,5,2.817,50,88
f3_v0_idx2,v0,agent,empresa_igual,company,asc,0,6,2.598,50,88
f3_v0_idx2,v0,agent,empresa_igual,company,asc,500,1,2.859,0,
f3_v0_idx2,v0,agent,empresa_igual,company,asc,500,2,2.697,0,
f3_v0_idx2,v0,agent,empresa_igual,company,asc,500,3,2.664,0,
f3_v0_idx2,v0,agent,empresa_igual,company,asc,500,4,2.629,0,
f3_v0_idx2,v0,agent,empresa_igual,company,asc,500,5,2.439,0,
f3_v0_idx2,v0,agent,empresa_igual,company,asc,500,6,2.54,0,
f3_v0_idx2,v0,agent,empresa_igual,company,desc,0,1,2.61,50,88
f3_v0_idx2,v0,agent,empresa_igual,company,desc,0,2,2.331,50,88
f3_v0_idx2,v0,agent,empresa_igual,company,desc,0,3,2.161,50,88
f3_v0_idx2,v0,agent,empresa_igual,company,desc,0,4,2.319,50,88
f3_v0_idx2,v0,agent,empresa_igual,company,desc,0,5,2.217,50,88
f3_v0_idx2,v0,agent,empresa_igual,company,desc,0,6,2.293,50,88
f3_v0_idx2,v0,agent,empresa_igual,company,desc,500,1,2.206,0,
f3_v0_idx2,v0,agent,empresa_igual,company,desc,500,2,2.168,0,
f3_v0_idx2,v0,agent,empresa_igual,company,desc,500,3,2.075,0,
f3_v0_idx2,v0,agent,empresa_igual,company,desc,500,4,1.962,0,
f3_v0_idx2,v0,agent,empresa_igual,company,desc,500,5,2.299,0,
f3_v0_idx2,v0,agent,empresa_igual,company,desc,500,6,2.214,0,
f3_v0_idx2,v0,agent,cargo_igual,name,asc,0,1,1.278,48,48
f3_v0_idx2,v0,agent,cargo_igual,name,asc,0,2,1.174,48,48
f3_v0_idx2,v0,agent,cargo_igual,name,asc,0,3,1.083,48,48
f3_v0_idx2,v0,agent,cargo_igual,name,asc,0,4,1.117,48,48
f3_v0_idx2,v0,agent,cargo_igual,name,asc,0,5,1.137,48,48
f3_v0_idx2,v0,agent,cargo_igual,name,asc,0,6,1.077,48,48
f3_v0_idx2,v0,agent,cargo_igual,name,asc,500,5,1.11,0,
f3_v0_idx2,v0,agent,cargo_igual,name,asc,500,1,1.288,0,
f3_v0_idx2,v0,agent,cargo_igual,name,asc,500,2,1.16,0,
f3_v0_idx2,v0,agent,cargo_igual,name,asc,500,3,1.369,0,
f3_v0_idx2,v0,agent,cargo_igual,name,asc,500,4,1.234,0,
f3_v0_idx2,v0,agent,cargo_igual,name,asc,500,6,1.221,0,
f3_v0_idx2,v0,agent,cargo_igual,name,desc,0,1,1.341,48,48
f3_v0_idx2,v0,agent,cargo_igual,name,desc,0,2,1.187,48,48
f3_v0_idx2,v0,agent,cargo_igual,name,desc,0,3,1.181,48,48
f3_v0_idx2,v0,agent,cargo_igual,name,desc,0,4,1.512,48,48
f3_v0_idx2,v0,agent,cargo_igual,name,desc,0,5,1.517,48,48
f3_v0_idx2,v0,agent,cargo_igual,name,desc,0,6,1.424,48,48
f3_v0_idx2,v0,agent,cargo_igual,name,desc,500,1,1.56,0,
f3_v0_idx2,v0,agent,cargo_igual,name,desc,500,2,1.392,0,
f3_v0_idx2,v0,agent,cargo_igual,name,desc,500,3,1.193,0,
f3_v0_idx2,v0,agent,cargo_igual,name,desc,500,4,1.225,0,
f3_v0_idx2,v0,agent,cargo_igual,name,desc,500,5,1.151,0,
f3_v0_idx2,v0,agent,cargo_igual,name,desc,500,6,1.092,0,
f3_v0_idx2,v0,agent,cargo_igual,created_at,asc,0,1,1.423,48,48
f3_v0_idx2,v0,agent,cargo_igual,created_at,asc,0,2,1.388,48,48
f3_v0_idx2,v0,agent,cargo_igual,created_at,asc,0,3,1.794,48,48
f3_v0_idx2,v0,agent,cargo_igual,created_at,asc,0,4,1.394,48,48
f3_v0_idx2,v0,agent,cargo_igual,created_at,asc,0,5,1.404,48,48
f3_v0_idx2,v0,agent,cargo_igual,created_at,asc,0,6,1.197,48,48
f3_v0_idx2,v0,agent,cargo_igual,created_at,asc,500,1,1.187,0,
f3_v0_idx2,v0,agent,cargo_igual,created_at,asc,500,2,1.028,0,
f3_v0_idx2,v0,agent,cargo_igual,created_at,asc,500,3,1.148,0,
f3_v0_idx2,v0,agent,cargo_igual,created_at,asc,500,4,1.06,0,
f3_v0_idx2,v0,agent,cargo_igual,created_at,asc,500,5,1.122,0,
f3_v0_idx2,v0,agent,cargo_igual,created_at,asc,500,6,1.164,0,
f3_v0_idx2,v0,agent,cargo_igual,created_at,desc,0,1,1.425,48,48
f3_v0_idx2,v0,agent,cargo_igual,created_at,desc,0,2,1.179,48,48
f3_v0_idx2,v0,agent,cargo_igual,created_at,desc,0,3,1.075,48,48
f3_v0_idx2,v0,agent,cargo_igual,created_at,desc,0,4,1.24,48,48
f3_v0_idx2,v0,agent,cargo_igual,created_at,desc,0,5,1.216,48,48
f3_v0_idx2,v0,agent,cargo_igual,created_at,desc,0,6,1.083,48,48
f3_v0_idx2,v0,agent,cargo_igual,created_at,desc,500,1,1.098,0,
f3_v0_idx2,v0,agent,cargo_igual,created_at,desc,500,2,1.195,0,
f3_v0_idx2,v0,agent,cargo_igual,created_at,desc,500,3,1.217,0,
f3_v0_idx2,v0,agent,cargo_igual,created_at,desc,500,4,1.434,0,
f3_v0_idx2,v0,agent,cargo_igual,created_at,desc,500,5,2.259,0,
f3_v0_idx2,v0,agent,cargo_igual,created_at,desc,500,6,2.715,0,
f3_v0_idx2,v0,agent,cargo_igual,company,asc,0,1,2.021,48,48
f3_v0_idx2,v0,agent,cargo_igual,company,asc,0,2,1.684,48,48
f3_v0_idx2,v0,agent,cargo_igual,company,asc,0,3,1.939,48,48
f3_v0_idx2,v0,agent,cargo_igual,company,asc,0,4,2.014,48,48
f3_v0_idx2,v0,agent,cargo_igual,company,asc,0,5,1.436,48,48
f3_v0_idx2,v0,agent,cargo_igual,company,asc,0,6,1.701,48,48
f3_v0_idx2,v0,agent,cargo_igual,company,asc,500,1,1.327,0,
f3_v0_idx2,v0,agent,cargo_igual,company,asc,500,2,1.321,0,
f3_v0_idx2,v0,agent,cargo_igual,company,asc,500,3,1.284,0,
f3_v0_idx2,v0,agent,cargo_igual,company,asc,500,4,1.529,0,
f3_v0_idx2,v0,agent,cargo_igual,company,asc,500,5,1.359,0,
f3_v0_idx2,v0,agent,cargo_igual,company,asc,500,6,1.422,0,
f3_v0_idx2,v0,agent,cargo_igual,company,desc,0,1,1.33,48,48
f3_v0_idx2,v0,agent,cargo_igual,company,desc,0,2,1.261,48,48
f3_v0_idx2,v0,agent,cargo_igual,company,desc,0,3,1.248,48,48
f3_v0_idx2,v0,agent,cargo_igual,company,desc,0,4,1.121,48,48
f3_v0_idx2,v0,agent,cargo_igual,company,desc,0,5,1.244,48,48
f3_v0_idx2,v0,agent,cargo_igual,company,desc,0,6,1.189,48,48
f3_v0_idx2,v0,agent,cargo_igual,company,desc,500,1,1.188,0,
f3_v0_idx2,v0,agent,cargo_igual,company,desc,500,2,1.228,0,
f3_v0_idx2,v0,agent,cargo_igual,company,desc,500,3,1.754,0,
f3_v0_idx2,v0,agent,cargo_igual,company,desc,500,4,1.417,0,
f3_v0_idx2,v0,agent,cargo_igual,company,desc,500,5,1.413,0,
f3_v0_idx2,v0,agent,cargo_igual,company,desc,500,6,1.348,0,
f3_v0_idx2,v0,agent,__overhead_wrapper__,-,-,-1,0,0.228,0,0
f3_v0_idx2,v0,agent,sem_filtro,name,asc,0,1,17.433,50,861
f3_v0_idx2,v0,agent,sem_filtro,name,asc,0,2,17.179,50,861
f3_v0_idx2,v0,agent,sem_filtro,name,asc,0,3,16.403,50,861
f3_v0_idx2,v0,agent,sem_filtro,name,asc,0,4,16.462,50,861
f3_v0_idx2,v0,agent,sem_filtro,name,asc,0,5,16.835,50,861
f3_v0_idx2,v0,agent,sem_filtro,name,asc,0,6,15.923,50,861
f3_v0_idx2,v0,agent,sem_filtro,name,asc,500,1,16.788,50,861
f3_v0_idx2,v0,agent,sem_filtro,name,asc,500,2,16.905,50,861
f3_v0_idx2,v0,agent,sem_filtro,name,asc,500,3,17.16,50,861
f3_v0_idx2,v0,agent,sem_filtro,name,asc,500,4,18.133,50,861
f3_v0_idx2,v0,agent,sem_filtro,name,asc,500,5,18.335,50,861
f3_v0_idx2,v0,agent,sem_filtro,name,asc,500,6,17.475,50,861
f3_v0_idx2,v0,agent,sem_filtro,name,desc,0,1,17.17,50,861
f3_v0_idx2,v0,agent,sem_filtro,name,desc,0,2,16.456,50,861
f3_v0_idx2,v0,agent,sem_filtro,name,desc,0,3,16.283,50,861
f3_v0_idx2,v0,agent,sem_filtro,name,desc,0,4,16.319,50,861
f3_v0_idx2,v0,agent,sem_filtro,name,desc,0,5,16.662,50,861
f3_v0_idx2,v0,agent,sem_filtro,name,desc,0,6,17.015,50,861
f3_v0_idx2,v0,agent,sem_filtro,name,desc,500,1,17.444,50,861
f3_v0_idx2,v0,agent,sem_filtro,name,desc,500,2,17.3,50,861
f3_v0_idx2,v0,agent,sem_filtro,name,desc,500,3,17.011,50,861
f3_v0_idx2,v0,agent,sem_filtro,name,desc,500,4,17.046,50,861
f3_v0_idx2,v0,agent,sem_filtro,name,desc,500,5,16.602,50,861
f3_v0_idx2,v0,agent,sem_filtro,name,desc,500,6,16.419,50,861
f3_v0_idx2,v0,agent,sem_filtro,created_at,asc,0,1,16.247,50,861
f3_v0_idx2,v0,agent,sem_filtro,created_at,asc,0,2,16.418,50,861
f3_v0_idx2,v0,agent,sem_filtro,created_at,asc,0,3,16.989,50,861
f3_v0_idx2,v0,agent,sem_filtro,created_at,asc,0,4,16.849,50,861
f3_v0_idx2,v0,agent,sem_filtro,created_at,asc,0,5,16.63,50,861
f3_v0_idx2,v0,agent,sem_filtro,created_at,asc,0,6,16.035,50,861
f3_v0_idx2,v0,agent,sem_filtro,created_at,asc,500,1,15.563,50,861
f3_v0_idx2,v0,agent,sem_filtro,created_at,asc,500,2,15.704,50,861
f3_v0_idx2,v0,agent,sem_filtro,created_at,asc,500,3,15.799,50,861
f3_v0_idx2,v0,agent,sem_filtro,created_at,asc,500,4,15.796,50,861
f3_v0_idx2,v0,agent,sem_filtro,created_at,asc,500,5,15.889,50,861
f3_v0_idx2,v0,agent,sem_filtro,created_at,asc,500,6,19.346,50,861
f3_v0_idx2,v0,agent,sem_filtro,created_at,desc,0,1,17.009,50,861
f3_v0_idx2,v0,agent,sem_filtro,created_at,desc,0,2,16.634,50,861
f3_v0_idx2,v0,agent,sem_filtro,created_at,desc,0,3,16.35,50,861
f3_v0_idx2,v0,agent,sem_filtro,created_at,desc,0,4,16.68,50,861
f3_v0_idx2,v0,agent,sem_filtro,created_at,desc,0,5,16.597,50,861
f3_v0_idx2,v0,agent,sem_filtro,created_at,desc,0,6,15.698,50,861
f3_v0_idx2,v0,agent,sem_filtro,created_at,desc,500,1,16.121,50,861
f3_v0_idx2,v0,agent,sem_filtro,created_at,desc,500,2,16.656,50,861
f3_v0_idx2,v0,agent,sem_filtro,created_at,desc,500,3,16.541,50,861
f3_v0_idx2,v0,agent,sem_filtro,created_at,desc,500,4,16.511,50,861
f3_v0_idx2,v0,agent,sem_filtro,created_at,desc,500,5,16.085,50,861
f3_v0_idx2,v0,agent,sem_filtro,created_at,desc,500,6,15.667,50,861
f3_v0_idx2,v0,agent,sem_filtro,company,asc,0,1,16.701,50,861
f3_v0_idx2,v0,agent,sem_filtro,company,asc,0,2,16.682,50,861
f3_v0_idx2,v0,agent,sem_filtro,company,asc,0,3,17.044,50,861
f3_v0_idx2,v0,agent,sem_filtro,company,asc,0,4,16.743,50,861
f3_v0_idx2,v0,agent,sem_filtro,company,asc,0,5,16.627,50,861
f3_v0_idx2,v0,agent,sem_filtro,company,asc,0,6,16.473,50,861
f3_v0_idx2,v0,agent,sem_filtro,company,asc,500,1,16.527,50,861
f3_v0_idx2,v0,agent,sem_filtro,company,asc,500,2,16.826,50,861
f3_v0_idx2,v0,agent,sem_filtro,company,asc,500,3,16.693,50,861
f3_v0_idx2,v0,agent,sem_filtro,company,asc,500,4,16.737,50,861
f3_v0_idx2,v0,agent,sem_filtro,company,asc,500,5,17.403,50,861
f3_v0_idx2,v0,agent,sem_filtro,company,asc,500,6,17.097,50,861
f3_v0_idx2,v0,agent,sem_filtro,company,desc,0,1,16.736,50,861
f3_v0_idx2,v0,agent,sem_filtro,company,desc,0,2,17.136,50,861
f3_v0_idx2,v0,agent,sem_filtro,company,desc,0,3,16.43,50,861
f3_v0_idx2,v0,agent,sem_filtro,company,desc,0,4,16.061,50,861
f3_v0_idx2,v0,agent,sem_filtro,company,desc,0,5,15.53,50,861
f3_v0_idx2,v0,agent,sem_filtro,company,desc,0,6,15.842,50,861
f3_v0_idx2,v0,agent,sem_filtro,company,desc,500,1,16.999,50,861
f3_v0_idx2,v0,agent,sem_filtro,company,desc,500,2,17.388,50,861
f3_v0_idx2,v0,agent,sem_filtro,company,desc,500,3,17.85,50,861
f3_v0_idx2,v0,agent,sem_filtro,company,desc,500,4,16.695,50,861
f3_v0_idx2,v0,agent,sem_filtro,company,desc,500,5,16.686,50,861
f3_v0_idx2,v0,agent,sem_filtro,company,desc,500,6,16.91,50,861
f3_v0_idx2,v0,agent,termo_nome_5ch,name,asc,0,1,6.293,50,109
f3_v0_idx2,v0,agent,termo_nome_5ch,name,asc,0,2,6.122,50,109
f3_v0_idx2,v0,agent,termo_nome_5ch,name,asc,0,3,6.245,50,109
f3_v0_idx2,v0,agent,termo_nome_5ch,name,asc,0,4,5.832,50,109
f3_v0_idx2,v0,agent,termo_nome_5ch,name,asc,0,5,5.873,50,109
f3_v0_idx2,v0,agent,termo_nome_5ch,name,asc,0,6,6.285,50,109
f3_v0_idx2,v0,agent,termo_nome_5ch,name,asc,500,1,6.022,0,
f3_v0_idx2,v0,agent,termo_nome_5ch,name,asc,500,2,6.399,0,
f3_v0_idx2,v0,agent,termo_nome_5ch,name,asc,500,3,6.778,0,
f3_v0_idx2,v0,agent,termo_nome_5ch,name,asc,500,4,6.209,0,
f3_v0_idx2,v0,agent,termo_nome_5ch,name,asc,500,5,7.321,0,
f3_v0_idx2,v0,agent,termo_nome_5ch,name,asc,500,6,5.884,0,
f3_v0_idx2,v0,agent,termo_nome_5ch,name,desc,0,1,6.128,50,109
f3_v0_idx2,v0,agent,termo_nome_5ch,name,desc,0,2,6.932,50,109
f3_v0_idx2,v0,agent,termo_nome_5ch,name,desc,0,3,6.685,50,109
f3_v0_idx2,v0,agent,termo_nome_5ch,name,desc,0,4,6.384,50,109
f3_v0_idx2,v0,agent,termo_nome_5ch,name,desc,0,5,6.768,50,109
f3_v0_idx2,v0,agent,termo_nome_5ch,name,desc,0,6,6.478,50,109
f3_v0_idx2,v0,agent,termo_nome_5ch,name,desc,500,1,5.986,0,
f3_v0_idx2,v0,agent,termo_nome_5ch,name,desc,500,2,6.652,0,
f3_v0_idx2,v0,agent,termo_nome_5ch,name,desc,500,3,6.663,0,
f3_v0_idx2,v0,agent,termo_nome_5ch,name,desc,500,4,7.371,0,
f3_v0_idx2,v0,agent,termo_nome_5ch,name,desc,500,5,6.803,0,
f3_v0_idx2,v0,agent,termo_nome_5ch,name,desc,500,6,9.01,0,
f3_v0_idx2,v0,agent,termo_nome_5ch,created_at,asc,0,1,7.118,50,109
f3_v0_idx2,v0,agent,termo_nome_5ch,created_at,asc,0,2,6.605,50,109
f3_v0_idx2,v0,agent,termo_nome_5ch,created_at,asc,0,3,7.631,50,109
f3_v0_idx2,v0,agent,termo_nome_5ch,created_at,asc,0,4,6.662,50,109
f3_v0_idx2,v0,agent,termo_nome_5ch,created_at,asc,0,5,6.909,50,109
f3_v0_idx2,v0,agent,termo_nome_5ch,created_at,asc,0,6,6.869,50,109
f3_v0_idx2,v0,agent,termo_nome_5ch,created_at,asc,500,1,6.483,0,
f3_v0_idx2,v0,agent,termo_nome_5ch,created_at,asc,500,2,6.612,0,
f3_v0_idx2,v0,agent,termo_nome_5ch,created_at,asc,500,3,6.589,0,
f3_v0_idx2,v0,agent,termo_nome_5ch,created_at,asc,500,4,7.259,0,
f3_v0_idx2,v0,agent,termo_nome_5ch,created_at,asc,500,5,7.113,0,
f3_v0_idx2,v0,agent,termo_nome_5ch,created_at,asc,500,6,6.427,0,
f3_v0_idx2,v0,agent,termo_nome_5ch,created_at,desc,0,1,6.869,50,109
f3_v0_idx2,v0,agent,termo_nome_5ch,created_at,desc,0,2,8.077,50,109
f3_v0_idx2,v0,agent,termo_nome_5ch,created_at,desc,0,3,6.718,50,109
f3_v0_idx2,v0,agent,termo_nome_5ch,created_at,desc,0,4,7.165,50,109
f3_v0_idx2,v0,agent,termo_nome_5ch,created_at,desc,0,5,6.434,50,109
f3_v0_idx2,v0,agent,termo_nome_5ch,created_at,desc,0,6,7.099,50,109
f3_v0_idx2,v0,agent,termo_nome_5ch,created_at,desc,500,1,6.518,0,
f3_v0_idx2,v0,agent,termo_nome_5ch,created_at,desc,500,2,6.02,0,
f3_v0_idx2,v0,agent,termo_nome_5ch,created_at,desc,500,3,6.77,0,
f3_v0_idx2,v0,agent,termo_nome_5ch,created_at,desc,500,4,6.877,0,
f3_v0_idx2,v0,agent,termo_nome_5ch,created_at,desc,500,5,6.809,0,
f3_v0_idx2,v0,agent,termo_nome_5ch,created_at,desc,500,6,7.009,0,
f3_v0_idx2,v0,agent,termo_nome_5ch,company,asc,0,1,6.388,50,109
f3_v0_idx2,v0,agent,termo_nome_5ch,company,asc,0,2,6.264,50,109
f3_v0_idx2,v0,agent,termo_nome_5ch,company,asc,0,3,6.698,50,109
f3_v0_idx2,v0,agent,termo_nome_5ch,company,asc,0,4,5.82,50,109
f3_v0_idx2,v0,agent,termo_nome_5ch,company,asc,0,5,6.675,50,109
f3_v0_idx2,v0,agent,termo_nome_5ch,company,asc,0,6,6.209,50,109
f3_v0_idx2,v0,agent,termo_nome_5ch,company,asc,500,1,6.66,0,
f3_v0_idx2,v0,agent,termo_nome_5ch,company,asc,500,2,6.429,0,
f3_v0_idx2,v0,agent,termo_nome_5ch,company,asc,500,3,6.619,0,
f3_v0_idx2,v0,agent,termo_nome_5ch,company,asc,500,4,5.944,0,
f3_v0_idx2,v0,agent,termo_nome_5ch,company,asc,500,5,6.15,0,
f3_v0_idx2,v0,agent,termo_nome_5ch,company,asc,500,6,6.264,0,
f3_v0_idx2,v0,agent,termo_nome_5ch,company,desc,0,1,6.242,50,109
f3_v0_idx2,v0,agent,termo_nome_5ch,company,desc,0,2,7.189,50,109
f3_v0_idx2,v0,agent,termo_nome_5ch,company,desc,0,3,6.475,50,109
f3_v0_idx2,v0,agent,termo_nome_5ch,company,desc,0,4,6.339,50,109
f3_v0_idx2,v0,agent,termo_nome_5ch,company,desc,0,5,6.584,50,109
f3_v0_idx2,v0,agent,termo_nome_5ch,company,desc,0,6,6.107,50,109
f3_v0_idx2,v0,agent,termo_nome_5ch,company,desc,500,1,6.6,0,
f3_v0_idx2,v0,agent,termo_nome_5ch,company,desc,500,2,6.655,0,
f3_v0_idx2,v0,agent,termo_nome_5ch,company,desc,500,3,6.031,0,
f3_v0_idx2,v0,agent,termo_nome_5ch,company,desc,500,4,6.463,0,
f3_v0_idx2,v0,agent,termo_nome_5ch,company,desc,500,5,6.145,0,
f3_v0_idx2,v0,agent,termo_nome_5ch,company,desc,500,6,6.016,0,
f3_v0_idx2,v0,agent,termo_empresa,name,asc,0,1,3.74,50,88
f3_v0_idx2,v0,agent,termo_empresa,name,asc,0,2,4.283,50,88
f3_v0_idx2,v0,agent,termo_empresa,name,asc,0,3,4.271,50,88
f3_v0_idx2,v0,agent,termo_empresa,name,asc,0,4,3.663,50,88
f3_v0_idx2,v0,agent,termo_empresa,name,asc,0,5,3.236,50,88
f3_v0_idx2,v0,agent,termo_empresa,name,asc,0,6,3.151,50,88
f3_v0_idx2,v0,agent,termo_empresa,name,asc,500,1,3.25,0,
f3_v0_idx2,v0,agent,termo_empresa,name,asc,500,2,3.187,0,
f3_v0_idx2,v0,agent,termo_empresa,name,asc,500,3,3.196,0,
f3_v0_idx2,v0,agent,termo_empresa,name,asc,500,4,3.198,0,
f3_v0_idx2,v0,agent,termo_empresa,name,asc,500,5,3.765,0,
f3_v0_idx2,v0,agent,termo_empresa,name,asc,500,6,3.448,0,
f3_v0_idx2,v0,agent,termo_empresa,name,desc,0,1,3.375,50,88
f3_v0_idx2,v0,agent,termo_empresa,name,desc,0,2,3.768,50,88
f3_v0_idx2,v0,agent,termo_empresa,name,desc,0,3,3.736,50,88
f3_v0_idx2,v0,agent,termo_empresa,name,desc,0,4,3.878,50,88
f3_v0_idx2,v0,agent,termo_empresa,name,desc,0,5,4.107,50,88
f3_v0_idx2,v0,agent,termo_empresa,name,desc,0,6,4.244,50,88
f3_v0_idx2,v0,agent,termo_empresa,name,desc,500,1,3.45,0,
f3_v0_idx2,v0,agent,termo_empresa,name,desc,500,2,3.563,0,
f3_v0_idx2,v0,agent,termo_empresa,name,desc,500,3,3.657,0,
f3_v0_idx2,v0,agent,termo_empresa,name,desc,500,4,3.484,0,
f3_v0_idx2,v0,agent,termo_empresa,name,desc,500,5,3.634,0,
f3_v0_idx2,v0,agent,termo_empresa,name,desc,500,6,3.603,0,
f3_v0_idx2,v0,agent,termo_empresa,created_at,asc,0,1,3.195,50,88
f3_v0_idx2,v0,agent,termo_empresa,created_at,asc,0,2,3.269,50,88
f3_v0_idx2,v0,agent,termo_empresa,created_at,asc,0,3,3.666,50,88
f3_v0_idx2,v0,agent,termo_empresa,created_at,asc,0,4,3.308,50,88
f3_v0_idx2,v0,agent,termo_empresa,created_at,asc,0,5,3.481,50,88
f3_v0_idx2,v0,agent,termo_empresa,created_at,asc,0,6,3.449,50,88
f3_v0_idx2,v0,agent,termo_empresa,created_at,asc,500,1,3.64,0,
f3_v0_idx2,v0,agent,termo_empresa,created_at,asc,500,2,3.289,0,
f3_v0_idx2,v0,agent,termo_empresa,created_at,asc,500,3,3.336,0,
f3_v0_idx2,v0,agent,termo_empresa,created_at,asc,500,4,3.291,0,
f3_v0_idx2,v0,agent,termo_empresa,created_at,asc,500,5,3.85,0,
f3_v0_idx2,v0,agent,termo_empresa,created_at,asc,500,6,4.645,0,
f3_v0_idx2,v0,agent,termo_empresa,created_at,desc,0,1,3.86,50,88
f3_v0_idx2,v0,agent,termo_empresa,created_at,desc,0,2,3.91,50,88
f3_v0_idx2,v0,agent,termo_empresa,created_at,desc,0,3,3.448,50,88
f3_v0_idx2,v0,agent,termo_empresa,created_at,desc,0,4,3.672,50,88
f3_v0_idx2,v0,agent,termo_empresa,created_at,desc,0,5,3.827,50,88
f3_v0_idx2,v0,agent,termo_empresa,created_at,desc,0,6,3.834,50,88
f3_v0_idx2,v0,agent,termo_empresa,created_at,desc,500,1,3.432,0,
f3_v0_idx2,v0,agent,termo_empresa,created_at,desc,500,2,3.578,0,
f3_v0_idx2,v0,agent,termo_empresa,created_at,desc,500,3,3.608,0,
f3_v0_idx2,v0,agent,termo_empresa,created_at,desc,500,4,3.306,0,
f3_v0_idx2,v0,agent,termo_empresa,created_at,desc,500,5,3.12,0,
f3_v0_idx2,v0,agent,termo_empresa,created_at,desc,500,6,3.442,0,
f3_v0_idx2,v0,agent,termo_empresa,company,asc,0,1,3.359,50,88
f3_v0_idx2,v0,agent,termo_empresa,company,asc,0,2,3.19,50,88
f3_v0_idx2,v0,agent,termo_empresa,company,asc,0,3,3.224,50,88
f3_v0_idx2,v0,agent,termo_empresa,company,asc,0,4,4.101,50,88
f3_v0_idx2,v0,agent,termo_empresa,company,asc,0,5,3.633,50,88
f3_v0_idx2,v0,agent,termo_empresa,company,asc,0,6,3.537,50,88
f3_v0_idx2,v0,agent,termo_empresa,company,asc,500,1,3.685,0,
f3_v0_idx2,v0,agent,termo_empresa,company,asc,500,2,3.94,0,
f3_v0_idx2,v0,agent,termo_empresa,company,asc,500,3,3.667,0,
f3_v0_idx2,v0,agent,termo_empresa,company,asc,500,4,3.746,0,
f3_v0_idx2,v0,agent,termo_empresa,company,asc,500,5,3.675,0,
f3_v0_idx2,v0,agent,termo_empresa,company,asc,500,6,3.48,0,
f3_v0_idx2,v0,agent,termo_empresa,company,desc,0,1,3.337,50,88
f3_v0_idx2,v0,agent,termo_empresa,company,desc,0,2,3.42,50,88
f3_v0_idx2,v0,agent,termo_empresa,company,desc,0,3,3.283,50,88
f3_v0_idx2,v0,agent,termo_empresa,company,desc,0,4,3.295,50,88
f3_v0_idx2,v0,agent,termo_empresa,company,desc,0,5,3.164,50,88
f3_v0_idx2,v0,agent,termo_empresa,company,desc,0,6,3.488,50,88
f3_v0_idx2,v0,agent,termo_empresa,company,desc,500,1,4.404,0,
f3_v0_idx2,v0,agent,termo_empresa,company,desc,500,2,3.813,0,
f3_v0_idx2,v0,agent,termo_empresa,company,desc,500,3,3.969,0,
f3_v0_idx2,v0,agent,termo_empresa,company,desc,500,4,3.426,0,
f3_v0_idx2,v0,agent,termo_empresa,company,desc,500,5,3.277,0,
f3_v0_idx2,v0,agent,termo_empresa,company,desc,500,6,3.173,0,
f3_v0_idx2,v0,agent,filtro_tipo,name,asc,0,1,3.639,50,158
f3_v0_idx2,v0,agent,filtro_tipo,name,asc,0,2,3.996,50,158
f3_v0_idx2,v0,agent,filtro_tipo,name,asc,0,3,4.256,50,158
f3_v0_idx2,v0,agent,filtro_tipo,name,asc,0,4,4.359,50,158
f3_v0_idx2,v0,agent,filtro_tipo,name,asc,0,5,3.878,50,158
f3_v0_idx2,v0,agent,filtro_tipo,name,asc,0,6,3.867,50,158
f3_v0_idx2,v0,agent,filtro_tipo,name,asc,500,1,3.791,0,
f3_v0_idx2,v0,agent,filtro_tipo,name,asc,500,2,3.669,0,
f3_v0_idx2,v0,agent,filtro_tipo,name,asc,500,3,3.808,0,
f3_v0_idx2,v0,agent,filtro_tipo,name,asc,500,4,4.204,0,
f3_v0_idx2,v0,agent,filtro_tipo,name,asc,500,5,3.874,0,
f3_v0_idx2,v0,agent,filtro_tipo,name,asc,500,6,3.587,0,
f3_v0_idx2,v0,agent,filtro_tipo,name,desc,0,1,3.96,50,158
f3_v0_idx2,v0,agent,filtro_tipo,name,desc,0,2,3.665,50,158
f3_v0_idx2,v0,agent,filtro_tipo,name,desc,0,3,3.41,50,158
f3_v0_idx2,v0,agent,filtro_tipo,name,desc,0,4,4.46,50,158
f3_v0_idx2,v0,agent,filtro_tipo,name,desc,0,5,3.796,50,158
f3_v0_idx2,v0,agent,filtro_tipo,name,desc,0,6,3.812,50,158
f3_v0_idx2,v0,agent,filtro_tipo,name,desc,500,1,4.008,0,
f3_v0_idx2,v0,agent,filtro_tipo,name,desc,500,2,4.071,0,
f3_v0_idx2,v0,agent,filtro_tipo,name,desc,500,3,3.669,0,
f3_v0_idx2,v0,agent,filtro_tipo,name,desc,500,4,3.755,0,
f3_v0_idx2,v0,agent,filtro_tipo,name,desc,500,5,3.865,0,
f3_v0_idx2,v0,agent,filtro_tipo,name,desc,500,6,3.811,0,
f3_v0_idx2,v0,agent,filtro_tipo,created_at,asc,0,1,3.703,50,158
f3_v0_idx2,v0,agent,filtro_tipo,created_at,asc,0,2,4.37,50,158
f3_v0_idx2,v0,agent,filtro_tipo,created_at,asc,0,3,3.578,50,158
f3_v0_idx2,v0,agent,filtro_tipo,created_at,asc,0,4,3.574,50,158
f3_v0_idx2,v0,agent,filtro_tipo,created_at,asc,0,5,3.665,50,158
f3_v0_idx2,v0,agent,filtro_tipo,created_at,asc,0,6,3.685,50,158
f3_v0_idx2,v0,agent,filtro_tipo,created_at,asc,500,1,3.511,0,
f3_v0_idx2,v0,agent,filtro_tipo,created_at,asc,500,2,3.582,0,
f3_v0_idx2,v0,agent,filtro_tipo,created_at,asc,500,3,3.504,0,
f3_v0_idx2,v0,agent,filtro_tipo,created_at,asc,500,4,3.361,0,
f3_v0_idx2,v0,agent,filtro_tipo,created_at,asc,500,5,3.455,0,
f3_v0_idx2,v0,agent,filtro_tipo,created_at,asc,500,6,3.308,0,
f3_v0_idx2,v0,agent,filtro_tipo,created_at,desc,0,1,3.45,50,158
f3_v0_idx2,v0,agent,filtro_tipo,created_at,desc,0,2,3.388,50,158
f3_v0_idx2,v0,agent,filtro_tipo,created_at,desc,0,3,3.528,50,158
f3_v0_idx2,v0,agent,filtro_tipo,created_at,desc,0,4,3.539,50,158
f3_v0_idx2,v0,agent,filtro_tipo,created_at,desc,0,5,3.563,50,158
f3_v0_idx2,v0,agent,filtro_tipo,created_at,desc,0,6,3.491,50,158
f3_v0_idx2,v0,agent,filtro_tipo,created_at,desc,500,1,3.911,0,
f3_v0_idx2,v0,agent,filtro_tipo,created_at,desc,500,2,3.726,0,
f3_v0_idx2,v0,agent,filtro_tipo,created_at,desc,500,3,3.642,0,
f3_v0_idx2,v0,agent,filtro_tipo,created_at,desc,500,4,3.818,0,
f3_v0_idx2,v0,agent,filtro_tipo,created_at,desc,500,5,3.842,0,
f3_v0_idx2,v0,agent,filtro_tipo,created_at,desc,500,6,3.696,0,
f3_v0_idx2,v0,agent,filtro_tipo,company,asc,0,1,3.923,50,158
f3_v0_idx2,v0,agent,filtro_tipo,company,asc,0,2,3.852,50,158
f3_v0_idx2,v0,agent,filtro_tipo,company,asc,0,3,3.576,50,158
f3_v0_idx2,v0,agent,filtro_tipo,company,asc,0,4,3.52,50,158
f3_v0_idx2,v0,agent,filtro_tipo,company,asc,0,5,4.272,50,158
f3_v0_idx2,v0,agent,filtro_tipo,company,asc,0,6,3.961,50,158
f3_v0_idx2,v0,agent,filtro_tipo,company,asc,500,1,4.126,0,
f3_v0_idx2,v0,agent,filtro_tipo,company,asc,500,2,3.868,0,
f3_v0_idx2,v0,agent,filtro_tipo,company,asc,500,3,3.834,0,
f3_v0_idx2,v0,agent,filtro_tipo,company,asc,500,4,3.928,0,
f3_v0_idx2,v0,agent,filtro_tipo,company,asc,500,5,3.987,0,
f3_v0_idx2,v0,agent,filtro_tipo,company,asc,500,6,4.494,0,
f3_v0_idx2,v0,agent,filtro_tipo,company,desc,0,1,4.108,50,158
f3_v0_idx2,v0,agent,filtro_tipo,company,desc,0,2,4.521,50,158
f3_v0_idx2,v0,agent,filtro_tipo,company,desc,0,3,4.142,50,158
f3_v0_idx2,v0,agent,filtro_tipo,company,desc,0,4,3.991,50,158
f3_v0_idx2,v0,agent,filtro_tipo,company,desc,0,5,3.908,50,158
f3_v0_idx2,v0,agent,filtro_tipo,company,desc,0,6,4.125,50,158
f3_v0_idx2,v0,agent,filtro_tipo,company,desc,500,1,3.924,0,
f3_v0_idx2,v0,agent,filtro_tipo,company,desc,500,2,4.128,0,
f3_v0_idx2,v0,agent,filtro_tipo,company,desc,500,3,3.894,0,
f3_v0_idx2,v0,agent,filtro_tipo,company,desc,500,4,4.281,0,
f3_v0_idx2,v0,agent,filtro_tipo,company,desc,500,5,4.213,0,
f3_v0_idx2,v0,agent,filtro_tipo,company,desc,500,6,4.42,0,
f3_v0_idx2,v0,agent,filtro_tag,name,asc,0,1,2.488,50,71
f3_v0_idx2,v0,agent,filtro_tag,name,asc,0,2,2.559,50,71
f3_v0_idx2,v0,agent,filtro_tag,name,asc,0,3,2.712,50,71
f3_v0_idx2,v0,agent,filtro_tag,name,asc,0,4,2.6,50,71
f3_v0_idx2,v0,agent,filtro_tag,name,asc,0,5,2.451,50,71
f3_v0_idx2,v0,agent,filtro_tag,name,asc,0,6,2.173,50,71
f3_v0_idx2,v0,agent,filtro_tag,name,asc,500,1,2.478,0,
f3_v0_idx2,v0,agent,filtro_tag,name,asc,500,2,3.674,0,
f3_v0_idx2,v0,agent,filtro_tag,name,asc,500,3,2.732,0,
f3_v0_idx2,v0,agent,filtro_tag,name,asc,500,4,2.491,0,
f3_v0_idx2,v0,agent,filtro_tag,name,asc,500,5,2.537,0,
f3_v0_idx2,v0,agent,filtro_tag,name,asc,500,6,2.424,0,
f3_v0_idx2,v0,agent,filtro_tag,name,desc,0,1,2.767,50,71
f3_v0_idx2,v0,agent,filtro_tag,name,desc,0,2,2.448,50,71
f3_v0_idx2,v0,agent,filtro_tag,name,desc,0,3,2.383,50,71
f3_v0_idx2,v0,agent,filtro_tag,name,desc,0,4,2.353,50,71
f3_v0_idx2,v0,agent,filtro_tag,name,desc,0,5,2.46,50,71
f3_v0_idx2,v0,agent,filtro_tag,name,desc,0,6,3.069,50,71
f3_v0_idx2,v0,agent,filtro_tag,name,desc,500,1,2.313,0,
f3_v0_idx2,v0,agent,filtro_tag,name,desc,500,2,2.398,0,
f3_v0_idx2,v0,agent,filtro_tag,name,desc,500,3,2.527,0,
f3_v0_idx2,v0,agent,filtro_tag,name,desc,500,4,3.326,0,
f3_v0_idx2,v0,agent,filtro_tag,name,desc,500,5,2.785,0,
f3_v0_idx2,v0,agent,filtro_tag,name,desc,500,6,2.433,0,
f3_v0_idx2,v0,agent,filtro_tag,created_at,asc,0,1,2.54,50,71
f3_v0_idx2,v0,agent,filtro_tag,created_at,asc,0,2,2.762,50,71
f3_v0_idx2,v0,agent,filtro_tag,created_at,asc,0,3,2.816,50,71
f3_v0_idx2,v0,agent,filtro_tag,created_at,asc,0,4,2.775,50,71
f3_v0_idx2,v0,agent,filtro_tag,created_at,asc,0,5,2.445,50,71
f3_v0_idx2,v0,agent,filtro_tag,created_at,asc,0,6,2.575,50,71
f3_v0_idx2,v0,agent,filtro_tag,created_at,asc,500,1,2.938,0,
f3_v0_idx2,v0,agent,filtro_tag,created_at,asc,500,2,2.563,0,
f3_v0_idx2,v0,agent,filtro_tag,created_at,asc,500,3,2.313,0,
f3_v0_idx2,v0,agent,filtro_tag,created_at,asc,500,4,3.255,0,
f3_v0_idx2,v0,agent,filtro_tag,created_at,asc,500,5,2.903,0,
f3_v0_idx2,v0,agent,filtro_tag,created_at,asc,500,6,3.824,0,
f3_v0_idx2,v0,agent,filtro_tag,created_at,desc,0,1,2.811,50,71
f3_v0_idx2,v0,agent,filtro_tag,created_at,desc,0,2,3.714,50,71
f3_v0_idx2,v0,agent,filtro_tag,created_at,desc,0,3,3.968,50,71
f3_v0_idx2,v0,agent,filtro_tag,created_at,desc,0,4,3.094,50,71
f3_v0_idx2,v0,agent,filtro_tag,created_at,desc,0,5,2.886,50,71
f3_v0_idx2,v0,agent,filtro_tag,created_at,desc,0,6,2.642,50,71
f3_v0_idx2,v0,agent,filtro_tag,created_at,desc,500,1,4.111,0,
f3_v0_idx2,v0,agent,filtro_tag,created_at,desc,500,2,2.612,0,
f3_v0_idx2,v0,agent,filtro_tag,created_at,desc,500,3,2.492,0,
f3_v0_idx2,v0,agent,filtro_tag,created_at,desc,500,4,2.429,0,
f3_v0_idx2,v0,agent,filtro_tag,created_at,desc,500,5,2.497,0,
f3_v0_idx2,v0,agent,filtro_tag,created_at,desc,500,6,4.046,0,
f3_v0_idx2,v0,agent,filtro_tag,company,asc,0,1,2.702,50,71
f3_v0_idx2,v0,agent,filtro_tag,company,asc,0,2,3.581,50,71
f3_v0_idx2,v0,agent,filtro_tag,company,asc,0,3,3.063,50,71
f3_v0_idx2,v0,agent,filtro_tag,company,asc,0,4,3.144,50,71
f3_v0_idx2,v0,agent,filtro_tag,company,asc,0,5,2.917,50,71
f3_v0_idx2,v0,agent,filtro_tag,company,asc,0,6,2.767,50,71
f3_v0_idx2,v0,agent,filtro_tag,company,asc,500,1,2.957,0,
f3_v0_idx2,v0,agent,filtro_tag,company,asc,500,2,3.461,0,
f3_v0_idx2,v0,agent,filtro_tag,company,asc,500,3,3.442,0,
f3_v0_idx2,v0,agent,filtro_tag,company,asc,500,4,3.114,0,
f3_v0_idx2,v0,agent,filtro_tag,company,asc,500,5,2.855,0,
f3_v0_idx2,v0,agent,filtro_tag,company,asc,500,6,2.978,0,
f3_v0_idx2,v0,agent,filtro_tag,company,desc,0,1,3.326,50,71
f3_v0_idx2,v0,agent,filtro_tag,company,desc,0,2,3.333,50,71
f3_v0_idx2,v0,agent,filtro_tag,company,desc,0,3,3.667,50,71
f3_v0_idx2,v0,agent,filtro_tag,company,desc,0,4,3.383,50,71
f3_v0_idx2,v0,agent,filtro_tag,company,desc,0,5,3.409,50,71
f3_v0_idx2,v0,agent,filtro_tag,company,desc,0,6,3.447,50,71
f3_v0_idx2,v0,agent,filtro_tag,company,desc,500,1,3.784,0,
f3_v0_idx2,v0,agent,filtro_tag,company,desc,500,2,3.217,0,
f3_v0_idx2,v0,agent,filtro_tag,company,desc,500,3,3.401,0,
f3_v0_idx2,v0,agent,filtro_tag,company,desc,500,4,3.426,0,
f3_v0_idx2,v0,agent,filtro_tag,company,desc,500,5,3.193,0,
f3_v0_idx2,v0,agent,filtro_tag,company,desc,500,6,3.301,0,
f3_v0_idx2,v0,agent,intervalo_data,name,asc,0,1,5.417,50,207
f3_v0_idx2,v0,agent,intervalo_data,name,asc,0,2,5.688,50,207
f3_v0_idx2,v0,agent,intervalo_data,name,asc,0,3,6.578,50,207
f3_v0_idx2,v0,agent,intervalo_data,name,asc,0,4,5.366,50,207
f3_v0_idx2,v0,agent,intervalo_data,name,asc,0,5,5.391,50,207
f3_v0_idx2,v0,agent,intervalo_data,name,asc,0,6,5.899,50,207
f3_v0_idx2,v0,agent,intervalo_data,name,asc,500,1,6.11,0,
f3_v0_idx2,v0,agent,intervalo_data,name,asc,500,2,5.241,0,
f3_v0_idx2,v0,agent,intervalo_data,name,asc,500,3,5.479,0,
f3_v0_idx2,v0,agent,intervalo_data,name,asc,500,4,5.736,0,
f3_v0_idx2,v0,agent,intervalo_data,name,asc,500,5,5.808,0,
f3_v0_idx2,v0,agent,intervalo_data,name,asc,500,6,6.055,0,
f3_v0_idx2,v0,agent,intervalo_data,name,desc,0,1,5.742,50,207
f3_v0_idx2,v0,agent,intervalo_data,name,desc,0,2,5.471,50,207
f3_v0_idx2,v0,agent,intervalo_data,name,desc,0,3,5.421,50,207
f3_v0_idx2,v0,agent,intervalo_data,name,desc,0,4,5.274,50,207
f3_v0_idx2,v0,agent,intervalo_data,name,desc,0,5,6.006,50,207
f3_v0_idx2,v0,agent,intervalo_data,name,desc,0,6,5.037,50,207
f3_v0_idx2,v0,agent,intervalo_data,name,desc,500,1,5.102,0,
f3_v0_idx2,v0,agent,intervalo_data,name,desc,500,2,5.065,0,
f3_v0_idx2,v0,agent,intervalo_data,name,desc,500,3,5.404,0,
f3_v0_idx2,v0,agent,intervalo_data,name,desc,500,4,4.976,0,
f3_v0_idx2,v0,agent,intervalo_data,name,desc,500,5,4.837,0,
f3_v0_idx2,v0,agent,intervalo_data,name,desc,500,6,5.562,0,
f3_v0_idx2,v0,agent,intervalo_data,created_at,asc,0,1,4.828,50,207
f3_v0_idx2,v0,agent,intervalo_data,created_at,asc,0,2,4.798,50,207
f3_v0_idx2,v0,agent,intervalo_data,created_at,asc,0,3,4.95,50,207
f3_v0_idx2,v0,agent,intervalo_data,created_at,asc,0,4,4.871,50,207
f3_v0_idx2,v0,agent,intervalo_data,created_at,asc,0,5,4.734,50,207
f3_v0_idx2,v0,agent,intervalo_data,created_at,asc,0,6,4.837,50,207
f3_v0_idx2,v0,agent,intervalo_data,created_at,asc,500,1,4.473,0,
f3_v0_idx2,v0,agent,intervalo_data,created_at,asc,500,2,4.878,0,
f3_v0_idx2,v0,agent,intervalo_data,created_at,asc,500,3,4.906,0,
f3_v0_idx2,v0,agent,intervalo_data,created_at,asc,500,4,4.654,0,
f3_v0_idx2,v0,agent,intervalo_data,created_at,asc,500,5,4.053,0,
f3_v0_idx2,v0,agent,intervalo_data,created_at,asc,500,6,5.247,0,
f3_v0_idx2,v0,agent,intervalo_data,created_at,desc,0,1,4.435,50,207
f3_v0_idx2,v0,agent,intervalo_data,created_at,desc,0,2,5.449,50,207
f3_v0_idx2,v0,agent,intervalo_data,created_at,desc,0,3,4.955,50,207
f3_v0_idx2,v0,agent,intervalo_data,created_at,desc,0,4,4.769,50,207
f3_v0_idx2,v0,agent,intervalo_data,created_at,desc,0,5,5.15,50,207
f3_v0_idx2,v0,agent,intervalo_data,created_at,desc,0,6,4.643,50,207
f3_v0_idx2,v0,agent,intervalo_data,created_at,desc,500,1,4.873,0,
f3_v0_idx2,v0,agent,intervalo_data,created_at,desc,500,2,4.644,0,
f3_v0_idx2,v0,agent,intervalo_data,created_at,desc,500,3,4.639,0,
f3_v0_idx2,v0,agent,intervalo_data,created_at,desc,500,4,5.443,0,
f3_v0_idx2,v0,agent,intervalo_data,created_at,desc,500,5,5.25,0,
f3_v0_idx2,v0,agent,intervalo_data,created_at,desc,500,6,4.937,0,
f3_v0_idx2,v0,agent,intervalo_data,company,asc,0,1,5.124,50,207
f3_v0_idx2,v0,agent,intervalo_data,company,asc,0,2,4.821,50,207
f3_v0_idx2,v0,agent,intervalo_data,company,asc,0,3,6.324,50,207
f3_v0_idx2,v0,agent,intervalo_data,company,asc,0,4,5.032,50,207
f3_v0_idx2,v0,agent,intervalo_data,company,asc,0,5,4.923,50,207
f3_v0_idx2,v0,agent,intervalo_data,company,asc,0,6,5.164,50,207
f3_v0_idx2,v0,agent,intervalo_data,company,asc,500,1,5.295,0,
f3_v0_idx2,v0,agent,intervalo_data,company,asc,500,2,4.89,0,
f3_v0_idx2,v0,agent,intervalo_data,company,asc,500,3,5.756,0,
f3_v0_idx2,v0,agent,intervalo_data,company,asc,500,4,5.297,0,
f3_v0_idx2,v0,agent,intervalo_data,company,asc,500,5,5.178,0,
f3_v0_idx2,v0,agent,intervalo_data,company,asc,500,6,5.243,0,
f3_v0_idx2,v0,agent,intervalo_data,company,desc,0,1,5.05,50,207
f3_v0_idx2,v0,agent,intervalo_data,company,desc,0,2,9.247,50,207
f3_v0_idx2,v0,agent,intervalo_data,company,desc,0,3,5.525,50,207
f3_v0_idx2,v0,agent,intervalo_data,company,desc,0,4,5.587,50,207
f3_v0_idx2,v0,agent,intervalo_data,company,desc,0,5,5.628,50,207
f3_v0_idx2,v0,agent,intervalo_data,company,desc,0,6,5.827,50,207
f3_v0_idx2,v0,agent,intervalo_data,company,desc,500,1,5.296,0,
f3_v0_idx2,v0,agent,intervalo_data,company,desc,500,2,8.812,0,
f3_v0_idx2,v0,agent,intervalo_data,company,desc,500,3,5.905,0,
f3_v0_idx2,v0,agent,intervalo_data,company,desc,500,4,5.916,0,
f3_v0_idx2,v0,agent,intervalo_data,company,desc,500,5,5.383,0,
f3_v0_idx2,v0,agent,intervalo_data,company,desc,500,6,5.18,0,
f3_v0_idx2,v0,agent,combinado,name,asc,0,1,1.191,1,1
f3_v0_idx2,v0,agent,combinado,name,asc,0,2,0.805,1,1
f3_v0_idx2,v0,agent,combinado,name,asc,0,3,0.801,1,1
f3_v0_idx2,v0,agent,combinado,name,asc,0,4,0.894,1,1
f3_v0_idx2,v0,agent,combinado,name,asc,0,5,0.885,1,1
f3_v0_idx2,v0,agent,combinado,name,asc,0,6,0.886,1,1
f3_v0_idx2,v0,agent,combinado,name,asc,500,1,1.162,0,
f3_v0_idx2,v0,agent,combinado,name,asc,500,2,1.093,0,
f3_v0_idx2,v0,agent,combinado,name,asc,500,3,1.677,0,
f3_v0_idx2,v0,agent,combinado,name,asc,500,4,1.771,0,
f3_v0_idx2,v0,agent,combinado,name,asc,500,5,1.081,0,
f3_v0_idx2,v0,agent,combinado,name,asc,500,6,1.096,0,
f3_v0_idx2,v0,agent,combinado,name,desc,0,1,0.86,1,1
f3_v0_idx2,v0,agent,combinado,name,desc,0,2,0.766,1,1
f3_v0_idx2,v0,agent,combinado,name,desc,0,3,0.913,1,1
f3_v0_idx2,v0,agent,combinado,name,desc,0,4,0.814,1,1
f3_v0_idx2,v0,agent,combinado,name,desc,0,5,0.923,1,1
f3_v0_idx2,v0,agent,combinado,name,desc,0,6,0.883,1,1
f3_v0_idx2,v0,agent,combinado,name,desc,500,1,1.252,0,
f3_v0_idx2,v0,agent,combinado,name,desc,500,2,2.146,0,
f3_v0_idx2,v0,agent,combinado,name,desc,500,3,1.031,0,
f3_v0_idx2,v0,agent,combinado,name,desc,500,4,1.038,0,
f3_v0_idx2,v0,agent,combinado,name,desc,500,5,0.956,0,
f3_v0_idx2,v0,agent,combinado,name,desc,500,6,0.883,0,
f3_v0_idx2,v0,agent,combinado,created_at,asc,0,1,0.856,1,1
f3_v0_idx2,v0,agent,combinado,created_at,asc,0,2,0.881,1,1
f3_v0_idx2,v0,agent,combinado,created_at,asc,0,3,0.833,1,1
f3_v0_idx2,v0,agent,combinado,created_at,asc,0,4,0.934,1,1
f3_v0_idx2,v0,agent,combinado,created_at,asc,0,5,0.845,1,1
f3_v0_idx2,v0,agent,combinado,created_at,asc,0,6,0.878,1,1
f3_v0_idx2,v0,agent,combinado,created_at,asc,500,1,1.112,0,
f3_v0_idx2,v0,agent,combinado,created_at,asc,500,2,0.935,0,
f3_v0_idx2,v0,agent,combinado,created_at,asc,500,3,0.998,0,
f3_v0_idx2,v0,agent,combinado,created_at,asc,500,4,0.895,0,
f3_v0_idx2,v0,agent,combinado,created_at,asc,500,5,1.146,0,
f3_v0_idx2,v0,agent,combinado,created_at,asc,500,6,0.91,0,
f3_v0_idx2,v0,agent,combinado,created_at,desc,0,1,0.88,1,1
f3_v0_idx2,v0,agent,combinado,created_at,desc,0,2,0.828,1,1
f3_v0_idx2,v0,agent,combinado,created_at,desc,0,3,0.837,1,1
f3_v0_idx2,v0,agent,combinado,created_at,desc,0,4,0.798,1,1
f3_v0_idx2,v0,agent,combinado,created_at,desc,0,5,0.847,1,1
f3_v0_idx2,v0,agent,combinado,created_at,desc,0,6,0.819,1,1
f3_v0_idx2,v0,agent,combinado,created_at,desc,500,1,0.901,0,
f3_v0_idx2,v0,agent,combinado,created_at,desc,500,2,0.879,0,
f3_v0_idx2,v0,agent,combinado,created_at,desc,500,3,0.833,0,
f3_v0_idx2,v0,agent,combinado,created_at,desc,500,4,0.901,0,
f3_v0_idx2,v0,agent,combinado,created_at,desc,500,5,0.79,0,
f3_v0_idx2,v0,agent,combinado,created_at,desc,500,6,1.13,0,
f3_v0_idx2,v0,agent,combinado,company,asc,0,1,0.76,1,1
f3_v0_idx2,v0,agent,combinado,company,asc,0,2,1.189,1,1
f3_v0_idx2,v0,agent,combinado,company,asc,0,3,0.791,1,1
f3_v0_idx2,v0,agent,combinado,company,asc,0,4,0.991,1,1
f3_v0_idx2,v0,agent,combinado,company,asc,0,5,1.007,1,1
f3_v0_idx2,v0,agent,combinado,company,asc,0,6,0.928,1,1
f3_v0_idx2,v0,agent,combinado,company,asc,500,1,0.878,0,
f3_v0_idx2,v0,agent,combinado,company,asc,500,2,0.93,0,
f3_v0_idx2,v0,agent,combinado,company,asc,500,3,1.038,0,
f3_v0_idx2,v0,agent,combinado,company,asc,500,4,0.831,0,
f3_v0_idx2,v0,agent,combinado,company,asc,500,5,1.017,0,
f3_v0_idx2,v0,agent,combinado,company,asc,500,6,1.354,0,
f3_v0_idx2,v0,agent,combinado,company,desc,0,1,0.889,1,1
f3_v0_idx2,v0,agent,combinado,company,desc,0,2,0.856,1,1
f3_v0_idx2,v0,agent,combinado,company,desc,0,3,1.056,1,1
f3_v0_idx2,v0,agent,combinado,company,desc,0,4,0.857,1,1
f3_v0_idx2,v0,agent,combinado,company,desc,0,5,1.205,1,1
f3_v0_idx2,v0,agent,combinado,company,desc,0,6,0.948,1,1
f3_v0_idx2,v0,agent,combinado,company,desc,500,1,0.889,0,
f3_v0_idx2,v0,agent,combinado,company,desc,500,2,0.952,0,
f3_v0_idx2,v0,agent,combinado,company,desc,500,3,0.876,0,
f3_v0_idx2,v0,agent,combinado,company,desc,500,4,1.44,0,
f3_v0_idx2,v0,agent,combinado,company,desc,500,5,1.226,0,
f3_v0_idx2,v0,agent,combinado,company,desc,500,6,0.823,0,
f3_v2_idx2,v2,agent,__overhead_wrapper__,-,-,-1,0,0.254,0,0
f3_v2_idx2,v2,agent,sem_filtro,name,asc,0,1,18.684,50,861
f3_v2_idx2,v2,agent,sem_filtro,name,asc,0,2,18.314,50,861
f3_v2_idx2,v2,agent,sem_filtro,name,asc,0,3,17.755,50,861
f3_v2_idx2,v2,agent,sem_filtro,name,asc,0,4,19.84,50,861
f3_v2_idx2,v2,agent,sem_filtro,name,asc,0,5,17.655,50,861
f3_v2_idx2,v2,agent,sem_filtro,name,asc,0,6,18.295,50,861
f3_v2_idx2,v2,agent,sem_filtro,name,asc,500,1,19.701,50,861
f3_v2_idx2,v2,agent,sem_filtro,name,asc,500,2,18.369,50,861
f3_v2_idx2,v2,agent,sem_filtro,name,asc,500,3,19.244,50,861
f3_v2_idx2,v2,agent,sem_filtro,name,asc,500,4,20.547,50,861
f3_v2_idx2,v2,agent,sem_filtro,name,asc,500,5,20.466,50,861
f3_v2_idx2,v2,agent,sem_filtro,name,asc,500,6,19.869,50,861
f3_v2_idx2,v2,agent,sem_filtro,name,desc,0,1,18.202,50,861
f3_v2_idx2,v2,agent,sem_filtro,name,desc,0,2,17.957,50,861
f3_v2_idx2,v2,agent,sem_filtro,name,desc,0,3,19.766,50,861
f3_v2_idx2,v2,agent,sem_filtro,name,desc,0,4,20.081,50,861
f3_v2_idx2,v2,agent,sem_filtro,name,desc,0,5,17.304,50,861
f3_v2_idx2,v2,agent,sem_filtro,name,desc,0,6,18.078,50,861
f3_v2_idx2,v2,agent,sem_filtro,name,desc,500,1,19.832,50,861
f3_v2_idx2,v2,agent,sem_filtro,name,desc,500,2,21.31,50,861
f3_v2_idx2,v2,agent,sem_filtro,name,desc,500,3,19.402,50,861
f3_v2_idx2,v2,agent,sem_filtro,name,desc,500,4,18.939,50,861
f3_v2_idx2,v2,agent,sem_filtro,name,desc,500,5,18.553,50,861
f3_v2_idx2,v2,agent,sem_filtro,name,desc,500,6,18.558,50,861
f3_v2_idx2,v2,agent,sem_filtro,created_at,asc,0,1,19.627,50,861
f3_v2_idx2,v2,agent,sem_filtro,created_at,asc,0,2,18.647,50,861
f3_v2_idx2,v2,agent,sem_filtro,created_at,asc,0,3,17.499,50,861
f3_v2_idx2,v2,agent,sem_filtro,created_at,asc,0,4,18.294,50,861
f3_v2_idx2,v2,agent,sem_filtro,created_at,asc,0,5,17.807,50,861
f3_v2_idx2,v2,agent,sem_filtro,created_at,asc,0,6,18.656,50,861
f3_v2_idx2,v2,agent,sem_filtro,created_at,asc,500,1,18.573,50,861
f3_v2_idx2,v2,agent,sem_filtro,created_at,asc,500,2,17.749,50,861
f3_v2_idx2,v2,agent,sem_filtro,created_at,asc,500,3,18.412,50,861
f3_v2_idx2,v2,agent,sem_filtro,created_at,asc,500,4,19.62,50,861
f3_v2_idx2,v2,agent,sem_filtro,created_at,asc,500,5,18.818,50,861
f3_v2_idx2,v2,agent,sem_filtro,created_at,asc,500,6,19.976,50,861
f3_v2_idx2,v2,agent,sem_filtro,created_at,desc,0,1,19.145,50,861
f3_v2_idx2,v2,agent,sem_filtro,created_at,desc,0,2,18.217,50,861
f3_v2_idx2,v2,agent,sem_filtro,created_at,desc,0,3,18.419,50,861
f3_v2_idx2,v2,agent,sem_filtro,created_at,desc,0,4,21.405,50,861
f3_v2_idx2,v2,agent,sem_filtro,created_at,desc,0,5,18.5,50,861
f3_v2_idx2,v2,agent,sem_filtro,created_at,desc,0,6,18.601,50,861
f3_v2_idx2,v2,agent,sem_filtro,created_at,desc,500,1,20.028,50,861
f3_v2_idx2,v2,agent,sem_filtro,created_at,desc,500,2,19.4,50,861
f3_v2_idx2,v2,agent,sem_filtro,created_at,desc,500,3,18.266,50,861
f3_v2_idx2,v2,agent,sem_filtro,created_at,desc,500,4,18.384,50,861
f3_v2_idx2,v2,agent,sem_filtro,created_at,desc,500,5,19.846,50,861
f3_v2_idx2,v2,agent,sem_filtro,created_at,desc,500,6,18.758,50,861
f3_v2_idx2,v2,agent,sem_filtro,company,asc,0,1,18.313,50,861
f3_v2_idx2,v2,agent,sem_filtro,company,asc,0,2,17.634,50,861
f3_v2_idx2,v2,agent,sem_filtro,company,asc,0,3,18.044,50,861
f3_v2_idx2,v2,agent,sem_filtro,company,asc,0,4,19.003,50,861
f3_v2_idx2,v2,agent,sem_filtro,company,asc,0,5,18.231,50,861
f3_v2_idx2,v2,agent,sem_filtro,company,asc,0,6,18.096,50,861
f3_v2_idx2,v2,agent,sem_filtro,company,asc,500,1,20.109,50,861
f3_v2_idx2,v2,agent,sem_filtro,company,asc,500,2,21.29,50,861
f3_v2_idx2,v2,agent,sem_filtro,company,asc,500,3,24.573,50,861
f3_v2_idx2,v2,agent,sem_filtro,company,asc,500,4,20.753,50,861
f3_v2_idx2,v2,agent,sem_filtro,company,asc,500,5,21.51,50,861
f3_v2_idx2,v2,agent,sem_filtro,company,asc,500,6,20.828,50,861
f3_v2_idx2,v2,agent,sem_filtro,company,desc,0,1,21.523,50,861
f3_v2_idx2,v2,agent,sem_filtro,company,desc,0,2,22.307,50,861
f3_v2_idx2,v2,agent,sem_filtro,company,desc,0,3,20.9,50,861
f3_v2_idx2,v2,agent,sem_filtro,company,desc,0,4,22.302,50,861
f3_v2_idx2,v2,agent,sem_filtro,company,desc,0,5,22.263,50,861
f3_v2_idx2,v2,agent,sem_filtro,company,desc,0,6,20.863,50,861
f3_v2_idx2,v2,agent,sem_filtro,company,desc,500,1,19.933,50,861
f3_v2_idx2,v2,agent,sem_filtro,company,desc,500,2,20.203,50,861
f3_v2_idx2,v2,agent,sem_filtro,company,desc,500,3,20.268,50,861
f3_v2_idx2,v2,agent,sem_filtro,company,desc,500,4,20.271,50,861
f3_v2_idx2,v2,agent,sem_filtro,company,desc,500,5,19.712,50,861
f3_v2_idx2,v2,agent,sem_filtro,company,desc,500,6,19.68,50,861
f3_v2_idx2,v2,agent,termo_nome_5ch,name,asc,0,1,7.215,50,109
f3_v2_idx2,v2,agent,termo_nome_5ch,name,asc,0,2,7.281,50,109
f3_v2_idx2,v2,agent,termo_nome_5ch,name,asc,0,3,8.105,50,109
f3_v2_idx2,v2,agent,termo_nome_5ch,name,asc,0,4,6.824,50,109
f3_v2_idx2,v2,agent,termo_nome_5ch,name,asc,0,5,7.617,50,109
f3_v2_idx2,v2,agent,termo_nome_5ch,name,asc,0,6,7.312,50,109
f3_v2_idx2,v2,agent,termo_nome_5ch,name,asc,500,1,7.728,0,
f3_v2_idx2,v2,agent,termo_nome_5ch,name,asc,500,2,6.967,0,
f3_v2_idx2,v2,agent,termo_nome_5ch,name,asc,500,3,7.643,0,
f3_v2_idx2,v2,agent,termo_nome_5ch,name,asc,500,4,8.084,0,
f3_v2_idx2,v2,agent,termo_nome_5ch,name,asc,500,5,6.921,0,
f3_v2_idx2,v2,agent,termo_nome_5ch,name,asc,500,6,7.324,0,
f3_v2_idx2,v2,agent,termo_nome_5ch,name,desc,0,1,7.435,50,109
f3_v2_idx2,v2,agent,termo_nome_5ch,name,desc,0,2,7.655,50,109
f3_v2_idx2,v2,agent,termo_nome_5ch,name,desc,0,3,7.756,50,109
f3_v2_idx2,v2,agent,termo_nome_5ch,name,desc,0,4,7.879,50,109
f3_v2_idx2,v2,agent,termo_nome_5ch,name,desc,0,5,7.091,50,109
f3_v2_idx2,v2,agent,termo_nome_5ch,name,desc,0,6,7.254,50,109
f3_v2_idx2,v2,agent,termo_nome_5ch,name,desc,500,1,7.508,0,
f3_v2_idx2,v2,agent,termo_nome_5ch,name,desc,500,2,7.497,0,
f3_v2_idx2,v2,agent,termo_nome_5ch,name,desc,500,3,8.086,0,
f3_v2_idx2,v2,agent,termo_nome_5ch,name,desc,500,4,9.444,0,
f3_v2_idx2,v2,agent,termo_nome_5ch,name,desc,500,5,7.309,0,
f3_v2_idx2,v2,agent,termo_nome_5ch,name,desc,500,6,7.606,0,
f3_v2_idx2,v2,agent,termo_nome_5ch,created_at,asc,0,1,7.373,50,109
f3_v2_idx2,v2,agent,termo_nome_5ch,created_at,asc,0,2,7.65,50,109
f3_v2_idx2,v2,agent,termo_nome_5ch,created_at,asc,0,3,7.976,50,109
f3_v2_idx2,v2,agent,termo_nome_5ch,created_at,asc,0,4,7.456,50,109
f3_v2_idx2,v2,agent,termo_nome_5ch,created_at,asc,0,5,7.104,50,109
f3_v2_idx2,v2,agent,termo_nome_5ch,created_at,asc,0,6,7.872,50,109
f3_v2_idx2,v2,agent,termo_nome_5ch,created_at,asc,500,1,7.082,0,
f3_v2_idx2,v2,agent,termo_nome_5ch,created_at,asc,500,2,7.025,0,
f3_v2_idx2,v2,agent,termo_nome_5ch,created_at,asc,500,3,6.654,0,
f3_v2_idx2,v2,agent,termo_nome_5ch,created_at,asc,500,4,6.922,0,
f3_v2_idx2,v2,agent,termo_nome_5ch,created_at,asc,500,5,6.981,0,
f3_v2_idx2,v2,agent,termo_nome_5ch,created_at,asc,500,6,6.96,0,
f3_v2_idx2,v2,agent,termo_nome_5ch,created_at,desc,0,1,6.712,50,109
f3_v2_idx2,v2,agent,termo_nome_5ch,created_at,desc,0,2,6.487,50,109
f3_v2_idx2,v2,agent,termo_nome_5ch,created_at,desc,0,3,7.169,50,109
f3_v2_idx2,v2,agent,termo_nome_5ch,created_at,desc,0,4,6.635,50,109
f3_v2_idx2,v2,agent,termo_nome_5ch,created_at,desc,0,5,6.943,50,109
f3_v2_idx2,v2,agent,termo_nome_5ch,created_at,desc,0,6,7.431,50,109
f3_v2_idx2,v2,agent,termo_nome_5ch,created_at,desc,500,1,6.65,0,
f3_v2_idx2,v2,agent,termo_nome_5ch,created_at,desc,500,2,6.504,0,
f3_v2_idx2,v2,agent,termo_nome_5ch,created_at,desc,500,3,6.945,0,
f3_v2_idx2,v2,agent,termo_nome_5ch,created_at,desc,500,4,7.632,0,
f3_v2_idx2,v2,agent,termo_nome_5ch,created_at,desc,500,5,6.884,0,
f3_v2_idx2,v2,agent,termo_nome_5ch,created_at,desc,500,6,6.808,0,
f3_v2_idx2,v2,agent,termo_nome_5ch,company,asc,0,1,6.407,50,109
f3_v2_idx2,v2,agent,termo_nome_5ch,company,asc,0,2,7.015,50,109
f3_v2_idx2,v2,agent,termo_nome_5ch,company,asc,0,3,7.02,50,109
f3_v2_idx2,v2,agent,termo_nome_5ch,company,asc,0,4,6.915,50,109
f3_v2_idx2,v2,agent,termo_nome_5ch,company,asc,0,5,7.35,50,109
f3_v2_idx2,v2,agent,termo_nome_5ch,company,asc,0,6,6.997,50,109
f3_v2_idx2,v2,agent,termo_nome_5ch,company,asc,500,1,7.087,0,
f3_v2_idx2,v2,agent,termo_nome_5ch,company,asc,500,2,8.166,0,
f3_v2_idx2,v2,agent,termo_nome_5ch,company,asc,500,3,7.391,0,
f3_v2_idx2,v2,agent,termo_nome_5ch,company,asc,500,4,6.679,0,
f3_v2_idx2,v2,agent,termo_nome_5ch,company,asc,500,5,7.012,0,
f3_v2_idx2,v2,agent,termo_nome_5ch,company,asc,500,6,6.751,0,
f3_v2_idx2,v2,agent,termo_nome_5ch,company,desc,0,1,6.695,50,109
f3_v2_idx2,v2,agent,termo_nome_5ch,company,desc,0,2,7.187,50,109
f3_v2_idx2,v2,agent,termo_nome_5ch,company,desc,0,3,6.772,50,109
f3_v2_idx2,v2,agent,termo_nome_5ch,company,desc,0,4,6.811,50,109
f3_v2_idx2,v2,agent,termo_nome_5ch,company,desc,0,5,6.928,50,109
f3_v2_idx2,v2,agent,termo_nome_5ch,company,desc,0,6,6.847,50,109
f3_v2_idx2,v2,agent,termo_nome_5ch,company,desc,500,1,7.434,0,
f3_v2_idx2,v2,agent,termo_nome_5ch,company,desc,500,2,7.004,0,
f3_v2_idx2,v2,agent,termo_nome_5ch,company,desc,500,3,7.442,0,
f3_v2_idx2,v2,agent,termo_nome_5ch,company,desc,500,4,7.786,0,
f3_v2_idx2,v2,agent,termo_nome_5ch,company,desc,500,5,7.505,0,
f3_v2_idx2,v2,agent,termo_nome_5ch,company,desc,500,6,8.048,0,
f3_v2_idx2,v2,agent,combinado,name,asc,0,1,1.035,1,1
f3_v2_idx2,v2,agent,combinado,name,asc,0,2,0.694,1,1
f3_v2_idx2,v2,agent,combinado,name,asc,0,3,0.932,1,1
f3_v2_idx2,v2,agent,combinado,name,asc,0,4,0.813,1,1
f3_v2_idx2,v2,agent,combinado,name,asc,0,5,0.681,1,1
f3_v2_idx2,v2,agent,combinado,name,asc,0,6,0.654,1,1
f3_v2_idx2,v2,agent,combinado,name,asc,500,1,0.838,0,
f3_v2_idx2,v2,agent,combinado,name,asc,500,2,1.02,0,
f3_v2_idx2,v2,agent,combinado,name,asc,500,3,1.05,0,
f3_v2_idx2,v2,agent,combinado,name,asc,500,4,0.925,0,
f3_v2_idx2,v2,agent,combinado,name,asc,500,5,0.638,0,
f3_v2_idx2,v2,agent,combinado,name,asc,500,6,0.624,0,
f3_v2_idx2,v2,agent,combinado,name,desc,0,1,0.767,1,1
f3_v2_idx2,v2,agent,combinado,name,desc,0,2,0.686,1,1
f3_v2_idx2,v2,agent,combinado,name,desc,0,3,0.679,1,1
f3_v2_idx2,v2,agent,combinado,name,desc,0,4,0.691,1,1
f3_v2_idx2,v2,agent,combinado,name,desc,0,5,0.731,1,1
f3_v2_idx2,v2,agent,combinado,name,desc,0,6,0.738,1,1
f3_v2_idx2,v2,agent,combinado,name,desc,500,1,0.658,0,
f3_v2_idx2,v2,agent,combinado,name,desc,500,2,0.602,0,
f3_v2_idx2,v2,agent,combinado,name,desc,500,3,0.622,0,
f3_v2_idx2,v2,agent,combinado,name,desc,500,4,0.639,0,
f3_v2_idx2,v2,agent,combinado,name,desc,500,5,0.612,0,
f3_v2_idx2,v2,agent,combinado,name,desc,500,6,0.551,0,
f3_v2_idx2,v2,agent,combinado,created_at,asc,0,1,0.585,1,1
f3_v2_idx2,v2,agent,combinado,created_at,asc,0,2,0.825,1,1
f3_v2_idx2,v2,agent,combinado,created_at,asc,0,3,0.697,1,1
f3_v2_idx2,v2,agent,combinado,created_at,asc,0,4,0.642,1,1
f3_v2_idx2,v2,agent,combinado,created_at,asc,0,5,0.641,1,1
f3_v2_idx2,v2,agent,combinado,created_at,asc,0,6,0.626,1,1
f3_v2_idx2,v2,agent,combinado,created_at,asc,500,1,0.842,0,
f3_v2_idx2,v2,agent,combinado,created_at,asc,500,2,0.656,0,
f3_v2_idx2,v2,agent,combinado,created_at,asc,500,3,0.85,0,
f3_v2_idx2,v2,agent,combinado,created_at,asc,500,4,0.916,0,
f3_v2_idx2,v2,agent,combinado,created_at,asc,500,5,0.822,0,
f3_v2_idx2,v2,agent,combinado,created_at,asc,500,6,0.607,0,
f3_v2_idx2,v2,agent,combinado,created_at,desc,0,1,0.81,1,1
f3_v2_idx2,v2,agent,combinado,created_at,desc,0,2,0.69,1,1
f3_v2_idx2,v2,agent,combinado,created_at,desc,0,3,0.69,1,1
f3_v2_idx2,v2,agent,combinado,created_at,desc,0,4,0.65,1,1
f3_v2_idx2,v2,agent,combinado,created_at,desc,0,5,0.624,1,1
f3_v2_idx2,v2,agent,combinado,created_at,desc,0,6,0.623,1,1
f3_v2_idx2,v2,agent,combinado,created_at,desc,500,1,0.784,0,
f3_v2_idx2,v2,agent,combinado,created_at,desc,500,2,0.631,0,
f3_v2_idx2,v2,agent,combinado,created_at,desc,500,3,0.635,0,
f3_v2_idx2,v2,agent,combinado,created_at,desc,500,4,0.786,0,
f3_v2_idx2,v2,agent,combinado,created_at,desc,500,5,0.706,0,
f3_v2_idx2,v2,agent,combinado,created_at,desc,500,6,0.696,0,
f3_v2_idx2,v2,agent,combinado,company,asc,0,1,0.91,1,1
f3_v2_idx2,v2,agent,combinado,company,asc,0,2,0.636,1,1
f3_v2_idx2,v2,agent,combinado,company,asc,0,3,0.718,1,1
f3_v2_idx2,v2,agent,combinado,company,asc,0,4,0.627,1,1
f3_v2_idx2,v2,agent,combinado,company,asc,0,5,0.605,1,1
f3_v2_idx2,v2,agent,combinado,company,asc,0,6,0.74,1,1
f3_v2_idx2,v2,agent,combinado,company,asc,500,1,0.658,0,
f3_v2_idx2,v2,agent,combinado,company,asc,500,2,0.627,0,
f3_v2_idx2,v2,agent,combinado,company,asc,500,3,0.711,0,
f3_v2_idx2,v2,agent,combinado,company,asc,500,4,0.761,0,
f3_v2_idx2,v2,agent,combinado,company,asc,500,5,0.618,0,
f3_v2_idx2,v2,agent,combinado,company,asc,500,6,0.627,0,
f3_v2_idx2,v2,agent,combinado,company,desc,0,1,0.82,1,1
f3_v2_idx2,v2,agent,combinado,company,desc,0,2,0.673,1,1
f3_v2_idx2,v2,agent,combinado,company,desc,0,3,0.733,1,1
f3_v2_idx2,v2,agent,combinado,company,desc,0,4,0.719,1,1
f3_v2_idx2,v2,agent,combinado,company,desc,0,5,0.676,1,1
f3_v2_idx2,v2,agent,combinado,company,desc,0,6,0.769,1,1
f3_v2_idx2,v2,agent,combinado,company,desc,500,1,0.618,0,
f3_v2_idx2,v2,agent,combinado,company,desc,500,2,0.6,0,
f3_v2_idx2,v2,agent,combinado,company,desc,500,3,0.688,0,
f3_v2_idx2,v2,agent,combinado,company,desc,500,4,0.666,0,
f3_v2_idx2,v2,agent,combinado,company,desc,500,5,0.701,0,
f3_v2_idx2,v2,agent,combinado,company,desc,500,6,0.67,0,
f4_v0_idx3,v0,agent,__overhead_wrapper__,-,-,-1,0,0.243,0,0
f4_v0_idx3,v0,agent,sem_filtro,name,asc,0,1,19.004,50,861
f4_v0_idx3,v0,agent,sem_filtro,name,asc,0,2,18.14,50,861
f4_v0_idx3,v0,agent,sem_filtro,name,asc,0,3,18.341,50,861
f4_v0_idx3,v0,agent,sem_filtro,name,asc,0,4,18.727,50,861
f4_v0_idx3,v0,agent,sem_filtro,name,asc,0,5,19.684,50,861
f4_v0_idx3,v0,agent,sem_filtro,name,asc,0,6,19.106,50,861
f4_v0_idx3,v0,agent,sem_filtro,name,asc,500,1,18.348,50,861
f4_v0_idx3,v0,agent,sem_filtro,name,asc,500,2,20.119,50,861
f4_v0_idx3,v0,agent,sem_filtro,name,asc,500,3,18.642,50,861
f4_v0_idx3,v0,agent,sem_filtro,name,asc,500,4,17.723,50,861
f4_v0_idx3,v0,agent,sem_filtro,name,asc,500,5,18.214,50,861
f4_v0_idx3,v0,agent,sem_filtro,name,asc,500,6,19.514,50,861
f4_v0_idx3,v0,agent,sem_filtro,name,desc,0,1,21.322,50,861
f4_v0_idx3,v0,agent,sem_filtro,name,desc,0,2,20.631,50,861
f4_v0_idx3,v0,agent,sem_filtro,name,desc,0,3,20.782,50,861
f4_v0_idx3,v0,agent,sem_filtro,name,desc,0,4,22.399,50,861
f4_v0_idx3,v0,agent,sem_filtro,name,desc,0,5,21.148,50,861
f4_v0_idx3,v0,agent,sem_filtro,name,desc,0,6,21.55,50,861
f4_v0_idx3,v0,agent,sem_filtro,name,desc,500,1,19.967,50,861
f4_v0_idx3,v0,agent,sem_filtro,name,desc,500,2,18.543,50,861
f4_v0_idx3,v0,agent,sem_filtro,name,desc,500,3,17.929,50,861
f4_v0_idx3,v0,agent,sem_filtro,name,desc,500,4,17.743,50,861
f4_v0_idx3,v0,agent,sem_filtro,name,desc,500,5,17.617,50,861
f4_v0_idx3,v0,agent,sem_filtro,name,desc,500,6,17.397,50,861
f4_v0_idx3,v0,agent,sem_filtro,created_at,asc,0,1,16.673,50,861
f4_v0_idx3,v0,agent,sem_filtro,created_at,asc,0,2,18.013,50,861
f4_v0_idx3,v0,agent,sem_filtro,created_at,asc,0,3,17.123,50,861
f4_v0_idx3,v0,agent,sem_filtro,created_at,asc,0,4,16.461,50,861
f4_v0_idx3,v0,agent,sem_filtro,created_at,asc,0,5,16.922,50,861
f4_v0_idx3,v0,agent,sem_filtro,created_at,asc,0,6,17.196,50,861
f4_v0_idx3,v0,agent,sem_filtro,created_at,asc,500,1,18.382,50,861
f4_v0_idx3,v0,agent,sem_filtro,created_at,asc,500,2,17.026,50,861
f4_v0_idx3,v0,agent,sem_filtro,created_at,asc,500,3,17.64,50,861
f4_v0_idx3,v0,agent,sem_filtro,created_at,asc,500,4,17.495,50,861
f4_v0_idx3,v0,agent,sem_filtro,created_at,asc,500,5,16.777,50,861
f4_v0_idx3,v0,agent,sem_filtro,created_at,asc,500,6,16.796,50,861
f4_v0_idx3,v0,agent,sem_filtro,created_at,desc,0,1,17.399,50,861
f4_v0_idx3,v0,agent,sem_filtro,created_at,desc,0,2,16.741,50,861
f4_v0_idx3,v0,agent,sem_filtro,created_at,desc,0,3,17.535,50,861
f4_v0_idx3,v0,agent,sem_filtro,created_at,desc,0,4,17.842,50,861
f4_v0_idx3,v0,agent,sem_filtro,created_at,desc,0,5,18.061,50,861
f4_v0_idx3,v0,agent,sem_filtro,created_at,desc,0,6,19.009,50,861
f4_v0_idx3,v0,agent,sem_filtro,created_at,desc,500,1,18.015,50,861
f4_v0_idx3,v0,agent,sem_filtro,created_at,desc,500,2,18.335,50,861
f4_v0_idx3,v0,agent,sem_filtro,created_at,desc,500,3,17.447,50,861
f4_v0_idx3,v0,agent,sem_filtro,created_at,desc,500,4,18.399,50,861
f4_v0_idx3,v0,agent,sem_filtro,created_at,desc,500,5,18.376,50,861
f4_v0_idx3,v0,agent,sem_filtro,created_at,desc,500,6,18.475,50,861
f4_v0_idx3,v0,agent,sem_filtro,company,asc,0,1,17.661,50,861
f4_v0_idx3,v0,agent,sem_filtro,company,asc,0,2,17.138,50,861
f4_v0_idx3,v0,agent,sem_filtro,company,asc,0,3,17.394,50,861
f4_v0_idx3,v0,agent,sem_filtro,company,asc,0,4,17.278,50,861
f4_v0_idx3,v0,agent,sem_filtro,company,asc,0,5,16.638,50,861
f4_v0_idx3,v0,agent,sem_filtro,company,asc,0,6,16.812,50,861
f4_v0_idx3,v0,agent,sem_filtro,company,asc,500,1,17.887,50,861
f4_v0_idx3,v0,agent,sem_filtro,company,asc,500,2,18.818,50,861
f4_v0_idx3,v0,agent,sem_filtro,company,asc,500,3,17.84,50,861
f4_v0_idx3,v0,agent,sem_filtro,company,asc,500,4,18.83,50,861
f4_v0_idx3,v0,agent,sem_filtro,company,asc,500,5,19.154,50,861
f4_v0_idx3,v0,agent,sem_filtro,company,asc,500,6,18.561,50,861
f4_v0_idx3,v0,agent,sem_filtro,company,desc,0,1,18.812,50,861
f4_v0_idx3,v0,agent,sem_filtro,company,desc,0,2,19.164,50,861
f4_v0_idx3,v0,agent,sem_filtro,company,desc,0,3,19.159,50,861
f4_v0_idx3,v0,agent,sem_filtro,company,desc,0,4,18.708,50,861
f4_v0_idx3,v0,agent,sem_filtro,company,desc,0,5,18.115,50,861
f4_v0_idx3,v0,agent,sem_filtro,company,desc,0,6,21.77,50,861
f4_v0_idx3,v0,agent,sem_filtro,company,desc,500,1,17.979,50,861
f4_v0_idx3,v0,agent,sem_filtro,company,desc,500,2,17.953,50,861
f4_v0_idx3,v0,agent,sem_filtro,company,desc,500,3,18.059,50,861
f4_v0_idx3,v0,agent,sem_filtro,company,desc,500,4,18.593,50,861
f4_v0_idx3,v0,agent,sem_filtro,company,desc,500,5,18.839,50,861
f4_v0_idx3,v0,agent,sem_filtro,company,desc,500,6,20.054,50,861
f4_v0_idx3,v0,agent,termo_nome_5ch,name,asc,0,1,6.831,50,109
f4_v0_idx3,v0,agent,termo_nome_5ch,name,asc,0,2,7.41,50,109
f4_v0_idx3,v0,agent,termo_nome_5ch,name,asc,0,3,6.751,50,109
f4_v0_idx3,v0,agent,termo_nome_5ch,name,asc,0,4,7.062,50,109
f4_v0_idx3,v0,agent,termo_nome_5ch,name,asc,0,5,6.93,50,109
f4_v0_idx3,v0,agent,termo_nome_5ch,name,asc,0,6,6.837,50,109
f4_v0_idx3,v0,agent,termo_nome_5ch,name,asc,500,1,6.732,0,
f4_v0_idx3,v0,agent,termo_nome_5ch,name,asc,500,2,6.837,0,
f4_v0_idx3,v0,agent,termo_nome_5ch,name,asc,500,3,6.533,0,
f4_v0_idx3,v0,agent,termo_nome_5ch,name,asc,500,4,7.058,0,
f4_v0_idx3,v0,agent,termo_nome_5ch,name,asc,500,5,6.373,0,
f4_v0_idx3,v0,agent,termo_nome_5ch,name,asc,500,6,6.728,0,
f4_v0_idx3,v0,agent,termo_nome_5ch,name,desc,0,1,7.376,50,109
f4_v0_idx3,v0,agent,termo_nome_5ch,name,desc,0,2,6.805,50,109
f4_v0_idx3,v0,agent,termo_nome_5ch,name,desc,0,3,7.679,50,109
f4_v0_idx3,v0,agent,termo_nome_5ch,name,desc,0,4,7.589,50,109
f4_v0_idx3,v0,agent,termo_nome_5ch,name,desc,0,5,7.963,50,109
f4_v0_idx3,v0,agent,termo_nome_5ch,name,desc,0,6,7.132,50,109
f4_v0_idx3,v0,agent,termo_nome_5ch,name,desc,500,1,7.174,0,
f4_v0_idx3,v0,agent,termo_nome_5ch,name,desc,500,2,8.818,0,
f4_v0_idx3,v0,agent,termo_nome_5ch,name,desc,500,3,7.427,0,
f4_v0_idx3,v0,agent,termo_nome_5ch,name,desc,500,4,8.47,0,
f4_v0_idx3,v0,agent,termo_nome_5ch,name,desc,500,5,7.433,0,
f4_v0_idx3,v0,agent,termo_nome_5ch,name,desc,500,6,7.417,0,
f4_v0_idx3,v0,agent,termo_nome_5ch,created_at,asc,0,1,6.693,50,109
f4_v0_idx3,v0,agent,termo_nome_5ch,created_at,asc,0,2,7.165,50,109
f4_v0_idx3,v0,agent,termo_nome_5ch,created_at,asc,0,3,6.694,50,109
f4_v0_idx3,v0,agent,termo_nome_5ch,created_at,asc,0,4,7.181,50,109
f4_v0_idx3,v0,agent,termo_nome_5ch,created_at,asc,0,5,7.199,50,109
f4_v0_idx3,v0,agent,termo_nome_5ch,created_at,asc,0,6,7.304,50,109
f4_v0_idx3,v0,agent,termo_nome_5ch,created_at,asc,500,1,7.253,0,
f4_v0_idx3,v0,agent,termo_nome_5ch,created_at,asc,500,2,6.768,0,
f4_v0_idx3,v0,agent,termo_nome_5ch,created_at,asc,500,3,7.221,0,
f4_v0_idx3,v0,agent,termo_nome_5ch,created_at,asc,500,4,7.048,0,
f4_v0_idx3,v0,agent,termo_nome_5ch,created_at,asc,500,5,6.941,0,
f4_v0_idx3,v0,agent,termo_nome_5ch,created_at,asc,500,6,7.752,0,
f4_v0_idx3,v0,agent,termo_nome_5ch,created_at,desc,0,1,7.797,50,109
f4_v0_idx3,v0,agent,termo_nome_5ch,created_at,desc,0,2,7.197,50,109
f4_v0_idx3,v0,agent,termo_nome_5ch,created_at,desc,0,3,7.002,50,109
f4_v0_idx3,v0,agent,termo_nome_5ch,created_at,desc,0,4,6.799,50,109
f4_v0_idx3,v0,agent,termo_nome_5ch,created_at,desc,0,5,7.294,50,109
f4_v0_idx3,v0,agent,termo_nome_5ch,created_at,desc,0,6,6.791,50,109
f4_v0_idx3,v0,agent,termo_nome_5ch,created_at,desc,500,1,6.551,0,
f4_v0_idx3,v0,agent,termo_nome_5ch,created_at,desc,500,2,6.757,0,
f4_v0_idx3,v0,agent,termo_nome_5ch,created_at,desc,500,3,6.524,0,
f4_v0_idx3,v0,agent,termo_nome_5ch,created_at,desc,500,4,6.67,0,
f4_v0_idx3,v0,agent,termo_nome_5ch,created_at,desc,500,5,6.723,0,
f4_v0_idx3,v0,agent,termo_nome_5ch,created_at,desc,500,6,7.683,0,
f4_v0_idx3,v0,agent,termo_nome_5ch,company,asc,0,1,6.754,50,109
f4_v0_idx3,v0,agent,termo_nome_5ch,company,asc,0,2,6.292,50,109
f4_v0_idx3,v0,agent,termo_nome_5ch,company,asc,0,3,7.074,50,109
f4_v0_idx3,v0,agent,termo_nome_5ch,company,asc,0,4,6.84,50,109
f4_v0_idx3,v0,agent,termo_nome_5ch,company,asc,0,5,6.52,50,109
f4_v0_idx3,v0,agent,termo_nome_5ch,company,asc,0,6,7.018,50,109
f4_v0_idx3,v0,agent,termo_nome_5ch,company,asc,500,1,7.021,0,
f4_v0_idx3,v0,agent,termo_nome_5ch,company,asc,500,2,7.007,0,
f4_v0_idx3,v0,agent,termo_nome_5ch,company,asc,500,3,6.683,0,
f4_v0_idx3,v0,agent,termo_nome_5ch,company,asc,500,4,6.829,0,
f4_v0_idx3,v0,agent,termo_nome_5ch,company,asc,500,5,6.603,0,
f4_v0_idx3,v0,agent,termo_nome_5ch,company,asc,500,6,6.061,0,
f4_v0_idx3,v0,agent,termo_nome_5ch,company,desc,0,1,6.393,50,109
f4_v0_idx3,v0,agent,termo_nome_5ch,company,desc,0,2,6.683,50,109
f4_v0_idx3,v0,agent,termo_nome_5ch,company,desc,0,3,6.513,50,109
f4_v0_idx3,v0,agent,termo_nome_5ch,company,desc,0,4,6.675,50,109
f4_v0_idx3,v0,agent,termo_nome_5ch,company,desc,0,5,7.232,50,109
f4_v0_idx3,v0,agent,termo_nome_5ch,company,desc,0,6,6.991,50,109
f4_v0_idx3,v0,agent,termo_nome_5ch,company,desc,500,1,7.898,0,
f4_v0_idx3,v0,agent,termo_nome_5ch,company,desc,500,2,7.878,0,
f4_v0_idx3,v0,agent,termo_nome_5ch,company,desc,500,3,7.391,0,
f4_v0_idx3,v0,agent,termo_nome_5ch,company,desc,500,4,7.349,0,
f4_v0_idx3,v0,agent,termo_nome_5ch,company,desc,500,5,7.713,0,
f4_v0_idx3,v0,agent,termo_nome_5ch,company,desc,500,6,7.09,0,
f4_v0_idx3,v0,agent,combinado,name,asc,0,1,0.881,1,1
f4_v0_idx3,v0,agent,combinado,name,asc,0,2,0.841,1,1
f4_v0_idx3,v0,agent,combinado,name,asc,0,3,1.018,1,1
f4_v0_idx3,v0,agent,combinado,name,asc,0,4,1.299,1,1
f4_v0_idx3,v0,agent,combinado,name,asc,0,5,0.978,1,1
f4_v0_idx3,v0,agent,combinado,name,asc,0,6,0.814,1,1
f4_v0_idx3,v0,agent,combinado,name,asc,500,1,0.803,0,
f4_v0_idx3,v0,agent,combinado,name,asc,500,2,0.755,0,
f4_v0_idx3,v0,agent,combinado,name,asc,500,3,1.055,0,
f4_v0_idx3,v0,agent,combinado,name,asc,500,4,0.829,0,
f4_v0_idx3,v0,agent,combinado,name,asc,500,5,0.874,0,
f4_v0_idx3,v0,agent,combinado,name,asc,500,6,0.792,0,
f4_v0_idx3,v0,agent,combinado,name,desc,0,1,0.765,1,1
f4_v0_idx3,v0,agent,combinado,name,desc,0,2,0.724,1,1
f4_v0_idx3,v0,agent,combinado,name,desc,0,3,0.798,1,1
f4_v0_idx3,v0,agent,combinado,name,desc,0,4,0.879,1,1
f4_v0_idx3,v0,agent,combinado,name,desc,0,5,0.851,1,1
f4_v0_idx3,v0,agent,combinado,name,desc,0,6,0.773,1,1
f4_v0_idx3,v0,agent,combinado,name,desc,500,1,0.776,0,
f4_v0_idx3,v0,agent,combinado,name,desc,500,2,0.835,0,
f4_v0_idx3,v0,agent,combinado,name,desc,500,3,0.675,0,
f4_v0_idx3,v0,agent,combinado,name,desc,500,4,0.684,0,
f4_v0_idx3,v0,agent,combinado,name,desc,500,5,0.735,0,
f4_v0_idx3,v0,agent,combinado,name,desc,500,6,0.816,0,
f4_v0_idx3,v0,agent,combinado,created_at,asc,0,1,0.869,1,1
f4_v0_idx3,v0,agent,combinado,created_at,asc,0,2,1.311,1,1
f4_v0_idx3,v0,agent,combinado,created_at,asc,0,3,1.591,1,1
f4_v0_idx3,v0,agent,combinado,created_at,asc,0,4,1.002,1,1
f4_v0_idx3,v0,agent,combinado,created_at,asc,0,5,0.896,1,1
f4_v0_idx3,v0,agent,combinado,created_at,asc,0,6,0.893,1,1
f4_v0_idx3,v0,agent,combinado,created_at,asc,500,1,0.861,0,
f4_v0_idx3,v0,agent,combinado,created_at,asc,500,2,0.976,0,
f4_v0_idx3,v0,agent,combinado,created_at,asc,500,3,0.748,0,
f4_v0_idx3,v0,agent,combinado,created_at,asc,500,4,0.791,0,
f4_v0_idx3,v0,agent,combinado,created_at,asc,500,5,0.983,0,
f4_v0_idx3,v0,agent,combinado,created_at,asc,500,6,0.948,0,
f4_v0_idx3,v0,agent,combinado,created_at,desc,0,1,0.887,1,1
f4_v0_idx3,v0,agent,combinado,created_at,desc,0,2,1.251,1,1
f4_v0_idx3,v0,agent,combinado,created_at,desc,0,3,1.088,1,1
f4_v0_idx3,v0,agent,combinado,created_at,desc,0,4,0.83,1,1
f4_v0_idx3,v0,agent,combinado,created_at,desc,0,5,0.948,1,1
f4_v0_idx3,v0,agent,combinado,created_at,desc,0,6,0.878,1,1
f4_v0_idx3,v0,agent,combinado,created_at,desc,500,1,0.947,0,
f4_v0_idx3,v0,agent,combinado,created_at,desc,500,2,0.828,0,
f4_v0_idx3,v0,agent,combinado,created_at,desc,500,3,0.836,0,
f4_v0_idx3,v0,agent,combinado,created_at,desc,500,4,0.755,0,
f4_v0_idx3,v0,agent,combinado,created_at,desc,500,5,0.805,0,
f4_v0_idx3,v0,agent,combinado,created_at,desc,500,6,0.791,0,
f4_v0_idx3,v0,agent,combinado,company,asc,0,1,0.865,1,1
f4_v0_idx3,v0,agent,combinado,company,asc,0,2,1.057,1,1
f4_v0_idx3,v0,agent,combinado,company,asc,0,3,0.886,1,1
f4_v0_idx3,v0,agent,combinado,company,asc,0,4,0.824,1,1
f4_v0_idx3,v0,agent,combinado,company,asc,0,5,0.797,1,1
f4_v0_idx3,v0,agent,combinado,company,asc,0,6,0.966,1,1
f4_v0_idx3,v0,agent,combinado,company,asc,500,1,0.732,0,
f4_v0_idx3,v0,agent,combinado,company,asc,500,2,0.743,0,
f4_v0_idx3,v0,agent,combinado,company,asc,500,3,0.908,0,
f4_v0_idx3,v0,agent,combinado,company,asc,500,4,0.832,0,
f4_v0_idx3,v0,agent,combinado,company,asc,500,5,0.841,0,
f4_v0_idx3,v0,agent,combinado,company,asc,500,6,0.794,0,
f4_v0_idx3,v0,agent,combinado,company,desc,0,1,0.873,1,1
f4_v0_idx3,v0,agent,combinado,company,desc,0,2,0.826,1,1
f4_v0_idx3,v0,agent,combinado,company,desc,0,3,0.856,1,1
f4_v0_idx3,v0,agent,combinado,company,desc,0,4,0.816,1,1
f4_v0_idx3,v0,agent,combinado,company,desc,0,5,0.754,1,1
f4_v0_idx3,v0,agent,combinado,company,desc,0,6,0.823,1,1
f4_v0_idx3,v0,agent,combinado,company,desc,500,1,0.776,0,
f4_v0_idx3,v0,agent,combinado,company,desc,500,2,0.786,0,
f4_v0_idx3,v0,agent,combinado,company,desc,500,3,0.707,0,
f4_v0_idx3,v0,agent,combinado,company,desc,500,4,0.684,0,
f4_v0_idx3,v0,agent,combinado,company,desc,500,5,0.995,0,
f4_v0_idx3,v0,agent,combinado,company,desc,500,6,0.731,0,
f4_v2_idx3,v2,agent,__overhead_wrapper__,-,-,-1,0,0.226,0,0
f4_v2_idx3,v2,agent,sem_filtro,name,asc,0,1,17.898,50,861
f4_v2_idx3,v2,agent,sem_filtro,name,asc,0,2,17.628,50,861
f4_v2_idx3,v2,agent,sem_filtro,name,asc,0,3,18.044,50,861
f4_v2_idx3,v2,agent,sem_filtro,name,asc,0,4,17.167,50,861
f4_v2_idx3,v2,agent,sem_filtro,name,asc,0,5,17.652,50,861
f4_v2_idx3,v2,agent,sem_filtro,name,asc,0,6,17.272,50,861
f4_v2_idx3,v2,agent,sem_filtro,name,asc,500,1,17.539,50,861
f4_v2_idx3,v2,agent,sem_filtro,name,asc,500,2,17.489,50,861
f4_v2_idx3,v2,agent,sem_filtro,name,asc,500,3,18.1,50,861
f4_v2_idx3,v2,agent,sem_filtro,name,asc,500,4,17.887,50,861
f4_v2_idx3,v2,agent,sem_filtro,name,asc,500,5,17.659,50,861
f4_v2_idx3,v2,agent,sem_filtro,name,asc,500,6,18.314,50,861
f4_v2_idx3,v2,agent,sem_filtro,name,desc,0,1,17.612,50,861
f4_v2_idx3,v2,agent,sem_filtro,name,desc,0,2,16.944,50,861
f4_v2_idx3,v2,agent,sem_filtro,name,desc,0,3,16.917,50,861
f4_v2_idx3,v2,agent,sem_filtro,name,desc,0,4,16.963,50,861
f4_v2_idx3,v2,agent,sem_filtro,name,desc,0,5,17.337,50,861
f4_v2_idx3,v2,agent,sem_filtro,name,desc,0,6,16.588,50,861
f4_v2_idx3,v2,agent,sem_filtro,name,desc,500,1,17.471,50,861
f4_v2_idx3,v2,agent,sem_filtro,name,desc,500,2,17.809,50,861
f4_v2_idx3,v2,agent,sem_filtro,name,desc,500,3,17.981,50,861
f4_v2_idx3,v2,agent,sem_filtro,name,desc,500,4,16.892,50,861
f4_v2_idx3,v2,agent,sem_filtro,name,desc,500,5,16.824,50,861
f4_v2_idx3,v2,agent,sem_filtro,name,desc,500,6,18.435,50,861
f4_v2_idx3,v2,agent,sem_filtro,created_at,asc,0,1,20.175,50,861
f4_v2_idx3,v2,agent,sem_filtro,created_at,asc,0,2,19.433,50,861
f4_v2_idx3,v2,agent,sem_filtro,created_at,asc,0,3,17.155,50,861
f4_v2_idx3,v2,agent,sem_filtro,created_at,asc,0,4,17.18,50,861
f4_v2_idx3,v2,agent,sem_filtro,created_at,asc,0,5,16.513,50,861
f4_v2_idx3,v2,agent,sem_filtro,created_at,asc,0,6,17.587,50,861
f4_v2_idx3,v2,agent,sem_filtro,created_at,asc,500,1,16.701,50,861
f4_v2_idx3,v2,agent,sem_filtro,created_at,asc,500,2,17.686,50,861
f4_v2_idx3,v2,agent,sem_filtro,created_at,asc,500,3,21.245,50,861
f4_v2_idx3,v2,agent,sem_filtro,created_at,asc,500,4,19.601,50,861
f4_v2_idx3,v2,agent,sem_filtro,created_at,asc,500,5,18.459,50,861
f4_v2_idx3,v2,agent,sem_filtro,created_at,asc,500,6,18.62,50,861
f4_v2_idx3,v2,agent,sem_filtro,created_at,desc,0,1,17.148,50,861
f4_v2_idx3,v2,agent,sem_filtro,created_at,desc,0,2,16.777,50,861
f4_v2_idx3,v2,agent,sem_filtro,created_at,desc,0,3,17.505,50,861
f4_v2_idx3,v2,agent,sem_filtro,created_at,desc,0,4,16.886,50,861
f4_v2_idx3,v2,agent,sem_filtro,created_at,desc,0,5,17.155,50,861
f4_v2_idx3,v2,agent,sem_filtro,created_at,desc,0,6,16.382,50,861
f4_v2_idx3,v2,agent,sem_filtro,created_at,desc,500,1,16.788,50,861
f4_v2_idx3,v2,agent,sem_filtro,created_at,desc,500,2,16.529,50,861
f4_v2_idx3,v2,agent,sem_filtro,created_at,desc,500,3,16.919,50,861
f4_v2_idx3,v2,agent,sem_filtro,created_at,desc,500,4,18.654,50,861
f4_v2_idx3,v2,agent,sem_filtro,created_at,desc,500,5,17.157,50,861
f4_v2_idx3,v2,agent,sem_filtro,created_at,desc,500,6,17.079,50,861
f4_v2_idx3,v2,agent,sem_filtro,company,asc,0,1,17.21,50,861
f4_v2_idx3,v2,agent,sem_filtro,company,asc,0,2,17.043,50,861
f4_v2_idx3,v2,agent,sem_filtro,company,asc,0,3,17.446,50,861
f4_v2_idx3,v2,agent,sem_filtro,company,asc,0,4,17.252,50,861
f4_v2_idx3,v2,agent,sem_filtro,company,asc,0,5,16.82,50,861
f4_v2_idx3,v2,agent,sem_filtro,company,asc,0,6,16.999,50,861
f4_v2_idx3,v2,agent,sem_filtro,company,asc,500,1,17.014,50,861
f4_v2_idx3,v2,agent,sem_filtro,company,asc,500,2,17.066,50,861
f4_v2_idx3,v2,agent,sem_filtro,company,asc,500,3,17.195,50,861
f4_v2_idx3,v2,agent,sem_filtro,company,asc,500,4,17.828,50,861
f4_v2_idx3,v2,agent,sem_filtro,company,asc,500,5,17.64,50,861
f4_v2_idx3,v2,agent,sem_filtro,company,asc,500,6,18.832,50,861
f4_v2_idx3,v2,agent,sem_filtro,company,desc,0,1,17.833,50,861
f4_v2_idx3,v2,agent,sem_filtro,company,desc,0,2,17.302,50,861
f4_v2_idx3,v2,agent,sem_filtro,company,desc,0,3,17.861,50,861
f4_v2_idx3,v2,agent,sem_filtro,company,desc,0,4,17.169,50,861
f4_v2_idx3,v2,agent,sem_filtro,company,desc,0,5,17.934,50,861
f4_v2_idx3,v2,agent,sem_filtro,company,desc,0,6,17.212,50,861
f4_v2_idx3,v2,agent,sem_filtro,company,desc,500,1,16.909,50,861
f4_v2_idx3,v2,agent,sem_filtro,company,desc,500,2,17.637,50,861
f4_v2_idx3,v2,agent,sem_filtro,company,desc,500,3,17.495,50,861
f4_v2_idx3,v2,agent,sem_filtro,company,desc,500,4,19.932,50,861
f4_v2_idx3,v2,agent,sem_filtro,company,desc,500,5,18.424,50,861
f4_v2_idx3,v2,agent,sem_filtro,company,desc,500,6,17.086,50,861
f4_v2_idx3,v2,agent,termo_nome_5ch,name,asc,0,1,6.668,50,109
f4_v2_idx3,v2,agent,termo_nome_5ch,name,asc,0,2,8.049,50,109
f4_v2_idx3,v2,agent,termo_nome_5ch,name,asc,0,3,6.321,50,109
f4_v2_idx3,v2,agent,termo_nome_5ch,name,asc,0,4,6.711,50,109
f4_v2_idx3,v2,agent,termo_nome_5ch,name,asc,0,5,6.687,50,109
f4_v2_idx3,v2,agent,termo_nome_5ch,name,asc,0,6,6.73,50,109
f4_v2_idx3,v2,agent,termo_nome_5ch,name,asc,500,1,7.687,0,
f4_v2_idx3,v2,agent,termo_nome_5ch,name,asc,500,2,6.975,0,
f4_v2_idx3,v2,agent,termo_nome_5ch,name,asc,500,3,7.159,0,
f4_v2_idx3,v2,agent,termo_nome_5ch,name,asc,500,4,7.982,0,
f4_v2_idx3,v2,agent,termo_nome_5ch,name,asc,500,5,7.297,0,
f4_v2_idx3,v2,agent,termo_nome_5ch,name,asc,500,6,8.014,0,
f4_v2_idx3,v2,agent,termo_nome_5ch,name,desc,0,1,6.916,50,109
f4_v2_idx3,v2,agent,termo_nome_5ch,name,desc,0,2,7.064,50,109
f4_v2_idx3,v2,agent,termo_nome_5ch,name,desc,0,3,6.266,50,109
f4_v2_idx3,v2,agent,termo_nome_5ch,name,desc,0,4,6.884,50,109
f4_v2_idx3,v2,agent,termo_nome_5ch,name,desc,0,5,7.08,50,109
f4_v2_idx3,v2,agent,termo_nome_5ch,name,desc,0,6,6.192,50,109
f4_v2_idx3,v2,agent,termo_nome_5ch,name,desc,500,1,6.891,0,
f4_v2_idx3,v2,agent,termo_nome_5ch,name,desc,500,2,6.457,0,
f4_v2_idx3,v2,agent,termo_nome_5ch,name,desc,500,3,6.795,0,
f4_v2_idx3,v2,agent,termo_nome_5ch,name,desc,500,4,6.644,0,
f4_v2_idx3,v2,agent,termo_nome_5ch,name,desc,500,5,7.482,0,
f4_v2_idx3,v2,agent,termo_nome_5ch,name,desc,500,6,6.375,0,
f4_v2_idx3,v2,agent,termo_nome_5ch,created_at,asc,0,1,6.496,50,109
f4_v2_idx3,v2,agent,termo_nome_5ch,created_at,asc,0,2,6.844,50,109
f4_v2_idx3,v2,agent,termo_nome_5ch,created_at,asc,0,3,6.392,50,109
f4_v2_idx3,v2,agent,termo_nome_5ch,created_at,asc,0,4,6.762,50,109
f4_v2_idx3,v2,agent,termo_nome_5ch,created_at,asc,0,5,6.523,50,109
f4_v2_idx3,v2,agent,termo_nome_5ch,created_at,asc,0,6,6.641,50,109
f4_v2_idx3,v2,agent,termo_nome_5ch,created_at,asc,500,1,6.434,0,
f4_v2_idx3,v2,agent,termo_nome_5ch,created_at,asc,500,2,6.727,0,
f4_v2_idx3,v2,agent,termo_nome_5ch,created_at,asc,500,3,6.85,0,
f4_v2_idx3,v2,agent,termo_nome_5ch,created_at,asc,500,4,6.602,0,
f4_v2_idx3,v2,agent,termo_nome_5ch,created_at,asc,500,5,9.543,0,
f4_v2_idx3,v2,agent,termo_nome_5ch,created_at,asc,500,6,6.336,0,
f4_v2_idx3,v2,agent,termo_nome_5ch,created_at,desc,0,1,6.705,50,109
f4_v2_idx3,v2,agent,termo_nome_5ch,created_at,desc,0,2,7.138,50,109
f4_v2_idx3,v2,agent,termo_nome_5ch,created_at,desc,0,3,7.165,50,109
f4_v2_idx3,v2,agent,termo_nome_5ch,created_at,desc,0,4,6.563,50,109
f4_v2_idx3,v2,agent,termo_nome_5ch,created_at,desc,0,5,6.753,50,109
f4_v2_idx3,v2,agent,termo_nome_5ch,created_at,desc,0,6,7.423,50,109
f4_v2_idx3,v2,agent,termo_nome_5ch,created_at,desc,500,1,7.041,0,
f4_v2_idx3,v2,agent,termo_nome_5ch,created_at,desc,500,2,9.373,0,
f4_v2_idx3,v2,agent,termo_nome_5ch,created_at,desc,500,3,7.342,0,
f4_v2_idx3,v2,agent,termo_nome_5ch,created_at,desc,500,4,7.124,0,
f4_v2_idx3,v2,agent,termo_nome_5ch,created_at,desc,500,5,6.932,0,
f4_v2_idx3,v2,agent,termo_nome_5ch,created_at,desc,500,6,7.665,0,
f4_v2_idx3,v2,agent,termo_nome_5ch,company,asc,0,1,7.546,50,109
f4_v2_idx3,v2,agent,termo_nome_5ch,company,asc,0,2,7.241,50,109
f4_v2_idx3,v2,agent,termo_nome_5ch,company,asc,0,3,7.229,50,109
f4_v2_idx3,v2,agent,termo_nome_5ch,company,asc,0,4,6.663,50,109
f4_v2_idx3,v2,agent,termo_nome_5ch,company,asc,0,5,7.575,50,109
f4_v2_idx3,v2,agent,termo_nome_5ch,company,asc,0,6,7.005,50,109
f4_v2_idx3,v2,agent,termo_nome_5ch,company,asc,500,1,7.399,0,
f4_v2_idx3,v2,agent,termo_nome_5ch,company,asc,500,2,7.35,0,
f4_v2_idx3,v2,agent,termo_nome_5ch,company,asc,500,3,6.947,0,
f4_v2_idx3,v2,agent,termo_nome_5ch,company,asc,500,4,8.207,0,
f4_v2_idx3,v2,agent,termo_nome_5ch,company,asc,500,5,6.997,0,
f4_v2_idx3,v2,agent,termo_nome_5ch,company,asc,500,6,6.928,0,
f4_v2_idx3,v2,agent,termo_nome_5ch,company,desc,0,1,7.241,50,109
f4_v2_idx3,v2,agent,termo_nome_5ch,company,desc,0,2,8.254,50,109
f4_v2_idx3,v2,agent,termo_nome_5ch,company,desc,0,3,7.75,50,109
f4_v2_idx3,v2,agent,termo_nome_5ch,company,desc,0,4,7.039,50,109
f4_v2_idx3,v2,agent,termo_nome_5ch,company,desc,0,5,7.21,50,109
f4_v2_idx3,v2,agent,termo_nome_5ch,company,desc,0,6,6.961,50,109
f4_v2_idx3,v2,agent,termo_nome_5ch,company,desc,500,1,7.167,0,
f4_v2_idx3,v2,agent,termo_nome_5ch,company,desc,500,2,8.355,0,
f4_v2_idx3,v2,agent,termo_nome_5ch,company,desc,500,3,7.146,0,
f4_v2_idx3,v2,agent,termo_nome_5ch,company,desc,500,4,7.847,0,
f4_v2_idx3,v2,agent,termo_nome_5ch,company,desc,500,5,6.921,0,
f4_v2_idx3,v2,agent,termo_nome_5ch,company,desc,500,6,8.293,0,
f4_v2_idx3,v2,agent,combinado,name,asc,0,1,0.671,1,1
f4_v2_idx3,v2,agent,combinado,name,asc,0,2,0.613,1,1
f4_v2_idx3,v2,agent,combinado,name,asc,0,3,0.66,1,1
f4_v2_idx3,v2,agent,combinado,name,asc,0,4,0.63,1,1
f4_v2_idx3,v2,agent,combinado,name,asc,0,5,0.62,1,1
f4_v2_idx3,v2,agent,combinado,name,asc,0,6,0.699,1,1
f4_v2_idx3,v2,agent,combinado,name,asc,500,1,0.93,0,
f4_v2_idx3,v2,agent,combinado,name,asc,500,2,0.832,0,
f4_v2_idx3,v2,agent,combinado,name,asc,500,3,0.728,0,
f4_v2_idx3,v2,agent,combinado,name,asc,500,4,0.619,0,
f4_v2_idx3,v2,agent,combinado,name,asc,500,5,0.654,0,
f4_v2_idx3,v2,agent,combinado,name,asc,500,6,0.804,0,
f4_v2_idx3,v2,agent,combinado,name,desc,0,1,0.607,1,1
f4_v2_idx3,v2,agent,combinado,name,desc,0,2,0.848,1,1
f4_v2_idx3,v2,agent,combinado,name,desc,0,3,1.357,1,1
f4_v2_idx3,v2,agent,combinado,name,desc,0,4,0.752,1,1
f4_v2_idx3,v2,agent,combinado,name,desc,0,5,0.678,1,1
f4_v2_idx3,v2,agent,combinado,name,desc,0,6,0.728,1,1
f4_v2_idx3,v2,agent,combinado,name,desc,500,1,0.63,0,
f4_v2_idx3,v2,agent,combinado,name,desc,500,2,0.722,0,
f4_v2_idx3,v2,agent,combinado,name,desc,500,3,0.65,0,
f4_v2_idx3,v2,agent,combinado,name,desc,500,4,0.631,0,
f4_v2_idx3,v2,agent,combinado,name,desc,500,5,0.889,0,
f4_v2_idx3,v2,agent,combinado,name,desc,500,6,0.912,0,
f4_v2_idx3,v2,agent,combinado,created_at,asc,0,1,0.76,1,1
f4_v2_idx3,v2,agent,combinado,created_at,asc,0,2,0.712,1,1
f4_v2_idx3,v2,agent,combinado,created_at,asc,0,3,0.742,1,1
f4_v2_idx3,v2,agent,combinado,created_at,asc,0,4,0.643,1,1
f4_v2_idx3,v2,agent,combinado,created_at,asc,0,5,0.639,1,1
f4_v2_idx3,v2,agent,combinado,created_at,asc,0,6,0.613,1,1
f4_v2_idx3,v2,agent,combinado,created_at,asc,500,1,0.72,0,
f4_v2_idx3,v2,agent,combinado,created_at,asc,500,2,0.667,0,
f4_v2_idx3,v2,agent,combinado,created_at,asc,500,3,0.667,0,
f4_v2_idx3,v2,agent,combinado,created_at,asc,500,4,0.672,0,
f4_v2_idx3,v2,agent,combinado,created_at,asc,500,5,0.66,0,
f4_v2_idx3,v2,agent,combinado,created_at,asc,500,6,0.884,0,
f4_v2_idx3,v2,agent,combinado,created_at,desc,0,1,0.674,1,1
f4_v2_idx3,v2,agent,combinado,created_at,desc,0,2,0.769,1,1
f4_v2_idx3,v2,agent,combinado,created_at,desc,0,3,0.946,1,1
f4_v2_idx3,v2,agent,combinado,created_at,desc,0,4,0.772,1,1
f4_v2_idx3,v2,agent,combinado,created_at,desc,0,5,0.871,1,1
f4_v2_idx3,v2,agent,combinado,created_at,desc,0,6,0.671,1,1
f4_v2_idx3,v2,agent,combinado,created_at,desc,500,1,0.6,0,
f4_v2_idx3,v2,agent,combinado,created_at,desc,500,2,0.715,0,
f4_v2_idx3,v2,agent,combinado,created_at,desc,500,3,0.693,0,
f4_v2_idx3,v2,agent,combinado,created_at,desc,500,4,0.64,0,
f4_v2_idx3,v2,agent,combinado,created_at,desc,500,5,0.814,0,
f4_v2_idx3,v2,agent,combinado,created_at,desc,500,6,0.826,0,
f4_v2_idx3,v2,agent,combinado,company,asc,0,1,0.669,1,1
f4_v2_idx3,v2,agent,combinado,company,asc,0,2,0.647,1,1
f4_v2_idx3,v2,agent,combinado,company,asc,0,3,0.652,1,1
f4_v2_idx3,v2,agent,combinado,company,asc,0,4,0.727,1,1
f4_v2_idx3,v2,agent,combinado,company,asc,0,5,1.047,1,1
f4_v2_idx3,v2,agent,combinado,company,asc,0,6,0.735,1,1
f4_v2_idx3,v2,agent,combinado,company,asc,500,1,1.041,0,
f4_v2_idx3,v2,agent,combinado,company,asc,500,2,0.702,0,
f4_v2_idx3,v2,agent,combinado,company,asc,500,3,0.804,0,
f4_v2_idx3,v2,agent,combinado,company,asc,500,4,0.707,0,
f4_v2_idx3,v2,agent,combinado,company,asc,500,5,0.713,0,
f4_v2_idx3,v2,agent,combinado,company,asc,500,6,0.881,0,
f4_v2_idx3,v2,agent,combinado,company,desc,0,1,0.815,1,1
f4_v2_idx3,v2,agent,combinado,company,desc,0,2,1.014,1,1
f4_v2_idx3,v2,agent,combinado,company,desc,0,3,0.751,1,1
f4_v2_idx3,v2,agent,combinado,company,desc,0,4,0.75,1,1
f4_v2_idx3,v2,agent,combinado,company,desc,0,5,0.664,1,1
f4_v2_idx3,v2,agent,combinado,company,desc,0,6,0.708,1,1
f4_v2_idx3,v2,agent,combinado,company,desc,500,1,0.758,0,
f4_v2_idx3,v2,agent,combinado,company,desc,500,2,0.698,0,
f4_v2_idx3,v2,agent,combinado,company,desc,500,3,0.736,0,
f4_v2_idx3,v2,agent,combinado,company,desc,500,4,1.026,0,
f4_v2_idx3,v2,agent,combinado,company,desc,500,5,0.782,0,
f4_v2_idx3,v2,agent,combinado,company,desc,500,6,0.715,0,
f4_v3_idx3,v3,agent,__overhead_wrapper__,-,-,-1,0,0.259,0,0
f4_v3_idx3,v3,agent,sem_filtro,name,asc,0,1,22.222,50,861
f4_v3_idx3,v3,agent,sem_filtro,name,asc,0,2,20.475,50,861
f4_v3_idx3,v3,agent,sem_filtro,name,asc,0,3,20.787,50,861
f4_v3_idx3,v3,agent,sem_filtro,name,asc,0,4,20.325,50,861
f4_v3_idx3,v3,agent,sem_filtro,name,asc,0,5,21.663,50,861
f4_v3_idx3,v3,agent,sem_filtro,name,asc,0,6,20.824,50,861
f4_v3_idx3,v3,agent,sem_filtro,name,asc,500,1,29.055,50,861
f4_v3_idx3,v3,agent,sem_filtro,name,asc,500,2,28.339,50,861
f4_v3_idx3,v3,agent,sem_filtro,name,asc,500,3,27.746,50,861
f4_v3_idx3,v3,agent,sem_filtro,name,asc,500,4,26.796,50,861
f4_v3_idx3,v3,agent,sem_filtro,name,asc,500,5,28.044,50,861
f4_v3_idx3,v3,agent,sem_filtro,name,asc,500,6,28.122,50,861
f4_v3_idx3,v3,agent,sem_filtro,name,desc,0,1,33.98,50,861
f4_v3_idx3,v3,agent,sem_filtro,name,desc,0,2,34.16,50,861
f4_v3_idx3,v3,agent,sem_filtro,name,desc,0,3,35.775,50,861
f4_v3_idx3,v3,agent,sem_filtro,name,desc,0,4,33.288,50,861
f4_v3_idx3,v3,agent,sem_filtro,name,desc,0,5,33.56,50,861
f4_v3_idx3,v3,agent,sem_filtro,name,desc,0,6,32.438,50,861
f4_v3_idx3,v3,agent,sem_filtro,name,desc,500,1,35.338,50,861
f4_v3_idx3,v3,agent,sem_filtro,name,desc,500,2,34.245,50,861
f4_v3_idx3,v3,agent,sem_filtro,name,desc,500,3,34.164,50,861
f4_v3_idx3,v3,agent,sem_filtro,name,desc,500,4,35.345,50,861
f4_v3_idx3,v3,agent,sem_filtro,name,desc,500,5,35.447,50,861
f4_v3_idx3,v3,agent,sem_filtro,name,desc,500,6,33.557,50,861
f4_v3_idx3,v3,agent,sem_filtro,created_at,asc,0,1,18.049,50,861
f4_v3_idx3,v3,agent,sem_filtro,created_at,asc,0,2,19.112,50,861
f4_v3_idx3,v3,agent,sem_filtro,created_at,asc,0,3,18.75,50,861
f4_v3_idx3,v3,agent,sem_filtro,created_at,asc,0,4,18.605,50,861
f4_v3_idx3,v3,agent,sem_filtro,created_at,asc,0,5,19.509,50,861
f4_v3_idx3,v3,agent,sem_filtro,created_at,asc,0,6,18.739,50,861
f4_v3_idx3,v3,agent,sem_filtro,created_at,asc,500,1,29.723,50,861
f4_v3_idx3,v3,agent,sem_filtro,created_at,asc,500,2,27.998,50,861
f4_v3_idx3,v3,agent,sem_filtro,created_at,asc,500,3,29.078,50,861
f4_v3_idx3,v3,agent,sem_filtro,created_at,asc,500,4,29.325,50,861
f4_v3_idx3,v3,agent,sem_filtro,created_at,asc,500,5,28.01,50,861
f4_v3_idx3,v3,agent,sem_filtro,created_at,asc,500,6,28.279,50,861
f4_v3_idx3,v3,agent,sem_filtro,created_at,desc,0,1,35.36,50,861
f4_v3_idx3,v3,agent,sem_filtro,created_at,desc,0,2,33.296,50,861
f4_v3_idx3,v3,agent,sem_filtro,created_at,desc,0,3,31.878,50,861
f4_v3_idx3,v3,agent,sem_filtro,created_at,desc,0,4,33.372,50,861
f4_v3_idx3,v3,agent,sem_filtro,created_at,desc,0,5,32.141,50,861
f4_v3_idx3,v3,agent,sem_filtro,created_at,desc,0,6,33.716,50,861
f4_v3_idx3,v3,agent,sem_filtro,created_at,desc,500,1,37.739,50,861
f4_v3_idx3,v3,agent,sem_filtro,created_at,desc,500,2,36.841,50,861
f4_v3_idx3,v3,agent,sem_filtro,created_at,desc,500,3,39.229,50,861
f4_v3_idx3,v3,agent,sem_filtro,created_at,desc,500,4,42.336,50,861
f4_v3_idx3,v3,agent,sem_filtro,created_at,desc,500,5,39.214,50,861
f4_v3_idx3,v3,agent,sem_filtro,created_at,desc,500,6,37.803,50,861
f4_v3_idx3,v3,agent,sem_filtro,company,asc,0,1,19.667,50,861
f4_v3_idx3,v3,agent,sem_filtro,company,asc,0,2,19.073,50,861
f4_v3_idx3,v3,agent,sem_filtro,company,asc,0,3,19.906,50,861
f4_v3_idx3,v3,agent,sem_filtro,company,asc,0,4,19.276,50,861
f4_v3_idx3,v3,agent,sem_filtro,company,asc,0,5,20.331,50,861
f4_v3_idx3,v3,agent,sem_filtro,company,asc,0,6,18.633,50,861
f4_v3_idx3,v3,agent,sem_filtro,company,asc,500,1,29.33,50,861
f4_v3_idx3,v3,agent,sem_filtro,company,asc,500,2,29.75,50,861
f4_v3_idx3,v3,agent,sem_filtro,company,asc,500,3,28.665,50,861
f4_v3_idx3,v3,agent,sem_filtro,company,asc,500,4,28.04,50,861
f4_v3_idx3,v3,agent,sem_filtro,company,asc,500,5,29.42,50,861
f4_v3_idx3,v3,agent,sem_filtro,company,asc,500,6,29.86,50,861
f4_v3_idx3,v3,agent,sem_filtro,company,desc,0,1,32.941,50,861
f4_v3_idx3,v3,agent,sem_filtro,company,desc,0,2,35.299,50,861
f4_v3_idx3,v3,agent,sem_filtro,company,desc,0,3,33.501,50,861
f4_v3_idx3,v3,agent,sem_filtro,company,desc,0,4,33.155,50,861
f4_v3_idx3,v3,agent,sem_filtro,company,desc,0,5,32.479,50,861
f4_v3_idx3,v3,agent,sem_filtro,company,desc,0,6,34.007,50,861
f4_v3_idx3,v3,agent,sem_filtro,company,desc,500,1,33.511,50,861
f4_v3_idx3,v3,agent,sem_filtro,company,desc,500,2,34.283,50,861
f4_v3_idx3,v3,agent,sem_filtro,company,desc,500,3,34.039,50,861
f4_v3_idx3,v3,agent,sem_filtro,company,desc,500,4,32.77,50,861
f4_v3_idx3,v3,agent,sem_filtro,company,desc,500,5,33.124,50,861
f4_v3_idx3,v3,agent,sem_filtro,company,desc,500,6,32.796,50,861
f4_v3_idx3,v3,agent,termo_nome_5ch,name,asc,0,1,10.636,50,109
f4_v3_idx3,v3,agent,termo_nome_5ch,name,asc,0,2,9.965,50,109
f4_v3_idx3,v3,agent,termo_nome_5ch,name,asc,0,3,10.911,50,109
f4_v3_idx3,v3,agent,termo_nome_5ch,name,asc,0,4,10.704,50,109
f4_v3_idx3,v3,agent,termo_nome_5ch,name,asc,0,5,9.657,50,109
f4_v3_idx3,v3,agent,termo_nome_5ch,name,asc,0,6,10.68,50,109
f4_v3_idx3,v3,agent,termo_nome_5ch,name,asc,500,1,12.751,0,
f4_v3_idx3,v3,agent,termo_nome_5ch,name,asc,500,2,12.642,0,
f4_v3_idx3,v3,agent,termo_nome_5ch,name,asc,500,3,13.388,0,
f4_v3_idx3,v3,agent,termo_nome_5ch,name,asc,500,4,13.067,0,
f4_v3_idx3,v3,agent,termo_nome_5ch,name,asc,500,5,12.888,0,
f4_v3_idx3,v3,agent,termo_nome_5ch,name,asc,500,6,13.79,0,
f4_v3_idx3,v3,agent,termo_nome_5ch,name,desc,0,1,12.335,50,109
f4_v3_idx3,v3,agent,termo_nome_5ch,name,desc,0,2,12.572,50,109
f4_v3_idx3,v3,agent,termo_nome_5ch,name,desc,0,3,13.542,50,109
f4_v3_idx3,v3,agent,termo_nome_5ch,name,desc,0,4,12.632,50,109
f4_v3_idx3,v3,agent,termo_nome_5ch,name,desc,0,5,14.187,50,109
f4_v3_idx3,v3,agent,termo_nome_5ch,name,desc,0,6,13.075,50,109
f4_v3_idx3,v3,agent,termo_nome_5ch,name,desc,500,1,13.721,0,
f4_v3_idx3,v3,agent,termo_nome_5ch,name,desc,500,2,13.586,0,
f4_v3_idx3,v3,agent,termo_nome_5ch,name,desc,500,3,12.477,0,
f4_v3_idx3,v3,agent,termo_nome_5ch,name,desc,500,4,13.528,0,
f4_v3_idx3,v3,agent,termo_nome_5ch,name,desc,500,5,13.065,0,
f4_v3_idx3,v3,agent,termo_nome_5ch,name,desc,500,6,13.293,0,
f4_v3_idx3,v3,agent,termo_nome_5ch,created_at,asc,0,1,10.573,50,109
f4_v3_idx3,v3,agent,termo_nome_5ch,created_at,asc,0,2,9.52,50,109
f4_v3_idx3,v3,agent,termo_nome_5ch,created_at,asc,0,3,9.743,50,109
f4_v3_idx3,v3,agent,termo_nome_5ch,created_at,asc,0,4,11.016,50,109
f4_v3_idx3,v3,agent,termo_nome_5ch,created_at,asc,0,5,10.608,50,109
f4_v3_idx3,v3,agent,termo_nome_5ch,created_at,asc,0,6,11.161,50,109
f4_v3_idx3,v3,agent,termo_nome_5ch,created_at,asc,500,1,13.368,0,
f4_v3_idx3,v3,agent,termo_nome_5ch,created_at,asc,500,2,13.091,0,
f4_v3_idx3,v3,agent,termo_nome_5ch,created_at,asc,500,3,13.077,0,
f4_v3_idx3,v3,agent,termo_nome_5ch,created_at,asc,500,4,13.375,0,
f4_v3_idx3,v3,agent,termo_nome_5ch,created_at,asc,500,5,-419.424,0,
f4_v3_idx3,v3,agent,termo_nome_5ch,created_at,asc,500,6,12.338,0,
f4_v3_idx3,v3,agent,termo_nome_5ch,created_at,desc,0,1,13.553,50,109
f4_v3_idx3,v3,agent,termo_nome_5ch,created_at,desc,0,2,13.942,50,109
f4_v3_idx3,v3,agent,termo_nome_5ch,created_at,desc,0,3,13.363,50,109
f4_v3_idx3,v3,agent,termo_nome_5ch,created_at,desc,0,4,13.358,50,109
f4_v3_idx3,v3,agent,termo_nome_5ch,created_at,desc,0,5,13.158,50,109
f4_v3_idx3,v3,agent,termo_nome_5ch,created_at,desc,0,6,12.896,50,109
f4_v3_idx3,v3,agent,termo_nome_5ch,created_at,desc,500,1,12.799,0,
f4_v3_idx3,v3,agent,termo_nome_5ch,created_at,desc,500,2,13.801,0,
f4_v3_idx3,v3,agent,termo_nome_5ch,created_at,desc,500,3,13.212,0,
f4_v3_idx3,v3,agent,termo_nome_5ch,created_at,desc,500,4,12.437,0,
f4_v3_idx3,v3,agent,termo_nome_5ch,created_at,desc,500,5,12.367,0,
f4_v3_idx3,v3,agent,termo_nome_5ch,created_at,desc,500,6,12.974,0,
f4_v3_idx3,v3,agent,termo_nome_5ch,company,asc,0,1,11.31,50,109
f4_v3_idx3,v3,agent,termo_nome_5ch,company,asc,0,2,11.166,50,109
f4_v3_idx3,v3,agent,termo_nome_5ch,company,asc,0,3,11.421,50,109
f4_v3_idx3,v3,agent,termo_nome_5ch,company,asc,0,4,9.706,50,109
f4_v3_idx3,v3,agent,termo_nome_5ch,company,asc,0,5,10.799,50,109
f4_v3_idx3,v3,agent,termo_nome_5ch,company,asc,0,6,10.232,50,109
f4_v3_idx3,v3,agent,termo_nome_5ch,company,asc,500,1,13.763,0,
f4_v3_idx3,v3,agent,termo_nome_5ch,company,asc,500,2,12.989,0,
f4_v3_idx3,v3,agent,termo_nome_5ch,company,asc,500,3,12.739,0,
f4_v3_idx3,v3,agent,termo_nome_5ch,company,asc,500,4,12.891,0,
f4_v3_idx3,v3,agent,termo_nome_5ch,company,asc,500,5,13.226,0,
f4_v3_idx3,v3,agent,termo_nome_5ch,company,asc,500,6,13.359,0,
f4_v3_idx3,v3,agent,termo_nome_5ch,company,desc,0,1,12.883,50,109
f4_v3_idx3,v3,agent,termo_nome_5ch,company,desc,0,2,13.201,50,109
f4_v3_idx3,v3,agent,termo_nome_5ch,company,desc,0,3,12.406,50,109
f4_v3_idx3,v3,agent,termo_nome_5ch,company,desc,0,4,13.108,50,109
f4_v3_idx3,v3,agent,termo_nome_5ch,company,desc,0,5,13.496,50,109
f4_v3_idx3,v3,agent,termo_nome_5ch,company,desc,0,6,12.957,50,109
f4_v3_idx3,v3,agent,termo_nome_5ch,company,desc,500,1,12.555,0,
f4_v3_idx3,v3,agent,termo_nome_5ch,company,desc,500,2,12.785,0,
f4_v3_idx3,v3,agent,termo_nome_5ch,company,desc,500,3,13.176,0,
f4_v3_idx3,v3,agent,termo_nome_5ch,company,desc,500,4,12.993,0,
f4_v3_idx3,v3,agent,termo_nome_5ch,company,desc,500,5,12.309,0,
f4_v3_idx3,v3,agent,termo_nome_5ch,company,desc,500,6,13.648,0,
f4_v3_idx3,v3,agent,termo_empresa,name,asc,0,1,7.592,50,88
f4_v3_idx3,v3,agent,termo_empresa,name,asc,0,2,7.08,50,88
f4_v3_idx3,v3,agent,termo_empresa,name,asc,0,3,7.779,50,88
f4_v3_idx3,v3,agent,termo_empresa,name,asc,0,4,7.621,50,88
f4_v3_idx3,v3,agent,termo_empresa,name,asc,0,5,7.266,50,88
f4_v3_idx3,v3,agent,termo_empresa,name,asc,0,6,7.31,50,88
f4_v3_idx3,v3,agent,termo_empresa,name,asc,500,1,6.208,0,
f4_v3_idx3,v3,agent,termo_empresa,name,asc,500,2,6.826,0,
f4_v3_idx3,v3,agent,termo_empresa,name,asc,500,3,6.217,0,
f4_v3_idx3,v3,agent,termo_empresa,name,asc,500,4,6.091,0,
f4_v3_idx3,v3,agent,termo_empresa,name,asc,500,5,6.864,0,
f4_v3_idx3,v3,agent,termo_empresa,name,asc,500,6,6.081,0,
f4_v3_idx3,v3,agent,termo_empresa,name,desc,0,1,6.677,50,88
f4_v3_idx3,v3,agent,termo_empresa,name,desc,0,2,6.882,50,88
f4_v3_idx3,v3,agent,termo_empresa,name,desc,0,3,6.203,50,88
f4_v3_idx3,v3,agent,termo_empresa,name,desc,0,4,6.92,50,88
f4_v3_idx3,v3,agent,termo_empresa,name,desc,0,5,6.449,50,88
f4_v3_idx3,v3,agent,termo_empresa,name,desc,0,6,5.725,50,88
f4_v3_idx3,v3,agent,termo_empresa,name,desc,500,1,6.048,0,
f4_v3_idx3,v3,agent,termo_empresa,name,desc,500,2,6.69,0,
f4_v3_idx3,v3,agent,termo_empresa,name,desc,500,3,6.619,0,
f4_v3_idx3,v3,agent,termo_empresa,name,desc,500,4,6.231,0,
f4_v3_idx3,v3,agent,termo_empresa,name,desc,500,5,5.862,0,
f4_v3_idx3,v3,agent,termo_empresa,name,desc,500,6,6.206,0,
f4_v3_idx3,v3,agent,termo_empresa,created_at,asc,0,1,7.689,50,88
f4_v3_idx3,v3,agent,termo_empresa,created_at,asc,0,2,7.492,50,88
f4_v3_idx3,v3,agent,termo_empresa,created_at,asc,0,3,7.835,50,88
f4_v3_idx3,v3,agent,termo_empresa,created_at,asc,0,4,7.032,50,88
f4_v3_idx3,v3,agent,termo_empresa,created_at,asc,0,5,7.5,50,88
f4_v3_idx3,v3,agent,termo_empresa,created_at,asc,0,6,7.206,50,88
f4_v3_idx3,v3,agent,termo_empresa,created_at,asc,500,1,6.075,0,
f4_v3_idx3,v3,agent,termo_empresa,created_at,asc,500,2,6.759,0,
f4_v3_idx3,v3,agent,termo_empresa,created_at,asc,500,3,6.795,0,
f4_v3_idx3,v3,agent,termo_empresa,created_at,asc,500,4,6.216,0,
f4_v3_idx3,v3,agent,termo_empresa,created_at,asc,500,5,7.004,0,
f4_v3_idx3,v3,agent,termo_empresa,created_at,asc,500,6,6.391,0,
f4_v3_idx3,v3,agent,termo_empresa,created_at,desc,0,1,6.523,50,88
f4_v3_idx3,v3,agent,termo_empresa,created_at,desc,0,2,6.96,50,88
f4_v3_idx3,v3,agent,termo_empresa,created_at,desc,0,3,6.164,50,88
f4_v3_idx3,v3,agent,termo_empresa,created_at,desc,0,4,6.715,50,88
f4_v3_idx3,v3,agent,termo_empresa,created_at,desc,0,5,6.376,50,88
f4_v3_idx3,v3,agent,termo_empresa,created_at,desc,0,6,7.088,50,88
f4_v3_idx3,v3,agent,termo_empresa,created_at,desc,500,1,6.512,0,
f4_v3_idx3,v3,agent,termo_empresa,created_at,desc,500,2,6.468,0,
f4_v3_idx3,v3,agent,termo_empresa,created_at,desc,500,3,6.524,0,
f4_v3_idx3,v3,agent,termo_empresa,created_at,desc,500,4,6.463,0,
f4_v3_idx3,v3,agent,termo_empresa,created_at,desc,500,5,6.053,0,
f4_v3_idx3,v3,agent,termo_empresa,created_at,desc,500,6,7.086,0,
f4_v3_idx3,v3,agent,termo_empresa,company,asc,0,1,9.868,50,88
f4_v3_idx3,v3,agent,termo_empresa,company,asc,0,2,9.851,50,88
f4_v3_idx3,v3,agent,termo_empresa,company,asc,0,3,9.383,50,88
f4_v3_idx3,v3,agent,termo_empresa,company,asc,0,4,10.929,50,88
f4_v3_idx3,v3,agent,termo_empresa,company,asc,0,5,10.278,50,88
f4_v3_idx3,v3,agent,termo_empresa,company,asc,0,6,10.274,50,88
f4_v3_idx3,v3,agent,termo_empresa,company,asc,500,1,7.44,0,
f4_v3_idx3,v3,agent,termo_empresa,company,asc,500,2,6.886,0,
f4_v3_idx3,v3,agent,termo_empresa,company,asc,500,3,6.83,0,
f4_v3_idx3,v3,agent,termo_empresa,company,asc,500,4,7.018,0,
f4_v3_idx3,v3,agent,termo_empresa,company,asc,500,5,6.246,0,
f4_v3_idx3,v3,agent,termo_empresa,company,asc,500,6,7.331,0,
f4_v3_idx3,v3,agent,termo_empresa,company,desc,0,1,6.97,50,88
f4_v3_idx3,v3,agent,termo_empresa,company,desc,0,2,6.918,50,88
f4_v3_idx3,v3,agent,termo_empresa,company,desc,0,3,6.34,50,88
f4_v3_idx3,v3,agent,termo_empresa,company,desc,0,4,6.819,50,88
f4_v3_idx3,v3,agent,termo_empresa,company,desc,0,5,6.697,50,88
f4_v3_idx3,v3,agent,termo_empresa,company,desc,0,6,7.335,50,88
f4_v3_idx3,v3,agent,termo_empresa,company,desc,500,1,7.558,0,
f4_v3_idx3,v3,agent,termo_empresa,company,desc,500,2,7.012,0,
f4_v3_idx3,v3,agent,termo_empresa,company,desc,500,3,7.272,0,
f4_v3_idx3,v3,agent,termo_empresa,company,desc,500,4,6.876,0,
f4_v3_idx3,v3,agent,termo_empresa,company,desc,500,5,6.975,0,
f4_v3_idx3,v3,agent,termo_empresa,company,desc,500,6,6.746,0,
f4_v3_idx3,v3,agent,filtro_tipo,name,asc,0,1,7.759,50,158
f4_v3_idx3,v3,agent,filtro_tipo,name,asc,0,2,8.07,50,158
f4_v3_idx3,v3,agent,filtro_tipo,name,asc,0,3,7.811,50,158
f4_v3_idx3,v3,agent,filtro_tipo,name,asc,0,4,7.978,50,158
f4_v3_idx3,v3,agent,filtro_tipo,name,asc,0,5,12.44,50,158
f4_v3_idx3,v3,agent,filtro_tipo,name,asc,0,6,9.363,50,158
f4_v3_idx3,v3,agent,filtro_tipo,name,asc,500,1,8.505,0,
f4_v3_idx3,v3,agent,filtro_tipo,name,asc,500,2,8.907,0,
f4_v3_idx3,v3,agent,filtro_tipo,name,asc,500,3,8.771,0,
f4_v3_idx3,v3,agent,filtro_tipo,name,asc,500,4,7.8,0,
f4_v3_idx3,v3,agent,filtro_tipo,name,asc,500,5,8.905,0,
f4_v3_idx3,v3,agent,filtro_tipo,name,asc,500,6,8.272,0,
f4_v3_idx3,v3,agent,filtro_tipo,name,desc,0,4,7.908,50,158
f4_v3_idx3,v3,agent,filtro_tipo,name,desc,0,1,8.446,50,158
f4_v3_idx3,v3,agent,filtro_tipo,name,desc,0,2,7.494,50,158
f4_v3_idx3,v3,agent,filtro_tipo,name,desc,0,3,7.658,50,158
f4_v3_idx3,v3,agent,filtro_tipo,name,desc,0,5,7.646,50,158
f4_v3_idx3,v3,agent,filtro_tipo,name,desc,0,6,8.864,50,158
f4_v3_idx3,v3,agent,filtro_tipo,name,desc,500,1,7.804,0,
f4_v3_idx3,v3,agent,filtro_tipo,name,desc,500,2,9.508,0,
f4_v3_idx3,v3,agent,filtro_tipo,name,desc,500,3,7.526,0,
f4_v3_idx3,v3,agent,filtro_tipo,name,desc,500,4,8.572,0,
f4_v3_idx3,v3,agent,filtro_tipo,name,desc,500,5,7.661,0,
f4_v3_idx3,v3,agent,filtro_tipo,name,desc,500,6,8.087,0,
f4_v3_idx3,v3,agent,filtro_tipo,created_at,asc,0,1,8.231,50,158
f4_v3_idx3,v3,agent,filtro_tipo,created_at,asc,0,2,8.073,50,158
f4_v3_idx3,v3,agent,filtro_tipo,created_at,asc,0,3,10.01,50,158
f4_v3_idx3,v3,agent,filtro_tipo,created_at,asc,0,4,8.191,50,158
f4_v3_idx3,v3,agent,filtro_tipo,created_at,asc,0,5,8.051,50,158
f4_v3_idx3,v3,agent,filtro_tipo,created_at,asc,0,6,7.951,50,158
f4_v3_idx3,v3,agent,filtro_tipo,created_at,asc,500,1,8.131,0,
f4_v3_idx3,v3,agent,filtro_tipo,created_at,asc,500,2,7.677,0,
f4_v3_idx3,v3,agent,filtro_tipo,created_at,asc,500,3,8.427,0,
f4_v3_idx3,v3,agent,filtro_tipo,created_at,asc,500,4,7.984,0,
f4_v3_idx3,v3,agent,filtro_tipo,created_at,asc,500,5,7.93,0,
f4_v3_idx3,v3,agent,filtro_tipo,created_at,asc,500,6,9.495,0,
f4_v3_idx3,v3,agent,filtro_tipo,created_at,desc,0,1,8.004,50,158
f4_v3_idx3,v3,agent,filtro_tipo,created_at,desc,0,2,8.124,50,158
f4_v3_idx3,v3,agent,filtro_tipo,created_at,desc,0,3,8.053,50,158
f4_v3_idx3,v3,agent,filtro_tipo,created_at,desc,0,4,7.79,50,158
f4_v3_idx3,v3,agent,filtro_tipo,created_at,desc,0,5,7.124,50,158
f4_v3_idx3,v3,agent,filtro_tipo,created_at,desc,0,6,7.263,50,158
f4_v3_idx3,v3,agent,filtro_tipo,created_at,desc,500,1,7.139,0,
f4_v3_idx3,v3,agent,filtro_tipo,created_at,desc,500,2,7.236,0,
f4_v3_idx3,v3,agent,filtro_tipo,created_at,desc,500,3,7.243,0,
f4_v3_idx3,v3,agent,filtro_tipo,created_at,desc,500,4,7.766,0,
f4_v3_idx3,v3,agent,filtro_tipo,created_at,desc,500,5,7.948,0,
f4_v3_idx3,v3,agent,filtro_tipo,created_at,desc,500,6,8.582,0,
f4_v3_idx3,v3,agent,filtro_tipo,company,asc,0,1,9.373,50,158
f4_v3_idx3,v3,agent,filtro_tipo,company,asc,0,2,8.212,50,158
f4_v3_idx3,v3,agent,filtro_tipo,company,asc,0,3,9.788,50,158
f4_v3_idx3,v3,agent,filtro_tipo,company,asc,0,4,8.07,50,158
f4_v3_idx3,v3,agent,filtro_tipo,company,asc,0,5,8.455,50,158
f4_v3_idx3,v3,agent,filtro_tipo,company,asc,0,6,7.703,50,158
f4_v3_idx3,v3,agent,filtro_tipo,company,asc,500,1,9.352,0,
f4_v3_idx3,v3,agent,filtro_tipo,company,asc,500,2,8.187,0,
f4_v3_idx3,v3,agent,filtro_tipo,company,asc,500,3,8.241,0,
f4_v3_idx3,v3,agent,filtro_tipo,company,asc,500,4,14.671,0,
f4_v3_idx3,v3,agent,filtro_tipo,company,asc,500,5,15.119,0,
f4_v3_idx3,v3,agent,filtro_tipo,company,asc,500,6,11.737,0,
f4_v3_idx3,v3,agent,filtro_tipo,company,desc,0,1,11.684,50,158
f4_v3_idx3,v3,agent,filtro_tipo,company,desc,0,2,11.407,50,158
f4_v3_idx3,v3,agent,filtro_tipo,company,desc,0,3,9.766,50,158
f4_v3_idx3,v3,agent,filtro_tipo,company,desc,0,4,8.761,50,158
f4_v3_idx3,v3,agent,filtro_tipo,company,desc,0,5,8.816,50,158
f4_v3_idx3,v3,agent,filtro_tipo,company,desc,0,6,8.228,50,158
f4_v3_idx3,v3,agent,filtro_tipo,company,desc,500,1,8.508,0,
f4_v3_idx3,v3,agent,filtro_tipo,company,desc,500,2,7.639,0,
f4_v3_idx3,v3,agent,filtro_tipo,company,desc,500,3,7.777,0,
f4_v3_idx3,v3,agent,filtro_tipo,company,desc,500,4,8.204,0,
f4_v3_idx3,v3,agent,filtro_tipo,company,desc,500,5,7.733,0,
f4_v3_idx3,v3,agent,filtro_tipo,company,desc,500,6,8.386,0,
f4_v3_idx3,v3,agent,filtro_tag,name,asc,0,1,4.758,50,71
f4_v3_idx3,v3,agent,filtro_tag,name,asc,0,2,4.333,50,71
f4_v3_idx3,v3,agent,filtro_tag,name,asc,0,3,3.939,50,71
f4_v3_idx3,v3,agent,filtro_tag,name,asc,0,4,4.038,50,71
f4_v3_idx3,v3,agent,filtro_tag,name,asc,0,5,4.382,50,71
f4_v3_idx3,v3,agent,filtro_tag,name,asc,0,6,4.653,50,71
f4_v3_idx3,v3,agent,filtro_tag,name,asc,500,1,4.519,0,
f4_v3_idx3,v3,agent,filtro_tag,name,asc,500,2,4.47,0,
f4_v3_idx3,v3,agent,filtro_tag,name,asc,500,3,4.229,0,
f4_v3_idx3,v3,agent,filtro_tag,name,asc,500,4,4.888,0,
f4_v3_idx3,v3,agent,filtro_tag,name,asc,500,5,4.57,0,
f4_v3_idx3,v3,agent,filtro_tag,name,asc,500,6,4.754,0,
f4_v3_idx3,v3,agent,filtro_tag,name,desc,0,1,4.735,50,71
f4_v3_idx3,v3,agent,filtro_tag,name,desc,0,2,4.677,50,71
f4_v3_idx3,v3,agent,filtro_tag,name,desc,0,3,4.292,50,71
f4_v3_idx3,v3,agent,filtro_tag,name,desc,0,4,4.244,50,71
f4_v3_idx3,v3,agent,filtro_tag,name,desc,0,5,4.249,50,71
f4_v3_idx3,v3,agent,filtro_tag,name,desc,0,6,4.148,50,71
f4_v3_idx3,v3,agent,filtro_tag,name,desc,500,1,4.114,0,
f4_v3_idx3,v3,agent,filtro_tag,name,desc,500,2,4.848,0,
f4_v3_idx3,v3,agent,filtro_tag,name,desc,500,3,5.004,0,
f4_v3_idx3,v3,agent,filtro_tag,name,desc,500,4,4.375,0,
f4_v3_idx3,v3,agent,filtro_tag,name,desc,500,5,4.288,0,
f4_v3_idx3,v3,agent,filtro_tag,name,desc,500,6,4.088,0,
f4_v3_idx3,v3,agent,filtro_tag,created_at,asc,0,1,3.702,50,71
f4_v3_idx3,v3,agent,filtro_tag,created_at,asc,0,2,4.878,50,71
f4_v3_idx3,v3,agent,filtro_tag,created_at,asc,0,3,4.232,50,71
f4_v3_idx3,v3,agent,filtro_tag,created_at,asc,0,4,3.865,50,71
f4_v3_idx3,v3,agent,filtro_tag,created_at,asc,0,5,4.292,50,71
f4_v3_idx3,v3,agent,filtro_tag,created_at,asc,0,6,3.924,50,71
f4_v3_idx3,v3,agent,filtro_tag,created_at,asc,500,1,3.945,0,
f4_v3_idx3,v3,agent,filtro_tag,created_at,asc,500,2,4.141,0,
f4_v3_idx3,v3,agent,filtro_tag,created_at,asc,500,3,4.598,0,
f4_v3_idx3,v3,agent,filtro_tag,created_at,asc,500,4,4.218,0,
f4_v3_idx3,v3,agent,filtro_tag,created_at,asc,500,5,3.991,0,
f4_v3_idx3,v3,agent,filtro_tag,created_at,asc,500,6,4.496,0,
f4_v3_idx3,v3,agent,filtro_tag,created_at,desc,0,1,4.25,50,71
f4_v3_idx3,v3,agent,filtro_tag,created_at,desc,0,2,4.313,50,71
f4_v3_idx3,v3,agent,filtro_tag,created_at,desc,0,3,4.858,50,71
f4_v3_idx3,v3,agent,filtro_tag,created_at,desc,0,4,3.915,50,71
f4_v3_idx3,v3,agent,filtro_tag,created_at,desc,0,5,4.216,50,71
f4_v3_idx3,v3,agent,filtro_tag,created_at,desc,0,6,4.521,50,71
f4_v3_idx3,v3,agent,filtro_tag,created_at,desc,500,1,5.499,0,
f4_v3_idx3,v3,agent,filtro_tag,created_at,desc,500,2,4.255,0,
f4_v3_idx3,v3,agent,filtro_tag,created_at,desc,500,3,4.148,0,
f4_v3_idx3,v3,agent,filtro_tag,created_at,desc,500,4,4.105,0,
f4_v3_idx3,v3,agent,filtro_tag,created_at,desc,500,5,3.917,0,
f4_v3_idx3,v3,agent,filtro_tag,created_at,desc,500,6,5.907,0,
f4_v3_idx3,v3,agent,filtro_tag,company,asc,0,1,4.551,50,71
f4_v3_idx3,v3,agent,filtro_tag,company,asc,0,2,4.891,50,71
f4_v3_idx3,v3,agent,filtro_tag,company,asc,0,3,4.377,50,71
f4_v3_idx3,v3,agent,filtro_tag,company,asc,0,4,4.195,50,71
f4_v3_idx3,v3,agent,filtro_tag,company,asc,0,5,5.1,50,71
f4_v3_idx3,v3,agent,filtro_tag,company,asc,0,6,5.79,50,71
f4_v3_idx3,v3,agent,filtro_tag,company,asc,500,1,4.799,0,
f4_v3_idx3,v3,agent,filtro_tag,company,asc,500,2,4.423,0,
f4_v3_idx3,v3,agent,filtro_tag,company,asc,500,3,3.768,0,
f4_v3_idx3,v3,agent,filtro_tag,company,asc,500,4,4.432,0,
f4_v3_idx3,v3,agent,filtro_tag,company,asc,500,5,4.58,0,
f4_v3_idx3,v3,agent,filtro_tag,company,asc,500,6,4.407,0,
f4_v3_idx3,v3,agent,filtro_tag,company,desc,0,1,4.77,50,71
f4_v3_idx3,v3,agent,filtro_tag,company,desc,0,2,4.511,50,71
f4_v3_idx3,v3,agent,filtro_tag,company,desc,0,3,4.322,50,71
f4_v3_idx3,v3,agent,filtro_tag,company,desc,0,4,4.496,50,71
f4_v3_idx3,v3,agent,filtro_tag,company,desc,0,5,4.777,50,71
f4_v3_idx3,v3,agent,filtro_tag,company,desc,0,6,4.418,50,71
f4_v3_idx3,v3,agent,filtro_tag,company,desc,500,1,5.125,0,
f4_v3_idx3,v3,agent,filtro_tag,company,desc,500,2,4.827,0,
f4_v3_idx3,v3,agent,filtro_tag,company,desc,500,3,4.694,0,
f4_v3_idx3,v3,agent,filtro_tag,company,desc,500,4,5.047,0,
f4_v3_idx3,v3,agent,filtro_tag,company,desc,500,5,4.424,0,
f4_v3_idx3,v3,agent,filtro_tag,company,desc,500,6,4.432,0,
f4_v3_idx3,v3,agent,intervalo_data,name,asc,0,1,5.607,50,207
f4_v3_idx3,v3,agent,intervalo_data,name,asc,0,2,5.894,50,207
f4_v3_idx3,v3,agent,intervalo_data,name,asc,0,3,6.374,50,207
f4_v3_idx3,v3,agent,intervalo_data,name,asc,0,4,6.418,50,207
f4_v3_idx3,v3,agent,intervalo_data,name,asc,0,5,5.833,50,207
f4_v3_idx3,v3,agent,intervalo_data,name,asc,0,6,6.226,50,207
f4_v3_idx3,v3,agent,intervalo_data,name,asc,500,1,8.243,0,
f4_v3_idx3,v3,agent,intervalo_data,name,asc,500,2,8.307,0,
f4_v3_idx3,v3,agent,intervalo_data,name,asc,500,3,8.563,0,
f4_v3_idx3,v3,agent,intervalo_data,name,asc,500,4,8.838,0,
f4_v3_idx3,v3,agent,intervalo_data,name,asc,500,5,8.981,0,
f4_v3_idx3,v3,agent,intervalo_data,name,asc,500,6,9.27,0,
f4_v3_idx3,v3,agent,intervalo_data,name,desc,0,1,8.894,50,207
f4_v3_idx3,v3,agent,intervalo_data,name,desc,0,2,9.19,50,207
f4_v3_idx3,v3,agent,intervalo_data,name,desc,0,3,9.215,50,207
f4_v3_idx3,v3,agent,intervalo_data,name,desc,0,4,8.109,50,207
f4_v3_idx3,v3,agent,intervalo_data,name,desc,0,5,8.084,50,207
f4_v3_idx3,v3,agent,intervalo_data,name,desc,0,6,8.309,50,207
f4_v3_idx3,v3,agent,intervalo_data,name,desc,500,1,8.467,0,
f4_v3_idx3,v3,agent,intervalo_data,name,desc,500,2,8.601,0,
f4_v3_idx3,v3,agent,intervalo_data,name,desc,500,3,8.68,0,
f4_v3_idx3,v3,agent,intervalo_data,name,desc,500,4,7.681,0,
f4_v3_idx3,v3,agent,intervalo_data,name,desc,500,5,8.753,0,
f4_v3_idx3,v3,agent,intervalo_data,name,desc,500,6,8.858,0,
f4_v3_idx3,v3,agent,intervalo_data,created_at,asc,0,1,6.173,50,207
f4_v3_idx3,v3,agent,intervalo_data,created_at,asc,0,2,5.68,50,207
f4_v3_idx3,v3,agent,intervalo_data,created_at,asc,0,3,5.284,50,207
f4_v3_idx3,v3,agent,intervalo_data,created_at,asc,0,4,6.355,50,207
f4_v3_idx3,v3,agent,intervalo_data,created_at,asc,0,5,5.787,50,207
f4_v3_idx3,v3,agent,intervalo_data,created_at,asc,0,6,5.493,50,207
f4_v3_idx3,v3,agent,intervalo_data,created_at,asc,500,1,8.321,0,
f4_v3_idx3,v3,agent,intervalo_data,created_at,asc,500,2,7.623,0,
f4_v3_idx3,v3,agent,intervalo_data,created_at,asc,500,3,7.899,0,
f4_v3_idx3,v3,agent,intervalo_data,created_at,asc,500,4,8.373,0,
f4_v3_idx3,v3,agent,intervalo_data,created_at,asc,500,5,8.203,0,
f4_v3_idx3,v3,agent,intervalo_data,created_at,asc,500,6,8.196,0,
f4_v3_idx3,v3,agent,intervalo_data,created_at,desc,0,1,7.748,50,207
f4_v3_idx3,v3,agent,intervalo_data,created_at,desc,0,2,8.43,50,207
f4_v3_idx3,v3,agent,intervalo_data,created_at,desc,0,3,8.954,50,207
f4_v3_idx3,v3,agent,intervalo_data,created_at,desc,0,4,8.404,50,207
f4_v3_idx3,v3,agent,intervalo_data,created_at,desc,0,5,7.733,50,207
f4_v3_idx3,v3,agent,intervalo_data,created_at,desc,0,6,8.918,50,207
f4_v3_idx3,v3,agent,intervalo_data,created_at,desc,500,1,8.388,0,
f4_v3_idx3,v3,agent,intervalo_data,created_at,desc,500,2,9.14,0,
f4_v3_idx3,v3,agent,intervalo_data,created_at,desc,500,3,7.664,0,
f4_v3_idx3,v3,agent,intervalo_data,created_at,desc,500,4,8.028,0,
f4_v3_idx3,v3,agent,intervalo_data,created_at,desc,500,5,8.452,0,
f4_v3_idx3,v3,agent,intervalo_data,created_at,desc,500,6,10.441,0,
f4_v3_idx3,v3,agent,intervalo_data,company,asc,0,1,8.301,50,207
f4_v3_idx3,v3,agent,intervalo_data,company,asc,0,2,9.616,50,207
f4_v3_idx3,v3,agent,intervalo_data,company,asc,0,3,8.347,50,207
f4_v3_idx3,v3,agent,intervalo_data,company,asc,0,4,8.703,50,207
f4_v3_idx3,v3,agent,intervalo_data,company,asc,0,5,8.386,50,207
f4_v3_idx3,v3,agent,intervalo_data,company,asc,0,6,7.835,50,207
f4_v3_idx3,v3,agent,intervalo_data,company,asc,500,1,8.859,0,
f4_v3_idx3,v3,agent,intervalo_data,company,asc,500,2,8.586,0,
f4_v3_idx3,v3,agent,intervalo_data,company,asc,500,3,8.196,0,
f4_v3_idx3,v3,agent,intervalo_data,company,asc,500,4,8.118,0,
f4_v3_idx3,v3,agent,intervalo_data,company,asc,500,5,9.104,0,
f4_v3_idx3,v3,agent,intervalo_data,company,asc,500,6,8.901,0,
f4_v3_idx3,v3,agent,intervalo_data,company,desc,0,1,8.486,50,207
f4_v3_idx3,v3,agent,intervalo_data,company,desc,0,2,8.28,50,207
f4_v3_idx3,v3,agent,intervalo_data,company,desc,0,3,8.021,50,207
f4_v3_idx3,v3,agent,intervalo_data,company,desc,0,4,8.073,50,207
f4_v3_idx3,v3,agent,intervalo_data,company,desc,0,5,8.186,50,207
f4_v3_idx3,v3,agent,intervalo_data,company,desc,0,6,7.654,50,207
f4_v3_idx3,v3,agent,intervalo_data,company,desc,500,1,8.244,0,
f4_v3_idx3,v3,agent,intervalo_data,company,desc,500,2,8.467,0,
f4_v3_idx3,v3,agent,intervalo_data,company,desc,500,3,8.931,0,
f4_v3_idx3,v3,agent,intervalo_data,company,desc,500,4,7.99,0,
f4_v3_idx3,v3,agent,intervalo_data,company,desc,500,5,8.91,0,
f4_v3_idx3,v3,agent,intervalo_data,company,desc,500,6,8.269,0,
f4_v3_idx3,v3,agent,combinado,name,asc,0,1,1.075,1,1
f4_v3_idx3,v3,agent,combinado,name,asc,0,2,1.147,1,1
f4_v3_idx3,v3,agent,combinado,name,asc,0,3,0.928,1,1
f4_v3_idx3,v3,agent,combinado,name,asc,0,4,0.938,1,1
f4_v3_idx3,v3,agent,combinado,name,asc,0,5,0.986,1,1
f4_v3_idx3,v3,agent,combinado,name,asc,0,6,1.195,1,1
f4_v3_idx3,v3,agent,combinado,name,asc,500,1,1.229,0,
f4_v3_idx3,v3,agent,combinado,name,asc,500,2,1.013,0,
f4_v3_idx3,v3,agent,combinado,name,asc,500,3,1.108,0,
f4_v3_idx3,v3,agent,combinado,name,asc,500,4,1.172,0,
f4_v3_idx3,v3,agent,combinado,name,asc,500,5,1.055,0,
f4_v3_idx3,v3,agent,combinado,name,asc,500,6,1.027,0,
f4_v3_idx3,v3,agent,combinado,name,desc,0,1,1.027,1,1
f4_v3_idx3,v3,agent,combinado,name,desc,0,2,1.01,1,1
f4_v3_idx3,v3,agent,combinado,name,desc,0,3,1.002,1,1
f4_v3_idx3,v3,agent,combinado,name,desc,0,4,1.483,1,1
f4_v3_idx3,v3,agent,combinado,name,desc,0,5,1.279,1,1
f4_v3_idx3,v3,agent,combinado,name,desc,0,6,1.236,1,1
f4_v3_idx3,v3,agent,combinado,name,desc,500,1,1.021,0,
f4_v3_idx3,v3,agent,combinado,name,desc,500,2,1.164,0,
f4_v3_idx3,v3,agent,combinado,name,desc,500,3,1.045,0,
f4_v3_idx3,v3,agent,combinado,name,desc,500,4,1.414,0,
f4_v3_idx3,v3,agent,combinado,name,desc,500,5,1.158,0,
f4_v3_idx3,v3,agent,combinado,name,desc,500,6,0.978,0,
f4_v3_idx3,v3,agent,combinado,created_at,asc,0,1,1.013,1,1
f4_v3_idx3,v3,agent,combinado,created_at,asc,0,2,0.961,1,1
f4_v3_idx3,v3,agent,combinado,created_at,asc,0,3,1.142,1,1
f4_v3_idx3,v3,agent,combinado,created_at,asc,0,4,1.206,1,1
f4_v3_idx3,v3,agent,combinado,created_at,asc,0,5,1.08,1,1
f4_v3_idx3,v3,agent,combinado,created_at,asc,0,6,1.11,1,1
f4_v3_idx3,v3,agent,combinado,created_at,asc,500,1,1.024,0,
f4_v3_idx3,v3,agent,combinado,created_at,asc,500,2,1.116,0,
f4_v3_idx3,v3,agent,combinado,created_at,asc,500,3,1.251,0,
f4_v3_idx3,v3,agent,combinado,created_at,asc,500,4,0.938,0,
f4_v3_idx3,v3,agent,combinado,created_at,asc,500,5,0.922,0,
f4_v3_idx3,v3,agent,combinado,created_at,asc,500,6,0.939,0,
f4_v3_idx3,v3,agent,combinado,created_at,desc,0,1,1.005,1,1
f4_v3_idx3,v3,agent,combinado,created_at,desc,0,2,1.125,1,1
f4_v3_idx3,v3,agent,combinado,created_at,desc,0,3,1.202,1,1
f4_v3_idx3,v3,agent,combinado,created_at,desc,0,4,1.175,1,1
f4_v3_idx3,v3,agent,combinado,created_at,desc,0,5,1.637,1,1
f4_v3_idx3,v3,agent,combinado,created_at,desc,0,6,1.142,1,1
f4_v3_idx3,v3,agent,combinado,created_at,desc,500,1,1.137,0,
f4_v3_idx3,v3,agent,combinado,created_at,desc,500,2,1.375,0,
f4_v3_idx3,v3,agent,combinado,created_at,desc,500,3,1.603,0,
f4_v3_idx3,v3,agent,combinado,created_at,desc,500,4,1.054,0,
f4_v3_idx3,v3,agent,combinado,created_at,desc,500,5,0.897,0,
f4_v3_idx3,v3,agent,combinado,created_at,desc,500,6,0.987,0,
f4_v3_idx3,v3,agent,combinado,company,asc,0,1,1.069,1,1
f4_v3_idx3,v3,agent,combinado,company,asc,0,2,0.996,1,1
f4_v3_idx3,v3,agent,combinado,company,asc,0,3,1.261,1,1
f4_v3_idx3,v3,agent,combinado,company,asc,0,4,1.039,1,1
f4_v3_idx3,v3,agent,combinado,company,asc,0,5,1.018,1,1
f4_v3_idx3,v3,agent,combinado,company,asc,0,6,1.066,1,1
f4_v3_idx3,v3,agent,combinado,company,asc,500,1,0.907,0,
f4_v3_idx3,v3,agent,combinado,company,asc,500,2,1.204,0,
f4_v3_idx3,v3,agent,combinado,company,asc,500,3,1.078,0,
f4_v3_idx3,v3,agent,combinado,company,asc,500,4,0.974,0,
f4_v3_idx3,v3,agent,combinado,company,asc,500,5,1.11,0,
f4_v3_idx3,v3,agent,combinado,company,asc,500,6,1.006,0,
f4_v3_idx3,v3,agent,combinado,company,desc,0,1,1.011,1,1
f4_v3_idx3,v3,agent,combinado,company,desc,0,2,0.961,1,1
f4_v3_idx3,v3,agent,combinado,company,desc,0,3,1.011,1,1
f4_v3_idx3,v3,agent,combinado,company,desc,0,4,0.965,1,1
f4_v3_idx3,v3,agent,combinado,company,desc,0,5,1.168,1,1
f4_v3_idx3,v3,agent,combinado,company,desc,0,6,1.271,1,1
f4_v3_idx3,v3,agent,combinado,company,desc,500,1,1.115,0,
f4_v3_idx3,v3,agent,combinado,company,desc,500,2,0.978,0,
f4_v3_idx3,v3,agent,combinado,company,desc,500,3,1.148,0,
f4_v3_idx3,v3,agent,combinado,company,desc,500,4,0.983,0,
f4_v3_idx3,v3,agent,combinado,company,desc,500,5,0.962,0,
f4_v3_idx3,v3,agent,combinado,company,desc,500,6,1.111,0,
f4_v3_idx3,v3,agent,termo_nome_2ch,name,asc,0,1,10.035,50,168
f4_v3_idx3,v3,agent,termo_nome_2ch,name,asc,0,2,9.813,50,168
f4_v3_idx3,v3,agent,termo_nome_2ch,name,asc,0,3,10.048,50,168
f4_v3_idx3,v3,agent,termo_nome_2ch,name,asc,0,4,10.36,50,168
f4_v3_idx3,v3,agent,termo_nome_2ch,name,asc,0,5,10.054,50,168
f4_v3_idx3,v3,agent,termo_nome_2ch,name,asc,0,6,10.396,50,168
f4_v3_idx3,v3,agent,termo_nome_2ch,name,asc,500,1,14.892,0,
f4_v3_idx3,v3,agent,termo_nome_2ch,name,asc,500,2,14.629,0,
f4_v3_idx3,v3,agent,termo_nome_2ch,name,asc,500,3,15.094,0,
f4_v3_idx3,v3,agent,termo_nome_2ch,name,asc,500,4,14.022,0,
f4_v3_idx3,v3,agent,termo_nome_2ch,name,asc,500,5,13.963,0,
f4_v3_idx3,v3,agent,termo_nome_2ch,name,asc,500,6,14.797,0,
f4_v3_idx3,v3,agent,termo_nome_2ch,name,desc,0,1,14.153,50,168
f4_v3_idx3,v3,agent,termo_nome_2ch,name,desc,0,2,16.625,50,168
f4_v3_idx3,v3,agent,termo_nome_2ch,name,desc,0,3,15.405,50,168
f4_v3_idx3,v3,agent,termo_nome_2ch,name,desc,0,4,14.518,50,168
f4_v3_idx3,v3,agent,termo_nome_2ch,name,desc,0,5,14.436,50,168
f4_v3_idx3,v3,agent,termo_nome_2ch,name,desc,0,6,14.643,50,168
f4_v3_idx3,v3,agent,termo_nome_2ch,name,desc,500,1,14.858,0,
f4_v3_idx3,v3,agent,termo_nome_2ch,name,desc,500,2,14.732,0,
f4_v3_idx3,v3,agent,termo_nome_2ch,name,desc,500,3,15.612,0,
f4_v3_idx3,v3,agent,termo_nome_2ch,name,desc,500,4,14.998,0,
f4_v3_idx3,v3,agent,termo_nome_2ch,name,desc,500,5,15.579,0,
f4_v3_idx3,v3,agent,termo_nome_2ch,name,desc,500,6,15.116,0,
f4_v3_idx3,v3,agent,termo_nome_2ch,created_at,asc,0,1,10.532,50,168
f4_v3_idx3,v3,agent,termo_nome_2ch,created_at,asc,0,2,10.229,50,168
f4_v3_idx3,v3,agent,termo_nome_2ch,created_at,asc,0,3,10.239,50,168
f4_v3_idx3,v3,agent,termo_nome_2ch,created_at,asc,0,4,12.605,50,168
f4_v3_idx3,v3,agent,termo_nome_2ch,created_at,asc,0,5,13.639,50,168
f4_v3_idx3,v3,agent,termo_nome_2ch,created_at,asc,0,6,12.091,50,168
f4_v3_idx3,v3,agent,termo_nome_2ch,created_at,asc,500,1,15.707,0,
f4_v3_idx3,v3,agent,termo_nome_2ch,created_at,asc,500,2,15.303,0,
f4_v3_idx3,v3,agent,termo_nome_2ch,created_at,asc,500,3,15.277,0,
f4_v3_idx3,v3,agent,termo_nome_2ch,created_at,asc,500,4,15.205,0,
f4_v3_idx3,v3,agent,termo_nome_2ch,created_at,asc,500,5,15.608,0,
f4_v3_idx3,v3,agent,termo_nome_2ch,created_at,asc,500,6,16.32,0,
f4_v3_idx3,v3,agent,termo_nome_2ch,created_at,desc,0,1,16.447,50,168
f4_v3_idx3,v3,agent,termo_nome_2ch,created_at,desc,0,2,14.75,50,168
f4_v3_idx3,v3,agent,termo_nome_2ch,created_at,desc,0,3,14.283,50,168
f4_v3_idx3,v3,agent,termo_nome_2ch,created_at,desc,0,4,14.569,50,168
f4_v3_idx3,v3,agent,termo_nome_2ch,created_at,desc,0,5,14.311,50,168
f4_v3_idx3,v3,agent,termo_nome_2ch,created_at,desc,0,6,14.619,50,168
f4_v3_idx3,v3,agent,termo_nome_2ch,created_at,desc,500,1,14.783,0,
f4_v3_idx3,v3,agent,termo_nome_2ch,created_at,desc,500,2,14.528,0,
f4_v3_idx3,v3,agent,termo_nome_2ch,created_at,desc,500,3,14.436,0,
f4_v3_idx3,v3,agent,termo_nome_2ch,created_at,desc,500,4,13.932,0,
f4_v3_idx3,v3,agent,termo_nome_2ch,created_at,desc,500,5,14.863,0,
f4_v3_idx3,v3,agent,termo_nome_2ch,created_at,desc,500,6,14.79,0,
f4_v3_idx3,v3,agent,termo_nome_2ch,company,asc,0,1,10.463,50,168
f4_v3_idx3,v3,agent,termo_nome_2ch,company,asc,0,2,10.309,50,168
f4_v3_idx3,v3,agent,termo_nome_2ch,company,asc,0,3,9.862,50,168
f4_v3_idx3,v3,agent,termo_nome_2ch,company,asc,0,4,9.967,50,168
f4_v3_idx3,v3,agent,termo_nome_2ch,company,asc,0,5,11.12,50,168
f4_v3_idx3,v3,agent,termo_nome_2ch,company,asc,0,6,12.235,50,168
f4_v3_idx3,v3,agent,termo_nome_2ch,company,asc,500,1,15.687,0,
f4_v3_idx3,v3,agent,termo_nome_2ch,company,asc,500,2,14.413,0,
f4_v3_idx3,v3,agent,termo_nome_2ch,company,asc,500,3,15.785,0,
f4_v3_idx3,v3,agent,termo_nome_2ch,company,asc,500,4,15.891,0,
f4_v3_idx3,v3,agent,termo_nome_2ch,company,asc,500,5,15.912,0,
f4_v3_idx3,v3,agent,termo_nome_2ch,company,asc,500,6,15.866,0,
f4_v3_idx3,v3,agent,termo_nome_2ch,company,desc,0,1,16.679,50,168
f4_v3_idx3,v3,agent,termo_nome_2ch,company,desc,0,2,15.664,50,168
f4_v3_idx3,v3,agent,termo_nome_2ch,company,desc,0,3,15.057,50,168
f4_v3_idx3,v3,agent,termo_nome_2ch,company,desc,0,4,14.908,50,168
f4_v3_idx3,v3,agent,termo_nome_2ch,company,desc,0,5,15.244,50,168
f4_v3_idx3,v3,agent,termo_nome_2ch,company,desc,0,6,14.824,50,168
f4_v3_idx3,v3,agent,termo_nome_2ch,company,desc,500,1,15.785,0,
f4_v3_idx3,v3,agent,termo_nome_2ch,company,desc,500,2,15.56,0,
f4_v3_idx3,v3,agent,termo_nome_2ch,company,desc,500,3,16.617,0,
f4_v3_idx3,v3,agent,termo_nome_2ch,company,desc,500,4,15.173,0,
f4_v3_idx3,v3,agent,termo_nome_2ch,company,desc,500,5,15.595,0,
f4_v3_idx3,v3,agent,termo_nome_2ch,company,desc,500,6,14.832,0,
f4_v3_idx3,v3,agent,termo_nome_3ch,name,asc,0,1,12.494,50,127
f4_v3_idx3,v3,agent,termo_nome_3ch,name,asc,0,2,10.997,50,127
f4_v3_idx3,v3,agent,termo_nome_3ch,name,asc,0,3,10.918,50,127
f4_v3_idx3,v3,agent,termo_nome_3ch,name,asc,0,4,11.259,50,127
f4_v3_idx3,v3,agent,termo_nome_3ch,name,asc,0,5,9.945,50,127
f4_v3_idx3,v3,agent,termo_nome_3ch,name,asc,0,6,9.84,50,127
f4_v3_idx3,v3,agent,termo_nome_3ch,name,asc,500,1,13.45,0,
f4_v3_idx3,v3,agent,termo_nome_3ch,name,asc,500,2,13.58,0,
f4_v3_idx3,v3,agent,termo_nome_3ch,name,asc,500,3,13.375,0,
f4_v3_idx3,v3,agent,termo_nome_3ch,name,asc,500,4,14.703,0,
f4_v3_idx3,v3,agent,termo_nome_3ch,name,asc,500,5,13.648,0,
f4_v3_idx3,v3,agent,termo_nome_3ch,name,asc,500,6,12.37,0,
f4_v3_idx3,v3,agent,termo_nome_3ch,name,desc,0,1,13.328,50,127
f4_v3_idx3,v3,agent,termo_nome_3ch,name,desc,0,2,13.534,50,127
f4_v3_idx3,v3,agent,termo_nome_3ch,name,desc,0,3,13.18,50,127
f4_v3_idx3,v3,agent,termo_nome_3ch,name,desc,0,4,12.983,50,127
f4_v3_idx3,v3,agent,termo_nome_3ch,name,desc,0,5,14.028,50,127
f4_v3_idx3,v3,agent,termo_nome_3ch,name,desc,0,6,14.158,50,127
f4_v3_idx3,v3,agent,termo_nome_3ch,name,desc,500,1,13.726,0,
f4_v3_idx3,v3,agent,termo_nome_3ch,name,desc,500,2,13.763,0,
f4_v3_idx3,v3,agent,termo_nome_3ch,name,desc,500,3,13.399,0,
f4_v3_idx3,v3,agent,termo_nome_3ch,name,desc,500,4,14.602,0,
f4_v3_idx3,v3,agent,termo_nome_3ch,name,desc,500,5,14.009,0,
f4_v3_idx3,v3,agent,termo_nome_3ch,name,desc,500,6,14.579,0,
f4_v3_idx3,v3,agent,termo_nome_3ch,created_at,asc,0,1,10.982,50,127
f4_v3_idx3,v3,agent,termo_nome_3ch,created_at,asc,0,2,10.023,50,127
f4_v3_idx3,v3,agent,termo_nome_3ch,created_at,asc,0,3,10.702,50,127
f4_v3_idx3,v3,agent,termo_nome_3ch,created_at,asc,0,4,10.289,50,127
f4_v3_idx3,v3,agent,termo_nome_3ch,created_at,asc,0,5,10.991,50,127
f4_v3_idx3,v3,agent,termo_nome_3ch,created_at,asc,0,6,11.136,50,127
f4_v3_idx3,v3,agent,termo_nome_3ch,created_at,asc,500,1,15.172,0,
f4_v3_idx3,v3,agent,termo_nome_3ch,created_at,asc,500,2,14.045,0,
f4_v3_idx3,v3,agent,termo_nome_3ch,created_at,asc,500,3,15.289,0,
f4_v3_idx3,v3,agent,termo_nome_3ch,created_at,asc,500,4,14.147,0,
f4_v3_idx3,v3,agent,termo_nome_3ch,created_at,asc,500,5,13.94,0,
f4_v3_idx3,v3,agent,termo_nome_3ch,created_at,asc,500,6,14.411,0,
f4_v3_idx3,v3,agent,termo_nome_3ch,created_at,desc,0,1,15.188,50,127
f4_v3_idx3,v3,agent,termo_nome_3ch,created_at,desc,0,2,14.085,50,127
f4_v3_idx3,v3,agent,termo_nome_3ch,created_at,desc,0,3,14.275,50,127
f4_v3_idx3,v3,agent,termo_nome_3ch,created_at,desc,0,4,14.013,50,127
f4_v3_idx3,v3,agent,termo_nome_3ch,created_at,desc,0,5,14.045,50,127
f4_v3_idx3,v3,agent,termo_nome_3ch,created_at,desc,0,6,13.637,50,127
f4_v3_idx3,v3,agent,termo_nome_3ch,created_at,desc,500,1,13.501,0,
f4_v3_idx3,v3,agent,termo_nome_3ch,created_at,desc,500,2,13.629,0,
f4_v3_idx3,v3,agent,termo_nome_3ch,created_at,desc,500,3,13.276,0,
f4_v3_idx3,v3,agent,termo_nome_3ch,created_at,desc,500,4,12.873,0,
f4_v3_idx3,v3,agent,termo_nome_3ch,created_at,desc,500,5,13.409,0,
f4_v3_idx3,v3,agent,termo_nome_3ch,created_at,desc,500,6,13.801,0,
f4_v3_idx3,v3,agent,termo_nome_3ch,company,asc,0,1,9.799,50,127
f4_v3_idx3,v3,agent,termo_nome_3ch,company,asc,0,2,10.677,50,127
f4_v3_idx3,v3,agent,termo_nome_3ch,company,asc,0,3,9.339,50,127
f4_v3_idx3,v3,agent,termo_nome_3ch,company,asc,0,4,9.938,50,127
f4_v3_idx3,v3,agent,termo_nome_3ch,company,asc,0,5,10.106,50,127
f4_v3_idx3,v3,agent,termo_nome_3ch,company,asc,0,6,10.009,50,127
f4_v3_idx3,v3,agent,termo_nome_3ch,company,asc,500,1,12.975,0,
f4_v3_idx3,v3,agent,termo_nome_3ch,company,asc,500,2,13.255,0,
f4_v3_idx3,v3,agent,termo_nome_3ch,company,asc,500,3,13.496,0,
f4_v3_idx3,v3,agent,termo_nome_3ch,company,asc,500,4,13.573,0,
f4_v3_idx3,v3,agent,termo_nome_3ch,company,asc,500,5,13.307,0,
f4_v3_idx3,v3,agent,termo_nome_3ch,company,asc,500,6,12.861,0,
f4_v3_idx3,v3,agent,termo_nome_3ch,company,desc,0,1,12.976,50,127
f4_v3_idx3,v3,agent,termo_nome_3ch,company,desc,0,2,13.103,50,127
f4_v3_idx3,v3,agent,termo_nome_3ch,company,desc,0,3,13.161,50,127
f4_v3_idx3,v3,agent,termo_nome_3ch,company,desc,0,4,13.872,50,127
f4_v3_idx3,v3,agent,termo_nome_3ch,company,desc,0,5,13.691,50,127
f4_v3_idx3,v3,agent,termo_nome_3ch,company,desc,0,6,13.357,50,127
f4_v3_idx3,v3,agent,termo_nome_3ch,company,desc,500,1,13.312,0,
f4_v3_idx3,v3,agent,termo_nome_3ch,company,desc,500,2,13.857,0,
f4_v3_idx3,v3,agent,termo_nome_3ch,company,desc,500,3,14.442,0,
f4_v3_idx3,v3,agent,termo_nome_3ch,company,desc,500,4,14.99,0,
f4_v3_idx3,v3,agent,termo_nome_3ch,company,desc,500,5,15.353,0,
f4_v3_idx3,v3,agent,termo_nome_3ch,company,desc,500,6,13.668,0,
f4_v3_idx3,v3,agent,termo_telefone,name,asc,0,1,2.033,0,
f4_v3_idx3,v3,agent,termo_telefone,name,asc,0,2,1.743,0,
f4_v3_idx3,v3,agent,termo_telefone,name,asc,0,3,1.791,0,
f4_v3_idx3,v3,agent,termo_telefone,name,asc,0,4,1.601,0,
f4_v3_idx3,v3,agent,termo_telefone,name,asc,0,5,1.763,0,
f4_v3_idx3,v3,agent,termo_telefone,name,asc,0,6,1.638,0,
f4_v3_idx3,v3,agent,termo_telefone,name,asc,500,6,1.637,0,
f4_v3_idx3,v3,agent,termo_telefone,name,asc,500,1,2.093,0,
f4_v3_idx3,v3,agent,termo_telefone,name,asc,500,2,1.702,0,
f4_v3_idx3,v3,agent,termo_telefone,name,asc,500,3,1.734,0,
f4_v3_idx3,v3,agent,termo_telefone,name,asc,500,4,1.719,0,
f4_v3_idx3,v3,agent,termo_telefone,name,asc,500,5,1.61,0,
f4_v3_idx3,v3,agent,termo_telefone,name,desc,0,1,1.512,0,
f4_v3_idx3,v3,agent,termo_telefone,name,desc,0,2,1.85,0,
f4_v3_idx3,v3,agent,termo_telefone,name,desc,0,3,1.675,0,
f4_v3_idx3,v3,agent,termo_telefone,name,desc,0,4,2.036,0,
f4_v3_idx3,v3,agent,termo_telefone,name,desc,0,5,1.748,0,
f4_v3_idx3,v3,agent,termo_telefone,name,desc,0,6,1.617,0,
f4_v3_idx3,v3,agent,termo_telefone,name,desc,500,1,2.082,0,
f4_v3_idx3,v3,agent,termo_telefone,name,desc,500,2,1.967,0,
f4_v3_idx3,v3,agent,termo_telefone,name,desc,500,3,1.86,0,
f4_v3_idx3,v3,agent,termo_telefone,name,desc,500,4,1.999,0,
f4_v3_idx3,v3,agent,termo_telefone,name,desc,500,5,1.672,0,
f4_v3_idx3,v3,agent,termo_telefone,name,desc,500,6,1.515,0,
f4_v3_idx3,v3,agent,termo_telefone,created_at,asc,0,1,1.607,0,
f4_v3_idx3,v3,agent,termo_telefone,created_at,asc,0,2,1.747,0,
f4_v3_idx3,v3,agent,termo_telefone,created_at,asc,0,3,1.825,0,
f4_v3_idx3,v3,agent,termo_telefone,created_at,asc,0,4,2.055,0,
f4_v3_idx3,v3,agent,termo_telefone,created_at,asc,0,5,1.904,0,
f4_v3_idx3,v3,agent,termo_telefone,created_at,asc,0,6,1.586,0,
f4_v3_idx3,v3,agent,termo_telefone,created_at,asc,500,1,1.51,0,
f4_v3_idx3,v3,agent,termo_telefone,created_at,asc,500,2,1.665,0,
f4_v3_idx3,v3,agent,termo_telefone,created_at,asc,500,3,1.675,0,
f4_v3_idx3,v3,agent,termo_telefone,created_at,asc,500,4,1.745,0,
f4_v3_idx3,v3,agent,termo_telefone,created_at,asc,500,5,1.665,0,
f4_v3_idx3,v3,agent,termo_telefone,created_at,asc,500,6,1.824,0,
f4_v3_idx3,v3,agent,termo_telefone,created_at,desc,0,1,1.707,0,
f4_v3_idx3,v3,agent,termo_telefone,created_at,desc,0,2,1.538,0,
f4_v3_idx3,v3,agent,termo_telefone,created_at,desc,0,3,1.749,0,
f4_v3_idx3,v3,agent,termo_telefone,created_at,desc,0,4,1.576,0,
f4_v3_idx3,v3,agent,termo_telefone,created_at,desc,0,5,1.67,0,
f4_v3_idx3,v3,agent,termo_telefone,created_at,desc,0,6,1.592,0,
f4_v3_idx3,v3,agent,termo_telefone,created_at,desc,500,1,1.832,0,
f4_v3_idx3,v3,agent,termo_telefone,created_at,desc,500,2,1.655,0,
f4_v3_idx3,v3,agent,termo_telefone,created_at,desc,500,3,1.531,0,
f4_v3_idx3,v3,agent,termo_telefone,created_at,desc,500,4,1.715,0,
f4_v3_idx3,v3,agent,termo_telefone,created_at,desc,500,5,1.667,0,
f4_v3_idx3,v3,agent,termo_telefone,created_at,desc,500,6,1.87,0,
f4_v3_idx3,v3,agent,termo_telefone,company,asc,0,1,1.765,0,
f4_v3_idx3,v3,agent,termo_telefone,company,asc,0,2,1.549,0,
f4_v3_idx3,v3,agent,termo_telefone,company,asc,0,3,1.692,0,
f4_v3_idx3,v3,agent,termo_telefone,company,asc,0,4,1.596,0,
f4_v3_idx3,v3,agent,termo_telefone,company,asc,0,5,1.824,0,
f4_v3_idx3,v3,agent,termo_telefone,company,asc,0,6,1.633,0,
f4_v3_idx3,v3,agent,termo_telefone,company,asc,500,1,1.862,0,
f4_v3_idx3,v3,agent,termo_telefone,company,asc,500,2,1.821,0,
f4_v3_idx3,v3,agent,termo_telefone,company,asc,500,3,1.659,0,
f4_v3_idx3,v3,agent,termo_telefone,company,asc,500,4,1.624,0,
f4_v3_idx3,v3,agent,termo_telefone,company,asc,500,5,1.637,0,
f4_v3_idx3,v3,agent,termo_telefone,company,asc,500,6,1.675,0,
f4_v3_idx3,v3,agent,termo_telefone,company,desc,0,1,1.644,0,
f4_v3_idx3,v3,agent,termo_telefone,company,desc,0,2,1.762,0,
f4_v3_idx3,v3,agent,termo_telefone,company,desc,0,3,1.953,0,
f4_v3_idx3,v3,agent,termo_telefone,company,desc,0,4,1.646,0,
f4_v3_idx3,v3,agent,termo_telefone,company,desc,0,5,1.649,0,
f4_v3_idx3,v3,agent,termo_telefone,company,desc,0,6,1.654,0,
f4_v3_idx3,v3,agent,termo_telefone,company,desc,500,1,1.558,0,
f4_v3_idx3,v3,agent,termo_telefone,company,desc,500,2,1.629,0,
f4_v3_idx3,v3,agent,termo_telefone,company,desc,500,3,1.646,0,
f4_v3_idx3,v3,agent,termo_telefone,company,desc,500,4,1.89,0,
f4_v3_idx3,v3,agent,termo_telefone,company,desc,500,5,1.775,0,
f4_v3_idx3,v3,agent,termo_telefone,company,desc,500,6,1.635,0,
f4_v3_idx3,v3,agent,empresa_igual,name,asc,0,1,4.38,50,88
f4_v3_idx3,v3,agent,empresa_igual,name,asc,0,2,4.213,50,88
f4_v3_idx3,v3,agent,empresa_igual,name,asc,0,3,4.079,50,88
f4_v3_idx3,v3,agent,empresa_igual,name,asc,0,4,3.855,50,88
f4_v3_idx3,v3,agent,empresa_igual,name,asc,0,5,4.272,50,88
f4_v3_idx3,v3,agent,empresa_igual,name,asc,0,6,4.436,50,88
f4_v3_idx3,v3,agent,empresa_igual,name,asc,500,1,3.906,0,
f4_v3_idx3,v3,agent,empresa_igual,name,asc,500,2,4.618,0,
f4_v3_idx3,v3,agent,empresa_igual,name,asc,500,3,4.311,0,
f4_v3_idx3,v3,agent,empresa_igual,name,asc,500,4,3.807,0,
f4_v3_idx3,v3,agent,empresa_igual,name,asc,500,5,3.879,0,
f4_v3_idx3,v3,agent,empresa_igual,name,asc,500,6,4.122,0,
f4_v3_idx3,v3,agent,empresa_igual,name,desc,0,3,4.142,50,88
f4_v3_idx3,v3,agent,empresa_igual,name,desc,0,1,4.103,50,88
f4_v3_idx3,v3,agent,empresa_igual,name,desc,0,2,4.056,50,88
f4_v3_idx3,v3,agent,empresa_igual,name,desc,0,4,4.073,50,88
f4_v3_idx3,v3,agent,empresa_igual,name,desc,0,5,3.8,50,88
f4_v3_idx3,v3,agent,empresa_igual,name,desc,0,6,4.051,50,88
f4_v3_idx3,v3,agent,empresa_igual,name,desc,500,1,3.833,0,
f4_v3_idx3,v3,agent,empresa_igual,name,desc,500,2,4.047,0,
f4_v3_idx3,v3,agent,empresa_igual,name,desc,500,3,4.359,0,
f4_v3_idx3,v3,agent,empresa_igual,name,desc,500,4,3.871,0,
f4_v3_idx3,v3,agent,empresa_igual,name,desc,500,5,3.936,0,
f4_v3_idx3,v3,agent,empresa_igual,name,desc,500,6,4.375,0,
f4_v3_idx3,v3,agent,empresa_igual,created_at,asc,0,1,3.684,50,88
f4_v3_idx3,v3,agent,empresa_igual,created_at,asc,0,2,3.826,50,88
f4_v3_idx3,v3,agent,empresa_igual,created_at,asc,0,3,4.772,50,88
f4_v3_idx3,v3,agent,empresa_igual,created_at,asc,0,4,3.665,50,88
f4_v3_idx3,v3,agent,empresa_igual,created_at,asc,0,5,3.633,50,88
f4_v3_idx3,v3,agent,empresa_igual,created_at,asc,0,6,3.895,50,88
f4_v3_idx3,v3,agent,empresa_igual,created_at,asc,500,1,3.755,0,
f4_v3_idx3,v3,agent,empresa_igual,created_at,asc,500,2,4.215,0,
f4_v3_idx3,v3,agent,empresa_igual,created_at,asc,500,3,4.02,0,
f4_v3_idx3,v3,agent,empresa_igual,created_at,asc,500,4,4.414,0,
f4_v3_idx3,v3,agent,empresa_igual,created_at,asc,500,5,3.9,0,
f4_v3_idx3,v3,agent,empresa_igual,created_at,asc,500,6,3.884,0,
f4_v3_idx3,v3,agent,empresa_igual,created_at,desc,0,1,4.581,50,88
f4_v3_idx3,v3,agent,empresa_igual,created_at,desc,0,2,4.825,50,88
f4_v3_idx3,v3,agent,empresa_igual,created_at,desc,0,3,4.36,50,88
f4_v3_idx3,v3,agent,empresa_igual,created_at,desc,0,4,4.211,50,88
f4_v3_idx3,v3,agent,empresa_igual,created_at,desc,0,5,4.665,50,88
f4_v3_idx3,v3,agent,empresa_igual,created_at,desc,0,6,4.274,50,88
f4_v3_idx3,v3,agent,empresa_igual,created_at,desc,500,1,4.105,0,
f4_v3_idx3,v3,agent,empresa_igual,created_at,desc,500,2,4.817,0,
f4_v3_idx3,v3,agent,empresa_igual,created_at,desc,500,3,4.131,0,
f4_v3_idx3,v3,agent,empresa_igual,created_at,desc,500,4,3.826,0,
f4_v3_idx3,v3,agent,empresa_igual,created_at,desc,500,5,4.407,0,
f4_v3_idx3,v3,agent,empresa_igual,created_at,desc,500,6,5.911,0,
f4_v3_idx3,v3,agent,empresa_igual,company,asc,0,1,5.066,50,88
f4_v3_idx3,v3,agent,empresa_igual,company,asc,0,2,4.501,50,88
f4_v3_idx3,v3,agent,empresa_igual,company,asc,0,3,4.285,50,88
f4_v3_idx3,v3,agent,empresa_igual,company,asc,0,4,4.402,50,88
f4_v3_idx3,v3,agent,empresa_igual,company,asc,0,5,4.362,50,88
f4_v3_idx3,v3,agent,empresa_igual,company,asc,0,6,4.059,50,88
f4_v3_idx3,v3,agent,empresa_igual,company,asc,500,1,4.793,0,
f4_v3_idx3,v3,agent,empresa_igual,company,asc,500,2,4.66,0,
f4_v3_idx3,v3,agent,empresa_igual,company,asc,500,3,5.403,0,
f4_v3_idx3,v3,agent,empresa_igual,company,asc,500,4,5.014,0,
f4_v3_idx3,v3,agent,empresa_igual,company,asc,500,5,6.391,0,
f4_v3_idx3,v3,agent,empresa_igual,company,asc,500,6,4.857,0,
f4_v3_idx3,v3,agent,empresa_igual,company,desc,0,1,5.393,50,88
f4_v3_idx3,v3,agent,empresa_igual,company,desc,0,2,5.047,50,88
f4_v3_idx3,v3,agent,empresa_igual,company,desc,0,3,4.554,50,88
f4_v3_idx3,v3,agent,empresa_igual,company,desc,0,4,4.547,50,88
f4_v3_idx3,v3,agent,empresa_igual,company,desc,0,5,4.86,50,88
f4_v3_idx3,v3,agent,empresa_igual,company,desc,0,6,5.33,50,88
f4_v3_idx3,v3,agent,empresa_igual,company,desc,500,1,5.752,0,
f4_v3_idx3,v3,agent,empresa_igual,company,desc,500,2,4.392,0,
f4_v3_idx3,v3,agent,empresa_igual,company,desc,500,3,4.529,0,
f4_v3_idx3,v3,agent,empresa_igual,company,desc,500,4,5.418,0,
f4_v3_idx3,v3,agent,empresa_igual,company,desc,500,5,4.522,0,
f4_v3_idx3,v3,agent,empresa_igual,company,desc,500,6,4.293,0,
f4_v3_idx3,v3,agent,cargo_igual,name,asc,0,1,3.386,48,48
f4_v3_idx3,v3,agent,cargo_igual,name,asc,0,2,2.528,48,48
f4_v3_idx3,v3,agent,cargo_igual,name,asc,0,3,2.701,48,48
f4_v3_idx3,v3,agent,cargo_igual,name,asc,0,4,4.976,48,48
f4_v3_idx3,v3,agent,cargo_igual,name,asc,0,5,3.09,48,48
f4_v3_idx3,v3,agent,cargo_igual,name,asc,0,6,2.843,48,48
f4_v3_idx3,v3,agent,cargo_igual,name,asc,500,1,2.476,0,
f4_v3_idx3,v3,agent,cargo_igual,name,asc,500,2,3.718,0,
f4_v3_idx3,v3,agent,cargo_igual,name,asc,500,3,3.221,0,
f4_v3_idx3,v3,agent,cargo_igual,name,asc,500,4,2.478,0,
f4_v3_idx3,v3,agent,cargo_igual,name,asc,500,5,2.383,0,
f4_v3_idx3,v3,agent,cargo_igual,name,asc,500,6,2.537,0,
f4_v3_idx3,v3,agent,cargo_igual,name,desc,0,1,3.551,48,48
f4_v3_idx3,v3,agent,cargo_igual,name,desc,0,2,2.82,48,48
f4_v3_idx3,v3,agent,cargo_igual,name,desc,0,3,3.004,48,48
f4_v3_idx3,v3,agent,cargo_igual,name,desc,0,4,2.913,48,48
f4_v3_idx3,v3,agent,cargo_igual,name,desc,0,5,2.633,48,48
f4_v3_idx3,v3,agent,cargo_igual,name,desc,0,6,3.439,48,48
f4_v3_idx3,v3,agent,cargo_igual,name,desc,500,1,2.654,0,
f4_v3_idx3,v3,agent,cargo_igual,name,desc,500,2,2.696,0,
f4_v3_idx3,v3,agent,cargo_igual,name,desc,500,3,2.621,0,
f4_v3_idx3,v3,agent,cargo_igual,name,desc,500,4,2.597,0,
f4_v3_idx3,v3,agent,cargo_igual,name,desc,500,5,3.474,0,
f4_v3_idx3,v3,agent,cargo_igual,name,desc,500,6,2.787,0,
f4_v3_idx3,v3,agent,cargo_igual,created_at,asc,0,1,2.756,48,48
f4_v3_idx3,v3,agent,cargo_igual,created_at,asc,0,2,2.569,48,48
f4_v3_idx3,v3,agent,cargo_igual,created_at,asc,0,3,4.733,48,48
f4_v3_idx3,v3,agent,cargo_igual,created_at,asc,0,4,2.864,48,48
f4_v3_idx3,v3,agent,cargo_igual,created_at,asc,0,5,2.747,48,48
f4_v3_idx3,v3,agent,cargo_igual,created_at,asc,0,6,2.619,48,48
f4_v3_idx3,v3,agent,cargo_igual,created_at,asc,500,1,2.581,0,
f4_v3_idx3,v3,agent,cargo_igual,created_at,asc,500,2,2.637,0,
f4_v3_idx3,v3,agent,cargo_igual,created_at,asc,500,3,2.582,0,
f4_v3_idx3,v3,agent,cargo_igual,created_at,asc,500,4,2.849,0,
f4_v3_idx3,v3,agent,cargo_igual,created_at,asc,500,5,2.407,0,
f4_v3_idx3,v3,agent,cargo_igual,created_at,asc,500,6,2.503,0,
f4_v3_idx3,v3,agent,cargo_igual,created_at,desc,0,1,2.862,48,48
f4_v3_idx3,v3,agent,cargo_igual,created_at,desc,0,2,2.997,48,48
f4_v3_idx3,v3,agent,cargo_igual,created_at,desc,0,3,2.67,48,48
f4_v3_idx3,v3,agent,cargo_igual,created_at,desc,0,4,2.248,48,48
f4_v3_idx3,v3,agent,cargo_igual,created_at,desc,0,5,2.092,48,48
f4_v3_idx3,v3,agent,cargo_igual,created_at,desc,0,6,2.536,48,48
f4_v3_idx3,v3,agent,cargo_igual,created_at,desc,500,1,2.519,0,
f4_v3_idx3,v3,agent,cargo_igual,created_at,desc,500,2,2.527,0,
f4_v3_idx3,v3,agent,cargo_igual,created_at,desc,500,3,2.319,0,
f4_v3_idx3,v3,agent,cargo_igual,created_at,desc,500,4,2.391,0,
f4_v3_idx3,v3,agent,cargo_igual,created_at,desc,500,5,3.327,0,
f4_v3_idx3,v3,agent,cargo_igual,created_at,desc,500,6,3.015,0,
f4_v3_idx3,v3,agent,cargo_igual,company,asc,0,1,2.448,48,48
f4_v3_idx3,v3,agent,cargo_igual,company,asc,0,2,3.332,48,48
f4_v3_idx3,v3,agent,cargo_igual,company,asc,0,3,2.77,48,48
f4_v3_idx3,v3,agent,cargo_igual,company,asc,0,4,2.839,48,48
f4_v3_idx3,v3,agent,cargo_igual,company,asc,0,5,2.411,48,48
f4_v3_idx3,v3,agent,cargo_igual,company,asc,0,6,2.449,48,48
f4_v3_idx3,v3,agent,cargo_igual,company,asc,500,1,2.561,0,
f4_v3_idx3,v3,agent,cargo_igual,company,asc,500,2,2.801,0,
f4_v3_idx3,v3,agent,cargo_igual,company,asc,500,3,2.492,0,
f4_v3_idx3,v3,agent,cargo_igual,company,asc,500,4,2.354,0,
f4_v3_idx3,v3,agent,cargo_igual,company,asc,500,5,2.333,0,
f4_v3_idx3,v3,agent,cargo_igual,company,asc,500,6,2.33,0,
f4_v3_idx3,v3,agent,cargo_igual,company,desc,0,1,2.291,48,48
f4_v3_idx3,v3,agent,cargo_igual,company,desc,0,2,2.178,48,48
f4_v3_idx3,v3,agent,cargo_igual,company,desc,0,3,2.152,48,48
f4_v3_idx3,v3,agent,cargo_igual,company,desc,0,4,2.233,48,48
f4_v3_idx3,v3,agent,cargo_igual,company,desc,0,5,2.109,48,48
f4_v3_idx3,v3,agent,cargo_igual,company,desc,0,6,2.209,48,48
f4_v3_idx3,v3,agent,cargo_igual,company,desc,500,1,2.047,0,
f4_v3_idx3,v3,agent,cargo_igual,company,desc,500,2,2.483,0,
f4_v3_idx3,v3,agent,cargo_igual,company,desc,500,3,2.208,0,
f4_v3_idx3,v3,agent,cargo_igual,company,desc,500,4,2.22,0,
f4_v3_idx3,v3,agent,cargo_igual,company,desc,500,5,2.109,0,
f4_v3_idx3,v3,agent,cargo_igual,company,desc,500,6,2.323,0,
